count,avg_ttft,p50_ttft,p90_ttft,p95_ttft,p99_ttft,max_ttft,under_3s_count,under_3s_rate
728,3.336002670210571,3.1166419833898544,5.162202009931207,5.913494011387229,7.092259826138616,8.313326204195619,322,0.4423076923076923
