count,avg_ttft,p50_ttft,p90_ttft,p95_ttft,p99_ttft,max_ttft,under_3s_count,under_3s_rate
286,2.3253709124661723,2.246799932792783,3.307647328823805,3.665493130683899,4.1030674166977406,5.066332524642348,238,0.8321678321678322
