count,avg_ttft,p50_ttft,p90_ttft,p95_ttft,p99_ttft,max_ttft,under_3s_count,under_3s_rate
658,3.2613836599055306,3.106343572959304,4.948707176372409,5.3977369107306,6.698880258947611,8.409307425841689,296,0.44984802431610943
