count,avg_ttft,p50_ttft,p90_ttft,p95_ttft,p99_ttft,max_ttft,under_3s_count,under_3s_rate
465,3.4900988087859206,3.370077472180128,5.319000139832497,5.703440835699439,7.797032268717885,8.760312693193555,195,0.41935483870967744
