count,avg_ttft,p50_ttft,p90_ttft,p95_ttft,p99_ttft,max_ttft,under_3s_count,under_3s_rate
646,2.889157400296384,2.728388983756304,4.405497783794999,4.925326608121395,5.944600097835064,6.351101936772466,383,0.5928792569659442
