count,avg_ttft,p50_ttft,p90_ttft,p95_ttft,p99_ttft,max_ttft,under_3s_count,under_3s_rate
705,3.3163256324114316,3.1972889564931393,5.123206587508321,5.659690523520112,6.746821410953999,8.567966541275382,323,0.4581560283687943
