count,avg_ttft,p50_ttft,p90_ttft,p95_ttft,p99_ttft,max_ttft,under_3s_count,under_3s_rate
265,2.369700631759358,2.231702160090208,3.603261025622487,4.032135959714651,4.530861299484968,4.888164088129997,206,0.7773584905660378
