count,avg_ttft,p50_ttft,p90_ttft,p95_ttft,p99_ttft,max_ttft,under_3s_count,under_3s_rate
615,2.7671010814031693,2.6772546228021383,4.005950598046184,4.477439194917679,5.2199218440800905,6.59016633592546,391,0.6357723577235772
