count,avg_ttft,p50_ttft,p90_ttft,p95_ttft,p99_ttft,max_ttft,under_3s_count,under_3s_rate
248,2.015069918233841,1.9785486720502377,2.687524914741516,3.0075793620198965,3.7351529989391565,3.9379532746970654,234,0.9435483870967742
