count,avg_ttft,p50_ttft,p90_ttft,p95_ttft,p99_ttft,max_ttft,under_3s_count,under_3s_rate
293,2.5953071382939306,2.388487223535776,4.109438132494688,4.893971845507622,5.4999435637146235,5.6734406016767025,211,0.7201365187713311
