Timestamp,User Count,Type,Name,Requests/s,Failures/s,50%,66%,75%,80%,90%,95%,98%,99%,99.9%,99.99%,100%,Total Request Count,Total Failure Count,Total Median Response Time,Total Average Response Time,Total Min Response Time,Total Max Response Time,Total Average Content Size
1791184861,0,,Aggregated,0.000000,0.000000,N/A,N/A,N/A,N/A,N/A,N/A,N/A,N/A,N/A,N/A,N/A,0,0,0,0.0,0,0,0
1791184862,2,POST,/api/playground/conversations,0.000000,0.000000,0,0,0,0,0,0,0,0,0,0,0,4,0,9,13.821847038343549,6.7788390442729,20.345730241388083,38.0
1791184862,2,POST,/api/playground/conversations/{conversation_id}/chat/sse,0.000000,0.000000,0,0,0,0,0,0,0,0,0,0,0,2,0,2.399271819740534,2.413789741694927,2.399271819740534,2.4283076636493206,0.0
1791184862,2,POST,/api/playground/conversations/{conversation_id}/chat/{chat_id}/attachment,0.000000,0.000000,0,0,0,0,0,0,0,0,0,0,0,4,0,100.0,109.93217304348946,83.7796600535512,127.36489111557603,26.0
1791184862,2,TXN,multimodal_e2e,0.000000,0.000000,0,0,0,0,0,0,0,0,0,0,0,2,0,390.0,417.24878642708063,388.2050416432321,446.29253121092916,11.5
1791184862,2,,Aggregated,0.000000,0.000000,0,0,0,0,0,0,0,0,0,0,0,12,0,20,111.1951027220736,2.399271819740534,446.29253121092916,23.25
1791184863,4,POST,/api/playground/conversations,0.000000,0.000000,7,8,9,9,9,9,9,9,9,9,9,9,0,8,10.200264087567726,5.841058678925037,20.345730241388083,38.0
1791184863,4,POST,/api/playground/conversations/{conversation_id}/chat/sse,0.000000,0.000000,0,0,0,0,0,0,0,0,0,0,0,5,0,2.013753168284893,2.9865993186831474,2.013753168284893,5.798863712698221,0.0
1791184863,4,POST,/api/playground/conversations/{conversation_id}/chat/{chat_id}/attachment,0.000000,0.000000,84,100,110,110,120,120,120,120,120,120,120,9,0,100.0,100.41598292688529,76.55651913955808,127.36489111557603,26.0
1791184863,4,TXN,multimodal_e2e,0.000000,0.000000,0,0,0,0,0,0,0,0,0,0,0,5,0,430.0,485.0143359042704,388.2050416432321,761.966488789767,14.8
1791184863,4,,Aggregated,0.000000,0.000000,77,84,120,390,430,450,760,760,760,760,760,28,0,20,122.69824640160161,2.013753168284893,761.966488789767,23.214285714285715
1791184864,6,POST,/api/playground/conversations,2.000000,0.000000,8,9,9,9,9,10,10,10,10,10,10,16,0,8,9.262159350328147,5.841058678925037,20.345730241388083,38.0
1791184864,6,POST,/api/playground/conversations/{conversation_id}/chat/sse,0.000000,0.000000,2,3,5,5,6,6,6,6,6,6,6,10,0,2,2.9129525646567345,1.852171029895544,5.798863712698221,0.0
1791184864,6,POST,/api/playground/conversations/{conversation_id}/chat/{chat_id}/attachment,2.000000,0.000000,100,110,130,130,130,140,140,140,140,140,140,14,0,100.0,105.09468422138265,76.55651913955808,135.3601710870862,26.0
1791184864,6,TXN,multimodal_e2e,0.000000,0.000000,450,470,480,480,760,760,760,760,760,760,760,10,0,440.0,465.0150761473924,383.2494127564132,761.966488789767,16.5
1791184864,6,,Aggregated,4.000000,0.000000,10,100,130,380,450,470,760,760,760,760,760,50,0,19,125.97600831650198,1.852171029895544,761.966488789767,22.74
1791184865,8,POST,/api/playground/conversations,3.500000,0.000000,8,9,9,9,100,100,100,100,100,100,100,20,0,8,18.450749735347927,5.841058678925037,104.4145836494863,38.0
1791184865,8,POST,/api/playground/conversations/{conversation_id}/chat/sse,1.500000,0.000000,3,3,4,5,6,6,6,6,6,6,6,12,0,2,3.0082392040640116,1.852171029895544,5.798863712698221,0.0
1791184865,8,POST,/api/playground/conversations/{conversation_id}/chat/{chat_id}/attachment,3.500000,0.000000,110,130,130,130,200,200,200,200,200,200,200,20,0,110.0,115.35130348056555,75.6851271726191,204.9606810323894,26.0
1791184865,8,TXN,multimodal_e2e,1.500000,0.000000,470,480,540,710,760,760,760,760,760,760,760,12,0,450.0,492.17746721114963,383.2494127564132,761.966488789767,16.666666666666668
1791184865,8,,Aggregated,10.000000,0.000000,77,110,140,380,450,540,710,760,760,760,760,64,0,77,134.66046158282552,1.852171029895544,761.966488789767,23.125
1791184866,8,POST,/api/playground/conversations,3.500000,0.000000,8,9,9,9,100,100,100,100,100,100,100,20,0,8,18.450749735347927,5.841058678925037,104.4145836494863,38.0
1791184866,8,POST,/api/playground/conversations/{conversation_id}/chat/sse,1.500000,0.000000,3,3,4,5,6,6,6,6,6,6,6,12,0,2,3.0082392040640116,1.852171029895544,5.798863712698221,0.0
1791184866,8,POST,/api/playground/conversations/{conversation_id}/chat/{chat_id}/attachment,3.500000,0.000000,110,130,130,130,200,200,200,200,200,200,200,20,0,110.0,115.35130348056555,75.6851271726191,204.9606810323894,26.0
1791184866,8,TXN,multimodal_e2e,1.500000,0.000000,470,480,540,710,760,760,760,760,760,760,760,12,0,450.0,492.17746721114963,383.2494127564132,761.966488789767,16.666666666666668
1791184866,8,,Aggregated,10.000000,0.000000,77,110,140,380,450,540,710,760,760,760,760,64,0,77,134.66046158282552,1.852171029895544,761.966488789767,23.125
1791184867,8,POST,/api/playground/conversations,3.500000,0.000000,8,9,9,9,100,100,100,100,100,100,100,20,0,8,18.450749735347927,5.841058678925037,104.4145836494863,38.0
1791184867,8,POST,/api/playground/conversations/{conversation_id}/chat/sse,1.500000,0.000000,3,3,4,5,6,6,6,6,6,6,6,12,0,2,3.0082392040640116,1.852171029895544,5.798863712698221,0.0
1791184867,8,POST,/api/playground/conversations/{conversation_id}/chat/{chat_id}/attachment,3.500000,0.000000,110,130,130,130,200,200,200,200,200,200,200,20,0,110.0,115.35130348056555,75.6851271726191,204.9606810323894,26.0
1791184867,8,TXN,multimodal_e2e,1.500000,0.000000,470,480,540,710,760,760,760,760,760,760,760,12,0,450.0,492.17746721114963,383.2494127564132,761.966488789767,16.666666666666668
1791184867,8,,Aggregated,10.000000,0.000000,77,110,140,380,450,540,710,760,760,760,760,64,0,77,134.66046158282552,1.852171029895544,761.966488789767,23.125
1791184868,8,POST,/api/playground/conversations,3.500000,0.000000,8,9,9,9,100,100,100,100,100,100,100,20,0,8,18.450749735347927,5.841058678925037,104.4145836494863,38.0
1791184868,8,POST,/api/playground/conversations/{conversation_id}/chat/sse,1.500000,0.000000,3,3,4,5,6,6,6,6,6,6,6,12,0,2,3.0082392040640116,1.852171029895544,5.798863712698221,0.0
1791184868,8,POST,/api/playground/conversations/{conversation_id}/chat/{chat_id}/attachment,3.500000,0.000000,110,130,130,130,200,200,200,200,200,200,200,20,0,110.0,115.35130348056555,75.6851271726191,204.9606810323894,26.0
1791184868,8,TXN,multimodal_e2e,1.500000,0.000000,470,480,540,710,760,760,760,760,760,760,760,12,0,450.0,492.17746721114963,383.2494127564132,761.966488789767,16.666666666666668
1791184868,8,,Aggregated,10.000000,0.000000,77,110,140,380,450,540,710,760,760,760,760,64,0,77,134.66046158282552,1.852171029895544,761.966488789767,23.125
1791184869,8,POST,/api/playground/conversations,3.500000,0.000000,8,9,9,9,100,100,100,100,100,100,100,20,0,8,18.450749735347927,5.841058678925037,104.4145836494863,38.0
1791184869,8,POST,/api/playground/conversations/{conversation_id}/chat/sse,1.500000,0.000000,3,3,4,5,6,6,6,6,6,6,6,12,0,2,3.0082392040640116,1.852171029895544,5.798863712698221,0.0
1791184869,8,POST,/api/playground/conversations/{conversation_id}/chat/{chat_id}/attachment,3.500000,0.000000,110,130,130,130,200,200,200,200,200,200,200,20,0,110.0,115.35130348056555,75.6851271726191,204.9606810323894,26.0
1791184869,8,TXN,multimodal_e2e,1.500000,0.000000,470,480,540,710,760,760,760,760,760,760,760,12,0,450.0,492.17746721114963,383.2494127564132,761.966488789767,16.666666666666668
1791184869,8,,Aggregated,10.000000,0.000000,77,110,140,380,450,540,710,760,760,760,760,64,0,77,134.66046158282552,1.852171029895544,761.966488789767,23.125
1791184870,8,POST,/api/playground/conversations,3.500000,0.000000,8,9,9,9,100,100,100,100,100,100,100,20,0,8,18.450749735347927,5.841058678925037,104.4145836494863,38.0
1791184870,8,POST,/api/playground/conversations/{conversation_id}/chat/sse,1.500000,0.000000,3,3,4,5,6,6,6,6,6,6,6,12,0,2,3.0082392040640116,1.852171029895544,5.798863712698221,0.0
1791184870,8,POST,/api/playground/conversations/{conversation_id}/chat/{chat_id}/attachment,3.500000,0.000000,110,130,130,130,200,200,200,200,200,200,200,20,0,110.0,115.35130348056555,75.6851271726191,204.9606810323894,26.0
1791184870,8,TXN,multimodal_e2e,1.500000,0.000000,470,480,540,710,760,760,760,760,760,760,760,12,0,450.0,492.17746721114963,383.2494127564132,761.966488789767,16.666666666666668
1791184870,8,,Aggregated,10.000000,0.000000,77,110,140,380,450,540,710,760,760,760,760,64,0,77,134.66046158282552,1.852171029895544,761.966488789767,23.125
1791184871,8,POST,/api/playground/conversations,3.500000,0.000000,8,9,9,9,100,100,100,100,100,100,100,20,0,8,18.450749735347927,5.841058678925037,104.4145836494863,38.0
1791184871,8,POST,/api/playground/conversations/{conversation_id}/chat/sse,1.500000,0.000000,3,3,4,5,6,6,6,6,6,6,6,12,0,2,3.0082392040640116,1.852171029895544,5.798863712698221,0.0
1791184871,8,POST,/api/playground/conversations/{conversation_id}/chat/{chat_id}/attachment,3.500000,0.000000,110,130,130,130,200,200,200,200,200,200,200,20,0,110.0,115.35130348056555,75.6851271726191,204.9606810323894,26.0
1791184871,8,TXN,multimodal_e2e,1.500000,0.000000,470,480,540,710,760,760,760,760,760,760,760,12,0,450.0,492.17746721114963,383.2494127564132,761.966488789767,16.666666666666668
1791184871,8,,Aggregated,10.000000,0.000000,77,110,140,380,450,540,710,760,760,760,760,64,0,77,134.66046158282552,1.852171029895544,761.966488789767,23.125
1791184872,8,POST,/api/playground/conversations,3.500000,0.000000,8,9,9,10,100,100,100,100,100,100,100,20,0,8,18.450749735347927,5.841058678925037,104.4145836494863,38.0
1791184872,8,POST,/api/playground/conversations/{conversation_id}/chat/sse,1.500000,0.000000,3,3,4,5,6,6,6,6,6,6,6,12,0,2,3.0082392040640116,1.852171029895544,5.798863712698221,0.0
1791184872,8,POST,/api/playground/conversations/{conversation_id}/chat/{chat_id}/attachment,3.500000,0.000000,130,130,130,140,200,200,200,200,200,200,200,20,0,110.0,115.35130348056555,75.6851271726191,204.9606810323894,26.0
1791184872,8,TXN,multimodal_e2e,1.500000,0.000000,470,480,540,710,760,760,760,760,760,760,760,12,0,450.0,492.17746721114963,383.2494127564132,761.966488789767,16.666666666666668
1791184872,8,,Aggregated,10.000000,0.000000,82,130,200,380,470,540,760,760,760,760,760,64,0,77,134.66046158282552,1.852171029895544,761.966488789767,23.125
1791184873,8,POST,/api/playground/conversations,2.000000,0.000000,8,8,9,100,100,100,100,100,100,100,100,22,0,8,17.341507683423433,5.841058678925037,104.4145836494863,38.0
1791184873,8,POST,/api/playground/conversations/{conversation_id}/chat/sse,1.200000,0.000000,3,4,5,5,12,12,12,12,12,12,12,14,0,2,3.5526645702442954,1.852171029895544,11.536963284015656,0.0
1791184873,8,POST,/api/playground/conversations/{conversation_id}/chat/{chat_id}/attachment,2.000000,0.000000,90,130,130,200,200,200,200,200,200,200,200,22,0,100.0,112.17285624959253,75.6851271726191,204.9606810323894,26.0
1791184873,8,TXN,multimodal_e2e,1.200000,0.000000,480,540,710,710,7700,7700,7700,7700,7700,7700,7700,14,0,450.0,999.8786250861095,357.82065661624074,7734.350488055497,16.142857142857142
1791184873,8,,Aggregated,6.400000,0.000000,81,100,200,360,480,710,7700,7700,7700,7700,7700,72,0,77,234.68547307937922,1.852171029895544,7734.350488055497,22.694444444444443
1791184874,8,POST,/api/playground/conversations,1.800000,0.000000,6,6,7,7,7,7,7,7,7,7,7,25,0,7,15.965128969401121,5.3946408443152905,104.4145836494863,38.0
1791184874,8,POST,/api/playground/conversations/{conversation_id}/chat/sse,1.200000,0.000000,2,3,4,4,12,12,12,12,12,12,12,17,0,2,3.2762929742388867,1.8482799641788006,11.536963284015656,0.0
1791184874,8,POST,/api/playground/conversations/{conversation_id}/chat/{chat_id}/attachment,1.800000,0.000000,81,86,89,89,100,100,100,100,100,100,100,25,0,100.0,109.39104506745934,75.6851271726191,204.9606810323894,26.0
1791184874,8,TXN,multimodal_e2e,1.200000,0.000000,540,710,7700,7700,8500,8500,8500,8500,8500,8500,8500,17,0,450.0,1365.5511942856451,357.82065661624074,8467.537672724575,16.294117647058822
1791184874,8,,Aggregated,6.000000,0.000000,76,86,360,360,710,7700,8500,8500,8500,8500,8500,84,0,77,314.3329956468993,1.8482799641788006,8467.537672724575,22.345238095238095
1791184875,8,POST,/api/playground/conversations,1.800000,0.000000,6,6,7,7,7,7,7,7,7,7,7,26,0,7,15.575375891505526,5.3946408443152905,104.4145836494863,38.0
1791184875,8,POST,/api/playground/conversations/{conversation_id}/chat/sse,1.200000,0.000000,2,3,4,4,12,12,12,12,12,12,12,18,0,2,3.2135991431358786,1.8482799641788006,11.536963284015656,0.0
1791184875,8,POST,/api/playground/conversations/{conversation_id}/chat/{chat_id}/attachment,1.800000,0.000000,86,89,91,91,100,100,100,100,100,100,100,26,0,91,108.69636406333974,75.6851271726191,204.9606810323894,26.0
1791184875,8,TXN,multimodal_e2e,1.200000,0.000000,540,710,7700,7700,8500,8500,8500,8500,8500,8500,8500,18,0,440.0,1309.5424921614015,357.3945560492575,8467.537672724575,16.38888888888889
1791184875,8,,Aggregated,6.000000,0.000000,76,89,360,360,540,7700,8500,8500,8500,8500,8500,88,0,77,305.2349418444051,1.8482799641788006,8467.537672724575,22.261363636363637
1791184876,8,POST,/api/playground/conversations,1.800000,0.000000,6,6,7,7,7,7,7,7,7,7,7,26,0,7,15.575375891505526,5.3946408443152905,104.4145836494863,38.0
1791184876,8,POST,/api/playground/conversations/{conversation_id}/chat/sse,1.200000,0.000000,2,3,4,4,12,12,12,12,12,12,12,18,0,2,3.2135991431358786,1.8482799641788006,11.536963284015656,0.0
1791184876,8,POST,/api/playground/conversations/{conversation_id}/chat/{chat_id}/attachment,1.800000,0.000000,86,89,91,91,100,100,100,100,100,100,100,26,0,91,108.69636406333974,75.6851271726191,204.9606810323894,26.0
1791184876,8,TXN,multimodal_e2e,1.200000,0.000000,540,710,7700,7700,8500,8500,8500,8500,8500,8500,8500,18,0,440.0,1309.5424921614015,357.3945560492575,8467.537672724575,16.38888888888889
1791184876,8,,Aggregated,6.000000,0.000000,76,89,360,360,540,7700,8500,8500,8500,8500,8500,88,0,77,305.2349418444051,1.8482799641788006,8467.537672724575,22.261363636363637
1791184877,8,POST,/api/playground/conversations,1.800000,0.000000,6,6,7,7,7,7,7,7,7,7,7,26,0,7,15.575375891505526,5.3946408443152905,104.4145836494863,38.0
1791184877,8,POST,/api/playground/conversations/{conversation_id}/chat/sse,1.200000,0.000000,2,3,4,4,12,12,12,12,12,12,12,18,0,2,3.2135991431358786,1.8482799641788006,11.536963284015656,0.0
1791184877,8,POST,/api/playground/conversations/{conversation_id}/chat/{chat_id}/attachment,1.800000,0.000000,86,89,91,91,100,100,100,100,100,100,100,26,0,91,108.69636406333974,75.6851271726191,204.9606810323894,26.0
1791184877,8,TXN,multimodal_e2e,1.200000,0.000000,540,710,7700,7700,8500,8500,8500,8500,8500,8500,8500,18,0,440.0,1309.5424921614015,357.3945560492575,8467.537672724575,16.38888888888889
1791184877,8,,Aggregated,6.000000,0.000000,76,89,360,360,540,7700,8500,8500,8500,8500,8500,88,0,77,305.2349418444051,1.8482799641788006,8467.537672724575,22.261363636363637
1791184878,8,POST,/api/playground/conversations,1.800000,0.000000,6,6,6,6,6,6,6,6,6,6,6,26,0,7,15.575375891505526,5.3946408443152905,104.4145836494863,38.0
1791184878,8,POST,/api/playground/conversations/{conversation_id}/chat/sse,1.200000,0.000000,2,2,2,2,12,12,12,12,12,12,12,18,0,2,3.2135991431358786,1.8482799641788006,11.536963284015656,0.0
1791184878,8,POST,/api/playground/conversations/{conversation_id}/chat/{chat_id}/attachment,1.800000,0.000000,86,89,91,91,100,100,100,100,100,100,100,26,0,91,108.69636406333974,75.6851271726191,204.9606810323894,26.0
1791184878,8,TXN,multimodal_e2e,1.200000,0.000000,390,390,7700,7700,8500,8500,8500,8500,8500,8500,8500,18,0,440.0,1309.5424921614015,357.3945560492575,8467.537672724575,16.38888888888889
1791184878,8,,Aggregated,6.000000,0.000000,80,86,360,360,390,7700,8500,8500,8500,8500,8500,88,0,77,305.2349418444051,1.8482799641788006,8467.537672724575,22.261363636363637
1791184879,8,POST,/api/playground/conversations,1.800000,0.000000,6,6,6,6,6,6,6,6,6,6,6,26,0,7,15.575375891505526,5.3946408443152905,104.4145836494863,38.0
1791184879,8,POST,/api/playground/conversations/{conversation_id}/chat/sse,1.200000,0.000000,2,2,2,2,12,12,12,12,12,12,12,18,0,2,3.2135991431358786,1.8482799641788006,11.536963284015656,0.0
1791184879,8,POST,/api/playground/conversations/{conversation_id}/chat/{chat_id}/attachment,1.800000,0.000000,86,86,91,91,100,100,100,100,100,100,100,26,0,91,108.69636406333974,75.6851271726191,204.9606810323894,26.0
1791184879,8,TXN,multimodal_e2e,1.200000,0.000000,390,390,7700,7700,8500,8500,8500,8500,8500,8500,8500,18,0,440.0,1309.5424921614015,357.3945560492575,8467.537672724575,16.38888888888889
1791184879,8,,Aggregated,6.000000,0.000000,80,86,360,360,390,7700,8500,8500,8500,8500,8500,88,0,77,305.2349418444051,1.8482799641788006,8467.537672724575,22.261363636363637
1791184880,8,POST,/api/playground/conversations,1.800000,0.000000,6,6,6,6,6,6,6,6,6,6,6,26,0,7,15.575375891505526,5.3946408443152905,104.4145836494863,38.0
1791184880,8,POST,/api/playground/conversations/{conversation_id}/chat/sse,1.200000,0.000000,2,2,2,2,12,12,12,12,12,12,12,18,0,2,3.2135991431358786,1.8482799641788006,11.536963284015656,0.0
1791184880,8,POST,/api/playground/conversations/{conversation_id}/chat/{chat_id}/attachment,1.800000,0.000000,86,86,91,91,100,100,100,100,100,100,100,26,0,91,108.69636406333974,75.6851271726191,204.9606810323894,26.0
1791184880,8,TXN,multimodal_e2e,1.200000,0.000000,390,390,7700,7700,8500,8500,8500,8500,8500,8500,8500,18,0,440.0,1309.5424921614015,357.3945560492575,8467.537672724575,16.38888888888889
1791184880,8,,Aggregated,6.000000,0.000000,80,86,360,360,390,7700,8500,8500,8500,8500,8500,88,0,77,305.2349418444051,1.8482799641788006,8467.537672724575,22.261363636363637
1791184881,8,POST,/api/playground/conversations,1.800000,0.000000,6,6,6,6,6,6,6,6,6,6,6,26,0,7,15.575375891505526,5.3946408443152905,104.4145836494863,38.0
1791184881,8,POST,/api/playground/conversations/{conversation_id}/chat/sse,1.200000,0.000000,2,2,2,2,12,12,12,12,12,12,12,18,0,2,3.2135991431358786,1.8482799641788006,11.536963284015656,0.0
1791184881,8,POST,/api/playground/conversations/{conversation_id}/chat/{chat_id}/attachment,1.800000,0.000000,86,86,91,91,100,100,100,100,100,100,100,26,0,91,108.69636406333974,75.6851271726191,204.9606810323894,26.0
1791184881,8,TXN,multimodal_e2e,1.200000,0.000000,390,390,7700,7700,8500,8500,8500,8500,8500,8500,8500,18,0,440.0,1309.5424921614015,357.3945560492575,8467.537672724575,16.38888888888889
1791184881,8,,Aggregated,6.000000,0.000000,80,86,360,360,390,7700,8500,8500,8500,8500,8500,88,0,77,305.2349418444051,1.8482799641788006,8467.537672724575,22.261363636363637
1791184882,8,POST,/api/playground/conversations,1.800000,0.000000,6,6,6,6,6,6,6,6,6,6,6,26,0,7,15.575375891505526,5.3946408443152905,104.4145836494863,38.0
1791184882,8,POST,/api/playground/conversations/{conversation_id}/chat/sse,1.200000,0.000000,2,2,2,2,2,2,2,2,2,2,2,18,0,2,3.2135991431358786,1.8482799641788006,11.536963284015656,0.0
1791184882,8,POST,/api/playground/conversations/{conversation_id}/chat/{chat_id}/attachment,1.800000,0.000000,86,86,91,91,100,100,100,100,100,100,100,26,0,91,108.69636406333974,75.6851271726191,204.9606810323894,26.0
1791184882,8,TXN,multimodal_e2e,1.200000,0.000000,360,390,390,8500,8500,8500,8500,8500,8500,8500,8500,18,0,440.0,1309.5424921614015,357.3945560492575,8467.537672724575,16.38888888888889
1791184882,8,,Aggregated,6.000000,0.000000,80,86,100,360,360,390,8500,8500,8500,8500,8500,88,0,77,305.2349418444051,1.8482799641788006,8467.537672724575,22.261363636363637
1791184883,8,POST,/api/playground/conversations,1.800000,0.000000,6,6,6,6,6,6,6,6,6,6,6,26,0,7,15.575375891505526,5.3946408443152905,104.4145836494863,38.0
1791184883,8,POST,/api/playground/conversations/{conversation_id}/chat/sse,1.200000,0.000000,2,2,2,2,2,2,2,2,2,2,2,18,0,2,3.2135991431358786,1.8482799641788006,11.536963284015656,0.0
1791184883,8,POST,/api/playground/conversations/{conversation_id}/chat/{chat_id}/attachment,1.800000,0.000000,86,86,91,91,91,91,91,91,91,91,91,26,0,91,108.69636406333974,75.6851271726191,204.9606810323894,26.0
1791184883,8,TXN,multimodal_e2e,1.200000,0.000000,360,360,390,390,390,390,390,390,390,390,390,18,0,440.0,1309.5424921614015,357.3945560492575,8467.537672724575,16.38888888888889
1791184883,8,,Aggregated,6.000000,0.000000,81,86,360,360,360,390,390,390,390,390,390,88,0,77,305.2349418444051,1.8482799641788006,8467.537672724575,22.261363636363637
1791184884,8,POST,/api/playground/conversations,1.800000,0.000000,6,6,6,6,6,6,6,6,6,6,6,26,0,7,15.575375891505526,5.3946408443152905,104.4145836494863,38.0
1791184884,8,POST,/api/playground/conversations/{conversation_id}/chat/sse,1.200000,0.000000,2,2,2,2,2,2,2,2,2,2,2,18,0,2,3.2135991431358786,1.8482799641788006,11.536963284015656,0.0
1791184884,8,POST,/api/playground/conversations/{conversation_id}/chat/{chat_id}/attachment,1.800000,0.000000,86,86,91,91,91,91,91,91,91,91,91,26,0,91,108.69636406333974,75.6851271726191,204.9606810323894,26.0
1791184884,8,TXN,multimodal_e2e,1.200000,0.000000,360,360,390,390,390,390,390,390,390,390,390,18,0,440.0,1309.5424921614015,357.3945560492575,8467.537672724575,16.38888888888889
1791184884,8,,Aggregated,6.000000,0.000000,81,86,360,360,360,390,390,390,390,390,390,88,0,77,305.2349418444051,1.8482799641788006,8467.537672724575,22.261363636363637
1791184885,8,POST,/api/playground/conversations,1.800000,0.000000,6,6,6,6,6,6,6,6,6,6,6,26,0,7,15.575375891505526,5.3946408443152905,104.4145836494863,38.0
1791184885,8,POST,/api/playground/conversations/{conversation_id}/chat/sse,1.200000,0.000000,2,2,2,2,2,2,2,2,2,2,2,18,0,2,3.2135991431358786,1.8482799641788006,11.536963284015656,0.0
1791184885,8,POST,/api/playground/conversations/{conversation_id}/chat/{chat_id}/attachment,1.800000,0.000000,86,86,91,91,91,91,91,91,91,91,91,26,0,91,108.69636406333974,75.6851271726191,204.9606810323894,26.0
1791184885,8,TXN,multimodal_e2e,1.200000,0.000000,360,360,390,390,390,390,390,390,390,390,390,18,0,440.0,1309.5424921614015,357.3945560492575,8467.537672724575,16.38888888888889
1791184885,8,,Aggregated,6.000000,0.000000,81,86,360,360,360,390,390,390,390,390,390,88,0,77,305.2349418444051,1.8482799641788006,8467.537672724575,22.261363636363637
1791184886,8,POST,/api/playground/conversations,1.800000,0.000000,6,6,6,6,6,6,6,6,6,6,6,26,0,7,15.575375891505526,5.3946408443152905,104.4145836494863,38.0
1791184886,8,POST,/api/playground/conversations/{conversation_id}/chat/sse,1.200000,0.000000,2,2,2,2,2,2,2,2,2,2,2,18,0,2,3.2135991431358786,1.8482799641788006,11.536963284015656,0.0
1791184886,8,POST,/api/playground/conversations/{conversation_id}/chat/{chat_id}/attachment,1.800000,0.000000,86,86,91,91,91,91,91,91,91,91,91,26,0,91,108.69636406333974,75.6851271726191,204.9606810323894,26.0
1791184886,8,TXN,multimodal_e2e,1.200000,0.000000,360,360,390,390,390,390,390,390,390,390,390,18,0,440.0,1309.5424921614015,357.3945560492575,8467.537672724575,16.38888888888889
1791184886,8,,Aggregated,6.000000,0.000000,81,86,360,360,360,390,390,390,390,390,390,88,0,77,305.2349418444051,1.8482799641788006,8467.537672724575,22.261363636363637
1791184887,8,POST,/api/playground/conversations,1.800000,0.000000,6,6,6,6,6,6,6,6,6,6,6,26,0,7,15.575375891505526,5.3946408443152905,104.4145836494863,38.0
1791184887,8,POST,/api/playground/conversations/{conversation_id}/chat/sse,1.200000,0.000000,2,2,2,2,2,2,2,2,2,2,2,18,0,2,3.2135991431358786,1.8482799641788006,11.536963284015656,0.0
1791184887,8,POST,/api/playground/conversations/{conversation_id}/chat/{chat_id}/attachment,1.800000,0.000000,86,86,91,91,91,91,91,91,91,91,91,26,0,91,108.69636406333974,75.6851271726191,204.9606810323894,26.0
1791184887,8,TXN,multimodal_e2e,1.200000,0.000000,360,360,390,390,390,390,390,390,390,390,390,18,0,440.0,1309.5424921614015,357.3945560492575,8467.537672724575,16.38888888888889
1791184887,8,,Aggregated,6.000000,0.000000,81,86,360,360,360,390,390,390,390,390,390,88,0,77,305.2349418444051,1.8482799641788006,8467.537672724575,22.261363636363637
1791184888,8,POST,/api/playground/conversations,1.800000,0.000000,6,6,6,6,6,6,6,6,6,6,6,26,0,7,15.575375891505526,5.3946408443152905,104.4145836494863,38.0
1791184888,8,POST,/api/playground/conversations/{conversation_id}/chat/sse,1.200000,0.000000,2,2,2,2,2,2,2,2,2,2,2,18,0,2,3.2135991431358786,1.8482799641788006,11.536963284015656,0.0
1791184888,8,POST,/api/playground/conversations/{conversation_id}/chat/{chat_id}/attachment,1.800000,0.000000,86,86,91,91,91,91,91,91,91,91,91,26,0,91,108.69636406333974,75.6851271726191,204.9606810323894,26.0
1791184888,8,TXN,multimodal_e2e,1.200000,0.000000,360,360,390,390,390,390,390,390,390,390,390,18,0,440.0,1309.5424921614015,357.3945560492575,8467.537672724575,16.38888888888889
1791184888,8,,Aggregated,6.000000,0.000000,81,86,360,360,360,390,390,390,390,390,390,88,0,77,305.2349418444051,1.8482799641788006,8467.537672724575,22.261363636363637
1791184889,8,POST,/api/playground/conversations,1.800000,0.000000,6,6,6,6,6,6,6,6,6,6,6,26,0,7,15.575375891505526,5.3946408443152905,104.4145836494863,38.0
1791184889,8,POST,/api/playground/conversations/{conversation_id}/chat/sse,1.200000,0.000000,2,2,2,2,2,2,2,2,2,2,2,18,0,2,3.2135991431358786,1.8482799641788006,11.536963284015656,0.0
1791184889,8,POST,/api/playground/conversations/{conversation_id}/chat/{chat_id}/attachment,1.800000,0.000000,86,86,91,91,91,91,91,91,91,91,91,26,0,91,108.69636406333974,75.6851271726191,204.9606810323894,26.0
1791184889,8,TXN,multimodal_e2e,1.200000,0.000000,360,360,390,390,390,390,390,390,390,390,390,18,0,440.0,1309.5424921614015,357.3945560492575,8467.537672724575,16.38888888888889
1791184889,8,,Aggregated,6.000000,0.000000,81,86,360,360,360,390,390,390,390,390,390,88,0,77,305.2349418444051,1.8482799641788006,8467.537672724575,22.261363636363637
1791184890,8,POST,/api/playground/conversations,1.800000,0.000000,6,6,6,6,6,6,6,6,6,6,6,26,0,7,15.575375891505526,5.3946408443152905,104.4145836494863,38.0
1791184890,8,POST,/api/playground/conversations/{conversation_id}/chat/sse,1.200000,0.000000,2,2,2,2,2,2,2,2,2,2,2,18,0,2,3.2135991431358786,1.8482799641788006,11.536963284015656,0.0
1791184890,8,POST,/api/playground/conversations/{conversation_id}/chat/{chat_id}/attachment,1.800000,0.000000,86,86,91,91,91,91,91,91,91,91,91,26,0,91,108.69636406333974,75.6851271726191,204.9606810323894,26.0
1791184890,8,TXN,multimodal_e2e,1.200000,0.000000,360,360,390,390,390,390,390,390,390,390,390,18,0,440.0,1309.5424921614015,357.3945560492575,8467.537672724575,16.38888888888889
1791184890,8,,Aggregated,6.000000,0.000000,81,86,360,360,360,390,390,390,390,390,390,88,0,77,305.2349418444051,1.8482799641788006,8467.537672724575,22.261363636363637
1791184891,8,POST,/api/playground/conversations,1.800000,0.000000,6,6,6,6,6,6,6,6,6,6,6,26,0,7,15.575375891505526,5.3946408443152905,104.4145836494863,38.0
1791184891,8,POST,/api/playground/conversations/{conversation_id}/chat/sse,1.200000,0.000000,2,2,2,2,2,2,2,2,2,2,2,18,0,2,3.2135991431358786,1.8482799641788006,11.536963284015656,0.0
1791184891,8,POST,/api/playground/conversations/{conversation_id}/chat/{chat_id}/attachment,1.800000,0.000000,86,86,91,91,91,91,91,91,91,91,91,26,0,91,108.69636406333974,75.6851271726191,204.9606810323894,26.0
1791184891,8,TXN,multimodal_e2e,1.200000,0.000000,360,360,390,390,390,390,390,390,390,390,390,18,0,440.0,1309.5424921614015,357.3945560492575,8467.537672724575,16.38888888888889
1791184891,8,,Aggregated,6.000000,0.000000,81,86,360,360,360,390,390,390,390,390,390,88,0,77,305.2349418444051,1.8482799641788006,8467.537672724575,22.261363636363637
1791184892,8,POST,/api/playground/conversations,1.800000,0.000000,0,0,0,0,0,0,0,0,0,0,0,26,0,7,15.575375891505526,5.3946408443152905,104.4145836494863,38.0
1791184892,8,POST,/api/playground/conversations/{conversation_id}/chat/sse,1.200000,0.000000,0,0,0,0,0,0,0,0,0,0,0,18,0,2,3.2135991431358786,1.8482799641788006,11.536963284015656,0.0
1791184892,8,POST,/api/playground/conversations/{conversation_id}/chat/{chat_id}/attachment,1.800000,0.000000,0,0,0,0,0,0,0,0,0,0,0,26,0,91,108.69636406333974,75.6851271726191,204.9606810323894,26.0
1791184892,8,TXN,multimodal_e2e,1.200000,0.000000,0,0,0,0,0,0,0,0,0,0,0,18,0,440.0,1309.5424921614015,357.3945560492575,8467.537672724575,16.38888888888889
1791184892,8,,Aggregated,6.000000,0.000000,0,0,0,0,0,0,0,0,0,0,0,88,0,77,305.2349418444051,1.8482799641788006,8467.537672724575,22.261363636363637
1791184893,8,POST,/api/playground/conversations,1.800000,0.000000,0,0,0,0,0,0,0,0,0,0,0,26,0,7,15.575375891505526,5.3946408443152905,104.4145836494863,38.0
1791184893,8,POST,/api/playground/conversations/{conversation_id}/chat/sse,1.200000,0.000000,0,0,0,0,0,0,0,0,0,0,0,18,0,2,3.2135991431358786,1.8482799641788006,11.536963284015656,0.0
1791184893,8,POST,/api/playground/conversations/{conversation_id}/chat/{chat_id}/attachment,1.800000,0.000000,0,0,0,0,0,0,0,0,0,0,0,26,0,91,108.69636406333974,75.6851271726191,204.9606810323894,26.0
1791184893,8,TXN,multimodal_e2e,1.200000,0.000000,0,0,0,0,0,0,0,0,0,0,0,18,0,440.0,1309.5424921614015,357.3945560492575,8467.537672724575,16.38888888888889
1791184893,8,,Aggregated,6.000000,0.000000,0,0,0,0,0,0,0,0,0,0,0,88,0,77,305.2349418444051,1.8482799641788006,8467.537672724575,22.261363636363637
1791184894,8,POST,/api/playground/conversations,1.800000,0.000000,0,0,0,0,0,0,0,0,0,0,0,26,0,7,15.575375891505526,5.3946408443152905,104.4145836494863,38.0
1791184894,8,POST,/api/playground/conversations/{conversation_id}/chat/sse,1.200000,0.000000,0,0,0,0,0,0,0,0,0,0,0,18,0,2,3.2135991431358786,1.8482799641788006,11.536963284015656,0.0
1791184894,8,POST,/api/playground/conversations/{conversation_id}/chat/{chat_id}/attachment,1.800000,0.000000,0,0,0,0,0,0,0,0,0,0,0,26,0,91,108.69636406333974,75.6851271726191,204.9606810323894,26.0
1791184894,8,TXN,multimodal_e2e,1.200000,0.000000,0,0,0,0,0,0,0,0,0,0,0,18,0,440.0,1309.5424921614015,357.3945560492575,8467.537672724575,16.38888888888889
1791184894,8,,Aggregated,6.000000,0.000000,0,0,0,0,0,0,0,0,0,0,0,88,0,77,305.2349418444051,1.8482799641788006,8467.537672724575,22.261363636363637
1791184895,8,POST,/api/playground/conversations,1.800000,0.000000,0,0,0,0,0,0,0,0,0,0,0,26,0,7,15.575375891505526,5.3946408443152905,104.4145836494863,38.0
1791184895,8,POST,/api/playground/conversations/{conversation_id}/chat/sse,1.200000,0.000000,0,0,0,0,0,0,0,0,0,0,0,18,0,2,3.2135991431358786,1.8482799641788006,11.536963284015656,0.0
1791184895,8,POST,/api/playground/conversations/{conversation_id}/chat/{chat_id}/attachment,1.800000,0.000000,0,0,0,0,0,0,0,0,0,0,0,26,0,91,108.69636406333974,75.6851271726191,204.9606810323894,26.0
1791184895,8,TXN,multimodal_e2e,1.200000,0.000000,0,0,0,0,0,0,0,0,0,0,0,18,0,440.0,1309.5424921614015,357.3945560492575,8467.537672724575,16.38888888888889
1791184895,8,,Aggregated,6.000000,0.000000,0,0,0,0,0,0,0,0,0,0,0,88,0,77,305.2349418444051,1.8482799641788006,8467.537672724575,22.261363636363637
1791184896,8,POST,/api/playground/conversations,1.800000,0.000000,0,0,0,0,0,0,0,0,0,0,0,26,0,7,15.575375891505526,5.3946408443152905,104.4145836494863,38.0
1791184896,8,POST,/api/playground/conversations/{conversation_id}/chat/sse,1.200000,0.000000,0,0,0,0,0,0,0,0,0,0,0,18,0,2,3.2135991431358786,1.8482799641788006,11.536963284015656,0.0
1791184896,8,POST,/api/playground/conversations/{conversation_id}/chat/{chat_id}/attachment,1.800000,0.000000,0,0,0,0,0,0,0,0,0,0,0,26,0,91,108.69636406333974,75.6851271726191,204.9606810323894,26.0
1791184896,8,TXN,multimodal_e2e,1.200000,0.000000,0,0,0,0,0,0,0,0,0,0,0,18,0,440.0,1309.5424921614015,357.3945560492575,8467.537672724575,16.38888888888889
1791184896,8,,Aggregated,6.000000,0.000000,0,0,0,0,0,0,0,0,0,0,0,88,0,77,305.2349418444051,1.8482799641788006,8467.537672724575,22.261363636363637
1791184897,8,POST,/api/playground/conversations,1.800000,0.000000,0,0,0,0,0,0,0,0,0,0,0,26,0,7,15.575375891505526,5.3946408443152905,104.4145836494863,38.0
1791184897,8,POST,/api/playground/conversations/{conversation_id}/chat/sse,1.200000,0.000000,0,0,0,0,0,0,0,0,0,0,0,18,0,2,3.2135991431358786,1.8482799641788006,11.536963284015656,0.0
1791184897,8,POST,/api/playground/conversations/{conversation_id}/chat/{chat_id}/attachment,1.800000,0.000000,0,0,0,0,0,0,0,0,0,0,0,26,0,91,108.69636406333974,75.6851271726191,204.9606810323894,26.0
1791184897,8,TXN,multimodal_e2e,1.200000,0.000000,0,0,0,0,0,0,0,0,0,0,0,18,0,440.0,1309.5424921614015,357.3945560492575,8467.537672724575,16.38888888888889
1791184897,8,,Aggregated,6.000000,0.000000,0,0,0,0,0,0,0,0,0,0,0,88,0,77,305.2349418444051,1.8482799641788006,8467.537672724575,22.261363636363637
1791184898,8,POST,/api/playground/conversations,1.800000,0.000000,0,0,0,0,0,0,0,0,0,0,0,26,0,7,15.575375891505526,5.3946408443152905,104.4145836494863,38.0
1791184898,8,POST,/api/playground/conversations/{conversation_id}/chat/sse,1.200000,0.000000,0,0,0,0,0,0,0,0,0,0,0,18,0,2,3.2135991431358786,1.8482799641788006,11.536963284015656,0.0
1791184898,8,POST,/api/playground/conversations/{conversation_id}/chat/{chat_id}/attachment,1.800000,0.000000,0,0,0,0,0,0,0,0,0,0,0,26,0,91,108.69636406333974,75.6851271726191,204.9606810323894,26.0
1791184898,8,TXN,multimodal_e2e,1.200000,0.000000,0,0,0,0,0,0,0,0,0,0,0,18,0,440.0,1309.5424921614015,357.3945560492575,8467.537672724575,16.38888888888889
1791184898,8,,Aggregated,6.000000,0.000000,0,0,0,0,0,0,0,0,0,0,0,88,0,77,305.2349418444051,1.8482799641788006,8467.537672724575,22.261363636363637
1791184899,8,POST,/api/playground/conversations,1.800000,0.000000,0,0,0,0,0,0,0,0,0,0,0,26,0,7,15.575375891505526,5.3946408443152905,104.4145836494863,38.0
1791184899,8,POST,/api/playground/conversations/{conversation_id}/chat/sse,1.200000,0.000000,0,0,0,0,0,0,0,0,0,0,0,18,0,2,3.2135991431358786,1.8482799641788006,11.536963284015656,0.0
1791184899,8,POST,/api/playground/conversations/{conversation_id}/chat/{chat_id}/attachment,1.800000,0.000000,0,0,0,0,0,0,0,0,0,0,0,26,0,91,108.69636406333974,75.6851271726191,204.9606810323894,26.0
1791184899,8,TXN,multimodal_e2e,1.200000,0.000000,0,0,0,0,0,0,0,0,0,0,0,18,0,440.0,1309.5424921614015,357.3945560492575,8467.537672724575,16.38888888888889
1791184899,8,,Aggregated,6.000000,0.000000,0,0,0,0,0,0,0,0,0,0,0,88,0,77,305.2349418444051,1.8482799641788006,8467.537672724575,22.261363636363637
1791184900,8,POST,/api/playground/conversations,1.800000,0.000000,0,0,0,0,0,0,0,0,0,0,0,26,0,7,15.575375891505526,5.3946408443152905,104.4145836494863,38.0
1791184900,8,POST,/api/playground/conversations/{conversation_id}/chat/sse,1.200000,0.000000,0,0,0,0,0,0,0,0,0,0,0,18,0,2,3.2135991431358786,1.8482799641788006,11.536963284015656,0.0
1791184900,8,POST,/api/playground/conversations/{conversation_id}/chat/{chat_id}/attachment,1.800000,0.000000,0,0,0,0,0,0,0,0,0,0,0,26,0,91,108.69636406333974,75.6851271726191,204.9606810323894,26.0
1791184900,8,TXN,multimodal_e2e,1.200000,0.000000,0,0,0,0,0,0,0,0,0,0,0,18,0,440.0,1309.5424921614015,357.3945560492575,8467.537672724575,16.38888888888889
1791184900,8,,Aggregated,6.000000,0.000000,0,0,0,0,0,0,0,0,0,0,0,88,0,77,305.2349418444051,1.8482799641788006,8467.537672724575,22.261363636363637
1791184901,8,POST,/api/playground/conversations,1.800000,0.000000,0,0,0,0,0,0,0,0,0,0,0,26,0,7,15.575375891505526,5.3946408443152905,104.4145836494863,38.0
1791184901,8,POST,/api/playground/conversations/{conversation_id}/chat/sse,1.200000,0.000000,0,0,0,0,0,0,0,0,0,0,0,18,0,2,3.2135991431358786,1.8482799641788006,11.536963284015656,0.0
1791184901,8,POST,/api/playground/conversations/{conversation_id}/chat/{chat_id}/attachment,1.800000,0.000000,0,0,0,0,0,0,0,0,0,0,0,26,0,91,108.69636406333974,75.6851271726191,204.9606810323894,26.0
1791184901,8,TXN,multimodal_e2e,1.200000,0.000000,0,0,0,0,0,0,0,0,0,0,0,18,0,440.0,1309.5424921614015,357.3945560492575,8467.537672724575,16.38888888888889
1791184901,8,,Aggregated,6.000000,0.000000,0,0,0,0,0,0,0,0,0,0,0,88,0,77,305.2349418444051,1.8482799641788006,8467.537672724575,22.261363636363637
1791184902,8,POST,/api/playground/conversations,1.800000,0.000000,0,0,0,0,0,0,0,0,0,0,0,26,0,7,15.575375891505526,5.3946408443152905,104.4145836494863,38.0
1791184902,8,POST,/api/playground/conversations/{conversation_id}/chat/sse,1.200000,0.000000,0,0,0,0,0,0,0,0,0,0,0,18,0,2,3.2135991431358786,1.8482799641788006,11.536963284015656,0.0
1791184902,8,POST,/api/playground/conversations/{conversation_id}/chat/{chat_id}/attachment,1.800000,0.000000,0,0,0,0,0,0,0,0,0,0,0,26,0,91,108.69636406333974,75.6851271726191,204.9606810323894,26.0
1791184902,8,TXN,multimodal_e2e,1.200000,0.000000,0,0,0,0,0,0,0,0,0,0,0,18,0,440.0,1309.5424921614015,357.3945560492575,8467.537672724575,16.38888888888889
1791184902,8,,Aggregated,6.000000,0.000000,0,0,0,0,0,0,0,0,0,0,0,88,0,77,305.2349418444051,1.8482799641788006,8467.537672724575,22.261363636363637
1791184903,8,POST,/api/playground/conversations,1.800000,0.000000,0,0,0,0,0,0,0,0,0,0,0,26,0,7,15.575375891505526,5.3946408443152905,104.4145836494863,38.0
1791184903,8,POST,/api/playground/conversations/{conversation_id}/chat/sse,1.200000,0.000000,0,0,0,0,0,0,0,0,0,0,0,18,0,2,3.2135991431358786,1.8482799641788006,11.536963284015656,0.0
1791184903,8,POST,/api/playground/conversations/{conversation_id}/chat/{chat_id}/attachment,1.800000,0.000000,0,0,0,0,0,0,0,0,0,0,0,26,0,91,108.69636406333974,75.6851271726191,204.9606810323894,26.0
1791184903,8,TXN,multimodal_e2e,1.200000,0.000000,0,0,0,0,0,0,0,0,0,0,0,18,0,440.0,1309.5424921614015,357.3945560492575,8467.537672724575,16.38888888888889
1791184903,8,,Aggregated,6.000000,0.000000,0,0,0,0,0,0,0,0,0,0,0,88,0,77,305.2349418444051,1.8482799641788006,8467.537672724575,22.261363636363637
1791184904,8,POST,/api/playground/conversations,1.800000,0.000000,0,0,0,0,0,0,0,0,0,0,0,26,0,7,15.575375891505526,5.3946408443152905,104.4145836494863,38.0
1791184904,8,POST,/api/playground/conversations/{conversation_id}/chat/sse,1.200000,0.000000,0,0,0,0,0,0,0,0,0,0,0,18,0,2,3.2135991431358786,1.8482799641788006,11.536963284015656,0.0
1791184904,8,POST,/api/playground/conversations/{conversation_id}/chat/{chat_id}/attachment,1.800000,0.000000,0,0,0,0,0,0,0,0,0,0,0,26,0,91,108.69636406333974,75.6851271726191,204.9606810323894,26.0
1791184904,8,TXN,multimodal_e2e,1.200000,0.000000,0,0,0,0,0,0,0,0,0,0,0,18,0,440.0,1309.5424921614015,357.3945560492575,8467.537672724575,16.38888888888889
1791184904,8,,Aggregated,6.000000,0.000000,0,0,0,0,0,0,0,0,0,0,0,88,0,77,305.2349418444051,1.8482799641788006,8467.537672724575,22.261363636363637
1791184905,8,POST,/api/playground/conversations,1.800000,0.000000,0,0,0,0,0,0,0,0,0,0,0,26,0,7,15.575375891505526,5.3946408443152905,104.4145836494863,38.0
1791184905,8,POST,/api/playground/conversations/{conversation_id}/chat/sse,1.200000,0.000000,0,0,0,0,0,0,0,0,0,0,0,18,0,2,3.2135991431358786,1.8482799641788006,11.536963284015656,0.0
1791184905,8,POST,/api/playground/conversations/{conversation_id}/chat/{chat_id}/attachment,1.800000,0.000000,0,0,0,0,0,0,0,0,0,0,0,26,0,91,108.69636406333974,75.6851271726191,204.9606810323894,26.0
1791184905,8,TXN,multimodal_e2e,1.200000,0.000000,0,0,0,0,0,0,0,0,0,0,0,18,0,440.0,1309.5424921614015,357.3945560492575,8467.537672724575,16.38888888888889
1791184905,8,,Aggregated,6.000000,0.000000,0,0,0,0,0,0,0,0,0,0,0,88,0,77,305.2349418444051,1.8482799641788006,8467.537672724575,22.261363636363637
1791184906,8,POST,/api/playground/conversations,1.800000,0.000000,0,0,0,0,0,0,0,0,0,0,0,26,0,7,15.575375891505526,5.3946408443152905,104.4145836494863,38.0
1791184906,8,POST,/api/playground/conversations/{conversation_id}/chat/sse,1.200000,0.000000,0,0,0,0,0,0,0,0,0,0,0,18,0,2,3.2135991431358786,1.8482799641788006,11.536963284015656,0.0
1791184906,8,POST,/api/playground/conversations/{conversation_id}/chat/{chat_id}/attachment,1.800000,0.000000,0,0,0,0,0,0,0,0,0,0,0,26,0,91,108.69636406333974,75.6851271726191,204.9606810323894,26.0
1791184906,8,TXN,multimodal_e2e,1.200000,0.000000,0,0,0,0,0,0,0,0,0,0,0,18,0,440.0,1309.5424921614015,357.3945560492575,8467.537672724575,16.38888888888889
1791184906,8,,Aggregated,6.000000,0.000000,0,0,0,0,0,0,0,0,0,0,0,88,0,77,305.2349418444051,1.8482799641788006,8467.537672724575,22.261363636363637
1791184907,8,POST,/api/playground/conversations,1.800000,0.000000,0,0,0,0,0,0,0,0,0,0,0,26,0,7,15.575375891505526,5.3946408443152905,104.4145836494863,38.0
1791184907,8,POST,/api/playground/conversations/{conversation_id}/chat/sse,1.200000,0.000000,0,0,0,0,0,0,0,0,0,0,0,18,0,2,3.2135991431358786,1.8482799641788006,11.536963284015656,0.0
1791184907,8,POST,/api/playground/conversations/{conversation_id}/chat/{chat_id}/attachment,1.800000,0.000000,0,0,0,0,0,0,0,0,0,0,0,26,0,91,108.69636406333974,75.6851271726191,204.9606810323894,26.0
1791184907,8,TXN,multimodal_e2e,1.200000,0.000000,0,0,0,0,0,0,0,0,0,0,0,18,0,440.0,1309.5424921614015,357.3945560492575,8467.537672724575,16.38888888888889
1791184907,8,,Aggregated,6.000000,0.000000,0,0,0,0,0,0,0,0,0,0,0,88,0,77,305.2349418444051,1.8482799641788006,8467.537672724575,22.261363636363637
1791184908,8,POST,/api/playground/conversations,1.800000,0.000000,0,0,0,0,0,0,0,0,0,0,0,26,0,7,15.575375891505526,5.3946408443152905,104.4145836494863,38.0
1791184908,8,POST,/api/playground/conversations/{conversation_id}/chat/sse,1.200000,0.000000,0,0,0,0,0,0,0,0,0,0,0,18,0,2,3.2135991431358786,1.8482799641788006,11.536963284015656,0.0
1791184908,8,POST,/api/playground/conversations/{conversation_id}/chat/{chat_id}/attachment,1.800000,0.000000,0,0,0,0,0,0,0,0,0,0,0,26,0,91,108.69636406333974,75.6851271726191,204.9606810323894,26.0
1791184908,8,TXN,multimodal_e2e,1.200000,0.000000,0,0,0,0,0,0,0,0,0,0,0,18,0,440.0,1309.5424921614015,357.3945560492575,8467.537672724575,16.38888888888889
1791184908,8,,Aggregated,6.000000,0.000000,0,0,0,0,0,0,0,0,0,0,0,88,0,77,305.2349418444051,1.8482799641788006,8467.537672724575,22.261363636363637
1791184909,8,POST,/api/playground/conversations,1.800000,0.000000,0,0,0,0,0,0,0,0,0,0,0,26,0,7,15.575375891505526,5.3946408443152905,104.4145836494863,38.0
1791184909,8,POST,/api/playground/conversations/{conversation_id}/chat/sse,1.200000,0.000000,0,0,0,0,0,0,0,0,0,0,0,18,0,2,3.2135991431358786,1.8482799641788006,11.536963284015656,0.0
1791184909,8,POST,/api/playground/conversations/{conversation_id}/chat/{chat_id}/attachment,1.800000,0.000000,0,0,0,0,0,0,0,0,0,0,0,26,0,91,108.69636406333974,75.6851271726191,204.9606810323894,26.0
1791184909,8,TXN,multimodal_e2e,1.200000,0.000000,0,0,0,0,0,0,0,0,0,0,0,18,0,440.0,1309.5424921614015,357.3945560492575,8467.537672724575,16.38888888888889
1791184909,8,,Aggregated,6.000000,0.000000,0,0,0,0,0,0,0,0,0,0,0,88,0,77,305.2349418444051,1.8482799641788006,8467.537672724575,22.261363636363637
1791184910,8,POST,/api/playground/conversations,1.800000,0.000000,0,0,0,0,0,0,0,0,0,0,0,26,0,7,15.575375891505526,5.3946408443152905,104.4145836494863,38.0
1791184910,8,POST,/api/playground/conversations/{conversation_id}/chat/sse,1.200000,0.000000,0,0,0,0,0,0,0,0,0,0,0,18,0,2,3.2135991431358786,1.8482799641788006,11.536963284015656,0.0
1791184910,8,POST,/api/playground/conversations/{conversation_id}/chat/{chat_id}/attachment,1.800000,0.000000,0,0,0,0,0,0,0,0,0,0,0,26,0,91,108.69636406333974,75.6851271726191,204.9606810323894,26.0
1791184910,8,TXN,multimodal_e2e,1.200000,0.000000,0,0,0,0,0,0,0,0,0,0,0,18,0,440.0,1309.5424921614015,357.3945560492575,8467.537672724575,16.38888888888889
1791184910,8,,Aggregated,6.000000,0.000000,0,0,0,0,0,0,0,0,0,0,0,88,0,77,305.2349418444051,1.8482799641788006,8467.537672724575,22.261363636363637
1791184911,8,POST,/api/playground/conversations,1.800000,0.000000,0,0,0,0,0,0,0,0,0,0,0,26,0,7,15.575375891505526,5.3946408443152905,104.4145836494863,38.0
1791184911,8,POST,/api/playground/conversations/{conversation_id}/chat/sse,1.200000,0.000000,0,0,0,0,0,0,0,0,0,0,0,18,0,2,3.2135991431358786,1.8482799641788006,11.536963284015656,0.0
1791184911,8,POST,/api/playground/conversations/{conversation_id}/chat/{chat_id}/attachment,1.800000,0.000000,0,0,0,0,0,0,0,0,0,0,0,26,0,91,108.69636406333974,75.6851271726191,204.9606810323894,26.0
1791184911,8,TXN,multimodal_e2e,1.200000,0.000000,0,0,0,0,0,0,0,0,0,0,0,18,0,440.0,1309.5424921614015,357.3945560492575,8467.537672724575,16.38888888888889
1791184911,8,,Aggregated,6.000000,0.000000,0,0,0,0,0,0,0,0,0,0,0,88,0,77,305.2349418444051,1.8482799641788006,8467.537672724575,22.261363636363637
1791184912,8,POST,/api/playground/conversations,1.800000,0.000000,0,0,0,0,0,0,0,0,0,0,0,26,0,7,15.575375891505526,5.3946408443152905,104.4145836494863,38.0
1791184912,8,POST,/api/playground/conversations/{conversation_id}/chat/sse,1.200000,0.000000,0,0,0,0,0,0,0,0,0,0,0,18,0,2,3.2135991431358786,1.8482799641788006,11.536963284015656,0.0
1791184912,8,POST,/api/playground/conversations/{conversation_id}/chat/{chat_id}/attachment,1.800000,0.000000,0,0,0,0,0,0,0,0,0,0,0,26,0,91,108.69636406333974,75.6851271726191,204.9606810323894,26.0
1791184912,8,TXN,multimodal_e2e,1.200000,0.000000,0,0,0,0,0,0,0,0,0,0,0,18,0,440.0,1309.5424921614015,357.3945560492575,8467.537672724575,16.38888888888889
1791184912,8,,Aggregated,6.000000,0.000000,0,0,0,0,0,0,0,0,0,0,0,88,0,77,305.2349418444051,1.8482799641788006,8467.537672724575,22.261363636363637
1791184913,8,POST,/api/playground/conversations,1.800000,0.000000,0,0,0,0,0,0,0,0,0,0,0,26,0,7,15.575375891505526,5.3946408443152905,104.4145836494863,38.0
1791184913,8,POST,/api/playground/conversations/{conversation_id}/chat/sse,1.200000,0.000000,0,0,0,0,0,0,0,0,0,0,0,18,0,2,3.2135991431358786,1.8482799641788006,11.536963284015656,0.0
1791184913,8,POST,/api/playground/conversations/{conversation_id}/chat/{chat_id}/attachment,1.800000,0.000000,0,0,0,0,0,0,0,0,0,0,0,26,0,91,108.69636406333974,75.6851271726191,204.9606810323894,26.0
1791184913,8,TXN,multimodal_e2e,1.200000,0.000000,0,0,0,0,0,0,0,0,0,0,0,18,0,440.0,1309.5424921614015,357.3945560492575,8467.537672724575,16.38888888888889
1791184913,8,,Aggregated,6.000000,0.000000,0,0,0,0,0,0,0,0,0,0,0,88,0,77,305.2349418444051,1.8482799641788006,8467.537672724575,22.261363636363637
1791184914,8,POST,/api/playground/conversations,1.800000,0.000000,0,0,0,0,0,0,0,0,0,0,0,26,0,7,15.575375891505526,5.3946408443152905,104.4145836494863,38.0
1791184914,8,POST,/api/playground/conversations/{conversation_id}/chat/sse,1.200000,0.000000,0,0,0,0,0,0,0,0,0,0,0,18,0,2,3.2135991431358786,1.8482799641788006,11.536963284015656,0.0
1791184914,8,POST,/api/playground/conversations/{conversation_id}/chat/{chat_id}/attachment,1.800000,0.000000,0,0,0,0,0,0,0,0,0,0,0,26,0,91,108.69636406333974,75.6851271726191,204.9606810323894,26.0
1791184914,8,TXN,multimodal_e2e,1.200000,0.000000,0,0,0,0,0,0,0,0,0,0,0,18,0,440.0,1309.5424921614015,357.3945560492575,8467.537672724575,16.38888888888889
1791184914,8,,Aggregated,6.000000,0.000000,0,0,0,0,0,0,0,0,0,0,0,88,0,77,305.2349418444051,1.8482799641788006,8467.537672724575,22.261363636363637
1791184915,8,POST,/api/playground/conversations,1.800000,0.000000,0,0,0,0,0,0,0,0,0,0,0,26,0,7,15.575375891505526,5.3946408443152905,104.4145836494863,38.0
1791184915,8,POST,/api/playground/conversations/{conversation_id}/chat/sse,1.200000,0.000000,0,0,0,0,0,0,0,0,0,0,0,18,0,2,3.2135991431358786,1.8482799641788006,11.536963284015656,0.0
1791184915,8,POST,/api/playground/conversations/{conversation_id}/chat/{chat_id}/attachment,1.800000,0.000000,0,0,0,0,0,0,0,0,0,0,0,26,0,91,108.69636406333974,75.6851271726191,204.9606810323894,26.0
1791184915,8,TXN,multimodal_e2e,1.200000,0.000000,0,0,0,0,0,0,0,0,0,0,0,18,0,440.0,1309.5424921614015,357.3945560492575,8467.537672724575,16.38888888888889
1791184915,8,,Aggregated,6.000000,0.000000,0,0,0,0,0,0,0,0,0,0,0,88,0,77,305.2349418444051,1.8482799641788006,8467.537672724575,22.261363636363637
1791184916,8,POST,/api/playground/conversations,1.800000,0.000000,0,0,0,0,0,0,0,0,0,0,0,26,0,7,15.575375891505526,5.3946408443152905,104.4145836494863,38.0
1791184916,8,POST,/api/playground/conversations/{conversation_id}/chat/sse,1.200000,0.000000,0,0,0,0,0,0,0,0,0,0,0,18,0,2,3.2135991431358786,1.8482799641788006,11.536963284015656,0.0
1791184916,8,POST,/api/playground/conversations/{conversation_id}/chat/{chat_id}/attachment,1.800000,0.000000,0,0,0,0,0,0,0,0,0,0,0,26,0,91,108.69636406333974,75.6851271726191,204.9606810323894,26.0
1791184916,8,TXN,multimodal_e2e,1.200000,0.000000,0,0,0,0,0,0,0,0,0,0,0,18,0,440.0,1309.5424921614015,357.3945560492575,8467.537672724575,16.38888888888889
1791184916,8,,Aggregated,6.000000,0.000000,0,0,0,0,0,0,0,0,0,0,0,88,0,77,305.2349418444051,1.8482799641788006,8467.537672724575,22.261363636363637
1791184917,8,POST,/api/playground/conversations,1.800000,0.000000,0,0,0,0,0,0,0,0,0,0,0,26,0,7,15.575375891505526,5.3946408443152905,104.4145836494863,38.0
1791184917,8,POST,/api/playground/conversations/{conversation_id}/chat/sse,1.200000,0.000000,0,0,0,0,0,0,0,0,0,0,0,18,0,2,3.2135991431358786,1.8482799641788006,11.536963284015656,0.0
1791184917,8,POST,/api/playground/conversations/{conversation_id}/chat/{chat_id}/attachment,1.800000,0.000000,0,0,0,0,0,0,0,0,0,0,0,26,0,91,108.69636406333974,75.6851271726191,204.9606810323894,26.0
1791184917,8,TXN,multimodal_e2e,1.200000,0.000000,0,0,0,0,0,0,0,0,0,0,0,18,0,440.0,1309.5424921614015,357.3945560492575,8467.537672724575,16.38888888888889
1791184917,8,,Aggregated,6.000000,0.000000,0,0,0,0,0,0,0,0,0,0,0,88,0,77,305.2349418444051,1.8482799641788006,8467.537672724575,22.261363636363637
1791184918,8,POST,/api/playground/conversations,1.800000,0.000000,0,0,0,0,0,0,0,0,0,0,0,26,0,7,15.575375891505526,5.3946408443152905,104.4145836494863,38.0
1791184918,8,POST,/api/playground/conversations/{conversation_id}/chat/sse,1.200000,0.000000,0,0,0,0,0,0,0,0,0,0,0,18,0,2,3.2135991431358786,1.8482799641788006,11.536963284015656,0.0
1791184918,8,POST,/api/playground/conversations/{conversation_id}/chat/{chat_id}/attachment,1.800000,0.000000,0,0,0,0,0,0,0,0,0,0,0,26,0,91,108.69636406333974,75.6851271726191,204.9606810323894,26.0
1791184918,8,TXN,multimodal_e2e,1.200000,0.000000,0,0,0,0,0,0,0,0,0,0,0,18,0,440.0,1309.5424921614015,357.3945560492575,8467.537672724575,16.38888888888889
1791184918,8,,Aggregated,6.000000,0.000000,0,0,0,0,0,0,0,0,0,0,0,88,0,77,305.2349418444051,1.8482799641788006,8467.537672724575,22.261363636363637
1791184919,8,POST,/api/playground/conversations,1.800000,0.000000,0,0,0,0,0,0,0,0,0,0,0,26,0,7,15.575375891505526,5.3946408443152905,104.4145836494863,38.0
1791184919,8,POST,/api/playground/conversations/{conversation_id}/chat/sse,1.200000,0.000000,0,0,0,0,0,0,0,0,0,0,0,18,0,2,3.2135991431358786,1.8482799641788006,11.536963284015656,0.0
1791184919,8,POST,/api/playground/conversations/{conversation_id}/chat/{chat_id}/attachment,1.800000,0.000000,0,0,0,0,0,0,0,0,0,0,0,26,0,91,108.69636406333974,75.6851271726191,204.9606810323894,26.0
1791184919,8,TXN,multimodal_e2e,1.200000,0.000000,0,0,0,0,0,0,0,0,0,0,0,18,0,440.0,1309.5424921614015,357.3945560492575,8467.537672724575,16.38888888888889
1791184919,8,,Aggregated,6.000000,0.000000,0,0,0,0,0,0,0,0,0,0,0,88,0,77,305.2349418444051,1.8482799641788006,8467.537672724575,22.261363636363637
1791184920,8,POST,/api/playground/conversations,1.800000,0.000000,0,0,0,0,0,0,0,0,0,0,0,26,0,7,15.575375891505526,5.3946408443152905,104.4145836494863,38.0
1791184920,8,POST,/api/playground/conversations/{conversation_id}/chat/sse,1.200000,0.000000,0,0,0,0,0,0,0,0,0,0,0,18,0,2,3.2135991431358786,1.8482799641788006,11.536963284015656,0.0
1791184920,8,POST,/api/playground/conversations/{conversation_id}/chat/{chat_id}/attachment,1.800000,0.000000,0,0,0,0,0,0,0,0,0,0,0,26,0,91,108.69636406333974,75.6851271726191,204.9606810323894,26.0
1791184920,8,TXN,multimodal_e2e,1.200000,0.000000,0,0,0,0,0,0,0,0,0,0,0,18,0,440.0,1309.5424921614015,357.3945560492575,8467.537672724575,16.38888888888889
1791184920,8,,Aggregated,6.000000,0.000000,0,0,0,0,0,0,0,0,0,0,0,88,0,77,305.2349418444051,1.8482799641788006,8467.537672724575,22.261363636363637
1791184921,8,POST,/api/playground/conversations,1.800000,0.000000,0,0,0,0,0,0,0,0,0,0,0,26,0,7,15.575375891505526,5.3946408443152905,104.4145836494863,38.0
1791184921,8,POST,/api/playground/conversations/{conversation_id}/chat/sse,1.200000,0.000000,0,0,0,0,0,0,0,0,0,0,0,18,0,2,3.2135991431358786,1.8482799641788006,11.536963284015656,0.0
1791184921,8,POST,/api/playground/conversations/{conversation_id}/chat/{chat_id}/attachment,1.800000,0.000000,0,0,0,0,0,0,0,0,0,0,0,26,0,91,108.69636406333974,75.6851271726191,204.9606810323894,26.0
1791184921,8,TXN,multimodal_e2e,1.200000,0.000000,0,0,0,0,0,0,0,0,0,0,0,18,0,440.0,1309.5424921614015,357.3945560492575,8467.537672724575,16.38888888888889
1791184921,8,,Aggregated,6.000000,0.000000,0,0,0,0,0,0,0,0,0,0,0,88,0,77,305.2349418444051,1.8482799641788006,8467.537672724575,22.261363636363637
1791184922,8,POST,/api/playground/conversations,0.000000,0.000000,6,6,10,10,10,10,10,10,10,10,10,29,0,7,14.71197516817985,5.3946408443152905,104.4145836494863,38.0
1791184922,8,POST,/api/playground/conversations/{conversation_id}/chat/sse,0.000000,0.000000,2,2,4,4,4,4,4,4,4,4,4,21,0,2,3.176567166866291,1.8482799641788006,11.536963284015656,0.0
1791184922,8,POST,/api/playground/conversations/{conversation_id}/chat/{chat_id}/attachment,0.000000,0.000000,79,79,80,80,80,80,80,80,80,80,80,29,0,90,105.6079639057661,75.6851271726191,204.9606810323894,26.0
1791184922,8,TXN,multimodal_e2e,0.000000,0.000000,360,360,60000,60000,60000,60000,60000,60000,60000,60000,60000,21,0,440.0,4023.112949006082,357.3945560492575,60190.81476982683,17.571428571428573
1791184922,8,,Aggregated,0.000000,0.000000,77,79,360,360,360,60000,60000,60000,60000,60000,60000,100,0,77,880.4135807277635,1.8482799641788006,60190.81476982683,22.25
1791184923,8,POST,/api/playground/conversations,0.000000,0.000000,6,6,10,10,24,24,24,24,24,24,24,34,1,7,13.722580843879019,0.7527689449489117,104.4145836494863,36.88235294117647
1791184923,8,POST,/api/playground/conversations/{conversation_id}/chat/sse,0.000000,0.000000,2,3,3,3,4,4,4,4,4,4,4,25,0,2,3.03309578448534,1.8482799641788006,11.536963284015656,0.0
1791184923,8,POST,/api/playground/conversations/{conversation_id}/chat/{chat_id}/attachment,0.000000,0.000000,80,80,80,80,86,86,86,86,86,86,86,33,0,87,102.57717902123025,75.6851271726191,204.9606810323894,26.0
1791184923,8,TXN,multimodal_e2e,0.000000,0.000000,360,60000,60000,60000,60000,60000,60000,60000,60000,60000,60000,26,1,430.0,7904.332051984966,0.8673369884490967,60190.81476982683,17.46153846153846
1791184923,8,,Aggregated,0.000000,0.000000,24,80,86,350,60000,60000,60000,60000,60000,60000,60000,118,2,76,1774.9158932424891,0.7527689449489117,60190.81476982683,21.74576271186441
1791184924,8,POST,/api/playground/conversations,0.100000,0.000000,6,6,6,6,10,24,24,24,24,24,24,38,1,7,12.899229278493868,0.7527689449489117,104.4145836494863,37.0
1791184924,8,POST,/api/playground/conversations/{conversation_id}/chat/sse,0.100000,0.000000,2,2,3,3,3,4,4,4,4,4,4,29,0,2,2.874441621503953,1.7996043898165226,11.536963284015656,0.0
1791184924,8,POST,/api/playground/conversations/{conversation_id}/chat/{chat_id}/attachment,0.100000,0.000000,80,86,86,86,89,100,100,100,100,100,100,37,0,87,101.08301111471815,75.6851271726191,204.9606810323894,26.0
1791184924,8,TXN,multimodal_e2e,0.100000,0.000000,370,370,60000,60000,60000,60000,60000,60000,60000,60000,60000,30,1,390.0,8894.220638011271,0.8673369884490967,60203.27217038721,17.8
1791184924,8,,Aggregated,0.400000,0.000000,24,80,100,350,370,60000,60000,60000,60000,60000,60000,134,2,76,2023.4344781432023,0.7527689449489117,60203.27217038721,21.65671641791045
1791184925,8,POST,/api/playground/conversations,0.400000,0.000000,6,6,6,8,12,24,24,24,24,24,24,43,2,7,12.136338820117851,0.7527689449489117,104.4145836494863,36.23255813953488
1791184925,8,POST,/api/playground/conversations/{conversation_id}/chat/sse,0.400000,0.000000,2,2,3,4,5,7,7,7,7,7,7,33,0,2,3.0261973116659755,1.7996043898165226,11.536963284015656,0.0
1791184925,8,POST,/api/playground/conversations/{conversation_id}/chat/{chat_id}/attachment,0.400000,0.000000,80,86,88,89,91,100,100,100,100,100,100,41,0,87,99.47575529946423,75.6851271726191,204.9606810323894,26.0
1791184925,8,TXN,multimodal_e2e,0.400000,0.000000,370,60000,60000,60000,60000,60000,60000,60000,60000,60000,60000,35,2,430.0,11092.599418692824,0.8673369884490967,60278.45247276127,18.62857142857143
1791184925,8,,Aggregated,1.600000,0.000000,12,81,100,360,500,60000,60000,60000,60000,60000,60000,152,4,24,2585.1395572505057,0.7527689449489117,60278.45247276127,21.55263157894737
1791184926,8,POST,/api/playground/conversations,0.400000,0.000000,6,6,6,8,12,24,24,24,24,24,24,43,2,7,12.136338820117851,0.7527689449489117,104.4145836494863,36.23255813953488
1791184926,8,POST,/api/playground/conversations/{conversation_id}/chat/sse,0.400000,0.000000,2,2,3,4,5,7,7,7,7,7,7,33,0,2,3.0261973116659755,1.7996043898165226,11.536963284015656,0.0
1791184926,8,POST,/api/playground/conversations/{conversation_id}/chat/{chat_id}/attachment,0.400000,0.000000,80,86,88,89,91,100,100,100,100,100,100,41,0,87,99.47575529946423,75.6851271726191,204.9606810323894,26.0
1791184926,8,TXN,multimodal_e2e,0.400000,0.000000,370,60000,60000,60000,60000,60000,60000,60000,60000,60000,60000,35,2,430.0,11092.599418692824,0.8673369884490967,60278.45247276127,18.62857142857143
1791184926,8,,Aggregated,1.600000,0.000000,12,81,100,360,500,60000,60000,60000,60000,60000,60000,152,4,24,2585.1395572505057,0.7527689449489117,60278.45247276127,21.55263157894737
1791184927,8,POST,/api/playground/conversations,0.400000,0.000000,6,6,6,8,12,24,24,24,24,24,24,43,2,7,12.136338820117851,0.7527689449489117,104.4145836494863,36.23255813953488
1791184927,8,POST,/api/playground/conversations/{conversation_id}/chat/sse,0.400000,0.000000,2,2,3,4,5,7,7,7,7,7,7,33,0,2,3.0261973116659755,1.7996043898165226,11.536963284015656,0.0
1791184927,8,POST,/api/playground/conversations/{conversation_id}/chat/{chat_id}/attachment,0.400000,0.000000,80,86,88,89,91,100,100,100,100,100,100,41,0,87,99.47575529946423,75.6851271726191,204.9606810323894,26.0
1791184927,8,TXN,multimodal_e2e,0.400000,0.000000,370,60000,60000,60000,60000,60000,60000,60000,60000,60000,60000,35,2,430.0,11092.599418692824,0.8673369884490967,60278.45247276127,18.62857142857143
1791184927,8,,Aggregated,1.600000,0.000000,12,81,100,360,500,60000,60000,60000,60000,60000,60000,152,4,24,2585.1395572505057,0.7527689449489117,60278.45247276127,21.55263157894737
1791184928,8,POST,/api/playground/conversations,0.400000,0.000000,6,6,6,8,12,24,24,24,24,24,24,43,2,7,12.136338820117851,0.7527689449489117,104.4145836494863,36.23255813953488
1791184928,8,POST,/api/playground/conversations/{conversation_id}/chat/sse,0.400000,0.000000,2,2,3,4,5,7,7,7,7,7,7,33,0,2,3.0261973116659755,1.7996043898165226,11.536963284015656,0.0
1791184928,8,POST,/api/playground/conversations/{conversation_id}/chat/{chat_id}/attachment,0.400000,0.000000,80,86,88,89,91,100,100,100,100,100,100,41,0,87,99.47575529946423,75.6851271726191,204.9606810323894,26.0
1791184928,8,TXN,multimodal_e2e,0.400000,0.000000,370,60000,60000,60000,60000,60000,60000,60000,60000,60000,60000,35,2,430.0,11092.599418692824,0.8673369884490967,60278.45247276127,18.62857142857143
1791184928,8,,Aggregated,1.600000,0.000000,12,81,100,360,500,60000,60000,60000,60000,60000,60000,152,4,24,2585.1395572505057,0.7527689449489117,60278.45247276127,21.55263157894737
1791184929,8,POST,/api/playground/conversations,0.400000,0.000000,6,6,6,8,12,24,24,24,24,24,24,43,2,7,12.136338820117851,0.7527689449489117,104.4145836494863,36.23255813953488
1791184929,8,POST,/api/playground/conversations/{conversation_id}/chat/sse,0.400000,0.000000,2,2,3,4,5,7,7,7,7,7,7,33,0,2,3.0261973116659755,1.7996043898165226,11.536963284015656,0.0
1791184929,8,POST,/api/playground/conversations/{conversation_id}/chat/{chat_id}/attachment,0.400000,0.000000,80,86,88,89,91,100,100,100,100,100,100,41,0,87,99.47575529946423,75.6851271726191,204.9606810323894,26.0
1791184929,8,TXN,multimodal_e2e,0.400000,0.000000,370,60000,60000,60000,60000,60000,60000,60000,60000,60000,60000,35,2,430.0,11092.599418692824,0.8673369884490967,60278.45247276127,18.62857142857143
1791184929,8,,Aggregated,1.600000,0.000000,12,81,100,360,500,60000,60000,60000,60000,60000,60000,152,4,24,2585.1395572505057,0.7527689449489117,60278.45247276127,21.55263157894737
1791184930,8,POST,/api/playground/conversations,0.400000,0.000000,6,6,6,8,12,24,24,24,24,24,24,43,2,7,12.136338820117851,0.7527689449489117,104.4145836494863,36.23255813953488
1791184930,8,POST,/api/playground/conversations/{conversation_id}/chat/sse,0.400000,0.000000,2,2,3,4,5,7,7,7,7,7,7,33,0,2,3.0261973116659755,1.7996043898165226,11.536963284015656,0.0
1791184930,8,POST,/api/playground/conversations/{conversation_id}/chat/{chat_id}/attachment,0.400000,0.000000,80,86,88,89,91,100,100,100,100,100,100,41,0,87,99.47575529946423,75.6851271726191,204.9606810323894,26.0
1791184930,8,TXN,multimodal_e2e,0.400000,0.000000,370,60000,60000,60000,60000,60000,60000,60000,60000,60000,60000,35,2,430.0,11092.599418692824,0.8673369884490967,60278.45247276127,18.62857142857143
1791184930,8,,Aggregated,1.600000,0.000000,12,81,100,360,500,60000,60000,60000,60000,60000,60000,152,4,24,2585.1395572505057,0.7527689449489117,60278.45247276127,21.55263157894737
1791184931,8,POST,/api/playground/conversations,0.400000,0.000000,6,6,6,6,12,24,24,24,24,24,24,43,2,7,12.136338820117851,0.7527689449489117,104.4145836494863,36.23255813953488
1791184931,8,POST,/api/playground/conversations/{conversation_id}/chat/sse,0.400000,0.000000,2,2,3,3,5,7,7,7,7,7,7,33,0,2,3.0261973116659755,1.7996043898165226,11.536963284015656,0.0
1791184931,8,POST,/api/playground/conversations/{conversation_id}/chat/{chat_id}/attachment,0.400000,0.000000,81,86,88,89,91,100,100,100,100,100,100,41,0,87,99.47575529946423,75.6851271726191,204.9606810323894,26.0
1791184931,8,TXN,multimodal_e2e,0.400000,0.000000,370,500,60000,60000,60000,60000,60000,60000,60000,60000,60000,35,2,430.0,11092.599418692824,0.8673369884490967,60278.45247276127,18.62857142857143
1791184931,8,,Aggregated,1.600000,0.000000,12,81,100,360,500,60000,60000,60000,60000,60000,60000,152,4,24,2585.1395572505057,0.7527689449489117,60278.45247276127,21.55263157894737
1791184932,8,POST,/api/playground/conversations,0.400000,0.000000,6,6,6,8,12,24,24,24,24,24,24,43,2,7,12.136338820117851,0.7527689449489117,104.4145836494863,36.23255813953488
1791184932,8,POST,/api/playground/conversations/{conversation_id}/chat/sse,0.400000,0.000000,2,2,3,3,5,7,7,7,7,7,7,33,0,2,3.0261973116659755,1.7996043898165226,11.536963284015656,0.0
1791184932,8,POST,/api/playground/conversations/{conversation_id}/chat/{chat_id}/attachment,0.400000,0.000000,86,88,89,89,91,100,100,100,100,100,100,41,0,87,99.47575529946423,75.6851271726191,204.9606810323894,26.0
1791184932,8,TXN,multimodal_e2e,0.400000,0.000000,370,500,60000,60000,60000,60000,60000,60000,60000,60000,60000,35,2,430.0,11092.599418692824,0.8673369884490967,60278.45247276127,18.62857142857143
1791184932,8,,Aggregated,1.600000,0.000000,12,86,100,350,500,60000,60000,60000,60000,60000,60000,152,4,24,2585.1395572505057,0.7527689449489117,60278.45247276127,21.55263157894737
1791184933,8,POST,/api/playground/conversations,1.700000,0.200000,6,8,11,12,18,18,18,18,18,18,18,45,2,7,12.231249983112017,0.7527689449489117,104.4145836494863,36.31111111111111
1791184933,8,POST,/api/playground/conversations/{conversation_id}/chat/sse,1.500000,0.000000,2,3,5,5,7,7,7,7,7,7,7,35,0,2,2.983427300517048,1.7996043898165226,11.536963284015656,0.0
1791184933,8,POST,/api/playground/conversations/{conversation_id}/chat/{chat_id}/attachment,1.500000,0.000000,89,91,100,100,120,120,120,120,120,120,120,43,0,88,100.00721838455215,75.6851271726191,204.9606810323894,26.0
1791184933,8,TXN,multimodal_e2e,1.700000,0.200000,500,8400,60000,60000,60000,60000,60000,60000,60000,60000,60000,37,2,440.0,12344.40299395371,0.8673369884490967,60278.45247276127,19.08108108108108
1791184933,8,,Aggregated,6.400000,0.400000,18,91,120,370,8400,60000,60000,60000,60000,60000,60000,160,4,24,2885.6127960723825,0.7527689449489117,60278.45247276127,21.6125
1791184934,8,POST,/api/playground/conversations,1.600000,0.200000,7,11,12,12,18,18,18,18,18,18,18,49,2,7,11.80738574654168,0.7527689449489117,104.4145836494863,36.44897959183673
1791184934,8,POST,/api/playground/conversations/{conversation_id}/chat/sse,1.400000,0.000000,2,3,3,3,5,5,5,5,5,5,5,39,0,2,2.9860173041621842,1.7996043898165226,11.536963284015656,0.0
1791184934,8,POST,/api/playground/conversations/{conversation_id}/chat/{chat_id}/attachment,1.400000,0.000000,94,100,110,120,120,120,120,120,120,120,120,47,0,89,100.16835323396198,75.6851271726191,204.9606810323894,26.0
1791184934,8,TXN,multimodal_e2e,1.600000,0.200000,430,500,8400,8400,60000,60000,60000,60000,60000,60000,60000,41,2,430.0,11180.31289430744,0.8673369884490967,60278.45247276127,18.902439024390244
1791184934,8,,Aggregated,6.000000,0.400000,78,100,120,390,430,8400,60000,60000,60000,60000,60000,176,4,24,2635.2031695741143,0.7527689449489117,60278.45247276127,21.494318181818183
1791184935,8,POST,/api/playground/conversations,1.300000,0.200000,7,8,11,11,12,18,18,18,18,18,18,52,2,7,11.523704089295979,0.7527689449489117,104.4145836494863,36.53846153846154
1791184935,8,POST,/api/playground/conversations/{conversation_id}/chat/sse,1.100000,0.000000,2,2,3,3,3,5,5,5,5,5,5,42,0,2,2.9289512451560724,1.7996043898165226,11.536963284015656,0.0
1791184935,8,POST,/api/playground/conversations/{conversation_id}/chat/{chat_id}/attachment,1.100000,0.000000,94,100,110,110,120,120,120,120,120,120,120,50,0,89,99.9301078915596,75.6851271726191,204.9606810323894,26.0
1791184935,8,TXN,multimodal_e2e,1.300000,0.200000,420,500,8400,8400,60000,60000,60000,60000,60000,60000,60000,44,2,420.0,11802.110125945712,0.8673369884490967,60278.45247276127,19.454545454545453
1791184935,8,,Aggregated,4.800000,0.400000,78,100,120,390,430,8400,60000,60000,60000,60000,60000,188,4,24,2792.6148909634535,0.7527689449489117,60278.45247276127,21.574468085106382
1791184936,8,POST,/api/playground/conversations,1.100000,0.100000,7,7,8,11,12,18,18,18,18,18,18,55,2,7,11.223042358390309,0.7527689449489117,104.4145836494863,36.61818181818182
1791184936,8,POST,/api/playground/conversations/{conversation_id}/chat/sse,1.000000,0.000000,2,2,2,3,3,5,5,5,5,5,5,45,0,2,2.8677505234049425,1.7996043898165226,11.536963284015656,0.0
1791184936,8,POST,/api/playground/conversations/{conversation_id}/chat/{chat_id}/attachment,1.100000,0.000000,93,94,110,110,120,120,120,120,120,120,120,53,0,89,99.22752965171382,75.6851271726191,204.9606810323894,26.0
1791184936,8,TXN,multimodal_e2e,1.100000,0.100000,420,430,500,8400,60000,60000,60000,60000,60000,60000,60000,47,2,420.0,11073.998952512333,0.8673369884490967,60278.45247276127,19.319148936170212
1791184936,8,,Aggregated,4.300000,0.200000,78,94,120,380,430,8400,60000,60000,60000,60000,60000,200,4,24,2632.4166297144257,0.7527689449489117,60278.45247276127,21.5
1791184937,8,POST,/api/playground/conversations,1.100000,0.100000,7,7,8,11,12,18,18,18,18,18,18,55,2,7,11.223042358390309,0.7527689449489117,104.4145836494863,36.61818181818182
1791184937,8,POST,/api/playground/conversations/{conversation_id}/chat/sse,1.000000,0.000000,2,2,2,3,3,5,5,5,5,5,5,45,0,2,2.8677505234049425,1.7996043898165226,11.536963284015656,0.0
1791184937,8,POST,/api/playground/conversations/{conversation_id}/chat/{chat_id}/attachment,1.100000,0.000000,93,94,110,110,120,120,120,120,120,120,120,53,0,89,99.22752965171382,75.6851271726191,204.9606810323894,26.0
1791184937,8,TXN,multimodal_e2e,1.100000,0.100000,420,430,500,8400,60000,60000,60000,60000,60000,60000,60000,47,2,420.0,11073.998952512333,0.8673369884490967,60278.45247276127,19.319148936170212
1791184937,8,,Aggregated,4.300000,0.200000,78,94,120,380,430,8400,60000,60000,60000,60000,60000,200,4,24,2632.4166297144257,0.7527689449489117,60278.45247276127,21.5
1791184938,8,POST,/api/playground/conversations,1.100000,0.100000,7,7,8,11,12,18,18,18,18,18,18,55,2,7,11.223042358390309,0.7527689449489117,104.4145836494863,36.61818181818182
1791184938,8,POST,/api/playground/conversations/{conversation_id}/chat/sse,1.000000,0.000000,2,2,2,3,3,5,5,5,5,5,5,45,0,2,2.8677505234049425,1.7996043898165226,11.536963284015656,0.0
1791184938,8,POST,/api/playground/conversations/{conversation_id}/chat/{chat_id}/attachment,1.100000,0.000000,93,94,110,110,120,120,120,120,120,120,120,53,0,89,99.22752965171382,75.6851271726191,204.9606810323894,26.0
1791184938,8,TXN,multimodal_e2e,1.100000,0.100000,420,430,500,8400,60000,60000,60000,60000,60000,60000,60000,47,2,420.0,11073.998952512333,0.8673369884490967,60278.45247276127,19.319148936170212
1791184938,8,,Aggregated,4.300000,0.200000,78,94,120,380,430,8400,60000,60000,60000,60000,60000,200,4,24,2632.4166297144257,0.7527689449489117,60278.45247276127,21.5
1791184939,8,POST,/api/playground/conversations,1.100000,0.100000,7,7,8,8,11,18,18,18,18,18,18,55,2,7,11.223042358390309,0.7527689449489117,104.4145836494863,36.61818181818182
1791184939,8,POST,/api/playground/conversations/{conversation_id}/chat/sse,1.000000,0.000000,2,2,3,3,3,5,5,5,5,5,5,45,0,2,2.8677505234049425,1.7996043898165226,11.536963284015656,0.0
1791184939,8,POST,/api/playground/conversations/{conversation_id}/chat/{chat_id}/attachment,1.100000,0.000000,94,100,110,110,120,120,120,120,120,120,120,53,0,89,99.22752965171382,75.6851271726191,204.9606810323894,26.0
1791184939,8,TXN,multimodal_e2e,1.100000,0.100000,420,430,8400,8400,60000,60000,60000,60000,60000,60000,60000,47,2,420.0,11073.998952512333,0.8673369884490967,60278.45247276127,19.319148936170212
1791184939,8,,Aggregated,4.300000,0.200000,83,100,370,380,430,8400,60000,60000,60000,60000,60000,200,4,24,2632.4166297144257,0.7527689449489117,60278.45247276127,21.5
1791184940,8,POST,/api/playground/conversations,1.100000,0.100000,7,7,8,8,11,18,18,18,18,18,18,55,2,7,11.223042358390309,0.7527689449489117,104.4145836494863,36.61818181818182
1791184940,8,POST,/api/playground/conversations/{conversation_id}/chat/sse,1.000000,0.000000,2,2,3,3,3,5,5,5,5,5,5,45,0,2,2.8677505234049425,1.7996043898165226,11.536963284015656,0.0
1791184940,8,POST,/api/playground/conversations/{conversation_id}/chat/{chat_id}/attachment,1.100000,0.000000,94,100,110,110,120,120,120,120,120,120,120,53,0,89,99.22752965171382,75.6851271726191,204.9606810323894,26.0
1791184940,8,TXN,multimodal_e2e,1.100000,0.100000,420,430,8400,8400,60000,60000,60000,60000,60000,60000,60000,47,2,420.0,11073.998952512333,0.8673369884490967,60278.45247276127,19.319148936170212
1791184940,8,,Aggregated,4.300000,0.200000,83,100,370,380,430,8400,60000,60000,60000,60000,60000,200,4,24,2632.4166297144257,0.7527689449489117,60278.45247276127,21.5
1791184941,8,POST,/api/playground/conversations,1.100000,0.100000,7,7,8,8,11,18,18,18,18,18,18,55,2,7,11.223042358390309,0.7527689449489117,104.4145836494863,36.61818181818182
1791184941,8,POST,/api/playground/conversations/{conversation_id}/chat/sse,1.000000,0.000000,2,2,3,3,3,5,5,5,5,5,5,45,0,2,2.8677505234049425,1.7996043898165226,11.536963284015656,0.0
1791184941,8,POST,/api/playground/conversations/{conversation_id}/chat/{chat_id}/attachment,1.100000,0.000000,94,100,110,110,120,120,120,120,120,120,120,53,0,89,99.22752965171382,75.6851271726191,204.9606810323894,26.0
1791184941,8,TXN,multimodal_e2e,1.100000,0.100000,420,430,8400,8400,60000,60000,60000,60000,60000,60000,60000,47,2,420.0,11073.998952512333,0.8673369884490967,60278.45247276127,19.319148936170212
1791184941,8,,Aggregated,4.300000,0.200000,83,100,370,380,430,8400,60000,60000,60000,60000,60000,200,4,24,2632.4166297144257,0.7527689449489117,60278.45247276127,21.5
1791184942,8,POST,/api/playground/conversations,1.100000,0.100000,7,7,8,8,11,18,18,18,18,18,18,55,2,7,11.223042358390309,0.7527689449489117,104.4145836494863,36.61818181818182
1791184942,8,POST,/api/playground/conversations/{conversation_id}/chat/sse,1.000000,0.000000,2,2,3,3,3,5,5,5,5,5,5,45,0,2,2.8677505234049425,1.7996043898165226,11.536963284015656,0.0
1791184942,8,POST,/api/playground/conversations/{conversation_id}/chat/{chat_id}/attachment,1.100000,0.000000,94,100,110,110,120,120,120,120,120,120,120,53,0,89,99.22752965171382,75.6851271726191,204.9606810323894,26.0
1791184942,8,TXN,multimodal_e2e,1.100000,0.100000,420,430,8400,8400,60000,60000,60000,60000,60000,60000,60000,47,2,420.0,11073.998952512333,0.8673369884490967,60278.45247276127,19.319148936170212
1791184942,8,,Aggregated,4.300000,0.200000,83,100,370,380,430,8400,60000,60000,60000,60000,60000,200,4,24,2632.4166297144257,0.7527689449489117,60278.45247276127,21.5
1791184943,8,POST,/api/playground/conversations,1.100000,0.100000,7,7,7,7,8,8,8,8,8,8,8,55,2,7,11.223042358390309,0.7527689449489117,104.4145836494863,36.61818181818182
1791184943,8,POST,/api/playground/conversations/{conversation_id}/chat/sse,1.000000,0.000000,2,2,2,2,3,3,3,3,3,3,3,45,0,2,2.8677505234049425,1.7996043898165226,11.536963284015656,0.0
1791184943,8,POST,/api/playground/conversations/{conversation_id}/chat/{chat_id}/attachment,1.100000,0.000000,93,93,94,94,110,110,110,110,110,110,110,53,0,89,99.22752965171382,75.6851271726191,204.9606810323894,26.0
1791184943,8,TXN,multimodal_e2e,1.100000,0.100000,400,420,430,430,60000,60000,60000,60000,60000,60000,60000,47,2,420.0,11073.998952512333,0.8673369884490967,60278.45247276127,19.319148936170212
1791184943,8,,Aggregated,4.300000,0.200000,83,93,370,370,400,430,60000,60000,60000,60000,60000,200,4,24,2632.4166297144257,0.7527689449489117,60278.45247276127,21.5
1791184944,8,POST,/api/playground/conversations,1.100000,0.100000,6,6,6,7,7,7,7,7,7,7,7,55,2,7,11.223042358390309,0.7527689449489117,104.4145836494863,36.61818181818182
1791184944,8,POST,/api/playground/conversations/{conversation_id}/chat/sse,1.000000,0.000000,2,2,2,2,2,2,2,2,2,2,2,45,0,2,2.8677505234049425,1.7996043898165226,11.536963284015656,0.0
1791184944,8,POST,/api/playground/conversations/{conversation_id}/chat/{chat_id}/attachment,1.100000,0.000000,93,93,93,93,110,110,110,110,110,110,110,53,0,89,99.22752965171382,75.6851271726191,204.9606810323894,26.0
1791184944,8,TXN,multimodal_e2e,1.100000,0.100000,380,400,400,430,430,430,430,430,430,430,430,47,2,420.0,11073.998952512333,0.8673369884490967,60278.45247276127,19.319148936170212
1791184944,8,,Aggregated,4.300000,0.200000,84,93,110,370,380,400,430,430,430,430,430,200,4,24,2632.4166297144257,0.7527689449489117,60278.45247276127,21.5
1791184945,8,POST,/api/playground/conversations,1.100000,0.100000,6,6,6,6,6,6,6,6,6,6,6,55,2,7,11.223042358390309,0.7527689449489117,104.4145836494863,36.61818181818182
1791184945,8,POST,/api/playground/conversations/{conversation_id}/chat/sse,1.000000,0.000000,2,2,2,2,2,2,2,2,2,2,2,45,0,2,2.8677505234049425,1.7996043898165226,11.536963284015656,0.0
1791184945,8,POST,/api/playground/conversations/{conversation_id}/chat/{chat_id}/attachment,1.100000,0.000000,93,93,93,93,93,93,93,93,93,93,93,53,0,89,99.22752965171382,75.6851271726191,204.9606810323894,26.0
1791184945,8,TXN,multimodal_e2e,1.100000,0.100000,430,430,430,430,430,430,430,430,430,430,430,47,2,420.0,11073.998952512333,0.8673369884490967,60278.45247276127,19.319148936170212
1791184945,8,,Aggregated,4.300000,0.200000,84,93,370,370,430,430,430,430,430,430,430,200,4,24,2632.4166297144257,0.7527689449489117,60278.45247276127,21.5
1791184946,8,POST,/api/playground/conversations,1.100000,0.100000,6,6,6,6,6,6,6,6,6,6,6,55,2,7,11.223042358390309,0.7527689449489117,104.4145836494863,36.61818181818182
1791184946,8,POST,/api/playground/conversations/{conversation_id}/chat/sse,1.000000,0.000000,2,2,2,2,2,2,2,2,2,2,2,45,0,2,2.8677505234049425,1.7996043898165226,11.536963284015656,0.0
1791184946,8,POST,/api/playground/conversations/{conversation_id}/chat/{chat_id}/attachment,1.100000,0.000000,93,93,93,93,93,93,93,93,93,93,93,53,0,89,99.22752965171382,75.6851271726191,204.9606810323894,26.0
1791184946,8,TXN,multimodal_e2e,1.100000,0.100000,430,430,430,430,430,430,430,430,430,430,430,47,2,420.0,11073.998952512333,0.8673369884490967,60278.45247276127,19.319148936170212
1791184946,8,,Aggregated,4.300000,0.200000,84,93,370,370,430,430,430,430,430,430,430,200,4,24,2632.4166297144257,0.7527689449489117,60278.45247276127,21.5
1791184947,8,POST,/api/playground/conversations,1.100000,0.100000,6,6,6,6,6,6,6,6,6,6,6,55,2,7,11.223042358390309,0.7527689449489117,104.4145836494863,36.61818181818182
1791184947,8,POST,/api/playground/conversations/{conversation_id}/chat/sse,1.000000,0.000000,2,2,2,2,2,2,2,2,2,2,2,45,0,2,2.8677505234049425,1.7996043898165226,11.536963284015656,0.0
1791184947,8,POST,/api/playground/conversations/{conversation_id}/chat/{chat_id}/attachment,1.100000,0.000000,93,93,93,93,93,93,93,93,93,93,93,53,0,89,99.22752965171382,75.6851271726191,204.9606810323894,26.0
1791184947,8,TXN,multimodal_e2e,1.100000,0.100000,430,430,430,430,430,430,430,430,430,430,430,47,2,420.0,11073.998952512333,0.8673369884490967,60278.45247276127,19.319148936170212
1791184947,8,,Aggregated,4.300000,0.200000,84,93,370,370,430,430,430,430,430,430,430,200,4,24,2632.4166297144257,0.7527689449489117,60278.45247276127,21.5
1791184948,8,POST,/api/playground/conversations,1.100000,0.100000,6,6,6,6,6,6,6,6,6,6,6,55,2,7,11.223042358390309,0.7527689449489117,104.4145836494863,36.61818181818182
1791184948,8,POST,/api/playground/conversations/{conversation_id}/chat/sse,1.000000,0.000000,2,2,2,2,2,2,2,2,2,2,2,45,0,2,2.8677505234049425,1.7996043898165226,11.536963284015656,0.0
1791184948,8,POST,/api/playground/conversations/{conversation_id}/chat/{chat_id}/attachment,1.100000,0.000000,93,93,93,93,93,93,93,93,93,93,93,53,0,89,99.22752965171382,75.6851271726191,204.9606810323894,26.0
1791184948,8,TXN,multimodal_e2e,1.100000,0.100000,430,430,430,430,430,430,430,430,430,430,430,47,2,420.0,11073.998952512333,0.8673369884490967,60278.45247276127,19.319148936170212
1791184948,8,,Aggregated,4.300000,0.200000,84,93,370,370,430,430,430,430,430,430,430,200,4,24,2632.4166297144257,0.7527689449489117,60278.45247276127,21.5
1791184949,8,POST,/api/playground/conversations,1.100000,0.100000,6,6,6,6,6,6,6,6,6,6,6,55,2,7,11.223042358390309,0.7527689449489117,104.4145836494863,36.61818181818182
1791184949,8,POST,/api/playground/conversations/{conversation_id}/chat/sse,1.000000,0.000000,2,2,2,2,2,2,2,2,2,2,2,45,0,2,2.8677505234049425,1.7996043898165226,11.536963284015656,0.0
1791184949,8,POST,/api/playground/conversations/{conversation_id}/chat/{chat_id}/attachment,1.100000,0.000000,93,93,93,93,93,93,93,93,93,93,93,53,0,89,99.22752965171382,75.6851271726191,204.9606810323894,26.0
1791184949,8,TXN,multimodal_e2e,1.100000,0.100000,430,430,430,430,430,430,430,430,430,430,430,47,2,420.0,11073.998952512333,0.8673369884490967,60278.45247276127,19.319148936170212
1791184949,8,,Aggregated,4.300000,0.200000,84,93,370,370,430,430,430,430,430,430,430,200,4,24,2632.4166297144257,0.7527689449489117,60278.45247276127,21.5
1791184950,8,POST,/api/playground/conversations,1.100000,0.100000,6,6,6,6,6,6,6,6,6,6,6,55,2,7,11.223042358390309,0.7527689449489117,104.4145836494863,36.61818181818182
1791184950,8,POST,/api/playground/conversations/{conversation_id}/chat/sse,1.000000,0.000000,2,2,2,2,2,2,2,2,2,2,2,45,0,2,2.8677505234049425,1.7996043898165226,11.536963284015656,0.0
1791184950,8,POST,/api/playground/conversations/{conversation_id}/chat/{chat_id}/attachment,1.100000,0.000000,93,93,93,93,93,93,93,93,93,93,93,53,0,89,99.22752965171382,75.6851271726191,204.9606810323894,26.0
1791184950,8,TXN,multimodal_e2e,1.100000,0.100000,430,430,430,430,430,430,430,430,430,430,430,47,2,420.0,11073.998952512333,0.8673369884490967,60278.45247276127,19.319148936170212
1791184950,8,,Aggregated,4.300000,0.200000,84,93,370,370,430,430,430,430,430,430,430,200,4,24,2632.4166297144257,0.7527689449489117,60278.45247276127,21.5
1791184951,8,POST,/api/playground/conversations,1.100000,0.100000,6,6,6,6,6,6,6,6,6,6,6,55,2,7,11.223042358390309,0.7527689449489117,104.4145836494863,36.61818181818182
1791184951,8,POST,/api/playground/conversations/{conversation_id}/chat/sse,1.000000,0.000000,2,2,2,2,2,2,2,2,2,2,2,45,0,2,2.8677505234049425,1.7996043898165226,11.536963284015656,0.0
1791184951,8,POST,/api/playground/conversations/{conversation_id}/chat/{chat_id}/attachment,1.100000,0.000000,93,93,93,93,93,93,93,93,93,93,93,53,0,89,99.22752965171382,75.6851271726191,204.9606810323894,26.0
1791184951,8,TXN,multimodal_e2e,1.100000,0.100000,430,430,430,430,430,430,430,430,430,430,430,47,2,420.0,11073.998952512333,0.8673369884490967,60278.45247276127,19.319148936170212
1791184951,8,,Aggregated,4.300000,0.200000,84,93,370,370,430,430,430,430,430,430,430,200,4,24,2632.4166297144257,0.7527689449489117,60278.45247276127,21.5
1791184952,8,POST,/api/playground/conversations,1.100000,0.100000,6,6,6,6,6,6,6,6,6,6,6,55,2,7,11.223042358390309,0.7527689449489117,104.4145836494863,36.61818181818182
1791184952,8,POST,/api/playground/conversations/{conversation_id}/chat/sse,1.000000,0.000000,2,2,2,2,2,2,2,2,2,2,2,45,0,2,2.8677505234049425,1.7996043898165226,11.536963284015656,0.0
1791184952,8,POST,/api/playground/conversations/{conversation_id}/chat/{chat_id}/attachment,1.100000,0.000000,93,93,93,93,93,93,93,93,93,93,93,53,0,89,99.22752965171382,75.6851271726191,204.9606810323894,26.0
1791184952,8,TXN,multimodal_e2e,1.100000,0.100000,430,430,430,430,430,430,430,430,430,430,430,47,2,420.0,11073.998952512333,0.8673369884490967,60278.45247276127,19.319148936170212
1791184952,8,,Aggregated,4.300000,0.200000,84,93,370,370,430,430,430,430,430,430,430,200,4,24,2632.4166297144257,0.7527689449489117,60278.45247276127,21.5
1791184953,8,POST,/api/playground/conversations,1.100000,0.100000,6,6,6,6,6,6,6,6,6,6,6,55,2,7,11.223042358390309,0.7527689449489117,104.4145836494863,36.61818181818182
1791184953,8,POST,/api/playground/conversations/{conversation_id}/chat/sse,1.000000,0.000000,2,2,2,2,2,2,2,2,2,2,2,45,0,2,2.8677505234049425,1.7996043898165226,11.536963284015656,0.0
1791184953,8,POST,/api/playground/conversations/{conversation_id}/chat/{chat_id}/attachment,1.100000,0.000000,93,93,93,93,93,93,93,93,93,93,93,53,0,89,99.22752965171382,75.6851271726191,204.9606810323894,26.0
1791184953,8,TXN,multimodal_e2e,1.100000,0.100000,430,430,430,430,430,430,430,430,430,430,430,47,2,420.0,11073.998952512333,0.8673369884490967,60278.45247276127,19.319148936170212
1791184953,8,,Aggregated,4.300000,0.200000,84,93,370,370,430,430,430,430,430,430,430,200,4,24,2632.4166297144257,0.7527689449489117,60278.45247276127,21.5
1791184954,8,POST,/api/playground/conversations,1.100000,0.100000,0,0,0,0,0,0,0,0,0,0,0,55,2,7,11.223042358390309,0.7527689449489117,104.4145836494863,36.61818181818182
1791184954,8,POST,/api/playground/conversations/{conversation_id}/chat/sse,1.000000,0.000000,0,0,0,0,0,0,0,0,0,0,0,45,0,2,2.8677505234049425,1.7996043898165226,11.536963284015656,0.0
1791184954,8,POST,/api/playground/conversations/{conversation_id}/chat/{chat_id}/attachment,1.100000,0.000000,0,0,0,0,0,0,0,0,0,0,0,53,0,89,99.22752965171382,75.6851271726191,204.9606810323894,26.0
1791184954,8,TXN,multimodal_e2e,1.100000,0.100000,0,0,0,0,0,0,0,0,0,0,0,47,2,420.0,11073.998952512333,0.8673369884490967,60278.45247276127,19.319148936170212
1791184954,8,,Aggregated,4.300000,0.200000,0,0,0,0,0,0,0,0,0,0,0,200,4,24,2632.4166297144257,0.7527689449489117,60278.45247276127,21.5
1791184955,8,POST,/api/playground/conversations,1.100000,0.100000,0,0,0,0,0,0,0,0,0,0,0,55,2,7,11.223042358390309,0.7527689449489117,104.4145836494863,36.61818181818182
1791184955,8,POST,/api/playground/conversations/{conversation_id}/chat/sse,1.000000,0.000000,0,0,0,0,0,0,0,0,0,0,0,45,0,2,2.8677505234049425,1.7996043898165226,11.536963284015656,0.0
1791184955,8,POST,/api/playground/conversations/{conversation_id}/chat/{chat_id}/attachment,1.100000,0.000000,0,0,0,0,0,0,0,0,0,0,0,53,0,89,99.22752965171382,75.6851271726191,204.9606810323894,26.0
1791184955,8,TXN,multimodal_e2e,1.100000,0.100000,0,0,0,0,0,0,0,0,0,0,0,47,2,420.0,11073.998952512333,0.8673369884490967,60278.45247276127,19.319148936170212
1791184955,8,,Aggregated,4.300000,0.200000,0,0,0,0,0,0,0,0,0,0,0,200,4,24,2632.4166297144257,0.7527689449489117,60278.45247276127,21.5
1791184956,8,POST,/api/playground/conversations,1.100000,0.100000,0,0,0,0,0,0,0,0,0,0,0,55,2,7,11.223042358390309,0.7527689449489117,104.4145836494863,36.61818181818182
1791184956,8,POST,/api/playground/conversations/{conversation_id}/chat/sse,1.000000,0.000000,0,0,0,0,0,0,0,0,0,0,0,45,0,2,2.8677505234049425,1.7996043898165226,11.536963284015656,0.0
1791184956,8,POST,/api/playground/conversations/{conversation_id}/chat/{chat_id}/attachment,1.100000,0.000000,0,0,0,0,0,0,0,0,0,0,0,53,0,89,99.22752965171382,75.6851271726191,204.9606810323894,26.0
1791184956,8,TXN,multimodal_e2e,1.100000,0.100000,0,0,0,0,0,0,0,0,0,0,0,47,2,420.0,11073.998952512333,0.8673369884490967,60278.45247276127,19.319148936170212
1791184956,8,,Aggregated,4.300000,0.200000,0,0,0,0,0,0,0,0,0,0,0,200,4,24,2632.4166297144257,0.7527689449489117,60278.45247276127,21.5
1791184957,8,POST,/api/playground/conversations,1.100000,0.100000,0,0,0,0,0,0,0,0,0,0,0,55,2,7,11.223042358390309,0.7527689449489117,104.4145836494863,36.61818181818182
1791184957,8,POST,/api/playground/conversations/{conversation_id}/chat/sse,1.000000,0.000000,0,0,0,0,0,0,0,0,0,0,0,45,0,2,2.8677505234049425,1.7996043898165226,11.536963284015656,0.0
1791184957,8,POST,/api/playground/conversations/{conversation_id}/chat/{chat_id}/attachment,1.100000,0.000000,0,0,0,0,0,0,0,0,0,0,0,53,0,89,99.22752965171382,75.6851271726191,204.9606810323894,26.0
1791184957,8,TXN,multimodal_e2e,1.100000,0.100000,0,0,0,0,0,0,0,0,0,0,0,47,2,420.0,11073.998952512333,0.8673369884490967,60278.45247276127,19.319148936170212
1791184957,8,,Aggregated,4.300000,0.200000,0,0,0,0,0,0,0,0,0,0,0,200,4,24,2632.4166297144257,0.7527689449489117,60278.45247276127,21.5
1791184958,8,POST,/api/playground/conversations,1.100000,0.100000,0,0,0,0,0,0,0,0,0,0,0,55,2,7,11.223042358390309,0.7527689449489117,104.4145836494863,36.61818181818182
1791184958,8,POST,/api/playground/conversations/{conversation_id}/chat/sse,1.000000,0.000000,0,0,0,0,0,0,0,0,0,0,0,45,0,2,2.8677505234049425,1.7996043898165226,11.536963284015656,0.0
1791184958,8,POST,/api/playground/conversations/{conversation_id}/chat/{chat_id}/attachment,1.100000,0.000000,0,0,0,0,0,0,0,0,0,0,0,53,0,89,99.22752965171382,75.6851271726191,204.9606810323894,26.0
1791184958,8,TXN,multimodal_e2e,1.100000,0.100000,0,0,0,0,0,0,0,0,0,0,0,47,2,420.0,11073.998952512333,0.8673369884490967,60278.45247276127,19.319148936170212
1791184958,8,,Aggregated,4.300000,0.200000,0,0,0,0,0,0,0,0,0,0,0,200,4,24,2632.4166297144257,0.7527689449489117,60278.45247276127,21.5
1791184959,8,POST,/api/playground/conversations,1.100000,0.100000,0,0,0,0,0,0,0,0,0,0,0,55,2,7,11.223042358390309,0.7527689449489117,104.4145836494863,36.61818181818182
1791184959,8,POST,/api/playground/conversations/{conversation_id}/chat/sse,1.000000,0.000000,0,0,0,0,0,0,0,0,0,0,0,45,0,2,2.8677505234049425,1.7996043898165226,11.536963284015656,0.0
1791184959,8,POST,/api/playground/conversations/{conversation_id}/chat/{chat_id}/attachment,1.100000,0.000000,0,0,0,0,0,0,0,0,0,0,0,53,0,89,99.22752965171382,75.6851271726191,204.9606810323894,26.0
1791184959,8,TXN,multimodal_e2e,1.100000,0.100000,0,0,0,0,0,0,0,0,0,0,0,47,2,420.0,11073.998952512333,0.8673369884490967,60278.45247276127,19.319148936170212
1791184959,8,,Aggregated,4.300000,0.200000,0,0,0,0,0,0,0,0,0,0,0,200,4,24,2632.4166297144257,0.7527689449489117,60278.45247276127,21.5
1791184960,8,POST,/api/playground/conversations,1.100000,0.100000,0,0,0,0,0,0,0,0,0,0,0,55,2,7,11.223042358390309,0.7527689449489117,104.4145836494863,36.61818181818182
1791184960,8,POST,/api/playground/conversations/{conversation_id}/chat/sse,1.000000,0.000000,0,0,0,0,0,0,0,0,0,0,0,45,0,2,2.8677505234049425,1.7996043898165226,11.536963284015656,0.0
1791184960,8,POST,/api/playground/conversations/{conversation_id}/chat/{chat_id}/attachment,1.100000,0.000000,0,0,0,0,0,0,0,0,0,0,0,53,0,89,99.22752965171382,75.6851271726191,204.9606810323894,26.0
1791184960,8,TXN,multimodal_e2e,1.100000,0.100000,0,0,0,0,0,0,0,0,0,0,0,47,2,420.0,11073.998952512333,0.8673369884490967,60278.45247276127,19.319148936170212
1791184960,8,,Aggregated,4.300000,0.200000,0,0,0,0,0,0,0,0,0,0,0,200,4,24,2632.4166297144257,0.7527689449489117,60278.45247276127,21.5
1791184961,8,POST,/api/playground/conversations,1.100000,0.100000,0,0,0,0,0,0,0,0,0,0,0,55,2,7,11.223042358390309,0.7527689449489117,104.4145836494863,36.61818181818182
1791184961,8,POST,/api/playground/conversations/{conversation_id}/chat/sse,1.000000,0.000000,0,0,0,0,0,0,0,0,0,0,0,45,0,2,2.8677505234049425,1.7996043898165226,11.536963284015656,0.0
1791184961,8,POST,/api/playground/conversations/{conversation_id}/chat/{chat_id}/attachment,1.100000,0.000000,0,0,0,0,0,0,0,0,0,0,0,53,0,89,99.22752965171382,75.6851271726191,204.9606810323894,26.0
1791184961,8,TXN,multimodal_e2e,1.100000,0.100000,0,0,0,0,0,0,0,0,0,0,0,47,2,420.0,11073.998952512333,0.8673369884490967,60278.45247276127,19.319148936170212
1791184961,8,,Aggregated,4.300000,0.200000,0,0,0,0,0,0,0,0,0,0,0,200,4,24,2632.4166297144257,0.7527689449489117,60278.45247276127,21.5
1791184962,8,POST,/api/playground/conversations,1.100000,0.100000,0,0,0,0,0,0,0,0,0,0,0,55,2,7,11.223042358390309,0.7527689449489117,104.4145836494863,36.61818181818182
1791184962,8,POST,/api/playground/conversations/{conversation_id}/chat/sse,1.000000,0.000000,0,0,0,0,0,0,0,0,0,0,0,45,0,2,2.8677505234049425,1.7996043898165226,11.536963284015656,0.0
1791184962,8,POST,/api/playground/conversations/{conversation_id}/chat/{chat_id}/attachment,1.100000,0.000000,0,0,0,0,0,0,0,0,0,0,0,53,0,89,99.22752965171382,75.6851271726191,204.9606810323894,26.0
1791184962,8,TXN,multimodal_e2e,1.100000,0.100000,0,0,0,0,0,0,0,0,0,0,0,47,2,420.0,11073.998952512333,0.8673369884490967,60278.45247276127,19.319148936170212
1791184962,8,,Aggregated,4.300000,0.200000,0,0,0,0,0,0,0,0,0,0,0,200,4,24,2632.4166297144257,0.7527689449489117,60278.45247276127,21.5
1791184963,8,POST,/api/playground/conversations,1.100000,0.100000,0,0,0,0,0,0,0,0,0,0,0,55,2,7,11.223042358390309,0.7527689449489117,104.4145836494863,36.61818181818182
1791184963,8,POST,/api/playground/conversations/{conversation_id}/chat/sse,1.000000,0.000000,0,0,0,0,0,0,0,0,0,0,0,45,0,2,2.8677505234049425,1.7996043898165226,11.536963284015656,0.0
1791184963,8,POST,/api/playground/conversations/{conversation_id}/chat/{chat_id}/attachment,1.100000,0.000000,0,0,0,0,0,0,0,0,0,0,0,53,0,89,99.22752965171382,75.6851271726191,204.9606810323894,26.0
1791184963,8,TXN,multimodal_e2e,1.100000,0.100000,0,0,0,0,0,0,0,0,0,0,0,47,2,420.0,11073.998952512333,0.8673369884490967,60278.45247276127,19.319148936170212
1791184963,8,,Aggregated,4.300000,0.200000,0,0,0,0,0,0,0,0,0,0,0,200,4,24,2632.4166297144257,0.7527689449489117,60278.45247276127,21.5
1791184964,8,POST,/api/playground/conversations,1.100000,0.100000,0,0,0,0,0,0,0,0,0,0,0,55,2,7,11.223042358390309,0.7527689449489117,104.4145836494863,36.61818181818182
1791184964,8,POST,/api/playground/conversations/{conversation_id}/chat/sse,1.000000,0.000000,0,0,0,0,0,0,0,0,0,0,0,45,0,2,2.8677505234049425,1.7996043898165226,11.536963284015656,0.0
1791184964,8,POST,/api/playground/conversations/{conversation_id}/chat/{chat_id}/attachment,1.100000,0.000000,0,0,0,0,0,0,0,0,0,0,0,53,0,89,99.22752965171382,75.6851271726191,204.9606810323894,26.0
1791184964,8,TXN,multimodal_e2e,1.100000,0.100000,0,0,0,0,0,0,0,0,0,0,0,47,2,420.0,11073.998952512333,0.8673369884490967,60278.45247276127,19.319148936170212
1791184964,8,,Aggregated,4.300000,0.200000,0,0,0,0,0,0,0,0,0,0,0,200,4,24,2632.4166297144257,0.7527689449489117,60278.45247276127,21.5
1791184965,8,POST,/api/playground/conversations,1.100000,0.100000,0,0,0,0,0,0,0,0,0,0,0,55,2,7,11.223042358390309,0.7527689449489117,104.4145836494863,36.61818181818182
1791184965,8,POST,/api/playground/conversations/{conversation_id}/chat/sse,1.000000,0.000000,0,0,0,0,0,0,0,0,0,0,0,45,0,2,2.8677505234049425,1.7996043898165226,11.536963284015656,0.0
1791184965,8,POST,/api/playground/conversations/{conversation_id}/chat/{chat_id}/attachment,1.100000,0.000000,0,0,0,0,0,0,0,0,0,0,0,53,0,89,99.22752965171382,75.6851271726191,204.9606810323894,26.0
1791184965,8,TXN,multimodal_e2e,1.100000,0.100000,0,0,0,0,0,0,0,0,0,0,0,47,2,420.0,11073.998952512333,0.8673369884490967,60278.45247276127,19.319148936170212
1791184965,8,,Aggregated,4.300000,0.200000,0,0,0,0,0,0,0,0,0,0,0,200,4,24,2632.4166297144257,0.7527689449489117,60278.45247276127,21.5
1791184966,8,POST,/api/playground/conversations,1.100000,0.100000,0,0,0,0,0,0,0,0,0,0,0,55,2,7,11.223042358390309,0.7527689449489117,104.4145836494863,36.61818181818182
1791184966,8,POST,/api/playground/conversations/{conversation_id}/chat/sse,1.000000,0.000000,0,0,0,0,0,0,0,0,0,0,0,45,0,2,2.8677505234049425,1.7996043898165226,11.536963284015656,0.0
1791184966,8,POST,/api/playground/conversations/{conversation_id}/chat/{chat_id}/attachment,1.100000,0.000000,0,0,0,0,0,0,0,0,0,0,0,53,0,89,99.22752965171382,75.6851271726191,204.9606810323894,26.0
1791184966,8,TXN,multimodal_e2e,1.100000,0.100000,0,0,0,0,0,0,0,0,0,0,0,47,2,420.0,11073.998952512333,0.8673369884490967,60278.45247276127,19.319148936170212
1791184966,8,,Aggregated,4.300000,0.200000,0,0,0,0,0,0,0,0,0,0,0,200,4,24,2632.4166297144257,0.7527689449489117,60278.45247276127,21.5
1791184967,8,POST,/api/playground/conversations,1.100000,0.100000,0,0,0,0,0,0,0,0,0,0,0,55,2,7,11.223042358390309,0.7527689449489117,104.4145836494863,36.61818181818182
1791184967,8,POST,/api/playground/conversations/{conversation_id}/chat/sse,1.000000,0.000000,0,0,0,0,0,0,0,0,0,0,0,45,0,2,2.8677505234049425,1.7996043898165226,11.536963284015656,0.0
1791184967,8,POST,/api/playground/conversations/{conversation_id}/chat/{chat_id}/attachment,1.100000,0.000000,0,0,0,0,0,0,0,0,0,0,0,53,0,89,99.22752965171382,75.6851271726191,204.9606810323894,26.0
1791184967,8,TXN,multimodal_e2e,1.100000,0.100000,0,0,0,0,0,0,0,0,0,0,0,47,2,420.0,11073.998952512333,0.8673369884490967,60278.45247276127,19.319148936170212
1791184967,8,,Aggregated,4.300000,0.200000,0,0,0,0,0,0,0,0,0,0,0,200,4,24,2632.4166297144257,0.7527689449489117,60278.45247276127,21.5
1791184968,8,POST,/api/playground/conversations,1.100000,0.100000,0,0,0,0,0,0,0,0,0,0,0,55,2,7,11.223042358390309,0.7527689449489117,104.4145836494863,36.61818181818182
1791184968,8,POST,/api/playground/conversations/{conversation_id}/chat/sse,1.000000,0.000000,0,0,0,0,0,0,0,0,0,0,0,45,0,2,2.8677505234049425,1.7996043898165226,11.536963284015656,0.0
1791184968,8,POST,/api/playground/conversations/{conversation_id}/chat/{chat_id}/attachment,1.100000,0.000000,0,0,0,0,0,0,0,0,0,0,0,53,0,89,99.22752965171382,75.6851271726191,204.9606810323894,26.0
1791184968,8,TXN,multimodal_e2e,1.100000,0.100000,0,0,0,0,0,0,0,0,0,0,0,47,2,420.0,11073.998952512333,0.8673369884490967,60278.45247276127,19.319148936170212
1791184968,8,,Aggregated,4.300000,0.200000,0,0,0,0,0,0,0,0,0,0,0,200,4,24,2632.4166297144257,0.7527689449489117,60278.45247276127,21.5
1791184969,8,POST,/api/playground/conversations,1.100000,0.100000,0,0,0,0,0,0,0,0,0,0,0,55,2,7,11.223042358390309,0.7527689449489117,104.4145836494863,36.61818181818182
1791184969,8,POST,/api/playground/conversations/{conversation_id}/chat/sse,1.000000,0.000000,0,0,0,0,0,0,0,0,0,0,0,45,0,2,2.8677505234049425,1.7996043898165226,11.536963284015656,0.0
1791184969,8,POST,/api/playground/conversations/{conversation_id}/chat/{chat_id}/attachment,1.100000,0.000000,0,0,0,0,0,0,0,0,0,0,0,53,0,89,99.22752965171382,75.6851271726191,204.9606810323894,26.0
1791184969,8,TXN,multimodal_e2e,1.100000,0.100000,0,0,0,0,0,0,0,0,0,0,0,47,2,420.0,11073.998952512333,0.8673369884490967,60278.45247276127,19.319148936170212
1791184969,8,,Aggregated,4.300000,0.200000,0,0,0,0,0,0,0,0,0,0,0,200,4,24,2632.4166297144257,0.7527689449489117,60278.45247276127,21.5
1791184970,8,POST,/api/playground/conversations,1.100000,0.100000,0,0,0,0,0,0,0,0,0,0,0,55,2,7,11.223042358390309,0.7527689449489117,104.4145836494863,36.61818181818182
1791184970,8,POST,/api/playground/conversations/{conversation_id}/chat/sse,1.000000,0.000000,0,0,0,0,0,0,0,0,0,0,0,45,0,2,2.8677505234049425,1.7996043898165226,11.536963284015656,0.0
1791184970,8,POST,/api/playground/conversations/{conversation_id}/chat/{chat_id}/attachment,1.100000,0.000000,0,0,0,0,0,0,0,0,0,0,0,53,0,89,99.22752965171382,75.6851271726191,204.9606810323894,26.0
1791184970,8,TXN,multimodal_e2e,1.100000,0.100000,0,0,0,0,0,0,0,0,0,0,0,47,2,420.0,11073.998952512333,0.8673369884490967,60278.45247276127,19.319148936170212
1791184970,8,,Aggregated,4.300000,0.200000,0,0,0,0,0,0,0,0,0,0,0,200,4,24,2632.4166297144257,0.7527689449489117,60278.45247276127,21.5
1791184971,8,POST,/api/playground/conversations,1.100000,0.100000,0,0,0,0,0,0,0,0,0,0,0,55,2,7,11.223042358390309,0.7527689449489117,104.4145836494863,36.61818181818182
1791184971,8,POST,/api/playground/conversations/{conversation_id}/chat/sse,1.000000,0.000000,0,0,0,0,0,0,0,0,0,0,0,45,0,2,2.8677505234049425,1.7996043898165226,11.536963284015656,0.0
1791184971,8,POST,/api/playground/conversations/{conversation_id}/chat/{chat_id}/attachment,1.100000,0.000000,0,0,0,0,0,0,0,0,0,0,0,53,0,89,99.22752965171382,75.6851271726191,204.9606810323894,26.0
1791184971,8,TXN,multimodal_e2e,1.100000,0.100000,0,0,0,0,0,0,0,0,0,0,0,47,2,420.0,11073.998952512333,0.8673369884490967,60278.45247276127,19.319148936170212
1791184971,8,,Aggregated,4.300000,0.200000,0,0,0,0,0,0,0,0,0,0,0,200,4,24,2632.4166297144257,0.7527689449489117,60278.45247276127,21.5
1791184972,8,POST,/api/playground/conversations,1.100000,0.100000,0,0,0,0,0,0,0,0,0,0,0,55,2,7,11.223042358390309,0.7527689449489117,104.4145836494863,36.61818181818182
1791184972,8,POST,/api/playground/conversations/{conversation_id}/chat/sse,1.000000,0.000000,0,0,0,0,0,0,0,0,0,0,0,45,0,2,2.8677505234049425,1.7996043898165226,11.536963284015656,0.0
1791184972,8,POST,/api/playground/conversations/{conversation_id}/chat/{chat_id}/attachment,1.100000,0.000000,0,0,0,0,0,0,0,0,0,0,0,53,0,89,99.22752965171382,75.6851271726191,204.9606810323894,26.0
1791184972,8,TXN,multimodal_e2e,1.100000,0.100000,0,0,0,0,0,0,0,0,0,0,0,47,2,420.0,11073.998952512333,0.8673369884490967,60278.45247276127,19.319148936170212
1791184972,8,,Aggregated,4.300000,0.200000,0,0,0,0,0,0,0,0,0,0,0,200,4,24,2632.4166297144257,0.7527689449489117,60278.45247276127,21.5
1791184973,8,POST,/api/playground/conversations,1.100000,0.100000,0,0,0,0,0,0,0,0,0,0,0,55,2,7,11.223042358390309,0.7527689449489117,104.4145836494863,36.61818181818182
1791184973,8,POST,/api/playground/conversations/{conversation_id}/chat/sse,1.000000,0.000000,0,0,0,0,0,0,0,0,0,0,0,45,0,2,2.8677505234049425,1.7996043898165226,11.536963284015656,0.0
1791184973,8,POST,/api/playground/conversations/{conversation_id}/chat/{chat_id}/attachment,1.100000,0.000000,0,0,0,0,0,0,0,0,0,0,0,53,0,89,99.22752965171382,75.6851271726191,204.9606810323894,26.0
1791184973,8,TXN,multimodal_e2e,1.100000,0.100000,0,0,0,0,0,0,0,0,0,0,0,47,2,420.0,11073.998952512333,0.8673369884490967,60278.45247276127,19.319148936170212
1791184973,8,,Aggregated,4.300000,0.200000,0,0,0,0,0,0,0,0,0,0,0,200,4,24,2632.4166297144257,0.7527689449489117,60278.45247276127,21.5
1791184974,8,POST,/api/playground/conversations,1.100000,0.100000,0,0,0,0,0,0,0,0,0,0,0,55,2,7,11.223042358390309,0.7527689449489117,104.4145836494863,36.61818181818182
1791184974,8,POST,/api/playground/conversations/{conversation_id}/chat/sse,1.000000,0.000000,0,0,0,0,0,0,0,0,0,0,0,45,0,2,2.8677505234049425,1.7996043898165226,11.536963284015656,0.0
1791184974,8,POST,/api/playground/conversations/{conversation_id}/chat/{chat_id}/attachment,1.100000,0.000000,0,0,0,0,0,0,0,0,0,0,0,53,0,89,99.22752965171382,75.6851271726191,204.9606810323894,26.0
1791184974,8,TXN,multimodal_e2e,1.100000,0.100000,0,0,0,0,0,0,0,0,0,0,0,47,2,420.0,11073.998952512333,0.8673369884490967,60278.45247276127,19.319148936170212
1791184974,8,,Aggregated,4.300000,0.200000,0,0,0,0,0,0,0,0,0,0,0,200,4,24,2632.4166297144257,0.7527689449489117,60278.45247276127,21.5
1791184975,8,POST,/api/playground/conversations,1.100000,0.100000,0,0,0,0,0,0,0,0,0,0,0,55,2,7,11.223042358390309,0.7527689449489117,104.4145836494863,36.61818181818182
1791184975,8,POST,/api/playground/conversations/{conversation_id}/chat/sse,1.000000,0.000000,0,0,0,0,0,0,0,0,0,0,0,45,0,2,2.8677505234049425,1.7996043898165226,11.536963284015656,0.0
1791184975,8,POST,/api/playground/conversations/{conversation_id}/chat/{chat_id}/attachment,1.100000,0.000000,0,0,0,0,0,0,0,0,0,0,0,53,0,89,99.22752965171382,75.6851271726191,204.9606810323894,26.0
1791184975,8,TXN,multimodal_e2e,1.100000,0.100000,0,0,0,0,0,0,0,0,0,0,0,47,2,420.0,11073.998952512333,0.8673369884490967,60278.45247276127,19.319148936170212
1791184975,8,,Aggregated,4.300000,0.200000,0,0,0,0,0,0,0,0,0,0,0,200,4,24,2632.4166297144257,0.7527689449489117,60278.45247276127,21.5
1791184976,8,POST,/api/playground/conversations,1.100000,0.100000,0,0,0,0,0,0,0,0,0,0,0,55,2,7,11.223042358390309,0.7527689449489117,104.4145836494863,36.61818181818182
1791184976,8,POST,/api/playground/conversations/{conversation_id}/chat/sse,1.000000,0.000000,0,0,0,0,0,0,0,0,0,0,0,45,0,2,2.8677505234049425,1.7996043898165226,11.536963284015656,0.0
1791184976,8,POST,/api/playground/conversations/{conversation_id}/chat/{chat_id}/attachment,1.100000,0.000000,0,0,0,0,0,0,0,0,0,0,0,53,0,89,99.22752965171382,75.6851271726191,204.9606810323894,26.0
1791184976,8,TXN,multimodal_e2e,1.100000,0.100000,0,0,0,0,0,0,0,0,0,0,0,47,2,420.0,11073.998952512333,0.8673369884490967,60278.45247276127,19.319148936170212
1791184976,8,,Aggregated,4.300000,0.200000,0,0,0,0,0,0,0,0,0,0,0,200,4,24,2632.4166297144257,0.7527689449489117,60278.45247276127,21.5
1791184977,8,POST,/api/playground/conversations,1.100000,0.100000,0,0,0,0,0,0,0,0,0,0,0,55,2,7,11.223042358390309,0.7527689449489117,104.4145836494863,36.61818181818182
1791184977,8,POST,/api/playground/conversations/{conversation_id}/chat/sse,1.000000,0.000000,0,0,0,0,0,0,0,0,0,0,0,45,0,2,2.8677505234049425,1.7996043898165226,11.536963284015656,0.0
1791184977,8,POST,/api/playground/conversations/{conversation_id}/chat/{chat_id}/attachment,1.100000,0.000000,0,0,0,0,0,0,0,0,0,0,0,53,0,89,99.22752965171382,75.6851271726191,204.9606810323894,26.0
1791184977,8,TXN,multimodal_e2e,1.100000,0.100000,0,0,0,0,0,0,0,0,0,0,0,47,2,420.0,11073.998952512333,0.8673369884490967,60278.45247276127,19.319148936170212
1791184977,8,,Aggregated,4.300000,0.200000,0,0,0,0,0,0,0,0,0,0,0,200,4,24,2632.4166297144257,0.7527689449489117,60278.45247276127,21.5
1791184978,8,POST,/api/playground/conversations,1.100000,0.100000,0,0,0,0,0,0,0,0,0,0,0,55,2,7,11.223042358390309,0.7527689449489117,104.4145836494863,36.61818181818182
1791184978,8,POST,/api/playground/conversations/{conversation_id}/chat/sse,1.000000,0.000000,0,0,0,0,0,0,0,0,0,0,0,45,0,2,2.8677505234049425,1.7996043898165226,11.536963284015656,0.0
1791184978,8,POST,/api/playground/conversations/{conversation_id}/chat/{chat_id}/attachment,1.100000,0.000000,0,0,0,0,0,0,0,0,0,0,0,53,0,89,99.22752965171382,75.6851271726191,204.9606810323894,26.0
1791184978,8,TXN,multimodal_e2e,1.100000,0.100000,0,0,0,0,0,0,0,0,0,0,0,47,2,420.0,11073.998952512333,0.8673369884490967,60278.45247276127,19.319148936170212
1791184978,8,,Aggregated,4.300000,0.200000,0,0,0,0,0,0,0,0,0,0,0,200,4,24,2632.4166297144257,0.7527689449489117,60278.45247276127,21.5
1791184979,8,POST,/api/playground/conversations,1.100000,0.100000,0,0,0,0,0,0,0,0,0,0,0,55,2,7,11.223042358390309,0.7527689449489117,104.4145836494863,36.61818181818182
1791184979,8,POST,/api/playground/conversations/{conversation_id}/chat/sse,1.000000,0.000000,0,0,0,0,0,0,0,0,0,0,0,45,0,2,2.8677505234049425,1.7996043898165226,11.536963284015656,0.0
1791184979,8,POST,/api/playground/conversations/{conversation_id}/chat/{chat_id}/attachment,1.100000,0.000000,0,0,0,0,0,0,0,0,0,0,0,53,0,89,99.22752965171382,75.6851271726191,204.9606810323894,26.0
1791184979,8,TXN,multimodal_e2e,1.100000,0.100000,0,0,0,0,0,0,0,0,0,0,0,47,2,420.0,11073.998952512333,0.8673369884490967,60278.45247276127,19.319148936170212
1791184979,8,,Aggregated,4.300000,0.200000,0,0,0,0,0,0,0,0,0,0,0,200,4,24,2632.4166297144257,0.7527689449489117,60278.45247276127,21.5
1791184980,8,POST,/api/playground/conversations,1.100000,0.100000,0,0,0,0,0,0,0,0,0,0,0,55,2,7,11.223042358390309,0.7527689449489117,104.4145836494863,36.61818181818182
1791184980,8,POST,/api/playground/conversations/{conversation_id}/chat/sse,1.000000,0.000000,0,0,0,0,0,0,0,0,0,0,0,45,0,2,2.8677505234049425,1.7996043898165226,11.536963284015656,0.0
1791184980,8,POST,/api/playground/conversations/{conversation_id}/chat/{chat_id}/attachment,1.100000,0.000000,0,0,0,0,0,0,0,0,0,0,0,53,0,89,99.22752965171382,75.6851271726191,204.9606810323894,26.0
1791184980,8,TXN,multimodal_e2e,1.100000,0.100000,0,0,0,0,0,0,0,0,0,0,0,47,2,420.0,11073.998952512333,0.8673369884490967,60278.45247276127,19.319148936170212
1791184980,8,,Aggregated,4.300000,0.200000,0,0,0,0,0,0,0,0,0,0,0,200,4,24,2632.4166297144257,0.7527689449489117,60278.45247276127,21.5
1791184981,8,POST,/api/playground/conversations,1.100000,0.100000,0,0,0,0,0,0,0,0,0,0,0,55,2,7,11.223042358390309,0.7527689449489117,104.4145836494863,36.61818181818182
1791184981,8,POST,/api/playground/conversations/{conversation_id}/chat/sse,1.000000,0.000000,0,0,0,0,0,0,0,0,0,0,0,45,0,2,2.8677505234049425,1.7996043898165226,11.536963284015656,0.0
1791184981,8,POST,/api/playground/conversations/{conversation_id}/chat/{chat_id}/attachment,1.100000,0.000000,0,0,0,0,0,0,0,0,0,0,0,53,0,89,99.22752965171382,75.6851271726191,204.9606810323894,26.0
1791184981,8,TXN,multimodal_e2e,1.100000,0.100000,0,0,0,0,0,0,0,0,0,0,0,47,2,420.0,11073.998952512333,0.8673369884490967,60278.45247276127,19.319148936170212
1791184981,8,,Aggregated,4.300000,0.200000,0,0,0,0,0,0,0,0,0,0,0,200,4,24,2632.4166297144257,0.7527689449489117,60278.45247276127,21.5
1791184982,8,POST,/api/playground/conversations,0.000000,0.000000,0,0,0,0,0,0,0,0,0,0,0,56,2,7,11.207111204774785,0.7527689449489117,104.4145836494863,36.642857142857146
1791184982,8,POST,/api/playground/conversations/{conversation_id}/chat/sse,0.000000,0.000000,0,0,0,0,0,0,0,0,0,0,0,46,0,2,2.8706904419738315,1.7996043898165226,11.536963284015656,0.0
1791184982,8,POST,/api/playground/conversations/{conversation_id}/chat/{chat_id}/attachment,0.000000,0.000000,0,0,0,0,0,0,0,0,0,0,0,54,0,89,99.08928065905693,75.6851271726191,204.9606810323894,26.0
1791184982,8,TXN,multimodal_e2e,0.000000,0.000000,0,0,0,0,0,0,0,0,0,0,0,48,2,420.0,12095.53891379619,0.8673369884490967,60278.45247276127,19.645833333333332
1791184982,8,,Aggregated,0.000000,0.000000,0,0,0,0,0,0,0,0,0,0,0,204,4,24,2875.962446105904,0.7527689449489117,60278.45247276127,21.563725490196077
1791184983,8,POST,/api/playground/conversations,0.000000,0.000000,6,6,10,10,10,10,10,10,10,10,10,59,2,7,10.937839099284956,0.7527689449489117,104.4145836494863,36.71186440677966
1791184983,8,POST,/api/playground/conversations/{conversation_id}/chat/sse,0.000000,0.000000,3,3,3,3,3,3,3,3,3,3,3,49,0,2,2.848591303870994,1.7996043898165226,11.536963284015656,0.0
1791184983,8,POST,/api/playground/conversations/{conversation_id}/chat/{chat_id}/attachment,0.000000,0.000000,91,91,92,92,92,92,92,92,92,92,92,57,0,89,98.51076837890504,75.6851271726191,204.9606810323894,26.0
1791184983,8,TXN,multimodal_e2e,0.000000,0.000000,60000,60000,60000,60000,60000,60000,60000,60000,60000,60000,60000,51,2,420.0,12577.419352252036,0.8673369884490967,60278.45247276127,19.784313725490197
1791184983,8,,Aggregated,0.000000,0.000000,84,91,370,370,60000,60000,60000,60000,60000,60000,60000,216,4,24,2999.298214088884,0.7527689449489117,60278.45247276127,21.560185185185187
1791184984,8,POST,/api/playground/conversations,0.000000,0.000000,7,7,7,10,16,16,16,16,16,16,16,64,3,7,10.68962716817623,0.7527689449489117,104.4145836494863,36.21875
1791184984,8,POST,/api/playground/conversations/{conversation_id}/chat/sse,0.000000,0.000000,3,3,3,3,4,4,4,4,4,4,4,53,0,2,2.8371766982775815,1.7817160114645958,11.536963284015656,0.0
1791184984,8,POST,/api/playground/conversations/{conversation_id}/chat/{chat_id}/attachment,0.000000,0.000000,92,93,98,98,120,120,120,120,120,120,120,60,0,90,98.70268829011668,75.6851271726191,204.9606810323894,26.0
1791184984,8,TXN,multimodal_e2e,0.000000,0.000000,380,410,60000,60000,60000,60000,60000,60000,60000,60000,60000,56,3,410.0,12549.763377947134,0.8673369884490967,60278.45247276127,19.517857142857142
1791184984,8,,Aggregated,0.000000,0.000000,10,92,120,380,410,60000,60000,60000,60000,60000,60000,233,6,20,3045.2507165932125,0.7527689449489117,60278.45247276127,21.334763948497855
1791184985,8,POST,/api/playground/conversations,0.100000,0.000000,7,7,9,10,16,22,22,22,22,22,22,68,3,7,10.699826265301775,0.7527689449489117,104.4145836494863,36.3235294117647
1791184985,8,POST,/api/playground/conversations/{conversation_id}/chat/sse,0.100000,0.000000,2,3,3,3,3,4,4,4,4,4,4,57,0,2,2.791491770103835,1.7817160114645958,11.536963284015656,0.0
1791184985,8,POST,/api/playground/conversations/{conversation_id}/chat/{chat_id}/attachment,0.100000,0.000000,93,95,98,98,120,160,160,160,160,160,160,65,0,90,99.27882467611478,75.6851271726191,204.9606810323894,26.0
1791184985,8,TXN,multimodal_e2e,0.100000,0.000000,410,60000,60000,60000,60000,60000,60000,60000,60000,60000,60000,60,3,420.0,13730.883297882974,0.8673369884490967,60278.45247276127,19.833333333333332
1791184985,8,,Aggregated,0.400000,0.000000,22,95,160,380,60000,60000,60000,60000,60000,60000,60000,250,6,22,3324.7712987754494,0.7527689449489117,60278.45247276127,21.4
1791184986,8,POST,/api/playground/conversations,0.400000,0.000000,7,7,9,9,16,22,22,22,22,22,22,71,3,7,10.532008503681757,0.7527689449489117,104.4145836494863,36.394366197183096
1791184986,8,POST,/api/playground/conversations/{conversation_id}/chat/sse,0.400000,0.000000,2,3,3,3,3,4,4,4,4,4,4,60,0,2,2.7852660277858377,1.7817160114645958,11.536963284015656,0.0
1791184986,8,POST,/api/playground/conversations/{conversation_id}/chat/{chat_id}/attachment,0.400000,0.000000,92,95,98,98,120,160,160,160,160,160,160,68,0,90,98.93398395712104,75.6851271726191,204.9606810323894,26.0
1791184986,8,TXN,multimodal_e2e,0.400000,0.000000,390,440,60000,60000,60000,60000,60000,60000,60000,60000,60000,63,3,410.0,13095.085109473162,0.8673369884490967,60278.45247276127,19.53968253968254
1791184986,8,,Aggregated,1.600000,0.000000,22,93,160,380,410,60000,60000,60000,60000,60000,60000,262,6,22,3177.9876388218395,0.7527689449489117,60278.45247276127,21.30916030534351
1791184987,8,POST,/api/playground/conversations,1.000000,0.100000,7,7,7,9,16,22,22,22,22,22,22,72,3,7,10.479076526179496,0.7527689449489117,104.4145836494863,36.416666666666664
1791184987,8,POST,/api/playground/conversations/{conversation_id}/chat/sse,0.900000,0.000000,3,3,3,3,3,4,4,4,4,4,4,61,0,2,2.7826638953363307,1.7817160114645958,11.536963284015656,0.0
1791184987,8,POST,/api/playground/conversations/{conversation_id}/chat/{chat_id}/attachment,0.800000,0.000000,92,95,98,98,120,160,160,160,160,160,160,69,0,90,98.60498777361235,75.6851271726191,204.9606810323894,26.0
1791184987,8,TXN,multimodal_e2e,1.000000,0.100000,380,440,60000,60000,60000,60000,60000,60000,60000,60000,60000,64,3,400.0,12896.287617302733,0.8673369884490967,60278.45247276127,19.40625
1791184987,8,,Aggregated,3.700000,0.200000,22,93,160,380,410,60000,60000,60000,60000,60000,60000,266,6,22,3131.9187506438143,0.7527689449489117,60278.45247276127,21.270676691729324
1791184988,8,POST,/api/playground/conversations,1.000000,0.100000,7,7,7,9,16,22,22,22,22,22,22,72,3,7,10.479076526179496,0.7527689449489117,104.4145836494863,36.416666666666664
1791184988,8,POST,/api/playground/conversations/{conversation_id}/chat/sse,0.900000,0.000000,3,3,3,3,3,4,4,4,4,4,4,61,0,2,2.7826638953363307,1.7817160114645958,11.536963284015656,0.0
1791184988,8,POST,/api/playground/conversations/{conversation_id}/chat/{chat_id}/attachment,0.800000,0.000000,92,95,98,98,120,160,160,160,160,160,160,69,0,90,98.60498777361235,75.6851271726191,204.9606810323894,26.0
1791184988,8,TXN,multimodal_e2e,1.000000,0.100000,380,440,60000,60000,60000,60000,60000,60000,60000,60000,60000,64,3,400.0,12896.287617302733,0.8673369884490967,60278.45247276127,19.40625
1791184988,8,,Aggregated,3.700000,0.200000,22,93,160,380,410,60000,60000,60000,60000,60000,60000,266,6,22,3131.9187506438143,0.7527689449489117,60278.45247276127,21.270676691729324
1791184989,8,POST,/api/playground/conversations,1.000000,0.100000,7,7,7,9,16,22,22,22,22,22,22,72,3,7,10.479076526179496,0.7527689449489117,104.4145836494863,36.416666666666664
1791184989,8,POST,/api/playground/conversations/{conversation_id}/chat/sse,0.900000,0.000000,3,3,3,3,3,4,4,4,4,4,4,61,0,2,2.7826638953363307,1.7817160114645958,11.536963284015656,0.0
1791184989,8,POST,/api/playground/conversations/{conversation_id}/chat/{chat_id}/attachment,0.800000,0.000000,92,95,98,98,120,160,160,160,160,160,160,69,0,90,98.60498777361235,75.6851271726191,204.9606810323894,26.0
1791184989,8,TXN,multimodal_e2e,1.000000,0.100000,380,440,60000,60000,60000,60000,60000,60000,60000,60000,60000,64,3,400.0,12896.287617302733,0.8673369884490967,60278.45247276127,19.40625
1791184989,8,,Aggregated,3.700000,0.200000,22,93,160,380,410,60000,60000,60000,60000,60000,60000,266,6,22,3131.9187506438143,0.7527689449489117,60278.45247276127,21.270676691729324
1791184990,8,POST,/api/playground/conversations,1.000000,0.100000,7,7,7,9,16,22,22,22,22,22,22,72,3,7,10.479076526179496,0.7527689449489117,104.4145836494863,36.416666666666664
1791184990,8,POST,/api/playground/conversations/{conversation_id}/chat/sse,0.900000,0.000000,3,3,3,3,3,4,4,4,4,4,4,61,0,2,2.7826638953363307,1.7817160114645958,11.536963284015656,0.0
1791184990,8,POST,/api/playground/conversations/{conversation_id}/chat/{chat_id}/attachment,0.800000,0.000000,92,95,98,98,120,160,160,160,160,160,160,69,0,90,98.60498777361235,75.6851271726191,204.9606810323894,26.0
1791184990,8,TXN,multimodal_e2e,1.000000,0.100000,380,440,60000,60000,60000,60000,60000,60000,60000,60000,60000,64,3,400.0,12896.287617302733,0.8673369884490967,60278.45247276127,19.40625
1791184990,8,,Aggregated,3.700000,0.200000,22,93,160,380,410,60000,60000,60000,60000,60000,60000,266,6,22,3131.9187506438143,0.7527689449489117,60278.45247276127,21.270676691729324
1791184991,8,POST,/api/playground/conversations,1.000000,0.100000,7,7,7,9,16,22,22,22,22,22,22,72,3,7,10.479076526179496,0.7527689449489117,104.4145836494863,36.416666666666664
1791184991,8,POST,/api/playground/conversations/{conversation_id}/chat/sse,0.900000,0.000000,3,3,3,3,3,4,4,4,4,4,4,61,0,2,2.7826638953363307,1.7817160114645958,11.536963284015656,0.0
1791184991,8,POST,/api/playground/conversations/{conversation_id}/chat/{chat_id}/attachment,0.800000,0.000000,92,95,98,98,120,160,160,160,160,160,160,69,0,90,98.60498777361235,75.6851271726191,204.9606810323894,26.0
1791184991,8,TXN,multimodal_e2e,1.000000,0.100000,380,440,60000,60000,60000,60000,60000,60000,60000,60000,60000,64,3,400.0,12896.287617302733,0.8673369884490967,60278.45247276127,19.40625
1791184991,8,,Aggregated,3.700000,0.200000,22,93,160,380,410,60000,60000,60000,60000,60000,60000,266,6,22,3131.9187506438143,0.7527689449489117,60278.45247276127,21.270676691729324
1791184992,8,POST,/api/playground/conversations,1.000000,0.100000,7,7,7,7,16,22,22,22,22,22,22,72,3,7,10.479076526179496,0.7527689449489117,104.4145836494863,36.416666666666664
1791184992,8,POST,/api/playground/conversations/{conversation_id}/chat/sse,0.900000,0.000000,2,3,3,3,3,4,4,4,4,4,4,61,0,2,2.7826638953363307,1.7817160114645958,11.536963284015656,0.0
1791184992,8,POST,/api/playground/conversations/{conversation_id}/chat/{chat_id}/attachment,0.800000,0.000000,92,95,98,98,120,160,160,160,160,160,160,69,0,90,98.60498777361235,75.6851271726191,204.9606810323894,26.0
1791184992,8,TXN,multimodal_e2e,1.000000,0.100000,380,410,60000,60000,60000,60000,60000,60000,60000,60000,60000,64,3,400.0,12896.287617302733,0.8673369884490967,60278.45247276127,19.40625
1791184992,8,,Aggregated,3.700000,0.200000,22,93,160,380,390,60000,60000,60000,60000,60000,60000,266,6,22,3131.9187506438143,0.7527689449489117,60278.45247276127,21.270676691729324
1791184993,8,POST,/api/playground/conversations,1.000000,0.100000,7,7,7,9,16,22,22,22,22,22,22,72,3,7,10.479076526179496,0.7527689449489117,104.4145836494863,36.416666666666664
1791184993,8,POST,/api/playground/conversations/{conversation_id}/chat/sse,0.900000,0.000000,3,3,3,3,3,4,4,4,4,4,4,61,0,2,2.7826638953363307,1.7817160114645958,11.536963284015656,0.0
1791184993,8,POST,/api/playground/conversations/{conversation_id}/chat/{chat_id}/attachment,0.800000,0.000000,95,95,98,98,120,160,160,160,160,160,160,69,0,90,98.60498777361235,75.6851271726191,204.9606810323894,26.0
1791184993,8,TXN,multimodal_e2e,1.000000,0.100000,380,410,440,60000,60000,60000,60000,60000,60000,60000,60000,64,3,400.0,12896.287617302733,0.8673369884490967,60278.45247276127,19.40625
1791184993,8,,Aggregated,3.700000,0.200000,22,95,160,380,410,60000,60000,60000,60000,60000,60000,266,6,22,3131.9187506438143,0.7527689449489117,60278.45247276127,21.270676691729324
1791184994,8,POST,/api/playground/conversations,1.700000,0.100000,7,7,8,9,11,11,11,11,11,11,11,75,3,7,10.41251441463828,0.7527689449489117,104.4145836494863,36.48
1791184994,8,POST,/api/playground/conversations/{conversation_id}/chat/sse,1.600000,0.000000,3,3,3,3,5,5,5,5,5,5,5,64,0,2,2.8387857310008258,1.7817160114645958,11.536963284015656,0.0
1791184994,8,POST,/api/playground/conversations/{conversation_id}/chat/{chat_id}/attachment,1.600000,0.000000,92,95,95,98,110,110,110,110,110,110,110,71,0,90,98.42328798734177,75.6851271726191,204.9606810323894,26.0
1791184994,8,TXN,multimodal_e2e,1.700000,0.100000,390,420,440,60000,60000,60000,60000,60000,60000,60000,60000,67,3,410.0,13229.042039127715,0.8673369884490967,60278.45247276127,19.597014925373134
1791184994,8,,Aggregated,6.600000,0.200000,76,95,370,380,420,60000,60000,60000,60000,60000,60000,277,6,22,3228.5071874965347,0.7527689449489117,60278.45247276127,21.28158844765343
1791184995,8,POST,/api/playground/conversations,1.600000,0.100000,7,8,9,9,11,11,11,11,11,11,11,77,3,7,10.348370105221674,0.7527689449489117,104.4145836494863,36.51948051948052
1791184995,8,POST,/api/playground/conversations/{conversation_id}/chat/sse,1.500000,0.000000,3,3,4,4,5,5,5,5,5,5,5,66,0,2,2.843358518668648,1.7817160114645958,11.536963284015656,0.0
1791184995,8,POST,/api/playground/conversations/{conversation_id}/chat/{chat_id}/attachment,1.500000,0.000000,92,93,95,95,110,110,110,110,110,110,110,74,0,90,98.19719343244829,75.6851271726191,204.9606810323894,26.0
1791184995,8,TXN,multimodal_e2e,1.600000,0.100000,380,420,60000,60000,60000,60000,60000,60000,60000,60000,60000,69,3,410.0,13723.177567124367,0.8673369884490967,60278.45247276127,19.695652173913043
1791184995,8,,Aggregated,6.200000,0.200000,76,93,110,370,380,60000,60000,60000,60000,60000,60000,286,6,22,3339.6864706500583,0.7527689449489117,60278.45247276127,21.31118881118881
1791184996,8,POST,/api/playground/conversations,1.300000,0.100000,9,9,11,11,11,11,11,11,11,11,11,79,3,7,10.333385795967866,0.7527689449489117,104.4145836494863,36.55696202531646
1791184996,8,POST,/api/playground/conversations/{conversation_id}/chat/sse,1.200000,0.000000,3,3,4,4,5,5,5,5,5,5,5,68,0,2,2.8254161999725245,1.7817160114645958,11.536963284015656,0.0
1791184996,8,POST,/api/playground/conversations/{conversation_id}/chat/{chat_id}/attachment,1.200000,0.000000,94,95,100,100,110,110,110,110,110,110,110,76,0,91,98.17189048044384,75.6851271726191,204.9606810323894,26.0
1791184996,8,TXN,multimodal_e2e,1.300000,0.100000,420,60000,60000,60000,60000,60000,60000,60000,60000,60000,60000,71,3,410.0,14188.674408168545,0.8673369884490967,60278.45247276127,20.028169014084508
1791184996,8,,Aggregated,5.000000,0.200000,76,95,370,370,420,60000,60000,60000,60000,60000,60000,294,6,22,3455.3245320951023,0.7527689449489117,60278.45247276127,21.38095238095238
1791184997,8,POST,/api/playground/conversations,1.000000,0.000000,8,9,9,11,11,11,11,11,11,11,11,81,3,7,10.23767850028328,0.7527689449489117,104.4145836494863,36.592592592592595
1791184997,8,POST,/api/playground/conversations/{conversation_id}/chat/sse,1.000000,0.000000,3,3,3,4,5,5,5,5,5,5,5,70,0,2,2.8104286308267286,1.7817160114645958,11.536963284015656,0.0
1791184997,8,POST,/api/playground/conversations/{conversation_id}/chat/{chat_id}/attachment,1.100000,0.000000,93,94,95,100,110,110,110,110,110,110,110,78,0,90,97.42375595781665,50.359142012894154,204.9606810323894,26.0
1791184997,8,TXN,multimodal_e2e,1.000000,0.000000,400,420,60000,60000,60000,60000,60000,60000,60000,60000,60000,73,3,400.0,13810.388533609013,0.8673369884490967,60278.45247276127,19.972602739726028
1791184997,8,,Aggregated,4.100000,0.000000,50,94,370,370,420,60000,60000,60000,60000,60000,60000,302,6,22,3366.832443314068,0.7527689449489117,60278.45247276127,21.357615894039736
1791184998,8,POST,/api/playground/conversations,1.000000,0.000000,8,9,9,11,11,11,11,11,11,11,11,81,3,7,10.23767850028328,0.7527689449489117,104.4145836494863,36.592592592592595
1791184998,8,POST,/api/playground/conversations/{conversation_id}/chat/sse,1.000000,0.000000,3,3,3,4,5,5,5,5,5,5,5,70,0,2,2.8104286308267286,1.7817160114645958,11.536963284015656,0.0
1791184998,8,POST,/api/playground/conversations/{conversation_id}/chat/{chat_id}/attachment,1.100000,0.000000,93,94,95,100,110,110,110,110,110,110,110,78,0,90,97.42375595781665,50.359142012894154,204.9606810323894,26.0
1791184998,8,TXN,multimodal_e2e,1.000000,0.000000,400,420,60000,60000,60000,60000,60000,60000,60000,60000,60000,73,3,400.0,13810.388533609013,0.8673369884490967,60278.45247276127,19.972602739726028
1791184998,8,,Aggregated,4.100000,0.000000,50,94,370,370,420,60000,60000,60000,60000,60000,60000,302,6,22,3366.832443314068,0.7527689449489117,60278.45247276127,21.357615894039736
1791184999,8,POST,/api/playground/conversations,1.000000,0.000000,8,9,9,11,11,11,11,11,11,11,11,81,3,7,10.23767850028328,0.7527689449489117,104.4145836494863,36.592592592592595
1791184999,8,POST,/api/playground/conversations/{conversation_id}/chat/sse,1.000000,0.000000,3,3,3,4,5,5,5,5,5,5,5,70,0,2,2.8104286308267286,1.7817160114645958,11.536963284015656,0.0
1791184999,8,POST,/api/playground/conversations/{conversation_id}/chat/{chat_id}/attachment,1.100000,0.000000,93,94,95,100,110,110,110,110,110,110,110,78,0,90,97.42375595781665,50.359142012894154,204.9606810323894,26.0
1791184999,8,TXN,multimodal_e2e,1.000000,0.000000,400,420,60000,60000,60000,60000,60000,60000,60000,60000,60000,73,3,400.0,13810.388533609013,0.8673369884490967,60278.45247276127,19.972602739726028
1791184999,8,,Aggregated,4.100000,0.000000,50,94,370,370,420,60000,60000,60000,60000,60000,60000,302,6,22,3366.832443314068,0.7527689449489117,60278.45247276127,21.357615894039736
1791185000,8,POST,/api/playground/conversations,1.000000,0.000000,8,9,9,11,11,11,11,11,11,11,11,81,3,7,10.23767850028328,0.7527689449489117,104.4145836494863,36.592592592592595
1791185000,8,POST,/api/playground/conversations/{conversation_id}/chat/sse,1.000000,0.000000,2,3,3,4,5,5,5,5,5,5,5,70,0,2,2.8104286308267286,1.7817160114645958,11.536963284015656,0.0
1791185000,8,POST,/api/playground/conversations/{conversation_id}/chat/{chat_id}/attachment,1.100000,0.000000,93,94,95,100,110,110,110,110,110,110,110,78,0,90,97.42375595781665,50.359142012894154,204.9606810323894,26.0
1791185000,8,TXN,multimodal_e2e,1.000000,0.000000,400,420,60000,60000,60000,60000,60000,60000,60000,60000,60000,73,3,400.0,13810.388533609013,0.8673369884490967,60278.45247276127,19.972602739726028
1791185000,8,,Aggregated,4.100000,0.000000,50,94,370,370,420,60000,60000,60000,60000,60000,60000,302,6,22,3366.832443314068,0.7527689449489117,60278.45247276127,21.357615894039736
1791185001,8,POST,/api/playground/conversations,1.000000,0.000000,8,9,9,11,11,11,11,11,11,11,11,81,3,7,10.23767850028328,0.7527689449489117,104.4145836494863,36.592592592592595
1791185001,8,POST,/api/playground/conversations/{conversation_id}/chat/sse,1.000000,0.000000,2,3,3,4,5,5,5,5,5,5,5,70,0,2,2.8104286308267286,1.7817160114645958,11.536963284015656,0.0
1791185001,8,POST,/api/playground/conversations/{conversation_id}/chat/{chat_id}/attachment,1.100000,0.000000,93,94,95,100,110,110,110,110,110,110,110,78,0,90,97.42375595781665,50.359142012894154,204.9606810323894,26.0
1791185001,8,TXN,multimodal_e2e,1.000000,0.000000,400,420,60000,60000,60000,60000,60000,60000,60000,60000,60000,73,3,400.0,13810.388533609013,0.8673369884490967,60278.45247276127,19.972602739726028
1791185001,8,,Aggregated,4.100000,0.000000,50,94,370,370,420,60000,60000,60000,60000,60000,60000,302,6,22,3366.832443314068,0.7527689449489117,60278.45247276127,21.357615894039736
1791185002,8,POST,/api/playground/conversations,1.000000,0.000000,8,9,9,11,11,11,11,11,11,11,11,81,3,7,10.23767850028328,0.7527689449489117,104.4145836494863,36.592592592592595
1791185002,8,POST,/api/playground/conversations/{conversation_id}/chat/sse,1.000000,0.000000,2,3,3,4,5,5,5,5,5,5,5,70,0,2,2.8104286308267286,1.7817160114645958,11.536963284015656,0.0
1791185002,8,POST,/api/playground/conversations/{conversation_id}/chat/{chat_id}/attachment,1.100000,0.000000,93,94,95,100,110,110,110,110,110,110,110,78,0,90,97.42375595781665,50.359142012894154,204.9606810323894,26.0
1791185002,8,TXN,multimodal_e2e,1.000000,0.000000,400,420,60000,60000,60000,60000,60000,60000,60000,60000,60000,73,3,400.0,13810.388533609013,0.8673369884490967,60278.45247276127,19.972602739726028
1791185002,8,,Aggregated,4.100000,0.000000,50,94,370,370,420,60000,60000,60000,60000,60000,60000,302,6,22,3366.832443314068,0.7527689449489117,60278.45247276127,21.357615894039736
1791185003,8,POST,/api/playground/conversations,1.000000,0.000000,8,9,9,11,11,11,11,11,11,11,11,81,3,7,10.23767850028328,0.7527689449489117,104.4145836494863,36.592592592592595
1791185003,8,POST,/api/playground/conversations/{conversation_id}/chat/sse,1.000000,0.000000,2,3,3,4,5,5,5,5,5,5,5,70,0,2,2.8104286308267286,1.7817160114645958,11.536963284015656,0.0
1791185003,8,POST,/api/playground/conversations/{conversation_id}/chat/{chat_id}/attachment,1.100000,0.000000,93,94,95,100,110,110,110,110,110,110,110,78,0,90,97.42375595781665,50.359142012894154,204.9606810323894,26.0
1791185003,8,TXN,multimodal_e2e,1.000000,0.000000,400,420,60000,60000,60000,60000,60000,60000,60000,60000,60000,73,3,400.0,13810.388533609013,0.8673369884490967,60278.45247276127,19.972602739726028
1791185003,8,,Aggregated,4.100000,0.000000,50,94,370,370,420,60000,60000,60000,60000,60000,60000,302,6,22,3366.832443314068,0.7527689449489117,60278.45247276127,21.357615894039736
1791185004,8,POST,/api/playground/conversations,1.000000,0.000000,9,9,9,9,11,11,11,11,11,11,11,81,3,7,10.23767850028328,0.7527689449489117,104.4145836494863,36.592592592592595
1791185004,8,POST,/api/playground/conversations/{conversation_id}/chat/sse,1.000000,0.000000,2,2,2,2,4,4,4,4,4,4,4,70,0,2,2.8104286308267286,1.7817160114645958,11.536963284015656,0.0
1791185004,8,POST,/api/playground/conversations/{conversation_id}/chat/{chat_id}/attachment,1.100000,0.000000,93,93,94,94,100,100,100,100,100,100,100,78,0,90,97.42375595781665,50.359142012894154,204.9606810323894,26.0
1791185004,8,TXN,multimodal_e2e,1.000000,0.000000,400,400,60000,60000,60000,60000,60000,60000,60000,60000,60000,73,3,400.0,13810.388533609013,0.8673369884490967,60278.45247276127,19.972602739726028
1791185004,8,,Aggregated,4.100000,0.000000,50,93,370,380,400,60000,60000,60000,60000,60000,60000,302,6,22,3366.832443314068,0.7527689449489117,60278.45247276127,21.357615894039736
1791185005,8,POST,/api/playground/conversations,1.000000,0.000000,7,7,9,9,9,9,9,9,9,9,9,81,3,7,10.23767850028328,0.7527689449489117,104.4145836494863,36.592592592592595
1791185005,8,POST,/api/playground/conversations/{conversation_id}/chat/sse,1.000000,0.000000,2,2,2,2,2,2,2,2,2,2,2,70,0,2,2.8104286308267286,1.7817160114645958,11.536963284015656,0.0
1791185005,8,POST,/api/playground/conversations/{conversation_id}/chat/{chat_id}/attachment,1.100000,0.000000,94,94,100,100,100,100,100,100,100,100,100,78,0,90,97.42375595781665,50.359142012894154,204.9606810323894,26.0
1791185005,8,TXN,multimodal_e2e,1.000000,0.000000,400,400,60000,60000,60000,60000,60000,60000,60000,60000,60000,73,3,400.0,13810.388533609013,0.8673369884490967,60278.45247276127,19.972602739726028
1791185005,8,,Aggregated,4.100000,0.000000,50,94,100,370,400,60000,60000,60000,60000,60000,60000,302,6,22,3366.832443314068,0.7527689449489117,60278.45247276127,21.357615894039736
1791185006,8,POST,/api/playground/conversations,1.000000,0.000000,7,7,7,7,7,7,7,7,7,7,7,81,3,7,10.23767850028328,0.7527689449489117,104.4145836494863,36.592592592592595
1791185006,8,POST,/api/playground/conversations/{conversation_id}/chat/sse,1.000000,0.000000,2,2,2,2,2,2,2,2,2,2,2,70,0,2,2.8104286308267286,1.7817160114645958,11.536963284015656,0.0
1791185006,8,POST,/api/playground/conversations/{conversation_id}/chat/{chat_id}/attachment,1.100000,0.000000,88,88,88,88,88,88,88,88,88,88,88,78,0,90,97.42375595781665,50.359142012894154,204.9606810323894,26.0
1791185006,8,TXN,multimodal_e2e,1.000000,0.000000,400,400,400,400,400,400,400,400,400,400,400,73,3,400.0,13810.388533609013,0.8673369884490967,60278.45247276127,19.972602739726028
1791185006,8,,Aggregated,4.100000,0.000000,50,88,370,370,400,400,400,400,400,400,400,302,6,22,3366.832443314068,0.7527689449489117,60278.45247276127,21.357615894039736
1791185007,8,POST,/api/playground/conversations,1.000000,0.000000,7,7,7,7,7,7,7,7,7,7,7,81,3,7,10.23767850028328,0.7527689449489117,104.4145836494863,36.592592592592595
1791185007,8,POST,/api/playground/conversations/{conversation_id}/chat/sse,1.000000,0.000000,2,2,2,2,2,2,2,2,2,2,2,70,0,2,2.8104286308267286,1.7817160114645958,11.536963284015656,0.0
1791185007,8,POST,/api/playground/conversations/{conversation_id}/chat/{chat_id}/attachment,1.100000,0.000000,88,88,88,88,88,88,88,88,88,88,88,78,0,90,97.42375595781665,50.359142012894154,204.9606810323894,26.0
1791185007,8,TXN,multimodal_e2e,1.000000,0.000000,400,400,400,400,400,400,400,400,400,400,400,73,3,400.0,13810.388533609013,0.8673369884490967,60278.45247276127,19.972602739726028
1791185007,8,,Aggregated,4.100000,0.000000,50,88,370,370,400,400,400,400,400,400,400,302,6,22,3366.832443314068,0.7527689449489117,60278.45247276127,21.357615894039736
1791185008,8,POST,/api/playground/conversations,1.000000,0.000000,7,7,7,7,7,7,7,7,7,7,7,81,3,7,10.23767850028328,0.7527689449489117,104.4145836494863,36.592592592592595
1791185008,8,POST,/api/playground/conversations/{conversation_id}/chat/sse,1.000000,0.000000,2,2,2,2,2,2,2,2,2,2,2,70,0,2,2.8104286308267286,1.7817160114645958,11.536963284015656,0.0
1791185008,8,POST,/api/playground/conversations/{conversation_id}/chat/{chat_id}/attachment,1.100000,0.000000,88,88,88,88,88,88,88,88,88,88,88,78,0,90,97.42375595781665,50.359142012894154,204.9606810323894,26.0
1791185008,8,TXN,multimodal_e2e,1.000000,0.000000,400,400,400,400,400,400,400,400,400,400,400,73,3,400.0,13810.388533609013,0.8673369884490967,60278.45247276127,19.972602739726028
1791185008,8,,Aggregated,4.100000,0.000000,50,88,370,370,400,400,400,400,400,400,400,302,6,22,3366.832443314068,0.7527689449489117,60278.45247276127,21.357615894039736
1791185009,8,POST,/api/playground/conversations,1.000000,0.000000,7,7,7,7,7,7,7,7,7,7,7,81,3,7,10.23767850028328,0.7527689449489117,104.4145836494863,36.592592592592595
1791185009,8,POST,/api/playground/conversations/{conversation_id}/chat/sse,1.000000,0.000000,2,2,2,2,2,2,2,2,2,2,2,70,0,2,2.8104286308267286,1.7817160114645958,11.536963284015656,0.0
1791185009,8,POST,/api/playground/conversations/{conversation_id}/chat/{chat_id}/attachment,1.100000,0.000000,88,88,88,88,88,88,88,88,88,88,88,78,0,90,97.42375595781665,50.359142012894154,204.9606810323894,26.0
1791185009,8,TXN,multimodal_e2e,1.000000,0.000000,400,400,400,400,400,400,400,400,400,400,400,73,3,400.0,13810.388533609013,0.8673369884490967,60278.45247276127,19.972602739726028
1791185009,8,,Aggregated,4.100000,0.000000,50,88,370,370,400,400,400,400,400,400,400,302,6,22,3366.832443314068,0.7527689449489117,60278.45247276127,21.357615894039736
1791185010,8,POST,/api/playground/conversations,1.000000,0.000000,7,7,7,7,7,7,7,7,7,7,7,81,3,7,10.23767850028328,0.7527689449489117,104.4145836494863,36.592592592592595
1791185010,8,POST,/api/playground/conversations/{conversation_id}/chat/sse,1.000000,0.000000,2,2,2,2,2,2,2,2,2,2,2,70,0,2,2.8104286308267286,1.7817160114645958,11.536963284015656,0.0
1791185010,8,POST,/api/playground/conversations/{conversation_id}/chat/{chat_id}/attachment,1.100000,0.000000,88,88,88,88,88,88,88,88,88,88,88,78,0,90,97.42375595781665,50.359142012894154,204.9606810323894,26.0
1791185010,8,TXN,multimodal_e2e,1.000000,0.000000,400,400,400,400,400,400,400,400,400,400,400,73,3,400.0,13810.388533609013,0.8673369884490967,60278.45247276127,19.972602739726028
1791185010,8,,Aggregated,4.100000,0.000000,50,88,370,370,400,400,400,400,400,400,400,302,6,22,3366.832443314068,0.7527689449489117,60278.45247276127,21.357615894039736
1791185011,8,POST,/api/playground/conversations,1.000000,0.000000,7,7,7,7,7,7,7,7,7,7,7,81,3,7,10.23767850028328,0.7527689449489117,104.4145836494863,36.592592592592595
1791185011,8,POST,/api/playground/conversations/{conversation_id}/chat/sse,1.000000,0.000000,2,2,2,2,2,2,2,2,2,2,2,70,0,2,2.8104286308267286,1.7817160114645958,11.536963284015656,0.0
1791185011,8,POST,/api/playground/conversations/{conversation_id}/chat/{chat_id}/attachment,1.100000,0.000000,88,88,88,88,88,88,88,88,88,88,88,78,0,90,97.42375595781665,50.359142012894154,204.9606810323894,26.0
1791185011,8,TXN,multimodal_e2e,1.000000,0.000000,400,400,400,400,400,400,400,400,400,400,400,73,3,400.0,13810.388533609013,0.8673369884490967,60278.45247276127,19.972602739726028
1791185011,8,,Aggregated,4.100000,0.000000,50,88,370,370,400,400,400,400,400,400,400,302,6,22,3366.832443314068,0.7527689449489117,60278.45247276127,21.357615894039736
1791185012,8,POST,/api/playground/conversations,1.000000,0.000000,7,7,7,7,7,7,7,7,7,7,7,81,3,7,10.23767850028328,0.7527689449489117,104.4145836494863,36.592592592592595
1791185012,8,POST,/api/playground/conversations/{conversation_id}/chat/sse,1.000000,0.000000,2,2,2,2,2,2,2,2,2,2,2,70,0,2,2.8104286308267286,1.7817160114645958,11.536963284015656,0.0
1791185012,8,POST,/api/playground/conversations/{conversation_id}/chat/{chat_id}/attachment,1.100000,0.000000,88,88,88,88,88,88,88,88,88,88,88,78,0,90,97.42375595781665,50.359142012894154,204.9606810323894,26.0
1791185012,8,TXN,multimodal_e2e,1.000000,0.000000,400,400,400,400,400,400,400,400,400,400,400,73,3,400.0,13810.388533609013,0.8673369884490967,60278.45247276127,19.972602739726028
1791185012,8,,Aggregated,4.100000,0.000000,50,88,370,370,400,400,400,400,400,400,400,302,6,22,3366.832443314068,0.7527689449489117,60278.45247276127,21.357615894039736
1791185013,8,POST,/api/playground/conversations,1.000000,0.000000,7,7,7,7,7,7,7,7,7,7,7,81,3,7,10.23767850028328,0.7527689449489117,104.4145836494863,36.592592592592595
1791185013,8,POST,/api/playground/conversations/{conversation_id}/chat/sse,1.000000,0.000000,2,2,2,2,2,2,2,2,2,2,2,70,0,2,2.8104286308267286,1.7817160114645958,11.536963284015656,0.0
1791185013,8,POST,/api/playground/conversations/{conversation_id}/chat/{chat_id}/attachment,1.100000,0.000000,88,88,88,88,88,88,88,88,88,88,88,78,0,90,97.42375595781665,50.359142012894154,204.9606810323894,26.0
1791185013,8,TXN,multimodal_e2e,1.000000,0.000000,400,400,400,400,400,400,400,400,400,400,400,73,3,400.0,13810.388533609013,0.8673369884490967,60278.45247276127,19.972602739726028
1791185013,8,,Aggregated,4.100000,0.000000,50,88,370,370,400,400,400,400,400,400,400,302,6,22,3366.832443314068,0.7527689449489117,60278.45247276127,21.357615894039736
1791185014,8,POST,/api/playground/conversations,1.000000,0.000000,7,7,7,7,7,7,7,7,7,7,7,81,3,7,10.23767850028328,0.7527689449489117,104.4145836494863,36.592592592592595
1791185014,8,POST,/api/playground/conversations/{conversation_id}/chat/sse,1.000000,0.000000,2,2,2,2,2,2,2,2,2,2,2,70,0,2,2.8104286308267286,1.7817160114645958,11.536963284015656,0.0
1791185014,8,POST,/api/playground/conversations/{conversation_id}/chat/{chat_id}/attachment,1.100000,0.000000,88,88,88,88,88,88,88,88,88,88,88,78,0,90,97.42375595781665,50.359142012894154,204.9606810323894,26.0
1791185014,8,TXN,multimodal_e2e,1.000000,0.000000,400,400,400,400,400,400,400,400,400,400,400,73,3,400.0,13810.388533609013,0.8673369884490967,60278.45247276127,19.972602739726028
1791185014,8,,Aggregated,4.100000,0.000000,50,88,370,370,400,400,400,400,400,400,400,302,6,22,3366.832443314068,0.7527689449489117,60278.45247276127,21.357615894039736
1791185015,8,POST,/api/playground/conversations,1.000000,0.000000,0,0,0,0,0,0,0,0,0,0,0,81,3,7,10.23767850028328,0.7527689449489117,104.4145836494863,36.592592592592595
1791185015,8,POST,/api/playground/conversations/{conversation_id}/chat/sse,1.000000,0.000000,0,0,0,0,0,0,0,0,0,0,0,70,0,2,2.8104286308267286,1.7817160114645958,11.536963284015656,0.0
1791185015,8,POST,/api/playground/conversations/{conversation_id}/chat/{chat_id}/attachment,1.100000,0.000000,0,0,0,0,0,0,0,0,0,0,0,78,0,90,97.42375595781665,50.359142012894154,204.9606810323894,26.0
1791185015,8,TXN,multimodal_e2e,1.000000,0.000000,0,0,0,0,0,0,0,0,0,0,0,73,3,400.0,13810.388533609013,0.8673369884490967,60278.45247276127,19.972602739726028
1791185015,8,,Aggregated,4.100000,0.000000,0,0,0,0,0,0,0,0,0,0,0,302,6,22,3366.832443314068,0.7527689449489117,60278.45247276127,21.357615894039736
1791185016,8,POST,/api/playground/conversations,1.000000,0.000000,0,0,0,0,0,0,0,0,0,0,0,81,3,7,10.23767850028328,0.7527689449489117,104.4145836494863,36.592592592592595
1791185016,8,POST,/api/playground/conversations/{conversation_id}/chat/sse,1.000000,0.000000,0,0,0,0,0,0,0,0,0,0,0,70,0,2,2.8104286308267286,1.7817160114645958,11.536963284015656,0.0
1791185016,8,POST,/api/playground/conversations/{conversation_id}/chat/{chat_id}/attachment,1.100000,0.000000,0,0,0,0,0,0,0,0,0,0,0,78,0,90,97.42375595781665,50.359142012894154,204.9606810323894,26.0
1791185016,8,TXN,multimodal_e2e,1.000000,0.000000,0,0,0,0,0,0,0,0,0,0,0,73,3,400.0,13810.388533609013,0.8673369884490967,60278.45247276127,19.972602739726028
1791185016,8,,Aggregated,4.100000,0.000000,0,0,0,0,0,0,0,0,0,0,0,302,6,22,3366.832443314068,0.7527689449489117,60278.45247276127,21.357615894039736
1791185017,8,POST,/api/playground/conversations,1.000000,0.000000,0,0,0,0,0,0,0,0,0,0,0,81,3,7,10.23767850028328,0.7527689449489117,104.4145836494863,36.592592592592595
1791185017,8,POST,/api/playground/conversations/{conversation_id}/chat/sse,1.000000,0.000000,0,0,0,0,0,0,0,0,0,0,0,70,0,2,2.8104286308267286,1.7817160114645958,11.536963284015656,0.0
1791185017,8,POST,/api/playground/conversations/{conversation_id}/chat/{chat_id}/attachment,1.100000,0.000000,0,0,0,0,0,0,0,0,0,0,0,78,0,90,97.42375595781665,50.359142012894154,204.9606810323894,26.0
1791185017,8,TXN,multimodal_e2e,1.000000,0.000000,0,0,0,0,0,0,0,0,0,0,0,73,3,400.0,13810.388533609013,0.8673369884490967,60278.45247276127,19.972602739726028
1791185017,8,,Aggregated,4.100000,0.000000,0,0,0,0,0,0,0,0,0,0,0,302,6,22,3366.832443314068,0.7527689449489117,60278.45247276127,21.357615894039736
1791185018,8,POST,/api/playground/conversations,1.000000,0.000000,0,0,0,0,0,0,0,0,0,0,0,81,3,7,10.23767850028328,0.7527689449489117,104.4145836494863,36.592592592592595
1791185018,8,POST,/api/playground/conversations/{conversation_id}/chat/sse,1.000000,0.000000,0,0,0,0,0,0,0,0,0,0,0,70,0,2,2.8104286308267286,1.7817160114645958,11.536963284015656,0.0
1791185018,8,POST,/api/playground/conversations/{conversation_id}/chat/{chat_id}/attachment,1.100000,0.000000,0,0,0,0,0,0,0,0,0,0,0,78,0,90,97.42375595781665,50.359142012894154,204.9606810323894,26.0
1791185018,8,TXN,multimodal_e2e,1.000000,0.000000,0,0,0,0,0,0,0,0,0,0,0,73,3,400.0,13810.388533609013,0.8673369884490967,60278.45247276127,19.972602739726028
1791185018,8,,Aggregated,4.100000,0.000000,0,0,0,0,0,0,0,0,0,0,0,302,6,22,3366.832443314068,0.7527689449489117,60278.45247276127,21.357615894039736
1791185019,8,POST,/api/playground/conversations,1.000000,0.000000,0,0,0,0,0,0,0,0,0,0,0,81,3,7,10.23767850028328,0.7527689449489117,104.4145836494863,36.592592592592595
1791185019,8,POST,/api/playground/conversations/{conversation_id}/chat/sse,1.000000,0.000000,0,0,0,0,0,0,0,0,0,0,0,70,0,2,2.8104286308267286,1.7817160114645958,11.536963284015656,0.0
1791185019,8,POST,/api/playground/conversations/{conversation_id}/chat/{chat_id}/attachment,1.100000,0.000000,0,0,0,0,0,0,0,0,0,0,0,78,0,90,97.42375595781665,50.359142012894154,204.9606810323894,26.0
1791185019,8,TXN,multimodal_e2e,1.000000,0.000000,0,0,0,0,0,0,0,0,0,0,0,73,3,400.0,13810.388533609013,0.8673369884490967,60278.45247276127,19.972602739726028
1791185019,8,,Aggregated,4.100000,0.000000,0,0,0,0,0,0,0,0,0,0,0,302,6,22,3366.832443314068,0.7527689449489117,60278.45247276127,21.357615894039736
1791185020,8,POST,/api/playground/conversations,1.000000,0.000000,0,0,0,0,0,0,0,0,0,0,0,81,3,7,10.23767850028328,0.7527689449489117,104.4145836494863,36.592592592592595
1791185020,8,POST,/api/playground/conversations/{conversation_id}/chat/sse,1.000000,0.000000,0,0,0,0,0,0,0,0,0,0,0,70,0,2,2.8104286308267286,1.7817160114645958,11.536963284015656,0.0
1791185020,8,POST,/api/playground/conversations/{conversation_id}/chat/{chat_id}/attachment,1.100000,0.000000,0,0,0,0,0,0,0,0,0,0,0,78,0,90,97.42375595781665,50.359142012894154,204.9606810323894,26.0
1791185020,8,TXN,multimodal_e2e,1.000000,0.000000,0,0,0,0,0,0,0,0,0,0,0,73,3,400.0,13810.388533609013,0.8673369884490967,60278.45247276127,19.972602739726028
1791185020,8,,Aggregated,4.100000,0.000000,0,0,0,0,0,0,0,0,0,0,0,302,6,22,3366.832443314068,0.7527689449489117,60278.45247276127,21.357615894039736
1791185021,8,POST,/api/playground/conversations,1.000000,0.000000,0,0,0,0,0,0,0,0,0,0,0,81,3,7,10.23767850028328,0.7527689449489117,104.4145836494863,36.592592592592595
1791185021,8,POST,/api/playground/conversations/{conversation_id}/chat/sse,1.000000,0.000000,0,0,0,0,0,0,0,0,0,0,0,70,0,2,2.8104286308267286,1.7817160114645958,11.536963284015656,0.0
1791185021,8,POST,/api/playground/conversations/{conversation_id}/chat/{chat_id}/attachment,1.100000,0.000000,0,0,0,0,0,0,0,0,0,0,0,78,0,90,97.42375595781665,50.359142012894154,204.9606810323894,26.0
1791185021,8,TXN,multimodal_e2e,1.000000,0.000000,0,0,0,0,0,0,0,0,0,0,0,73,3,400.0,13810.388533609013,0.8673369884490967,60278.45247276127,19.972602739726028
1791185021,8,,Aggregated,4.100000,0.000000,0,0,0,0,0,0,0,0,0,0,0,302,6,22,3366.832443314068,0.7527689449489117,60278.45247276127,21.357615894039736
1791185022,8,POST,/api/playground/conversations,1.000000,0.000000,0,0,0,0,0,0,0,0,0,0,0,81,3,7,10.23767850028328,0.7527689449489117,104.4145836494863,36.592592592592595
1791185022,8,POST,/api/playground/conversations/{conversation_id}/chat/sse,1.000000,0.000000,0,0,0,0,0,0,0,0,0,0,0,70,0,2,2.8104286308267286,1.7817160114645958,11.536963284015656,0.0
1791185022,8,POST,/api/playground/conversations/{conversation_id}/chat/{chat_id}/attachment,1.100000,0.000000,0,0,0,0,0,0,0,0,0,0,0,78,0,90,97.42375595781665,50.359142012894154,204.9606810323894,26.0
1791185022,8,TXN,multimodal_e2e,1.000000,0.000000,0,0,0,0,0,0,0,0,0,0,0,73,3,400.0,13810.388533609013,0.8673369884490967,60278.45247276127,19.972602739726028
1791185022,8,,Aggregated,4.100000,0.000000,0,0,0,0,0,0,0,0,0,0,0,302,6,22,3366.832443314068,0.7527689449489117,60278.45247276127,21.357615894039736
1791185023,8,POST,/api/playground/conversations,1.000000,0.000000,0,0,0,0,0,0,0,0,0,0,0,81,3,7,10.23767850028328,0.7527689449489117,104.4145836494863,36.592592592592595
1791185023,8,POST,/api/playground/conversations/{conversation_id}/chat/sse,1.000000,0.000000,0,0,0,0,0,0,0,0,0,0,0,70,0,2,2.8104286308267286,1.7817160114645958,11.536963284015656,0.0
1791185023,8,POST,/api/playground/conversations/{conversation_id}/chat/{chat_id}/attachment,1.100000,0.000000,0,0,0,0,0,0,0,0,0,0,0,78,0,90,97.42375595781665,50.359142012894154,204.9606810323894,26.0
1791185023,8,TXN,multimodal_e2e,1.000000,0.000000,0,0,0,0,0,0,0,0,0,0,0,73,3,400.0,13810.388533609013,0.8673369884490967,60278.45247276127,19.972602739726028
1791185023,8,,Aggregated,4.100000,0.000000,0,0,0,0,0,0,0,0,0,0,0,302,6,22,3366.832443314068,0.7527689449489117,60278.45247276127,21.357615894039736
1791185024,8,POST,/api/playground/conversations,1.000000,0.000000,0,0,0,0,0,0,0,0,0,0,0,81,3,7,10.23767850028328,0.7527689449489117,104.4145836494863,36.592592592592595
1791185024,8,POST,/api/playground/conversations/{conversation_id}/chat/sse,1.000000,0.000000,0,0,0,0,0,0,0,0,0,0,0,70,0,2,2.8104286308267286,1.7817160114645958,11.536963284015656,0.0
1791185024,8,POST,/api/playground/conversations/{conversation_id}/chat/{chat_id}/attachment,1.100000,0.000000,0,0,0,0,0,0,0,0,0,0,0,78,0,90,97.42375595781665,50.359142012894154,204.9606810323894,26.0
1791185024,8,TXN,multimodal_e2e,1.000000,0.000000,0,0,0,0,0,0,0,0,0,0,0,73,3,400.0,13810.388533609013,0.8673369884490967,60278.45247276127,19.972602739726028
1791185024,8,,Aggregated,4.100000,0.000000,0,0,0,0,0,0,0,0,0,0,0,302,6,22,3366.832443314068,0.7527689449489117,60278.45247276127,21.357615894039736
1791185025,8,POST,/api/playground/conversations,1.000000,0.000000,0,0,0,0,0,0,0,0,0,0,0,81,3,7,10.23767850028328,0.7527689449489117,104.4145836494863,36.592592592592595
1791185025,8,POST,/api/playground/conversations/{conversation_id}/chat/sse,1.000000,0.000000,0,0,0,0,0,0,0,0,0,0,0,70,0,2,2.8104286308267286,1.7817160114645958,11.536963284015656,0.0
1791185025,8,POST,/api/playground/conversations/{conversation_id}/chat/{chat_id}/attachment,1.100000,0.000000,0,0,0,0,0,0,0,0,0,0,0,78,0,90,97.42375595781665,50.359142012894154,204.9606810323894,26.0
1791185025,8,TXN,multimodal_e2e,1.000000,0.000000,0,0,0,0,0,0,0,0,0,0,0,73,3,400.0,13810.388533609013,0.8673369884490967,60278.45247276127,19.972602739726028
1791185025,8,,Aggregated,4.100000,0.000000,0,0,0,0,0,0,0,0,0,0,0,302,6,22,3366.832443314068,0.7527689449489117,60278.45247276127,21.357615894039736
1791185026,8,POST,/api/playground/conversations,1.000000,0.000000,0,0,0,0,0,0,0,0,0,0,0,81,3,7,10.23767850028328,0.7527689449489117,104.4145836494863,36.592592592592595
1791185026,8,POST,/api/playground/conversations/{conversation_id}/chat/sse,1.000000,0.000000,0,0,0,0,0,0,0,0,0,0,0,70,0,2,2.8104286308267286,1.7817160114645958,11.536963284015656,0.0
1791185026,8,POST,/api/playground/conversations/{conversation_id}/chat/{chat_id}/attachment,1.100000,0.000000,0,0,0,0,0,0,0,0,0,0,0,78,0,90,97.42375595781665,50.359142012894154,204.9606810323894,26.0
1791185026,8,TXN,multimodal_e2e,1.000000,0.000000,0,0,0,0,0,0,0,0,0,0,0,73,3,400.0,13810.388533609013,0.8673369884490967,60278.45247276127,19.972602739726028
1791185026,8,,Aggregated,4.100000,0.000000,0,0,0,0,0,0,0,0,0,0,0,302,6,22,3366.832443314068,0.7527689449489117,60278.45247276127,21.357615894039736
1791185027,8,POST,/api/playground/conversations,1.000000,0.000000,0,0,0,0,0,0,0,0,0,0,0,81,3,7,10.23767850028328,0.7527689449489117,104.4145836494863,36.592592592592595
1791185027,8,POST,/api/playground/conversations/{conversation_id}/chat/sse,1.000000,0.000000,0,0,0,0,0,0,0,0,0,0,0,70,0,2,2.8104286308267286,1.7817160114645958,11.536963284015656,0.0
1791185027,8,POST,/api/playground/conversations/{conversation_id}/chat/{chat_id}/attachment,1.100000,0.000000,0,0,0,0,0,0,0,0,0,0,0,78,0,90,97.42375595781665,50.359142012894154,204.9606810323894,26.0
1791185027,8,TXN,multimodal_e2e,1.000000,0.000000,0,0,0,0,0,0,0,0,0,0,0,73,3,400.0,13810.388533609013,0.8673369884490967,60278.45247276127,19.972602739726028
1791185027,8,,Aggregated,4.100000,0.000000,0,0,0,0,0,0,0,0,0,0,0,302,6,22,3366.832443314068,0.7527689449489117,60278.45247276127,21.357615894039736
1791185028,8,POST,/api/playground/conversations,1.000000,0.000000,0,0,0,0,0,0,0,0,0,0,0,81,3,7,10.23767850028328,0.7527689449489117,104.4145836494863,36.592592592592595
1791185028,8,POST,/api/playground/conversations/{conversation_id}/chat/sse,1.000000,0.000000,0,0,0,0,0,0,0,0,0,0,0,70,0,2,2.8104286308267286,1.7817160114645958,11.536963284015656,0.0
1791185028,8,POST,/api/playground/conversations/{conversation_id}/chat/{chat_id}/attachment,1.100000,0.000000,0,0,0,0,0,0,0,0,0,0,0,78,0,90,97.42375595781665,50.359142012894154,204.9606810323894,26.0
1791185028,8,TXN,multimodal_e2e,1.000000,0.000000,0,0,0,0,0,0,0,0,0,0,0,73,3,400.0,13810.388533609013,0.8673369884490967,60278.45247276127,19.972602739726028
1791185028,8,,Aggregated,4.100000,0.000000,0,0,0,0,0,0,0,0,0,0,0,302,6,22,3366.832443314068,0.7527689449489117,60278.45247276127,21.357615894039736
1791185029,8,POST,/api/playground/conversations,1.000000,0.000000,0,0,0,0,0,0,0,0,0,0,0,81,3,7,10.23767850028328,0.7527689449489117,104.4145836494863,36.592592592592595
1791185029,8,POST,/api/playground/conversations/{conversation_id}/chat/sse,1.000000,0.000000,0,0,0,0,0,0,0,0,0,0,0,70,0,2,2.8104286308267286,1.7817160114645958,11.536963284015656,0.0
1791185029,8,POST,/api/playground/conversations/{conversation_id}/chat/{chat_id}/attachment,1.100000,0.000000,0,0,0,0,0,0,0,0,0,0,0,78,0,90,97.42375595781665,50.359142012894154,204.9606810323894,26.0
1791185029,8,TXN,multimodal_e2e,1.000000,0.000000,0,0,0,0,0,0,0,0,0,0,0,73,3,400.0,13810.388533609013,0.8673369884490967,60278.45247276127,19.972602739726028
1791185029,8,,Aggregated,4.100000,0.000000,0,0,0,0,0,0,0,0,0,0,0,302,6,22,3366.832443314068,0.7527689449489117,60278.45247276127,21.357615894039736
1791185030,8,POST,/api/playground/conversations,1.000000,0.000000,0,0,0,0,0,0,0,0,0,0,0,81,3,7,10.23767850028328,0.7527689449489117,104.4145836494863,36.592592592592595
1791185030,8,POST,/api/playground/conversations/{conversation_id}/chat/sse,1.000000,0.000000,0,0,0,0,0,0,0,0,0,0,0,70,0,2,2.8104286308267286,1.7817160114645958,11.536963284015656,0.0
1791185030,8,POST,/api/playground/conversations/{conversation_id}/chat/{chat_id}/attachment,1.100000,0.000000,0,0,0,0,0,0,0,0,0,0,0,78,0,90,97.42375595781665,50.359142012894154,204.9606810323894,26.0
1791185030,8,TXN,multimodal_e2e,1.000000,0.000000,0,0,0,0,0,0,0,0,0,0,0,73,3,400.0,13810.388533609013,0.8673369884490967,60278.45247276127,19.972602739726028
1791185030,8,,Aggregated,4.100000,0.000000,0,0,0,0,0,0,0,0,0,0,0,302,6,22,3366.832443314068,0.7527689449489117,60278.45247276127,21.357615894039736
1791185031,8,POST,/api/playground/conversations,1.000000,0.000000,0,0,0,0,0,0,0,0,0,0,0,81,3,7,10.23767850028328,0.7527689449489117,104.4145836494863,36.592592592592595
1791185031,8,POST,/api/playground/conversations/{conversation_id}/chat/sse,1.000000,0.000000,0,0,0,0,0,0,0,0,0,0,0,70,0,2,2.8104286308267286,1.7817160114645958,11.536963284015656,0.0
1791185031,8,POST,/api/playground/conversations/{conversation_id}/chat/{chat_id}/attachment,1.100000,0.000000,0,0,0,0,0,0,0,0,0,0,0,78,0,90,97.42375595781665,50.359142012894154,204.9606810323894,26.0
1791185031,8,TXN,multimodal_e2e,1.000000,0.000000,0,0,0,0,0,0,0,0,0,0,0,73,3,400.0,13810.388533609013,0.8673369884490967,60278.45247276127,19.972602739726028
1791185031,8,,Aggregated,4.100000,0.000000,0,0,0,0,0,0,0,0,0,0,0,302,6,22,3366.832443314068,0.7527689449489117,60278.45247276127,21.357615894039736
1791185032,8,POST,/api/playground/conversations,1.000000,0.000000,0,0,0,0,0,0,0,0,0,0,0,81,3,7,10.23767850028328,0.7527689449489117,104.4145836494863,36.592592592592595
1791185032,8,POST,/api/playground/conversations/{conversation_id}/chat/sse,1.000000,0.000000,0,0,0,0,0,0,0,0,0,0,0,70,0,2,2.8104286308267286,1.7817160114645958,11.536963284015656,0.0
1791185032,8,POST,/api/playground/conversations/{conversation_id}/chat/{chat_id}/attachment,1.100000,0.000000,0,0,0,0,0,0,0,0,0,0,0,78,0,90,97.42375595781665,50.359142012894154,204.9606810323894,26.0
1791185032,8,TXN,multimodal_e2e,1.000000,0.000000,0,0,0,0,0,0,0,0,0,0,0,73,3,400.0,13810.388533609013,0.8673369884490967,60278.45247276127,19.972602739726028
1791185032,8,,Aggregated,4.100000,0.000000,0,0,0,0,0,0,0,0,0,0,0,302,6,22,3366.832443314068,0.7527689449489117,60278.45247276127,21.357615894039736
1791185033,8,POST,/api/playground/conversations,1.000000,0.000000,0,0,0,0,0,0,0,0,0,0,0,81,3,7,10.23767850028328,0.7527689449489117,104.4145836494863,36.592592592592595
1791185033,8,POST,/api/playground/conversations/{conversation_id}/chat/sse,1.000000,0.000000,0,0,0,0,0,0,0,0,0,0,0,70,0,2,2.8104286308267286,1.7817160114645958,11.536963284015656,0.0
1791185033,8,POST,/api/playground/conversations/{conversation_id}/chat/{chat_id}/attachment,1.100000,0.000000,0,0,0,0,0,0,0,0,0,0,0,78,0,90,97.42375595781665,50.359142012894154,204.9606810323894,26.0
1791185033,8,TXN,multimodal_e2e,1.000000,0.000000,0,0,0,0,0,0,0,0,0,0,0,73,3,400.0,13810.388533609013,0.8673369884490967,60278.45247276127,19.972602739726028
1791185033,8,,Aggregated,4.100000,0.000000,0,0,0,0,0,0,0,0,0,0,0,302,6,22,3366.832443314068,0.7527689449489117,60278.45247276127,21.357615894039736
1791185034,8,POST,/api/playground/conversations,1.000000,0.000000,0,0,0,0,0,0,0,0,0,0,0,81,3,7,10.23767850028328,0.7527689449489117,104.4145836494863,36.592592592592595
1791185034,8,POST,/api/playground/conversations/{conversation_id}/chat/sse,1.000000,0.000000,0,0,0,0,0,0,0,0,0,0,0,70,0,2,2.8104286308267286,1.7817160114645958,11.536963284015656,0.0
1791185034,8,POST,/api/playground/conversations/{conversation_id}/chat/{chat_id}/attachment,1.100000,0.000000,0,0,0,0,0,0,0,0,0,0,0,78,0,90,97.42375595781665,50.359142012894154,204.9606810323894,26.0
1791185034,8,TXN,multimodal_e2e,1.000000,0.000000,0,0,0,0,0,0,0,0,0,0,0,73,3,400.0,13810.388533609013,0.8673369884490967,60278.45247276127,19.972602739726028
1791185034,8,,Aggregated,4.100000,0.000000,0,0,0,0,0,0,0,0,0,0,0,302,6,22,3366.832443314068,0.7527689449489117,60278.45247276127,21.357615894039736
1791185035,8,POST,/api/playground/conversations,1.000000,0.000000,0,0,0,0,0,0,0,0,0,0,0,81,3,7,10.23767850028328,0.7527689449489117,104.4145836494863,36.592592592592595
1791185035,8,POST,/api/playground/conversations/{conversation_id}/chat/sse,1.000000,0.000000,0,0,0,0,0,0,0,0,0,0,0,70,0,2,2.8104286308267286,1.7817160114645958,11.536963284015656,0.0
1791185035,8,POST,/api/playground/conversations/{conversation_id}/chat/{chat_id}/attachment,1.100000,0.000000,0,0,0,0,0,0,0,0,0,0,0,78,0,90,97.42375595781665,50.359142012894154,204.9606810323894,26.0
1791185035,8,TXN,multimodal_e2e,1.000000,0.000000,0,0,0,0,0,0,0,0,0,0,0,73,3,400.0,13810.388533609013,0.8673369884490967,60278.45247276127,19.972602739726028
1791185035,8,,Aggregated,4.100000,0.000000,0,0,0,0,0,0,0,0,0,0,0,302,6,22,3366.832443314068,0.7527689449489117,60278.45247276127,21.357615894039736
1791185036,8,POST,/api/playground/conversations,1.000000,0.000000,0,0,0,0,0,0,0,0,0,0,0,81,3,7,10.23767850028328,0.7527689449489117,104.4145836494863,36.592592592592595
1791185036,8,POST,/api/playground/conversations/{conversation_id}/chat/sse,1.000000,0.000000,0,0,0,0,0,0,0,0,0,0,0,70,0,2,2.8104286308267286,1.7817160114645958,11.536963284015656,0.0
1791185036,8,POST,/api/playground/conversations/{conversation_id}/chat/{chat_id}/attachment,1.100000,0.000000,0,0,0,0,0,0,0,0,0,0,0,78,0,90,97.42375595781665,50.359142012894154,204.9606810323894,26.0
1791185036,8,TXN,multimodal_e2e,1.000000,0.000000,0,0,0,0,0,0,0,0,0,0,0,73,3,400.0,13810.388533609013,0.8673369884490967,60278.45247276127,19.972602739726028
1791185036,8,,Aggregated,4.100000,0.000000,0,0,0,0,0,0,0,0,0,0,0,302,6,22,3366.832443314068,0.7527689449489117,60278.45247276127,21.357615894039736
1791185037,8,POST,/api/playground/conversations,1.000000,0.000000,0,0,0,0,0,0,0,0,0,0,0,81,3,7,10.23767850028328,0.7527689449489117,104.4145836494863,36.592592592592595
1791185037,8,POST,/api/playground/conversations/{conversation_id}/chat/sse,1.000000,0.000000,0,0,0,0,0,0,0,0,0,0,0,70,0,2,2.8104286308267286,1.7817160114645958,11.536963284015656,0.0
1791185037,8,POST,/api/playground/conversations/{conversation_id}/chat/{chat_id}/attachment,1.100000,0.000000,0,0,0,0,0,0,0,0,0,0,0,78,0,90,97.42375595781665,50.359142012894154,204.9606810323894,26.0
1791185037,8,TXN,multimodal_e2e,1.000000,0.000000,0,0,0,0,0,0,0,0,0,0,0,73,3,400.0,13810.388533609013,0.8673369884490967,60278.45247276127,19.972602739726028
1791185037,8,,Aggregated,4.100000,0.000000,0,0,0,0,0,0,0,0,0,0,0,302,6,22,3366.832443314068,0.7527689449489117,60278.45247276127,21.357615894039736
1791185038,8,POST,/api/playground/conversations,1.000000,0.000000,0,0,0,0,0,0,0,0,0,0,0,81,3,7,10.23767850028328,0.7527689449489117,104.4145836494863,36.592592592592595
1791185038,8,POST,/api/playground/conversations/{conversation_id}/chat/sse,1.000000,0.000000,0,0,0,0,0,0,0,0,0,0,0,70,0,2,2.8104286308267286,1.7817160114645958,11.536963284015656,0.0
1791185038,8,POST,/api/playground/conversations/{conversation_id}/chat/{chat_id}/attachment,1.100000,0.000000,0,0,0,0,0,0,0,0,0,0,0,78,0,90,97.42375595781665,50.359142012894154,204.9606810323894,26.0
1791185038,8,TXN,multimodal_e2e,1.000000,0.000000,0,0,0,0,0,0,0,0,0,0,0,73,3,400.0,13810.388533609013,0.8673369884490967,60278.45247276127,19.972602739726028
1791185038,8,,Aggregated,4.100000,0.000000,0,0,0,0,0,0,0,0,0,0,0,302,6,22,3366.832443314068,0.7527689449489117,60278.45247276127,21.357615894039736
1791185039,8,POST,/api/playground/conversations,1.000000,0.000000,0,0,0,0,0,0,0,0,0,0,0,81,3,7,10.23767850028328,0.7527689449489117,104.4145836494863,36.592592592592595
1791185039,8,POST,/api/playground/conversations/{conversation_id}/chat/sse,1.000000,0.000000,0,0,0,0,0,0,0,0,0,0,0,70,0,2,2.8104286308267286,1.7817160114645958,11.536963284015656,0.0
1791185039,8,POST,/api/playground/conversations/{conversation_id}/chat/{chat_id}/attachment,1.100000,0.000000,0,0,0,0,0,0,0,0,0,0,0,78,0,90,97.42375595781665,50.359142012894154,204.9606810323894,26.0
1791185039,8,TXN,multimodal_e2e,1.000000,0.000000,0,0,0,0,0,0,0,0,0,0,0,73,3,400.0,13810.388533609013,0.8673369884490967,60278.45247276127,19.972602739726028
1791185039,8,,Aggregated,4.100000,0.000000,0,0,0,0,0,0,0,0,0,0,0,302,6,22,3366.832443314068,0.7527689449489117,60278.45247276127,21.357615894039736
1791185040,8,POST,/api/playground/conversations,1.000000,0.000000,0,0,0,0,0,0,0,0,0,0,0,81,3,7,10.23767850028328,0.7527689449489117,104.4145836494863,36.592592592592595
1791185040,8,POST,/api/playground/conversations/{conversation_id}/chat/sse,1.000000,0.000000,0,0,0,0,0,0,0,0,0,0,0,70,0,2,2.8104286308267286,1.7817160114645958,11.536963284015656,0.0
1791185040,8,POST,/api/playground/conversations/{conversation_id}/chat/{chat_id}/attachment,1.100000,0.000000,0,0,0,0,0,0,0,0,0,0,0,78,0,90,97.42375595781665,50.359142012894154,204.9606810323894,26.0
1791185040,8,TXN,multimodal_e2e,1.000000,0.000000,0,0,0,0,0,0,0,0,0,0,0,73,3,400.0,13810.388533609013,0.8673369884490967,60278.45247276127,19.972602739726028
1791185040,8,,Aggregated,4.100000,0.000000,0,0,0,0,0,0,0,0,0,0,0,302,6,22,3366.832443314068,0.7527689449489117,60278.45247276127,21.357615894039736
1791185041,8,POST,/api/playground/conversations,1.000000,0.000000,0,0,0,0,0,0,0,0,0,0,0,81,3,7,10.23767850028328,0.7527689449489117,104.4145836494863,36.592592592592595
1791185041,8,POST,/api/playground/conversations/{conversation_id}/chat/sse,1.000000,0.000000,0,0,0,0,0,0,0,0,0,0,0,70,0,2,2.8104286308267286,1.7817160114645958,11.536963284015656,0.0
1791185041,8,POST,/api/playground/conversations/{conversation_id}/chat/{chat_id}/attachment,1.100000,0.000000,0,0,0,0,0,0,0,0,0,0,0,78,0,90,97.42375595781665,50.359142012894154,204.9606810323894,26.0
1791185041,8,TXN,multimodal_e2e,1.000000,0.000000,0,0,0,0,0,0,0,0,0,0,0,73,3,400.0,13810.388533609013,0.8673369884490967,60278.45247276127,19.972602739726028
1791185041,8,,Aggregated,4.100000,0.000000,0,0,0,0,0,0,0,0,0,0,0,302,6,22,3366.832443314068,0.7527689449489117,60278.45247276127,21.357615894039736
1791185042,8,POST,/api/playground/conversations,1.000000,0.000000,0,0,0,0,0,0,0,0,0,0,0,81,3,7,10.23767850028328,0.7527689449489117,104.4145836494863,36.592592592592595
1791185042,8,POST,/api/playground/conversations/{conversation_id}/chat/sse,1.000000,0.000000,0,0,0,0,0,0,0,0,0,0,0,70,0,2,2.8104286308267286,1.7817160114645958,11.536963284015656,0.0
1791185042,8,POST,/api/playground/conversations/{conversation_id}/chat/{chat_id}/attachment,1.100000,0.000000,0,0,0,0,0,0,0,0,0,0,0,78,0,90,97.42375595781665,50.359142012894154,204.9606810323894,26.0
1791185042,8,TXN,multimodal_e2e,1.000000,0.000000,0,0,0,0,0,0,0,0,0,0,0,73,3,400.0,13810.388533609013,0.8673369884490967,60278.45247276127,19.972602739726028
1791185042,8,,Aggregated,4.100000,0.000000,0,0,0,0,0,0,0,0,0,0,0,302,6,22,3366.832443314068,0.7527689449489117,60278.45247276127,21.357615894039736
1791185043,8,POST,/api/playground/conversations,0.000000,0.000000,0,0,0,0,0,0,0,0,0,0,0,83,3,7,10.195595077631703,0.7527689449489117,104.4145836494863,36.626506024096386
1791185043,8,POST,/api/playground/conversations/{conversation_id}/chat/sse,0.000000,0.000000,0,0,0,0,0,0,0,0,0,0,0,72,0,2,2.7916368756753704,1.7817160114645958,11.536963284015656,0.0
1791185043,8,POST,/api/playground/conversations/{conversation_id}/chat/{chat_id}/attachment,0.000000,0.000000,0,0,0,0,0,0,0,0,0,0,0,79,0,91,97.50041960373143,50.359142012894154,204.9606810323894,26.0
1791185043,8,TXN,multimodal_e2e,0.000000,0.000000,0,0,0,0,0,0,0,0,0,0,0,75,3,400.0,14248.927938553194,0.8673369884490967,60278.45247276127,20.053333333333335
1791185043,8,,Aggregated,0.000000,0.000000,0,0,0,0,0,0,0,0,0,0,0,309,6,22,3486.794047853322,0.7527689449489117,60278.45247276127,21.35275080906149
1791185044,8,POST,/api/playground/conversations,0.000000,0.000000,6,7,7,11,11,11,11,11,11,11,11,86,3,7,10.041985308838099,0.7527689449489117,104.4145836494863,36.674418604651166
1791185044,8,POST,/api/playground/conversations/{conversation_id}/chat/sse,0.000000,0.000000,2,2,2,4,4,4,4,4,4,4,4,75,0,2,2.79482618595163,1.7817160114645958,11.536963284015656,0.0
1791185044,8,POST,/api/playground/conversations/{conversation_id}/chat/{chat_id}/attachment,0.000000,0.000000,92,93,93,100,100,100,100,100,100,100,100,83,0,91,96.81422719507512,50.359142012894154,204.9606810323894,26.0
1791185044,8,TXN,multimodal_e2e,0.000000,0.000000,400,60000,60000,60000,60000,60000,60000,60000,60000,60000,60000,78,3,400.0,14481.98738698967,0.8673369884490967,60278.45247276127,20.115384615384617
1791185044,8,,Aggregated,0.000000,0.000000,59,93,370,390,60000,60000,60000,60000,60000,60000,60000,322,6,22,3536.3472662822733,0.7527689449489117,60278.45247276127,21.369565217391305
1791185045,8,POST,/api/playground/conversations,0.000000,0.000000,6,7,7,7,11,11,11,11,11,11,11,91,3,7,9.829700315514437,0.7527689449489117,104.4145836494863,36.747252747252745
1791185045,8,POST,/api/playground/conversations/{conversation_id}/chat/sse,0.000000,0.000000,2,2,2,4,5,5,5,5,5,5,5,80,0,2,2.786272985395044,1.7817160114645958,11.536963284015656,0.0
1791185045,8,POST,/api/playground/conversations/{conversation_id}/chat/{chat_id}/attachment,0.000000,0.000000,93,93,100,110,110,110,110,110,110,110,110,87,0,91,96.99242125297415,50.359142012894154,204.9606810323894,26.0
1791185045,8,TXN,multimodal_e2e,0.000000,0.000000,420,60000,60000,60000,60000,60000,60000,60000,60000,60000,60000,83,3,410.0,15073.136446077422,0.8673369884490967,60278.45247276127,20.289156626506024
1791185045,8,,Aggregated,0.000000,0.000000,11,93,370,390,60000,60000,60000,60000,60000,60000,60000,341,6,22,3696.8506458679713,0.7527689449489117,60278.45247276127,21.378299120234605
1791185046,8,POST,/api/playground/conversations,0.200000,0.000000,6,6,7,7,7,11,11,11,11,11,11,93,3,7,9.745218981337803,0.7527689449489117,104.4145836494863,36.774193548387096
1791185046,8,POST,/api/playground/conversations/{conversation_id}/chat/sse,0.200000,0.000000,2,2,3,3,4,5,5,5,5,5,5,82,0,2,2.7796274971035198,1.7817160114645958,11.536963284015656,0.0
1791185046,8,POST,/api/playground/conversations/{conversation_id}/chat/{chat_id}/attachment,0.100000,0.000000,93,94,100,100,110,110,110,110,110,110,110,90,0,91,96.87427589152422,50.359142012894154,204.9606810323894,26.0
1791185046,8,TXN,multimodal_e2e,0.200000,0.000000,410,420,60000,60000,60000,60000,60000,60000,60000,60000,60000,85,3,400.0,14727.559674262782,0.8673369884490967,60278.45247276127,20.188235294117646
1791185046,8,,Aggregated,0.700000,0.000000,59,94,370,390,420,60000,60000,60000,60000,60000,60000,350,6,22,3604.8442627502873,0.7527689449489117,60278.45247276127,21.36
1791185047,8,POST,/api/playground/conversations,0.500000,0.000000,6,6,7,7,7,11,11,11,11,11,11,96,3,7,9.6308026065041,0.7527689449489117,104.4145836494863,36.8125
1791185047,8,POST,/api/playground/conversations/{conversation_id}/chat/sse,0.500000,0.000000,2,2,2,3,4,5,5,5,5,5,5,85,0,2,2.758100552155691,1.7817160114645958,11.536963284015656,0.0
1791185047,8,POST,/api/playground/conversations/{conversation_id}/chat/{chat_id}/attachment,0.500000,0.000000,93,94,100,100,110,110,110,110,110,110,110,92,0,91,96.8552923447493,50.359142012894154,204.9606810323894,26.0
1791185047,8,TXN,multimodal_e2e,0.500000,0.000000,400,420,60000,60000,60000,60000,60000,60000,60000,60000,60000,88,3,400.0,14916.98192156301,0.8673369884490967,60278.45247276127,20.227272727272727
1791185047,8,,Aggregated,2.000000,0.000000,11,94,370,380,420,60000,60000,60000,60000,60000,60000,361,6,22,3664.166458699223,0.7527689449489117,60278.45247276127,21.346260387811633
1791185048,8,POST,/api/playground/conversations,1.000000,0.000000,6,6,7,7,7,11,11,11,11,11,11,96,3,7,9.6308026065041,0.7527689449489117,104.4145836494863,36.8125
1791185048,8,POST,/api/playground/conversations/{conversation_id}/chat/sse,1.000000,0.000000,2,2,2,3,4,5,5,5,5,5,5,85,0,2,2.758100552155691,1.7817160114645958,11.536963284015656,0.0
1791185048,8,POST,/api/playground/conversations/{conversation_id}/chat/{chat_id}/attachment,1.000000,0.000000,93,94,100,100,110,110,110,110,110,110,110,93,0,92,96.91513989681518,50.359142012894154,204.9606810323894,26.0
1791185048,8,TXN,multimodal_e2e,1.000000,0.000000,400,420,60000,60000,60000,60000,60000,60000,60000,60000,60000,88,3,400.0,14916.98192156301,0.8673369884490967,60278.45247276127,20.227272727272727
1791185048,8,,Aggregated,4.000000,0.000000,59,94,370,380,420,60000,60000,60000,60000,60000,60000,362,6,22,3654.327383163277,0.7527689449489117,60278.45247276127,21.359116022099446
1791185049,8,POST,/api/playground/conversations,1.000000,0.000000,6,6,7,7,7,11,11,11,11,11,11,96,3,7,9.6308026065041,0.7527689449489117,104.4145836494863,36.8125
1791185049,8,POST,/api/playground/conversations/{conversation_id}/chat/sse,1.000000,0.000000,2,2,2,3,4,5,5,5,5,5,5,85,0,2,2.758100552155691,1.7817160114645958,11.536963284015656,0.0
1791185049,8,POST,/api/playground/conversations/{conversation_id}/chat/{chat_id}/attachment,1.000000,0.000000,93,94,100,100,110,110,110,110,110,110,110,93,0,92,96.91513989681518,50.359142012894154,204.9606810323894,26.0
1791185049,8,TXN,multimodal_e2e,1.000000,0.000000,400,420,60000,60000,60000,60000,60000,60000,60000,60000,60000,88,3,400.0,14916.98192156301,0.8673369884490967,60278.45247276127,20.227272727272727
1791185049,8,,Aggregated,4.000000,0.000000,59,94,370,380,420,60000,60000,60000,60000,60000,60000,362,6,22,3654.327383163277,0.7527689449489117,60278.45247276127,21.359116022099446
1791185050,8,POST,/api/playground/conversations,1.000000,0.000000,6,6,7,7,7,11,11,11,11,11,11,96,3,7,9.6308026065041,0.7527689449489117,104.4145836494863,36.8125
1791185050,8,POST,/api/playground/conversations/{conversation_id}/chat/sse,1.000000,0.000000,2,2,2,3,4,5,5,5,5,5,5,85,0,2,2.758100552155691,1.7817160114645958,11.536963284015656,0.0
1791185050,8,POST,/api/playground/conversations/{conversation_id}/chat/{chat_id}/attachment,1.000000,0.000000,93,94,100,100,110,110,110,110,110,110,110,93,0,92,96.91513989681518,50.359142012894154,204.9606810323894,26.0
1791185050,8,TXN,multimodal_e2e,1.000000,0.000000,400,420,60000,60000,60000,60000,60000,60000,60000,60000,60000,88,3,400.0,14916.98192156301,0.8673369884490967,60278.45247276127,20.227272727272727
1791185050,8,,Aggregated,4.000000,0.000000,59,94,370,380,420,60000,60000,60000,60000,60000,60000,362,6,22,3654.327383163277,0.7527689449489117,60278.45247276127,21.359116022099446
1791185051,8,POST,/api/playground/conversations,1.000000,0.000000,6,6,7,7,7,11,11,11,11,11,11,96,3,7,9.6308026065041,0.7527689449489117,104.4145836494863,36.8125
1791185051,8,POST,/api/playground/conversations/{conversation_id}/chat/sse,1.000000,0.000000,2,2,2,3,4,5,5,5,5,5,5,85,0,2,2.758100552155691,1.7817160114645958,11.536963284015656,0.0
1791185051,8,POST,/api/playground/conversations/{conversation_id}/chat/{chat_id}/attachment,1.000000,0.000000,93,94,100,100,110,110,110,110,110,110,110,93,0,92,96.91513989681518,50.359142012894154,204.9606810323894,26.0
1791185051,8,TXN,multimodal_e2e,1.000000,0.000000,400,420,60000,60000,60000,60000,60000,60000,60000,60000,60000,88,3,400.0,14916.98192156301,0.8673369884490967,60278.45247276127,20.227272727272727
1791185051,8,,Aggregated,4.000000,0.000000,59,94,370,380,420,60000,60000,60000,60000,60000,60000,362,6,22,3654.327383163277,0.7527689449489117,60278.45247276127,21.359116022099446
1791185052,8,POST,/api/playground/conversations,1.000000,0.000000,6,6,7,7,7,11,11,11,11,11,11,96,3,7,9.6308026065041,0.7527689449489117,104.4145836494863,36.8125
1791185052,8,POST,/api/playground/conversations/{conversation_id}/chat/sse,1.000000,0.000000,2,2,2,3,4,5,5,5,5,5,5,85,0,2,2.758100552155691,1.7817160114645958,11.536963284015656,0.0
1791185052,8,POST,/api/playground/conversations/{conversation_id}/chat/{chat_id}/attachment,1.000000,0.000000,93,94,100,100,110,110,110,110,110,110,110,93,0,92,96.91513989681518,50.359142012894154,204.9606810323894,26.0
1791185052,8,TXN,multimodal_e2e,1.000000,0.000000,400,420,60000,60000,60000,60000,60000,60000,60000,60000,60000,88,3,400.0,14916.98192156301,0.8673369884490967,60278.45247276127,20.227272727272727
1791185052,8,,Aggregated,4.000000,0.000000,59,94,370,380,420,60000,60000,60000,60000,60000,60000,362,6,22,3654.327383163277,0.7527689449489117,60278.45247276127,21.359116022099446
1791185053,8,POST,/api/playground/conversations,1.000000,0.000000,6,6,7,7,7,7,7,7,7,7,7,96,3,7,9.6308026065041,0.7527689449489117,104.4145836494863,36.8125
1791185053,8,POST,/api/playground/conversations/{conversation_id}/chat/sse,1.000000,0.000000,2,2,2,3,4,5,5,5,5,5,5,85,0,2,2.758100552155691,1.7817160114645958,11.536963284015656,0.0
1791185053,8,POST,/api/playground/conversations/{conversation_id}/chat/{chat_id}/attachment,1.000000,0.000000,93,94,100,100,110,110,110,110,110,110,110,93,0,92,96.91513989681518,50.359142012894154,204.9606810323894,26.0
1791185053,8,TXN,multimodal_e2e,1.000000,0.000000,400,420,60000,60000,60000,60000,60000,60000,60000,60000,60000,88,3,400.0,14916.98192156301,0.8673369884490967,60278.45247276127,20.227272727272727
1791185053,8,,Aggregated,4.000000,0.000000,59,94,110,370,410,60000,60000,60000,60000,60000,60000,362,6,22,3654.327383163277,0.7527689449489117,60278.45247276127,21.359116022099446
1791185054,8,POST,/api/playground/conversations,1.500000,0.000000,6,7,7,7,7,10,10,10,10,10,10,97,3,7,9.632794517716489,0.7527689449489117,104.4145836494863,36.824742268041234
1791185054,8,POST,/api/playground/conversations/{conversation_id}/chat/sse,1.500000,0.000000,2,2,3,3,3,5,5,5,5,5,5,86,0,2,2.7634983958113333,1.7817160114645958,11.536963284015656,0.0
1791185054,8,POST,/api/playground/conversations/{conversation_id}/chat/{chat_id}/attachment,1.500000,0.000000,94,100,100,110,110,110,110,110,110,110,110,93,0,92,96.91513989681518,50.359142012894154,204.9606810323894,26.0
1791185054,8,TXN,multimodal_e2e,1.500000,0.000000,410,60000,60000,60000,60000,60000,60000,60000,60000,60000,60000,89,3,400.0,15425.043932183155,0.8673369884490967,60278.45247276127,20.48314606741573
1791185054,8,,Aggregated,6.000000,0.000000,10,100,370,380,420,60000,60000,60000,60000,60000,60000,365,6,22,3789.0796161779804,0.7527689449489117,60278.45247276127,21.405479452054795
1791185055,8,POST,/api/playground/conversations,1.500000,0.000000,6,6,7,7,10,10,10,10,10,10,10,99,3,7,9.545131266643905,0.7527689449489117,104.4145836494863,36.84848484848485
1791185055,8,POST,/api/playground/conversations/{conversation_id}/chat/sse,1.500000,0.000000,2,2,3,3,3,3,3,3,3,3,3,88,0,2,2.7461556442589923,1.7817160114645958,11.536963284015656,0.0
1791185055,8,POST,/api/playground/conversations/{conversation_id}/chat/{chat_id}/attachment,1.500000,0.000000,93,94,100,100,100,100,100,100,100,100,100,96,0,91,96.66038535457726,50.359142012894154,204.9606810323894,26.0
1791185055,8,TXN,multimodal_e2e,1.500000,0.000000,380,400,60000,60000,60000,60000,60000,60000,60000,60000,60000,91,3,400.0,15094.183668028563,0.8673369884490967,60278.45247276127,20.36263736263736
1791185055,8,,Aggregated,6.000000,0.000000,83,94,370,370,380,60000,60000,60000,60000,60000,60000,374,6,22,3700.632995927089,0.7527689449489117,60278.45247276127,21.38235294117647
1791185056,8,POST,/api/playground/conversations,1.300000,0.000000,5,6,7,8,10,10,10,10,10,10,10,103,4,7,9.3594704103629,0.7527689449489117,104.4145836494863,36.52427184466019
1791185056,8,POST,/api/playground/conversations/{conversation_id}/chat/sse,1.300000,0.000000,2,2,2,3,4,4,4,4,4,4,4,91,0,2,2.743068279104901,1.7817160114645958,11.536963284015656,0.0
1791185056,8,POST,/api/playground/conversations/{conversation_id}/chat/{chat_id}/attachment,1.400000,0.000000,92,93,100,100,100,100,100,100,100,100,100,98,0,91,96.14827822209621,50.359142012894154,204.9606810323894,26.0
1791185056,8,TXN,multimodal_e2e,1.300000,0.000000,380,450,60000,60000,60000,60000,60000,60000,60000,60000,60000,95,4,400.0,15100.435604973647,0.8673369884490967,60278.45247276127,20.294736842105262
1791185056,8,,Aggregated,5.300000,0.000000,8,92,100,370,450,60000,60000,60000,60000,60000,60000,387,8,20,3734.308936444258,0.7527689449489117,60278.45247276127,21.286821705426355
1791185057,8,POST,/api/playground/conversations,1.100000,0.000000,5,6,8,8,8,10,10,10,10,10,10,105,4,7,9.307418803551368,0.7527689449489117,104.4145836494863,36.55238095238095
1791185057,8,POST,/api/playground/conversations/{conversation_id}/chat/sse,1.100000,0.000000,2,2,2,2,3,4,4,4,4,4,4,93,0,2,2.7261690276684942,1.7817160114645958,11.536963284015656,0.0
1791185057,8,POST,/api/playground/conversations/{conversation_id}/chat/{chat_id}/attachment,1.000000,0.000000,92,93,94,94,100,100,100,100,100,100,100,100,0,91,96.05472083203495,50.359142012894154,204.9606810323894,26.0
1791185057,8,TXN,multimodal_e2e,1.100000,0.000000,420,450,60000,60000,60000,60000,60000,60000,60000,60000,60000,97,4,400.0,15412.829020871906,0.8673369884490967,60278.45247276127,20.443298969072163
1791185057,8,,Aggregated,4.300000,0.000000,10,92,100,380,450,60000,60000,60000,60000,60000,60000,395,8,20,3812.356202029682,0.7527689449489117,60278.45247276127,21.318987341772154
1791185058,8,POST,/api/playground/conversations,0.800000,0.000000,5,6,7,8,8,10,10,10,10,10,10,106,4,7,9.267904953855389,0.7527689449489117,104.4145836494863,36.56603773584906
1791185058,8,POST,/api/playground/conversations/{conversation_id}/chat/sse,0.800000,0.000000,2,2,2,2,3,4,4,4,4,4,4,94,0,2,2.7231175274132413,1.7817160114645958,11.536963284015656,0.0
1791185058,8,POST,/api/playground/conversations/{conversation_id}/chat/{chat_id}/attachment,0.800000,0.000000,93,93,94,100,100,100,100,100,100,100,100,102,0,92,96.10348888764194,50.359142012894154,204.9606810323894,26.0
1791185058,8,TXN,multimodal_e2e,0.800000,0.000000,390,450,60000,60000,60000,60000,60000,60000,60000,60000,60000,98,4,400.0,15259.491665146257,0.8673369884490967,60278.45247276127,20.428571428571427
1791185058,8,,Aggregated,3.200000,0.000000,10,93,100,380,450,60000,60000,60000,60000,60000,60000,400,8,20,3766.1777750588953,0.7527689449489117,60278.45247276127,21.325
1791185059,8,POST,/api/playground/conversations,0.800000,0.000000,5,6,7,8,8,10,10,10,10,10,10,106,4,7,9.267904953855389,0.7527689449489117,104.4145836494863,36.56603773584906
1791185059,8,POST,/api/playground/conversations/{conversation_id}/chat/sse,0.800000,0.000000,2,2,2,2,3,4,4,4,4,4,4,94,0,2,2.7231175274132413,1.7817160114645958,11.536963284015656,0.0
1791185059,8,POST,/api/playground/conversations/{conversation_id}/chat/{chat_id}/attachment,0.800000,0.000000,93,93,94,100,100,100,100,100,100,100,100,102,0,92,96.10348888764194,50.359142012894154,204.9606810323894,26.0
1791185059,8,TXN,multimodal_e2e,0.800000,0.000000,390,450,60000,60000,60000,60000,60000,60000,60000,60000,60000,98,4,400.0,15259.491665146257,0.8673369884490967,60278.45247276127,20.428571428571427
1791185059,8,,Aggregated,3.200000,0.000000,10,93,100,380,450,60000,60000,60000,60000,60000,60000,400,8,20,3766.1777750588953,0.7527689449489117,60278.45247276127,21.325
1791185060,8,POST,/api/playground/conversations,0.800000,0.000000,5,6,8,8,10,10,10,10,10,10,10,106,4,7,9.267904953855389,0.7527689449489117,104.4145836494863,36.56603773584906
1791185060,8,POST,/api/playground/conversations/{conversation_id}/chat/sse,0.800000,0.000000,2,2,2,3,4,4,4,4,4,4,4,94,0,2,2.7231175274132413,1.7817160114645958,11.536963284015656,0.0
1791185060,8,POST,/api/playground/conversations/{conversation_id}/chat/{chat_id}/attachment,0.800000,0.000000,93,93,94,100,100,100,100,100,100,100,100,102,0,92,96.10348888764194,50.359142012894154,204.9606810323894,26.0
1791185060,8,TXN,multimodal_e2e,0.800000,0.000000,420,450,60000,60000,60000,60000,60000,60000,60000,60000,60000,98,4,400.0,15259.491665146257,0.8673369884490967,60278.45247276127,20.428571428571427
1791185060,8,,Aggregated,3.200000,0.000000,10,93,100,380,450,60000,60000,60000,60000,60000,60000,400,8,20,3766.1777750588953,0.7527689449489117,60278.45247276127,21.325
1791185061,8,POST,/api/playground/conversations,0.800000,0.000000,5,6,8,8,10,10,10,10,10,10,10,106,4,7,9.267904953855389,0.7527689449489117,104.4145836494863,36.56603773584906
1791185061,8,POST,/api/playground/conversations/{conversation_id}/chat/sse,0.800000,0.000000,2,2,2,3,4,4,4,4,4,4,4,94,0,2,2.7231175274132413,1.7817160114645958,11.536963284015656,0.0
1791185061,8,POST,/api/playground/conversations/{conversation_id}/chat/{chat_id}/attachment,0.800000,0.000000,92,93,93,94,100,100,100,100,100,100,100,102,0,92,96.10348888764194,50.359142012894154,204.9606810323894,26.0
1791185061,8,TXN,multimodal_e2e,0.800000,0.000000,420,450,60000,60000,60000,60000,60000,60000,60000,60000,60000,98,4,400.0,15259.491665146257,0.8673369884490967,60278.45247276127,20.428571428571427
1791185061,8,,Aggregated,3.200000,0.000000,10,93,100,380,450,60000,60000,60000,60000,60000,60000,400,8,20,3766.1777750588953,0.7527689449489117,60278.45247276127,21.325
1791185062,8,POST,/api/playground/conversations,0.800000,0.000000,5,6,8,8,10,10,10,10,10,10,10,106,4,7,9.267904953855389,0.7527689449489117,104.4145836494863,36.56603773584906
1791185062,8,POST,/api/playground/conversations/{conversation_id}/chat/sse,0.800000,0.000000,2,2,2,3,4,4,4,4,4,4,4,94,0,2,2.7231175274132413,1.7817160114645958,11.536963284015656,0.0
1791185062,8,POST,/api/playground/conversations/{conversation_id}/chat/{chat_id}/attachment,0.800000,0.000000,92,93,93,94,100,100,100,100,100,100,100,102,0,92,96.10348888764194,50.359142012894154,204.9606810323894,26.0
1791185062,8,TXN,multimodal_e2e,0.800000,0.000000,420,450,60000,60000,60000,60000,60000,60000,60000,60000,60000,98,4,400.0,15259.491665146257,0.8673369884490967,60278.45247276127,20.428571428571427
1791185062,8,,Aggregated,3.200000,0.000000,10,93,100,380,450,60000,60000,60000,60000,60000,60000,400,8,20,3766.1777750588953,0.7527689449489117,60278.45247276127,21.325
1791185063,8,POST,/api/playground/conversations,0.800000,0.000000,5,6,8,8,10,10,10,10,10,10,10,106,4,7,9.267904953855389,0.7527689449489117,104.4145836494863,36.56603773584906
1791185063,8,POST,/api/playground/conversations/{conversation_id}/chat/sse,0.800000,0.000000,2,2,2,3,4,4,4,4,4,4,4,94,0,2,2.7231175274132413,1.7817160114645958,11.536963284015656,0.0
1791185063,8,POST,/api/playground/conversations/{conversation_id}/chat/{chat_id}/attachment,0.800000,0.000000,92,93,93,94,100,100,100,100,100,100,100,102,0,92,96.10348888764194,50.359142012894154,204.9606810323894,26.0
1791185063,8,TXN,multimodal_e2e,0.800000,0.000000,420,450,60000,60000,60000,60000,60000,60000,60000,60000,60000,98,4,400.0,15259.491665146257,0.8673369884490967,60278.45247276127,20.428571428571427
1791185063,8,,Aggregated,3.200000,0.000000,10,93,100,380,450,60000,60000,60000,60000,60000,60000,400,8,20,3766.1777750588953,0.7527689449489117,60278.45247276127,21.325
1791185064,8,POST,/api/playground/conversations,0.800000,0.000000,5,5,6,8,8,8,8,8,8,8,8,106,4,7,9.267904953855389,0.7527689449489117,104.4145836494863,36.56603773584906
1791185064,8,POST,/api/playground/conversations/{conversation_id}/chat/sse,0.800000,0.000000,2,2,2,2,4,4,4,4,4,4,4,94,0,2,2.7231175274132413,1.7817160114645958,11.536963284015656,0.0
1791185064,8,POST,/api/playground/conversations/{conversation_id}/chat/{chat_id}/attachment,0.800000,0.000000,92,93,93,94,100,100,100,100,100,100,100,102,0,92,96.10348888764194,50.359142012894154,204.9606810323894,26.0
1791185064,8,TXN,multimodal_e2e,0.800000,0.000000,390,420,450,60000,60000,60000,60000,60000,60000,60000,60000,98,4,400.0,15259.491665146257,0.8673369884490967,60278.45247276127,20.428571428571427
1791185064,8,,Aggregated,3.200000,0.000000,8,93,100,380,420,60000,60000,60000,60000,60000,60000,400,8,20,3766.1777750588953,0.7527689449489117,60278.45247276127,21.325
1791185065,8,POST,/api/playground/conversations,0.800000,0.000000,5,5,8,8,8,8,8,8,8,8,8,106,4,7,9.267904953855389,0.7527689449489117,104.4145836494863,36.56603773584906
1791185065,8,POST,/api/playground/conversations/{conversation_id}/chat/sse,0.800000,0.000000,2,2,2,2,4,4,4,4,4,4,4,94,0,2,2.7231175274132413,1.7817160114645958,11.536963284015656,0.0
1791185065,8,POST,/api/playground/conversations/{conversation_id}/chat/{chat_id}/attachment,0.800000,0.000000,93,93,94,94,100,100,100,100,100,100,100,102,0,92,96.10348888764194,50.359142012894154,204.9606810323894,26.0
1791185065,8,TXN,multimodal_e2e,0.800000,0.000000,420,450,60000,60000,60000,60000,60000,60000,60000,60000,60000,98,4,400.0,15259.491665146257,0.8673369884490967,60278.45247276127,20.428571428571427
1791185065,8,,Aggregated,3.200000,0.000000,8,93,100,380,450,60000,60000,60000,60000,60000,60000,400,8,20,3766.1777750588953,0.7527689449489117,60278.45247276127,21.325
1791185066,8,POST,/api/playground/conversations,0.800000,0.000000,5,5,8,8,8,8,8,8,8,8,8,106,4,7,9.267904953855389,0.7527689449489117,104.4145836494863,36.56603773584906
1791185066,8,POST,/api/playground/conversations/{conversation_id}/chat/sse,0.800000,0.000000,2,2,2,2,2,2,2,2,2,2,2,94,0,2,2.7231175274132413,1.7817160114645958,11.536963284015656,0.0
1791185066,8,POST,/api/playground/conversations/{conversation_id}/chat/{chat_id}/attachment,0.800000,0.000000,94,94,100,100,100,100,100,100,100,100,100,102,0,92,96.10348888764194,50.359142012894154,204.9606810323894,26.0
1791185066,8,TXN,multimodal_e2e,0.800000,0.000000,420,420,60000,60000,60000,60000,60000,60000,60000,60000,60000,98,4,400.0,15259.491665146257,0.8673369884490967,60278.45247276127,20.428571428571427
1791185066,8,,Aggregated,3.200000,0.000000,89,94,100,390,420,60000,60000,60000,60000,60000,60000,400,8,20,3766.1777750588953,0.7527689449489117,60278.45247276127,21.325
1791185067,8,POST,/api/playground/conversations,0.800000,0.000000,5,5,5,5,5,5,5,5,5,5,5,106,4,7,9.267904953855389,0.7527689449489117,104.4145836494863,36.56603773584906
1791185067,8,POST,/api/playground/conversations/{conversation_id}/chat/sse,0.800000,0.000000,2,2,2,2,2,2,2,2,2,2,2,94,0,2,2.7231175274132413,1.7817160114645958,11.536963284015656,0.0
1791185067,8,POST,/api/playground/conversations/{conversation_id}/chat/{chat_id}/attachment,0.800000,0.000000,100,100,100,100,100,100,100,100,100,100,100,102,0,92,96.10348888764194,50.359142012894154,204.9606810323894,26.0
1791185067,8,TXN,multimodal_e2e,0.800000,0.000000,390,390,390,390,390,390,390,390,390,390,390,98,4,400.0,15259.491665146257,0.8673369884490967,60278.45247276127,20.428571428571427
1791185067,8,,Aggregated,3.200000,0.000000,93,100,100,390,390,390,390,390,390,390,390,400,8,20,3766.1777750588953,0.7527689449489117,60278.45247276127,21.325
1791185068,8,POST,/api/playground/conversations,0.800000,0.000000,5,5,5,5,5,5,5,5,5,5,5,106,4,7,9.267904953855389,0.7527689449489117,104.4145836494863,36.56603773584906
1791185068,8,POST,/api/playground/conversations/{conversation_id}/chat/sse,0.800000,0.000000,2,2,2,2,2,2,2,2,2,2,2,94,0,2,2.7231175274132413,1.7817160114645958,11.536963284015656,0.0
1791185068,8,POST,/api/playground/conversations/{conversation_id}/chat/{chat_id}/attachment,0.800000,0.000000,100,100,100,100,100,100,100,100,100,100,100,102,0,92,96.10348888764194,50.359142012894154,204.9606810323894,26.0
1791185068,8,TXN,multimodal_e2e,0.800000,0.000000,390,390,390,390,390,390,390,390,390,390,390,98,4,400.0,15259.491665146257,0.8673369884490967,60278.45247276127,20.428571428571427
1791185068,8,,Aggregated,3.200000,0.000000,93,100,100,390,390,390,390,390,390,390,390,400,8,20,3766.1777750588953,0.7527689449489117,60278.45247276127,21.325
1791185069,8,POST,/api/playground/conversations,0.800000,0.000000,5,5,5,5,5,5,5,5,5,5,5,106,4,7,9.267904953855389,0.7527689449489117,104.4145836494863,36.56603773584906
1791185069,8,POST,/api/playground/conversations/{conversation_id}/chat/sse,0.800000,0.000000,2,2,2,2,2,2,2,2,2,2,2,94,0,2,2.7231175274132413,1.7817160114645958,11.536963284015656,0.0
1791185069,8,POST,/api/playground/conversations/{conversation_id}/chat/{chat_id}/attachment,0.800000,0.000000,100,100,100,100,100,100,100,100,100,100,100,102,0,92,96.10348888764194,50.359142012894154,204.9606810323894,26.0
1791185069,8,TXN,multimodal_e2e,0.800000,0.000000,390,390,390,390,390,390,390,390,390,390,390,98,4,400.0,15259.491665146257,0.8673369884490967,60278.45247276127,20.428571428571427
1791185069,8,,Aggregated,3.200000,0.000000,93,100,100,390,390,390,390,390,390,390,390,400,8,20,3766.1777750588953,0.7527689449489117,60278.45247276127,21.325
1791185070,8,POST,/api/playground/conversations,0.800000,0.000000,5,5,5,5,5,5,5,5,5,5,5,106,4,7,9.267904953855389,0.7527689449489117,104.4145836494863,36.56603773584906
1791185070,8,POST,/api/playground/conversations/{conversation_id}/chat/sse,0.800000,0.000000,2,2,2,2,2,2,2,2,2,2,2,94,0,2,2.7231175274132413,1.7817160114645958,11.536963284015656,0.0
1791185070,8,POST,/api/playground/conversations/{conversation_id}/chat/{chat_id}/attachment,0.800000,0.000000,100,100,100,100,100,100,100,100,100,100,100,102,0,92,96.10348888764194,50.359142012894154,204.9606810323894,26.0
1791185070,8,TXN,multimodal_e2e,0.800000,0.000000,390,390,390,390,390,390,390,390,390,390,390,98,4,400.0,15259.491665146257,0.8673369884490967,60278.45247276127,20.428571428571427
1791185070,8,,Aggregated,3.200000,0.000000,93,100,100,390,390,390,390,390,390,390,390,400,8,20,3766.1777750588953,0.7527689449489117,60278.45247276127,21.325
1791185072,8,POST,/api/playground/conversations,0.800000,0.000000,5,5,5,5,5,5,5,5,5,5,5,106,4,7,9.267904953855389,0.7527689449489117,104.4145836494863,36.56603773584906
1791185072,8,POST,/api/playground/conversations/{conversation_id}/chat/sse,0.800000,0.000000,2,2,2,2,2,2,2,2,2,2,2,94,0,2,2.7231175274132413,1.7817160114645958,11.536963284015656,0.0
1791185072,8,POST,/api/playground/conversations/{conversation_id}/chat/{chat_id}/attachment,0.800000,0.000000,100,100,100,100,100,100,100,100,100,100,100,102,0,92,96.10348888764194,50.359142012894154,204.9606810323894,26.0
1791185072,8,TXN,multimodal_e2e,0.800000,0.000000,390,390,390,390,390,390,390,390,390,390,390,98,4,400.0,15259.491665146257,0.8673369884490967,60278.45247276127,20.428571428571427
1791185072,8,,Aggregated,3.200000,0.000000,93,100,100,390,390,390,390,390,390,390,390,400,8,20,3766.1777750588953,0.7527689449489117,60278.45247276127,21.325
1791185073,8,POST,/api/playground/conversations,0.800000,0.000000,5,5,5,5,5,5,5,5,5,5,5,106,4,7,9.267904953855389,0.7527689449489117,104.4145836494863,36.56603773584906
1791185073,8,POST,/api/playground/conversations/{conversation_id}/chat/sse,0.800000,0.000000,2,2,2,2,2,2,2,2,2,2,2,94,0,2,2.7231175274132413,1.7817160114645958,11.536963284015656,0.0
1791185073,8,POST,/api/playground/conversations/{conversation_id}/chat/{chat_id}/attachment,0.800000,0.000000,100,100,100,100,100,100,100,100,100,100,100,102,0,92,96.10348888764194,50.359142012894154,204.9606810323894,26.0
1791185073,8,TXN,multimodal_e2e,0.800000,0.000000,390,390,390,390,390,390,390,390,390,390,390,98,4,400.0,15259.491665146257,0.8673369884490967,60278.45247276127,20.428571428571427
1791185073,8,,Aggregated,3.200000,0.000000,93,100,100,390,390,390,390,390,390,390,390,400,8,20,3766.1777750588953,0.7527689449489117,60278.45247276127,21.325
1791185074,8,POST,/api/playground/conversations,0.800000,0.000000,5,5,5,5,5,5,5,5,5,5,5,106,4,7,9.267904953855389,0.7527689449489117,104.4145836494863,36.56603773584906
1791185074,8,POST,/api/playground/conversations/{conversation_id}/chat/sse,0.800000,0.000000,2,2,2,2,2,2,2,2,2,2,2,94,0,2,2.7231175274132413,1.7817160114645958,11.536963284015656,0.0
1791185074,8,POST,/api/playground/conversations/{conversation_id}/chat/{chat_id}/attachment,0.800000,0.000000,100,100,100,100,100,100,100,100,100,100,100,102,0,92,96.10348888764194,50.359142012894154,204.9606810323894,26.0
1791185074,8,TXN,multimodal_e2e,0.800000,0.000000,390,390,390,390,390,390,390,390,390,390,390,98,4,400.0,15259.491665146257,0.8673369884490967,60278.45247276127,20.428571428571427
1791185074,8,,Aggregated,3.200000,0.000000,93,100,100,390,390,390,390,390,390,390,390,400,8,20,3766.1777750588953,0.7527689449489117,60278.45247276127,21.325
1791185075,8,POST,/api/playground/conversations,0.800000,0.000000,5,5,5,5,5,5,5,5,5,5,5,106,4,7,9.267904953855389,0.7527689449489117,104.4145836494863,36.56603773584906
1791185075,8,POST,/api/playground/conversations/{conversation_id}/chat/sse,0.800000,0.000000,2,2,2,2,2,2,2,2,2,2,2,94,0,2,2.7231175274132413,1.7817160114645958,11.536963284015656,0.0
1791185075,8,POST,/api/playground/conversations/{conversation_id}/chat/{chat_id}/attachment,0.800000,0.000000,100,100,100,100,100,100,100,100,100,100,100,102,0,92,96.10348888764194,50.359142012894154,204.9606810323894,26.0
1791185075,8,TXN,multimodal_e2e,0.800000,0.000000,390,390,390,390,390,390,390,390,390,390,390,98,4,400.0,15259.491665146257,0.8673369884490967,60278.45247276127,20.428571428571427
1791185075,8,,Aggregated,3.200000,0.000000,93,100,100,390,390,390,390,390,390,390,390,400,8,20,3766.1777750588953,0.7527689449489117,60278.45247276127,21.325
1791185076,8,POST,/api/playground/conversations,0.800000,0.000000,0,0,0,0,0,0,0,0,0,0,0,106,4,7,9.267904953855389,0.7527689449489117,104.4145836494863,36.56603773584906
1791185076,8,POST,/api/playground/conversations/{conversation_id}/chat/sse,0.800000,0.000000,0,0,0,0,0,0,0,0,0,0,0,94,0,2,2.7231175274132413,1.7817160114645958,11.536963284015656,0.0
1791185076,8,POST,/api/playground/conversations/{conversation_id}/chat/{chat_id}/attachment,0.800000,0.000000,0,0,0,0,0,0,0,0,0,0,0,102,0,92,96.10348888764194,50.359142012894154,204.9606810323894,26.0
1791185076,8,TXN,multimodal_e2e,0.800000,0.000000,0,0,0,0,0,0,0,0,0,0,0,98,4,400.0,15259.491665146257,0.8673369884490967,60278.45247276127,20.428571428571427
1791185076,8,,Aggregated,3.200000,0.000000,0,0,0,0,0,0,0,0,0,0,0,400,8,20,3766.1777750588953,0.7527689449489117,60278.45247276127,21.325
1791185077,8,POST,/api/playground/conversations,0.800000,0.000000,0,0,0,0,0,0,0,0,0,0,0,106,4,7,9.267904953855389,0.7527689449489117,104.4145836494863,36.56603773584906
1791185077,8,POST,/api/playground/conversations/{conversation_id}/chat/sse,0.800000,0.000000,0,0,0,0,0,0,0,0,0,0,0,94,0,2,2.7231175274132413,1.7817160114645958,11.536963284015656,0.0
1791185077,8,POST,/api/playground/conversations/{conversation_id}/chat/{chat_id}/attachment,0.800000,0.000000,0,0,0,0,0,0,0,0,0,0,0,102,0,92,96.10348888764194,50.359142012894154,204.9606810323894,26.0
1791185077,8,TXN,multimodal_e2e,0.800000,0.000000,0,0,0,0,0,0,0,0,0,0,0,98,4,400.0,15259.491665146257,0.8673369884490967,60278.45247276127,20.428571428571427
1791185077,8,,Aggregated,3.200000,0.000000,0,0,0,0,0,0,0,0,0,0,0,400,8,20,3766.1777750588953,0.7527689449489117,60278.45247276127,21.325
1791185078,8,POST,/api/playground/conversations,0.800000,0.000000,0,0,0,0,0,0,0,0,0,0,0,106,4,7,9.267904953855389,0.7527689449489117,104.4145836494863,36.56603773584906
1791185078,8,POST,/api/playground/conversations/{conversation_id}/chat/sse,0.800000,0.000000,0,0,0,0,0,0,0,0,0,0,0,94,0,2,2.7231175274132413,1.7817160114645958,11.536963284015656,0.0
1791185078,8,POST,/api/playground/conversations/{conversation_id}/chat/{chat_id}/attachment,0.800000,0.000000,0,0,0,0,0,0,0,0,0,0,0,102,0,92,96.10348888764194,50.359142012894154,204.9606810323894,26.0
1791185078,8,TXN,multimodal_e2e,0.800000,0.000000,0,0,0,0,0,0,0,0,0,0,0,98,4,400.0,15259.491665146257,0.8673369884490967,60278.45247276127,20.428571428571427
1791185078,8,,Aggregated,3.200000,0.000000,0,0,0,0,0,0,0,0,0,0,0,400,8,20,3766.1777750588953,0.7527689449489117,60278.45247276127,21.325
1791185079,8,POST,/api/playground/conversations,0.800000,0.000000,0,0,0,0,0,0,0,0,0,0,0,106,4,7,9.267904953855389,0.7527689449489117,104.4145836494863,36.56603773584906
1791185079,8,POST,/api/playground/conversations/{conversation_id}/chat/sse,0.800000,0.000000,0,0,0,0,0,0,0,0,0,0,0,94,0,2,2.7231175274132413,1.7817160114645958,11.536963284015656,0.0
1791185079,8,POST,/api/playground/conversations/{conversation_id}/chat/{chat_id}/attachment,0.800000,0.000000,0,0,0,0,0,0,0,0,0,0,0,102,0,92,96.10348888764194,50.359142012894154,204.9606810323894,26.0
1791185079,8,TXN,multimodal_e2e,0.800000,0.000000,0,0,0,0,0,0,0,0,0,0,0,98,4,400.0,15259.491665146257,0.8673369884490967,60278.45247276127,20.428571428571427
1791185079,8,,Aggregated,3.200000,0.000000,0,0,0,0,0,0,0,0,0,0,0,400,8,20,3766.1777750588953,0.7527689449489117,60278.45247276127,21.325
1791185080,8,POST,/api/playground/conversations,0.800000,0.000000,0,0,0,0,0,0,0,0,0,0,0,106,4,7,9.267904953855389,0.7527689449489117,104.4145836494863,36.56603773584906
1791185080,8,POST,/api/playground/conversations/{conversation_id}/chat/sse,0.800000,0.000000,0,0,0,0,0,0,0,0,0,0,0,94,0,2,2.7231175274132413,1.7817160114645958,11.536963284015656,0.0
1791185080,8,POST,/api/playground/conversations/{conversation_id}/chat/{chat_id}/attachment,0.800000,0.000000,0,0,0,0,0,0,0,0,0,0,0,102,0,92,96.10348888764194,50.359142012894154,204.9606810323894,26.0
1791185080,8,TXN,multimodal_e2e,0.800000,0.000000,0,0,0,0,0,0,0,0,0,0,0,98,4,400.0,15259.491665146257,0.8673369884490967,60278.45247276127,20.428571428571427
1791185080,8,,Aggregated,3.200000,0.000000,0,0,0,0,0,0,0,0,0,0,0,400,8,20,3766.1777750588953,0.7527689449489117,60278.45247276127,21.325
1791185081,8,POST,/api/playground/conversations,0.800000,0.000000,0,0,0,0,0,0,0,0,0,0,0,106,4,7,9.267904953855389,0.7527689449489117,104.4145836494863,36.56603773584906
1791185081,8,POST,/api/playground/conversations/{conversation_id}/chat/sse,0.800000,0.000000,0,0,0,0,0,0,0,0,0,0,0,94,0,2,2.7231175274132413,1.7817160114645958,11.536963284015656,0.0
1791185081,8,POST,/api/playground/conversations/{conversation_id}/chat/{chat_id}/attachment,0.800000,0.000000,0,0,0,0,0,0,0,0,0,0,0,102,0,92,96.10348888764194,50.359142012894154,204.9606810323894,26.0
1791185081,8,TXN,multimodal_e2e,0.800000,0.000000,0,0,0,0,0,0,0,0,0,0,0,98,4,400.0,15259.491665146257,0.8673369884490967,60278.45247276127,20.428571428571427
1791185081,8,,Aggregated,3.200000,0.000000,0,0,0,0,0,0,0,0,0,0,0,400,8,20,3766.1777750588953,0.7527689449489117,60278.45247276127,21.325
1791185082,8,POST,/api/playground/conversations,0.800000,0.000000,0,0,0,0,0,0,0,0,0,0,0,106,4,7,9.267904953855389,0.7527689449489117,104.4145836494863,36.56603773584906
1791185082,8,POST,/api/playground/conversations/{conversation_id}/chat/sse,0.800000,0.000000,0,0,0,0,0,0,0,0,0,0,0,94,0,2,2.7231175274132413,1.7817160114645958,11.536963284015656,0.0
1791185082,8,POST,/api/playground/conversations/{conversation_id}/chat/{chat_id}/attachment,0.800000,0.000000,0,0,0,0,0,0,0,0,0,0,0,102,0,92,96.10348888764194,50.359142012894154,204.9606810323894,26.0
1791185082,8,TXN,multimodal_e2e,0.800000,0.000000,0,0,0,0,0,0,0,0,0,0,0,98,4,400.0,15259.491665146257,0.8673369884490967,60278.45247276127,20.428571428571427
1791185082,8,,Aggregated,3.200000,0.000000,0,0,0,0,0,0,0,0,0,0,0,400,8,20,3766.1777750588953,0.7527689449489117,60278.45247276127,21.325
1791185083,8,POST,/api/playground/conversations,0.800000,0.000000,0,0,0,0,0,0,0,0,0,0,0,106,4,7,9.267904953855389,0.7527689449489117,104.4145836494863,36.56603773584906
1791185083,8,POST,/api/playground/conversations/{conversation_id}/chat/sse,0.800000,0.000000,0,0,0,0,0,0,0,0,0,0,0,94,0,2,2.7231175274132413,1.7817160114645958,11.536963284015656,0.0
1791185083,8,POST,/api/playground/conversations/{conversation_id}/chat/{chat_id}/attachment,0.800000,0.000000,0,0,0,0,0,0,0,0,0,0,0,102,0,92,96.10348888764194,50.359142012894154,204.9606810323894,26.0
1791185083,8,TXN,multimodal_e2e,0.800000,0.000000,0,0,0,0,0,0,0,0,0,0,0,98,4,400.0,15259.491665146257,0.8673369884490967,60278.45247276127,20.428571428571427
1791185083,8,,Aggregated,3.200000,0.000000,0,0,0,0,0,0,0,0,0,0,0,400,8,20,3766.1777750588953,0.7527689449489117,60278.45247276127,21.325
1791185084,8,POST,/api/playground/conversations,0.800000,0.000000,0,0,0,0,0,0,0,0,0,0,0,106,4,7,9.267904953855389,0.7527689449489117,104.4145836494863,36.56603773584906
1791185084,8,POST,/api/playground/conversations/{conversation_id}/chat/sse,0.800000,0.000000,0,0,0,0,0,0,0,0,0,0,0,94,0,2,2.7231175274132413,1.7817160114645958,11.536963284015656,0.0
1791185084,8,POST,/api/playground/conversations/{conversation_id}/chat/{chat_id}/attachment,0.800000,0.000000,0,0,0,0,0,0,0,0,0,0,0,102,0,92,96.10348888764194,50.359142012894154,204.9606810323894,26.0
1791185084,8,TXN,multimodal_e2e,0.800000,0.000000,0,0,0,0,0,0,0,0,0,0,0,98,4,400.0,15259.491665146257,0.8673369884490967,60278.45247276127,20.428571428571427
1791185084,8,,Aggregated,3.200000,0.000000,0,0,0,0,0,0,0,0,0,0,0,400,8,20,3766.1777750588953,0.7527689449489117,60278.45247276127,21.325
1791185085,8,POST,/api/playground/conversations,0.800000,0.000000,0,0,0,0,0,0,0,0,0,0,0,106,4,7,9.267904953855389,0.7527689449489117,104.4145836494863,36.56603773584906
1791185085,8,POST,/api/playground/conversations/{conversation_id}/chat/sse,0.800000,0.000000,0,0,0,0,0,0,0,0,0,0,0,94,0,2,2.7231175274132413,1.7817160114645958,11.536963284015656,0.0
1791185085,8,POST,/api/playground/conversations/{conversation_id}/chat/{chat_id}/attachment,0.800000,0.000000,0,0,0,0,0,0,0,0,0,0,0,102,0,92,96.10348888764194,50.359142012894154,204.9606810323894,26.0
1791185085,8,TXN,multimodal_e2e,0.800000,0.000000,0,0,0,0,0,0,0,0,0,0,0,98,4,400.0,15259.491665146257,0.8673369884490967,60278.45247276127,20.428571428571427
1791185085,8,,Aggregated,3.200000,0.000000,0,0,0,0,0,0,0,0,0,0,0,400,8,20,3766.1777750588953,0.7527689449489117,60278.45247276127,21.325
1791185086,8,POST,/api/playground/conversations,0.800000,0.000000,0,0,0,0,0,0,0,0,0,0,0,106,4,7,9.267904953855389,0.7527689449489117,104.4145836494863,36.56603773584906
1791185086,8,POST,/api/playground/conversations/{conversation_id}/chat/sse,0.800000,0.000000,0,0,0,0,0,0,0,0,0,0,0,94,0,2,2.7231175274132413,1.7817160114645958,11.536963284015656,0.0
1791185086,8,POST,/api/playground/conversations/{conversation_id}/chat/{chat_id}/attachment,0.800000,0.000000,0,0,0,0,0,0,0,0,0,0,0,102,0,92,96.10348888764194,50.359142012894154,204.9606810323894,26.0
1791185086,8,TXN,multimodal_e2e,0.800000,0.000000,0,0,0,0,0,0,0,0,0,0,0,98,4,400.0,15259.491665146257,0.8673369884490967,60278.45247276127,20.428571428571427
1791185086,8,,Aggregated,3.200000,0.000000,0,0,0,0,0,0,0,0,0,0,0,400,8,20,3766.1777750588953,0.7527689449489117,60278.45247276127,21.325
1791185087,8,POST,/api/playground/conversations,0.800000,0.000000,0,0,0,0,0,0,0,0,0,0,0,106,4,7,9.267904953855389,0.7527689449489117,104.4145836494863,36.56603773584906
1791185087,8,POST,/api/playground/conversations/{conversation_id}/chat/sse,0.800000,0.000000,0,0,0,0,0,0,0,0,0,0,0,94,0,2,2.7231175274132413,1.7817160114645958,11.536963284015656,0.0
1791185087,8,POST,/api/playground/conversations/{conversation_id}/chat/{chat_id}/attachment,0.800000,0.000000,0,0,0,0,0,0,0,0,0,0,0,102,0,92,96.10348888764194,50.359142012894154,204.9606810323894,26.0
1791185087,8,TXN,multimodal_e2e,0.800000,0.000000,0,0,0,0,0,0,0,0,0,0,0,98,4,400.0,15259.491665146257,0.8673369884490967,60278.45247276127,20.428571428571427
1791185087,8,,Aggregated,3.200000,0.000000,0,0,0,0,0,0,0,0,0,0,0,400,8,20,3766.1777750588953,0.7527689449489117,60278.45247276127,21.325
1791185088,8,POST,/api/playground/conversations,0.800000,0.000000,0,0,0,0,0,0,0,0,0,0,0,106,4,7,9.267904953855389,0.7527689449489117,104.4145836494863,36.56603773584906
1791185088,8,POST,/api/playground/conversations/{conversation_id}/chat/sse,0.800000,0.000000,0,0,0,0,0,0,0,0,0,0,0,94,0,2,2.7231175274132413,1.7817160114645958,11.536963284015656,0.0
1791185088,8,POST,/api/playground/conversations/{conversation_id}/chat/{chat_id}/attachment,0.800000,0.000000,0,0,0,0,0,0,0,0,0,0,0,102,0,92,96.10348888764194,50.359142012894154,204.9606810323894,26.0
1791185088,8,TXN,multimodal_e2e,0.800000,0.000000,0,0,0,0,0,0,0,0,0,0,0,98,4,400.0,15259.491665146257,0.8673369884490967,60278.45247276127,20.428571428571427
1791185088,8,,Aggregated,3.200000,0.000000,0,0,0,0,0,0,0,0,0,0,0,400,8,20,3766.1777750588953,0.7527689449489117,60278.45247276127,21.325
1791185089,8,POST,/api/playground/conversations,0.800000,0.000000,0,0,0,0,0,0,0,0,0,0,0,106,4,7,9.267904953855389,0.7527689449489117,104.4145836494863,36.56603773584906
1791185089,8,POST,/api/playground/conversations/{conversation_id}/chat/sse,0.800000,0.000000,0,0,0,0,0,0,0,0,0,0,0,94,0,2,2.7231175274132413,1.7817160114645958,11.536963284015656,0.0
1791185089,8,POST,/api/playground/conversations/{conversation_id}/chat/{chat_id}/attachment,0.800000,0.000000,0,0,0,0,0,0,0,0,0,0,0,102,0,92,96.10348888764194,50.359142012894154,204.9606810323894,26.0
1791185089,8,TXN,multimodal_e2e,0.800000,0.000000,0,0,0,0,0,0,0,0,0,0,0,98,4,400.0,15259.491665146257,0.8673369884490967,60278.45247276127,20.428571428571427
1791185089,8,,Aggregated,3.200000,0.000000,0,0,0,0,0,0,0,0,0,0,0,400,8,20,3766.1777750588953,0.7527689449489117,60278.45247276127,21.325
1791185090,8,POST,/api/playground/conversations,0.800000,0.000000,0,0,0,0,0,0,0,0,0,0,0,106,4,7,9.267904953855389,0.7527689449489117,104.4145836494863,36.56603773584906
1791185090,8,POST,/api/playground/conversations/{conversation_id}/chat/sse,0.800000,0.000000,0,0,0,0,0,0,0,0,0,0,0,94,0,2,2.7231175274132413,1.7817160114645958,11.536963284015656,0.0
1791185090,8,POST,/api/playground/conversations/{conversation_id}/chat/{chat_id}/attachment,0.800000,0.000000,0,0,0,0,0,0,0,0,0,0,0,102,0,92,96.10348888764194,50.359142012894154,204.9606810323894,26.0
1791185090,8,TXN,multimodal_e2e,0.800000,0.000000,0,0,0,0,0,0,0,0,0,0,0,98,4,400.0,15259.491665146257,0.8673369884490967,60278.45247276127,20.428571428571427
1791185090,8,,Aggregated,3.200000,0.000000,0,0,0,0,0,0,0,0,0,0,0,400,8,20,3766.1777750588953,0.7527689449489117,60278.45247276127,21.325
1791185091,8,POST,/api/playground/conversations,0.800000,0.000000,0,0,0,0,0,0,0,0,0,0,0,106,4,7,9.267904953855389,0.7527689449489117,104.4145836494863,36.56603773584906
1791185091,8,POST,/api/playground/conversations/{conversation_id}/chat/sse,0.800000,0.000000,0,0,0,0,0,0,0,0,0,0,0,94,0,2,2.7231175274132413,1.7817160114645958,11.536963284015656,0.0
1791185091,8,POST,/api/playground/conversations/{conversation_id}/chat/{chat_id}/attachment,0.800000,0.000000,0,0,0,0,0,0,0,0,0,0,0,102,0,92,96.10348888764194,50.359142012894154,204.9606810323894,26.0
1791185091,8,TXN,multimodal_e2e,0.800000,0.000000,0,0,0,0,0,0,0,0,0,0,0,98,4,400.0,15259.491665146257,0.8673369884490967,60278.45247276127,20.428571428571427
1791185091,8,,Aggregated,3.200000,0.000000,0,0,0,0,0,0,0,0,0,0,0,400,8,20,3766.1777750588953,0.7527689449489117,60278.45247276127,21.325
1791185092,8,POST,/api/playground/conversations,0.800000,0.000000,0,0,0,0,0,0,0,0,0,0,0,106,4,7,9.267904953855389,0.7527689449489117,104.4145836494863,36.56603773584906
1791185092,8,POST,/api/playground/conversations/{conversation_id}/chat/sse,0.800000,0.000000,0,0,0,0,0,0,0,0,0,0,0,94,0,2,2.7231175274132413,1.7817160114645958,11.536963284015656,0.0
1791185092,8,POST,/api/playground/conversations/{conversation_id}/chat/{chat_id}/attachment,0.800000,0.000000,0,0,0,0,0,0,0,0,0,0,0,102,0,92,96.10348888764194,50.359142012894154,204.9606810323894,26.0
1791185092,8,TXN,multimodal_e2e,0.800000,0.000000,0,0,0,0,0,0,0,0,0,0,0,98,4,400.0,15259.491665146257,0.8673369884490967,60278.45247276127,20.428571428571427
1791185092,8,,Aggregated,3.200000,0.000000,0,0,0,0,0,0,0,0,0,0,0,400,8,20,3766.1777750588953,0.7527689449489117,60278.45247276127,21.325
1791185093,8,POST,/api/playground/conversations,0.800000,0.000000,0,0,0,0,0,0,0,0,0,0,0,106,4,7,9.267904953855389,0.7527689449489117,104.4145836494863,36.56603773584906
1791185093,8,POST,/api/playground/conversations/{conversation_id}/chat/sse,0.800000,0.000000,0,0,0,0,0,0,0,0,0,0,0,94,0,2,2.7231175274132413,1.7817160114645958,11.536963284015656,0.0
1791185093,8,POST,/api/playground/conversations/{conversation_id}/chat/{chat_id}/attachment,0.800000,0.000000,0,0,0,0,0,0,0,0,0,0,0,102,0,92,96.10348888764194,50.359142012894154,204.9606810323894,26.0
1791185093,8,TXN,multimodal_e2e,0.800000,0.000000,0,0,0,0,0,0,0,0,0,0,0,98,4,400.0,15259.491665146257,0.8673369884490967,60278.45247276127,20.428571428571427
1791185093,8,,Aggregated,3.200000,0.000000,0,0,0,0,0,0,0,0,0,0,0,400,8,20,3766.1777750588953,0.7527689449489117,60278.45247276127,21.325
1791185094,8,POST,/api/playground/conversations,0.800000,0.000000,0,0,0,0,0,0,0,0,0,0,0,106,4,7,9.267904953855389,0.7527689449489117,104.4145836494863,36.56603773584906
1791185094,8,POST,/api/playground/conversations/{conversation_id}/chat/sse,0.800000,0.000000,0,0,0,0,0,0,0,0,0,0,0,94,0,2,2.7231175274132413,1.7817160114645958,11.536963284015656,0.0
1791185094,8,POST,/api/playground/conversations/{conversation_id}/chat/{chat_id}/attachment,0.800000,0.000000,0,0,0,0,0,0,0,0,0,0,0,102,0,92,96.10348888764194,50.359142012894154,204.9606810323894,26.0
1791185094,8,TXN,multimodal_e2e,0.800000,0.000000,0,0,0,0,0,0,0,0,0,0,0,98,4,400.0,15259.491665146257,0.8673369884490967,60278.45247276127,20.428571428571427
1791185094,8,,Aggregated,3.200000,0.000000,0,0,0,0,0,0,0,0,0,0,0,400,8,20,3766.1777750588953,0.7527689449489117,60278.45247276127,21.325
1791185095,8,POST,/api/playground/conversations,0.800000,0.000000,0,0,0,0,0,0,0,0,0,0,0,106,4,7,9.267904953855389,0.7527689449489117,104.4145836494863,36.56603773584906
1791185095,8,POST,/api/playground/conversations/{conversation_id}/chat/sse,0.800000,0.000000,0,0,0,0,0,0,0,0,0,0,0,94,0,2,2.7231175274132413,1.7817160114645958,11.536963284015656,0.0
1791185095,8,POST,/api/playground/conversations/{conversation_id}/chat/{chat_id}/attachment,0.800000,0.000000,0,0,0,0,0,0,0,0,0,0,0,102,0,92,96.10348888764194,50.359142012894154,204.9606810323894,26.0
1791185095,8,TXN,multimodal_e2e,0.800000,0.000000,0,0,0,0,0,0,0,0,0,0,0,98,4,400.0,15259.491665146257,0.8673369884490967,60278.45247276127,20.428571428571427
1791185095,8,,Aggregated,3.200000,0.000000,0,0,0,0,0,0,0,0,0,0,0,400,8,20,3766.1777750588953,0.7527689449489117,60278.45247276127,21.325
1791185096,8,POST,/api/playground/conversations,0.800000,0.000000,0,0,0,0,0,0,0,0,0,0,0,106,4,7,9.267904953855389,0.7527689449489117,104.4145836494863,36.56603773584906
1791185096,8,POST,/api/playground/conversations/{conversation_id}/chat/sse,0.800000,0.000000,0,0,0,0,0,0,0,0,0,0,0,94,0,2,2.7231175274132413,1.7817160114645958,11.536963284015656,0.0
1791185096,8,POST,/api/playground/conversations/{conversation_id}/chat/{chat_id}/attachment,0.800000,0.000000,0,0,0,0,0,0,0,0,0,0,0,102,0,92,96.10348888764194,50.359142012894154,204.9606810323894,26.0
1791185096,8,TXN,multimodal_e2e,0.800000,0.000000,0,0,0,0,0,0,0,0,0,0,0,98,4,400.0,15259.491665146257,0.8673369884490967,60278.45247276127,20.428571428571427
1791185096,8,,Aggregated,3.200000,0.000000,0,0,0,0,0,0,0,0,0,0,0,400,8,20,3766.1777750588953,0.7527689449489117,60278.45247276127,21.325
1791185097,8,POST,/api/playground/conversations,0.800000,0.000000,0,0,0,0,0,0,0,0,0,0,0,106,4,7,9.267904953855389,0.7527689449489117,104.4145836494863,36.56603773584906
1791185097,8,POST,/api/playground/conversations/{conversation_id}/chat/sse,0.800000,0.000000,0,0,0,0,0,0,0,0,0,0,0,94,0,2,2.7231175274132413,1.7817160114645958,11.536963284015656,0.0
1791185097,8,POST,/api/playground/conversations/{conversation_id}/chat/{chat_id}/attachment,0.800000,0.000000,0,0,0,0,0,0,0,0,0,0,0,102,0,92,96.10348888764194,50.359142012894154,204.9606810323894,26.0
1791185097,8,TXN,multimodal_e2e,0.800000,0.000000,0,0,0,0,0,0,0,0,0,0,0,98,4,400.0,15259.491665146257,0.8673369884490967,60278.45247276127,20.428571428571427
1791185097,8,,Aggregated,3.200000,0.000000,0,0,0,0,0,0,0,0,0,0,0,400,8,20,3766.1777750588953,0.7527689449489117,60278.45247276127,21.325
1791185098,8,POST,/api/playground/conversations,0.800000,0.000000,0,0,0,0,0,0,0,0,0,0,0,106,4,7,9.267904953855389,0.7527689449489117,104.4145836494863,36.56603773584906
1791185098,8,POST,/api/playground/conversations/{conversation_id}/chat/sse,0.800000,0.000000,0,0,0,0,0,0,0,0,0,0,0,94,0,2,2.7231175274132413,1.7817160114645958,11.536963284015656,0.0
1791185098,8,POST,/api/playground/conversations/{conversation_id}/chat/{chat_id}/attachment,0.800000,0.000000,0,0,0,0,0,0,0,0,0,0,0,102,0,92,96.10348888764194,50.359142012894154,204.9606810323894,26.0
1791185098,8,TXN,multimodal_e2e,0.800000,0.000000,0,0,0,0,0,0,0,0,0,0,0,98,4,400.0,15259.491665146257,0.8673369884490967,60278.45247276127,20.428571428571427
1791185098,8,,Aggregated,3.200000,0.000000,0,0,0,0,0,0,0,0,0,0,0,400,8,20,3766.1777750588953,0.7527689449489117,60278.45247276127,21.325
1791185099,8,POST,/api/playground/conversations,0.800000,0.000000,0,0,0,0,0,0,0,0,0,0,0,106,4,7,9.267904953855389,0.7527689449489117,104.4145836494863,36.56603773584906
1791185099,8,POST,/api/playground/conversations/{conversation_id}/chat/sse,0.800000,0.000000,0,0,0,0,0,0,0,0,0,0,0,94,0,2,2.7231175274132413,1.7817160114645958,11.536963284015656,0.0
1791185099,8,POST,/api/playground/conversations/{conversation_id}/chat/{chat_id}/attachment,0.800000,0.000000,0,0,0,0,0,0,0,0,0,0,0,102,0,92,96.10348888764194,50.359142012894154,204.9606810323894,26.0
1791185099,8,TXN,multimodal_e2e,0.800000,0.000000,0,0,0,0,0,0,0,0,0,0,0,98,4,400.0,15259.491665146257,0.8673369884490967,60278.45247276127,20.428571428571427
1791185099,8,,Aggregated,3.200000,0.000000,0,0,0,0,0,0,0,0,0,0,0,400,8,20,3766.1777750588953,0.7527689449489117,60278.45247276127,21.325
1791185100,8,POST,/api/playground/conversations,0.800000,0.000000,0,0,0,0,0,0,0,0,0,0,0,106,4,7,9.267904953855389,0.7527689449489117,104.4145836494863,36.56603773584906
1791185100,8,POST,/api/playground/conversations/{conversation_id}/chat/sse,0.800000,0.000000,0,0,0,0,0,0,0,0,0,0,0,94,0,2,2.7231175274132413,1.7817160114645958,11.536963284015656,0.0
1791185100,8,POST,/api/playground/conversations/{conversation_id}/chat/{chat_id}/attachment,0.800000,0.000000,0,0,0,0,0,0,0,0,0,0,0,102,0,92,96.10348888764194,50.359142012894154,204.9606810323894,26.0
1791185100,8,TXN,multimodal_e2e,0.800000,0.000000,0,0,0,0,0,0,0,0,0,0,0,98,4,400.0,15259.491665146257,0.8673369884490967,60278.45247276127,20.428571428571427
1791185100,8,,Aggregated,3.200000,0.000000,0,0,0,0,0,0,0,0,0,0,0,400,8,20,3766.1777750588953,0.7527689449489117,60278.45247276127,21.325
1791185101,8,POST,/api/playground/conversations,0.800000,0.000000,0,0,0,0,0,0,0,0,0,0,0,106,4,7,9.267904953855389,0.7527689449489117,104.4145836494863,36.56603773584906
1791185101,8,POST,/api/playground/conversations/{conversation_id}/chat/sse,0.800000,0.000000,0,0,0,0,0,0,0,0,0,0,0,94,0,2,2.7231175274132413,1.7817160114645958,11.536963284015656,0.0
1791185101,8,POST,/api/playground/conversations/{conversation_id}/chat/{chat_id}/attachment,0.800000,0.000000,0,0,0,0,0,0,0,0,0,0,0,102,0,92,96.10348888764194,50.359142012894154,204.9606810323894,26.0
1791185101,8,TXN,multimodal_e2e,0.800000,0.000000,0,0,0,0,0,0,0,0,0,0,0,98,4,400.0,15259.491665146257,0.8673369884490967,60278.45247276127,20.428571428571427
1791185101,8,,Aggregated,3.200000,0.000000,0,0,0,0,0,0,0,0,0,0,0,400,8,20,3766.1777750588953,0.7527689449489117,60278.45247276127,21.325
1791185102,8,POST,/api/playground/conversations,0.800000,0.000000,0,0,0,0,0,0,0,0,0,0,0,106,4,7,9.267904953855389,0.7527689449489117,104.4145836494863,36.56603773584906
1791185102,8,POST,/api/playground/conversations/{conversation_id}/chat/sse,0.800000,0.000000,0,0,0,0,0,0,0,0,0,0,0,94,0,2,2.7231175274132413,1.7817160114645958,11.536963284015656,0.0
1791185102,8,POST,/api/playground/conversations/{conversation_id}/chat/{chat_id}/attachment,0.800000,0.000000,0,0,0,0,0,0,0,0,0,0,0,102,0,92,96.10348888764194,50.359142012894154,204.9606810323894,26.0
1791185102,8,TXN,multimodal_e2e,0.800000,0.000000,0,0,0,0,0,0,0,0,0,0,0,98,4,400.0,15259.491665146257,0.8673369884490967,60278.45247276127,20.428571428571427
1791185102,8,,Aggregated,3.200000,0.000000,0,0,0,0,0,0,0,0,0,0,0,400,8,20,3766.1777750588953,0.7527689449489117,60278.45247276127,21.325
1791185103,8,POST,/api/playground/conversations,0.800000,0.000000,0,0,0,0,0,0,0,0,0,0,0,106,4,7,9.267904953855389,0.7527689449489117,104.4145836494863,36.56603773584906
1791185103,8,POST,/api/playground/conversations/{conversation_id}/chat/sse,0.800000,0.000000,0,0,0,0,0,0,0,0,0,0,0,94,0,2,2.7231175274132413,1.7817160114645958,11.536963284015656,0.0
1791185103,8,POST,/api/playground/conversations/{conversation_id}/chat/{chat_id}/attachment,0.800000,0.000000,0,0,0,0,0,0,0,0,0,0,0,102,0,92,96.10348888764194,50.359142012894154,204.9606810323894,26.0
1791185103,8,TXN,multimodal_e2e,0.800000,0.000000,0,0,0,0,0,0,0,0,0,0,0,98,4,400.0,15259.491665146257,0.8673369884490967,60278.45247276127,20.428571428571427
1791185103,8,,Aggregated,3.200000,0.000000,0,0,0,0,0,0,0,0,0,0,0,400,8,20,3766.1777750588953,0.7527689449489117,60278.45247276127,21.325
1791185104,8,POST,/api/playground/conversations,0.800000,0.000000,0,0,0,0,0,0,0,0,0,0,0,106,4,7,9.267904953855389,0.7527689449489117,104.4145836494863,36.56603773584906
1791185104,8,POST,/api/playground/conversations/{conversation_id}/chat/sse,0.800000,0.000000,0,0,0,0,0,0,0,0,0,0,0,94,0,2,2.7231175274132413,1.7817160114645958,11.536963284015656,0.0
1791185104,8,POST,/api/playground/conversations/{conversation_id}/chat/{chat_id}/attachment,0.800000,0.000000,0,0,0,0,0,0,0,0,0,0,0,102,0,92,96.10348888764194,50.359142012894154,204.9606810323894,26.0
1791185104,8,TXN,multimodal_e2e,0.800000,0.000000,0,0,0,0,0,0,0,0,0,0,0,98,4,400.0,15259.491665146257,0.8673369884490967,60278.45247276127,20.428571428571427
1791185104,8,,Aggregated,3.200000,0.000000,0,0,0,0,0,0,0,0,0,0,0,400,8,20,3766.1777750588953,0.7527689449489117,60278.45247276127,21.325
1791185105,8,POST,/api/playground/conversations,0.000000,0.000000,10,10,10,10,10,10,10,10,10,10,10,108,4,7,9.237730746260947,0.7527689449489117,104.4145836494863,36.592592592592595
1791185105,8,POST,/api/playground/conversations/{conversation_id}/chat/sse,0.000000,0.000000,2,2,2,2,2,2,2,2,2,2,2,96,0,2,2.7066469338024035,1.7817160114645958,11.536963284015656,0.0
1791185105,8,POST,/api/playground/conversations/{conversation_id}/chat/{chat_id}/attachment,0.000000,0.000000,100,100,100,100,100,100,100,100,100,100,100,104,0,92,96.20970994001254,50.359142012894154,204.9606810323894,26.0
1791185105,8,TXN,multimodal_e2e,0.000000,0.000000,60000,60000,60000,60000,60000,60000,60000,60000,60000,60000,60000,100,4,400.0,15559.108478934504,0.8673369884490967,60278.45247276127,20.64
1791185105,8,,Aggregated,0.000000,0.000000,100,100,390,390,60000,60000,60000,60000,60000,60000,60000,408,8,20,3841.113163611404,0.7527689449489117,60278.45247276127,21.372549019607842
1791185106,8,POST,/api/playground/conversations,0.000000,0.000000,5,5,5,5,10,10,10,10,10,10,10,115,6,7,8.910157908078121,0.7527689449489117,104.4145836494863,36.017391304347825
1791185106,8,POST,/api/playground/conversations/{conversation_id}/chat/sse,0.000000,0.000000,2,2,3,3,14,14,14,14,14,14,14,101,0,2,2.792671853030967,1.7817160114645958,13.696508016437292,0.0
1791185106,8,POST,/api/playground/conversations/{conversation_id}/chat/{chat_id}/attachment,0.000000,0.000000,100,100,100,100,110,110,110,110,110,110,110,108,0,92,96.52894372292967,50.359142012894154,204.9606810323894,26.0
1791185106,8,TXN,multimodal_e2e,0.000000,0.000000,390,390,60000,60000,60000,60000,60000,60000,60000,60000,60000,107,6,400.0,15676.09479068996,0.8673369884490967,60278.45247276127,20.485981308411215
1791185106,8,,Aggregated,0.000000,0.000000,5,100,110,370,390,60000,60000,60000,60000,60000,60000,431,12,18,3918.965189193706,0.7527689449489117,60278.45247276127,21.211136890951277
1791185107,8,POST,/api/playground/conversations,0.000000,0.000000,5,5,5,5,8,10,10,10,10,10,10,118,6,7,8.831479046020215,0.7527689449489117,104.4145836494863,36.067796610169495
1791185107,8,POST,/api/playground/conversations/{conversation_id}/chat/sse,0.000000,0.000000,2,2,3,3,14,14,14,14,14,14,14,104,0,2,2.7786837129567106,1.7817160114645958,13.696508016437292,0.0
1791185107,8,POST,/api/playground/conversations/{conversation_id}/chat/{chat_id}/attachment,0.000000,0.000000,100,100,100,110,160,160,160,160,160,160,160,112,0,92,97.13490105267348,50.359142012894154,204.9606810323894,26.0
1791185107,8,TXN,multimodal_e2e,0.000000,0.000000,390,460,60000,60000,60000,60000,60000,60000,60000,60000,60000,110,6,400.0,15802.630961732939,0.8673369884490967,60278.45247276127,20.5
1791185107,8,,Aggregated,0.000000,0.000000,10,100,160,370,460,60000,60000,60000,60000,60000,60000,444,12,18,3942.5666944641907,0.7527689449489117,60278.45247276127,21.222972972972972
1791185108,8,POST,/api/playground/conversations,0.900000,0.200000,5,5,6,7,8,10,10,10,10,10,10,121,6,7,8.763805293470375,0.7527689449489117,104.4145836494863,36.11570247933884
1791185108,8,POST,/api/playground/conversations/{conversation_id}/chat/sse,0.700000,0.000000,2,2,2,3,3,14,14,14,14,14,14,107,0,2,2.7597403223408716,1.7817160114645958,13.696508016437292,0.0
1791185108,8,POST,/api/playground/conversations/{conversation_id}/chat/{chat_id}/attachment,0.500000,0.000000,100,100,100,100,110,160,160,160,160,160,160,114,0,93,97.10624651869007,50.359142012894154,204.9606810323894,26.0
1791185108,8,TXN,multimodal_e2e,0.900000,0.200000,390,460,60000,60000,60000,60000,60000,60000,60000,60000,60000,113,6,400.0,15921.91566137465,0.8673369884490967,60278.45247276127,20.646017699115045
1791185108,8,,Aggregated,3.000000,0.400000,8,100,160,370,460,60000,60000,60000,60000,60000,60000,455,12,18,3981.5435043812454,0.7527689449489117,60278.45247276127,21.246153846153845
1791185109,8,POST,/api/playground/conversations,0.900000,0.200000,5,6,6,6,8,10,10,10,10,10,10,123,6,6,8.709713472129126,0.7527689449489117,104.4145836494863,36.146341463414636
1791185109,8,POST,/api/playground/conversations/{conversation_id}/chat/sse,0.700000,0.000000,2,2,2,3,3,14,14,14,14,14,14,109,0,2,2.748187375041323,1.7817160114645958,13.696508016437292,0.0
1791185109,8,POST,/api/playground/conversations/{conversation_id}/chat/{chat_id}/attachment,0.500000,0.000000,100,100,100,100,110,160,160,160,160,160,160,117,0,93,97.19704307663517,50.359142012894154,204.9606810323894,26.0
1791185109,8,TXN,multimodal_e2e,0.900000,0.200000,390,460,60000,60000,60000,60000,60000,60000,60000,60000,60000,115,6,400.0,15651.88443335178,0.8673369884490967,60278.45247276127,20.556521739130435
1791185109,8,,Aggregated,3.000000,0.400000,10,100,160,370,400,60000,60000,60000,60000,60000,60000,464,12,18,3906.70174796632,0.7527689449489117,60278.45247276127,21.232758620689655
1791185110,8,POST,/api/playground/conversations,0.900000,0.200000,5,6,6,6,8,10,10,10,10,10,10,123,6,6,8.709713472129126,0.7527689449489117,104.4145836494863,36.146341463414636
1791185110,8,POST,/api/playground/conversations/{conversation_id}/chat/sse,0.700000,0.000000,2,2,2,3,3,14,14,14,14,14,14,109,0,2,2.748187375041323,1.7817160114645958,13.696508016437292,0.0
1791185110,8,POST,/api/playground/conversations/{conversation_id}/chat/{chat_id}/attachment,0.500000,0.000000,100,100,100,100,110,160,160,160,160,160,160,117,0,93,97.19704307663517,50.359142012894154,204.9606810323894,26.0
1791185110,8,TXN,multimodal_e2e,0.900000,0.200000,390,460,60000,60000,60000,60000,60000,60000,60000,60000,60000,115,6,400.0,15651.88443335178,0.8673369884490967,60278.45247276127,20.556521739130435
1791185110,8,,Aggregated,3.000000,0.400000,10,100,160,370,400,60000,60000,60000,60000,60000,60000,464,12,18,3906.70174796632,0.7527689449489117,60278.45247276127,21.232758620689655
1791185111,8,POST,/api/playground/conversations,0.900000,0.200000,5,6,6,6,8,10,10,10,10,10,10,123,6,6,8.709713472129126,0.7527689449489117,104.4145836494863,36.146341463414636
1791185111,8,POST,/api/playground/conversations/{conversation_id}/chat/sse,0.700000,0.000000,2,2,2,3,3,14,14,14,14,14,14,109,0,2,2.748187375041323,1.7817160114645958,13.696508016437292,0.0
1791185111,8,POST,/api/playground/conversations/{conversation_id}/chat/{chat_id}/attachment,0.500000,0.000000,100,100,100,100,110,160,160,160,160,160,160,117,0,93,97.19704307663517,50.359142012894154,204.9606810323894,26.0
1791185111,8,TXN,multimodal_e2e,0.900000,0.200000,390,460,60000,60000,60000,60000,60000,60000,60000,60000,60000,115,6,400.0,15651.88443335178,0.8673369884490967,60278.45247276127,20.556521739130435
1791185111,8,,Aggregated,3.000000,0.400000,10,100,160,370,400,60000,60000,60000,60000,60000,60000,464,12,18,3906.70174796632,0.7527689449489117,60278.45247276127,21.232758620689655
1791185112,8,POST,/api/playground/conversations,0.900000,0.200000,5,6,6,6,8,10,10,10,10,10,10,123,6,6,8.709713472129126,0.7527689449489117,104.4145836494863,36.146341463414636
1791185112,8,POST,/api/playground/conversations/{conversation_id}/chat/sse,0.700000,0.000000,2,2,2,3,3,14,14,14,14,14,14,109,0,2,2.748187375041323,1.7817160114645958,13.696508016437292,0.0
1791185112,8,POST,/api/playground/conversations/{conversation_id}/chat/{chat_id}/attachment,0.500000,0.000000,100,100,100,100,110,160,160,160,160,160,160,117,0,93,97.19704307663517,50.359142012894154,204.9606810323894,26.0
1791185112,8,TXN,multimodal_e2e,0.900000,0.200000,390,460,60000,60000,60000,60000,60000,60000,60000,60000,60000,115,6,400.0,15651.88443335178,0.8673369884490967,60278.45247276127,20.556521739130435
1791185112,8,,Aggregated,3.000000,0.400000,10,100,160,370,400,60000,60000,60000,60000,60000,60000,464,12,18,3906.70174796632,0.7527689449489117,60278.45247276127,21.232758620689655
1791185113,8,POST,/api/playground/conversations,0.900000,0.200000,5,6,6,6,8,10,10,10,10,10,10,123,6,6,8.709713472129126,0.7527689449489117,104.4145836494863,36.146341463414636
1791185113,8,POST,/api/playground/conversations/{conversation_id}/chat/sse,0.700000,0.000000,2,2,2,3,3,14,14,14,14,14,14,109,0,2,2.748187375041323,1.7817160114645958,13.696508016437292,0.0
1791185113,8,POST,/api/playground/conversations/{conversation_id}/chat/{chat_id}/attachment,0.500000,0.000000,100,100,100,100,110,160,160,160,160,160,160,117,0,93,97.19704307663517,50.359142012894154,204.9606810323894,26.0
1791185113,8,TXN,multimodal_e2e,0.900000,0.200000,390,460,60000,60000,60000,60000,60000,60000,60000,60000,60000,115,6,400.0,15651.88443335178,0.8673369884490967,60278.45247276127,20.556521739130435
1791185113,8,,Aggregated,3.000000,0.400000,10,100,160,370,400,60000,60000,60000,60000,60000,60000,464,12,18,3906.70174796632,0.7527689449489117,60278.45247276127,21.232758620689655
1791185114,8,POST,/api/playground/conversations,0.900000,0.200000,5,5,6,6,7,8,8,8,8,8,8,123,6,6,8.709713472129126,0.7527689449489117,104.4145836494863,36.146341463414636
1791185114,8,POST,/api/playground/conversations/{conversation_id}/chat/sse,0.700000,0.000000,2,2,2,3,3,14,14,14,14,14,14,109,0,2,2.748187375041323,1.7817160114645958,13.696508016437292,0.0
1791185114,8,POST,/api/playground/conversations/{conversation_id}/chat/{chat_id}/attachment,0.500000,0.000000,100,100,100,100,110,160,160,160,160,160,160,117,0,93,97.19704307663517,50.359142012894154,204.9606810323894,26.0
1791185114,8,TXN,multimodal_e2e,0.900000,0.200000,390,400,60000,60000,60000,60000,60000,60000,60000,60000,60000,115,6,400.0,15651.88443335178,0.8673369884490967,60278.45247276127,20.556521739130435
1791185114,8,,Aggregated,3.000000,0.400000,8,100,160,370,400,60000,60000,60000,60000,60000,60000,464,12,18,3906.70174796632,0.7527689449489117,60278.45247276127,21.232758620689655
1791185115,8,POST,/api/playground/conversations,0.900000,0.200000,6,6,7,7,8,8,8,8,8,8,8,123,6,6,8.709713472129126,0.7527689449489117,104.4145836494863,36.146341463414636
1791185115,8,POST,/api/playground/conversations/{conversation_id}/chat/sse,0.700000,0.000000,2,2,2,2,3,3,3,3,3,3,3,109,0,2,2.748187375041323,1.7817160114645958,13.696508016437292,0.0
1791185115,8,POST,/api/playground/conversations/{conversation_id}/chat/{chat_id}/attachment,0.500000,0.000000,100,100,100,110,160,160,160,160,160,160,160,117,0,93,97.19704307663517,50.359142012894154,204.9606810323894,26.0
1791185115,8,TXN,multimodal_e2e,0.900000,0.200000,400,460,60000,60000,60000,60000,60000,60000,60000,60000,60000,115,6,400.0,15651.88443335178,0.8673369884490967,60278.45247276127,20.556521739130435
1791185115,8,,Aggregated,3.000000,0.400000,93,100,160,370,400,60000,60000,60000,60000,60000,60000,464,12,18,3906.70174796632,0.7527689449489117,60278.45247276127,21.232758620689655
1791185116,8,POST,/api/playground/conversations,1.700000,0.200000,6,6,7,7,10,10,10,10,10,10,10,124,6,6,8.719635274892132,0.7527689449489117,104.4145836494863,36.16129032258065
1791185116,8,POST,/api/playground/conversations/{conversation_id}/chat/sse,1.500000,0.000000,2,2,2,2,2,2,2,2,2,2,2,110,0,2,2.741135432469574,1.7817160114645958,13.696508016437292,0.0
1791185116,8,POST,/api/playground/conversations/{conversation_id}/chat/{chat_id}/attachment,1.500000,0.000000,100,100,100,100,100,100,100,100,100,100,100,118,0,93,97.24754118755207,50.359142012894154,204.9606810323894,26.0
1791185116,8,TXN,multimodal_e2e,1.700000,0.200000,400,400,60000,60000,60000,60000,60000,60000,60000,60000,60000,116,6,400.0,16035.231169401508,0.8673369884490967,60278.45247276127,20.67241379310345
1791185116,8,,Aggregated,6.400000,0.400000,93,100,370,390,400,60000,60000,60000,60000,60000,60000,468,12,18,4002.0187717571885,0.7527689449489117,60278.45247276127,21.26068376068376
1791185117,8,POST,/api/playground/conversations,1.500000,0.200000,6,7,8,8,10,10,10,10,10,10,10,127,6,6,8.659351118436948,0.7527689449489117,104.4145836494863,36.20472440944882
1791185117,8,POST,/api/playground/conversations/{conversation_id}/chat/sse,1.300000,0.000000,2,2,2,2,2,2,2,2,2,2,2,113,0,2,2.7209934778511524,1.7817160114645958,13.696508016437292,0.0
1791185117,8,POST,/api/playground/conversations/{conversation_id}/chat/{chat_id}/attachment,1.300000,0.000000,100,100,100,100,100,100,100,100,100,100,100,120,0,93,97.22419307023908,50.359142012894154,204.9606810323894,26.0
1791185117,8,TXN,multimodal_e2e,1.500000,0.200000,410,60000,60000,60000,60000,60000,60000,60000,60000,60000,60000,119,6,400.0,16142.664414360932,0.8673369884490967,60278.45247276127,20.756302521008404
1791185117,8,,Aggregated,5.600000,0.400000,10,100,370,390,60000,60000,60000,60000,60000,60000,60000,479,12,18,4037.685132217992,0.7527689449489117,60278.45247276127,21.269311064718163
1791185118,8,POST,/api/playground/conversations,1.500000,0.200000,6,6,7,8,10,10,10,10,10,10,10,129,6,6,8.61304732718209,0.7527689449489117,104.4145836494863,36.23255813953488
1791185118,8,POST,/api/playground/conversations/{conversation_id}/chat/sse,1.300000,0.000000,2,2,2,2,2,2,2,2,2,2,2,115,0,2,2.7107996866106987,1.7817160114645958,13.696508016437292,0.0
1791185118,8,POST,/api/playground/conversations/{conversation_id}/chat/{chat_id}/attachment,1.300000,0.000000,100,100,100,100,110,110,110,110,110,110,110,123,0,93,97.33410328020895,50.359142012894154,204.9606810323894,26.0
1791185118,8,TXN,multimodal_e2e,1.500000,0.200000,400,410,60000,60000,60000,60000,60000,60000,60000,60000,60000,121,6,400.0,15882.143829964594,0.8673369884490967,60278.45247276127,20.66115702479339
1791185118,8,,Aggregated,5.600000,0.400000,93,100,370,380,410,60000,60000,60000,60000,60000,60000,488,12,18,3965.439186881861,0.7527689449489117,60278.45247276127,21.25409836065574
1791185119,8,POST,/api/playground/conversations,0.900000,0.000000,6,6,8,8,8,10,10,10,10,10,10,132,7,6,8.526505031058509,0.7527689449489117,104.4145836494863,35.984848484848484
1791185119,8,POST,/api/playground/conversations/{conversation_id}/chat/sse,0.900000,0.000000,2,2,2,2,2,3,3,3,3,3,3,117,0,2,2.702045007648631,1.7817160114645958,13.696508016437292,0.0
1791185119,8,POST,/api/playground/conversations/{conversation_id}/chat/{chat_id}/attachment,1.100000,0.000000,100,100,100,100,100,110,110,110,110,110,110,125,0,93,97.12897925451398,50.359142012894154,204.9606810323894,26.0
1791185119,8,TXN,multimodal_e2e,0.900000,0.000000,400,410,60000,60000,60000,60000,60000,60000,60000,60000,60000,124,7,400.0,15985.731053079719,0.8673369884490967,60278.45247276127,20.588709677419356
1791185119,8,,Aggregated,3.800000,0.000000,10,100,110,370,410,60000,60000,60000,60000,60000,60000,498,14,16,4007.6574516439637,0.7527689449489117,60278.45247276127,21.190763052208837
1791185120,8,POST,/api/playground/conversations,0.800000,0.000000,6,6,7,8,8,10,10,10,10,10,10,133,7,6,8.507016310958486,0.7527689449489117,104.4145836494863,36.0
1791185120,8,POST,/api/playground/conversations/{conversation_id}/chat/sse,0.800000,0.000000,2,2,2,2,2,3,3,3,3,3,3,118,0,2,2.695808372602372,1.7817160114645958,13.696508016437292,0.0
1791185120,8,POST,/api/playground/conversations/{conversation_id}/chat/{chat_id}/attachment,0.800000,0.000000,100,100,100,100,100,110,110,110,110,110,110,126,0,93,97.1239998951436,50.359142012894154,204.9606810323894,26.0
1791185120,8,TXN,multimodal_e2e,0.800000,0.000000,390,410,60000,60000,60000,60000,60000,60000,60000,60000,60000,125,7,400.0,15860.85756867379,0.8673369884490967,60278.45247276127,20.576
1791185120,8,,Aggregated,3.200000,0.000000,10,100,110,380,410,60000,60000,60000,60000,60000,60000,502,14,16,3976.681989299475,0.7527689449489117,60278.45247276127,21.187250996015937
1791185121,8,POST,/api/playground/conversations,0.800000,0.000000,6,6,8,8,10,10,10,10,10,10,10,133,7,6,8.507016310958486,0.7527689449489117,104.4145836494863,36.0
1791185121,8,POST,/api/playground/conversations/{conversation_id}/chat/sse,0.800000,0.000000,2,2,2,2,3,3,3,3,3,3,3,118,0,2,2.695808372602372,1.7817160114645958,13.696508016437292,0.0
1791185121,8,POST,/api/playground/conversations/{conversation_id}/chat/{chat_id}/attachment,0.800000,0.000000,99,100,100,100,110,110,110,110,110,110,110,126,0,93,97.1239998951436,50.359142012894154,204.9606810323894,26.0
1791185121,8,TXN,multimodal_e2e,0.800000,0.000000,380,410,60000,60000,60000,60000,60000,60000,60000,60000,60000,125,7,400.0,15860.85756867379,0.8673369884490967,60278.45247276127,20.576
1791185121,8,,Aggregated,3.200000,0.000000,10,100,110,370,410,60000,60000,60000,60000,60000,60000,502,14,16,3976.681989299475,0.7527689449489117,60278.45247276127,21.187250996015937
1791185122,8,POST,/api/playground/conversations,0.800000,0.000000,6,6,8,8,10,10,10,10,10,10,10,133,7,6,8.507016310958486,0.7527689449489117,104.4145836494863,36.0
1791185122,8,POST,/api/playground/conversations/{conversation_id}/chat/sse,0.800000,0.000000,2,2,2,2,3,3,3,3,3,3,3,118,0,2,2.695808372602372,1.7817160114645958,13.696508016437292,0.0
1791185122,8,POST,/api/playground/conversations/{conversation_id}/chat/{chat_id}/attachment,0.800000,0.000000,99,100,100,100,110,110,110,110,110,110,110,126,0,93,97.1239998951436,50.359142012894154,204.9606810323894,26.0
1791185122,8,TXN,multimodal_e2e,0.800000,0.000000,380,410,60000,60000,60000,60000,60000,60000,60000,60000,60000,125,7,400.0,15860.85756867379,0.8673369884490967,60278.45247276127,20.576
1791185122,8,,Aggregated,3.200000,0.000000,10,100,110,370,410,60000,60000,60000,60000,60000,60000,502,14,16,3976.681989299475,0.7527689449489117,60278.45247276127,21.187250996015937
1791185123,8,POST,/api/playground/conversations,0.800000,0.000000,6,6,8,8,10,10,10,10,10,10,10,133,7,6,8.507016310958486,0.7527689449489117,104.4145836494863,36.0
1791185123,8,POST,/api/playground/conversations/{conversation_id}/chat/sse,0.800000,0.000000,2,2,2,2,3,3,3,3,3,3,3,118,0,2,2.695808372602372,1.7817160114645958,13.696508016437292,0.0
1791185123,8,POST,/api/playground/conversations/{conversation_id}/chat/{chat_id}/attachment,0.800000,0.000000,99,100,100,100,110,110,110,110,110,110,110,126,0,93,97.1239998951436,50.359142012894154,204.9606810323894,26.0
1791185123,8,TXN,multimodal_e2e,0.800000,0.000000,380,410,60000,60000,60000,60000,60000,60000,60000,60000,60000,125,7,400.0,15860.85756867379,0.8673369884490967,60278.45247276127,20.576
1791185123,8,,Aggregated,3.200000,0.000000,10,100,110,370,410,60000,60000,60000,60000,60000,60000,502,14,16,3976.681989299475,0.7527689449489117,60278.45247276127,21.187250996015937
1791185124,8,POST,/api/playground/conversations,0.800000,0.000000,6,6,8,8,10,10,10,10,10,10,10,133,7,6,8.507016310958486,0.7527689449489117,104.4145836494863,36.0
1791185124,8,POST,/api/playground/conversations/{conversation_id}/chat/sse,0.800000,0.000000,2,2,2,2,3,3,3,3,3,3,3,118,0,2,2.695808372602372,1.7817160114645958,13.696508016437292,0.0
1791185124,8,POST,/api/playground/conversations/{conversation_id}/chat/{chat_id}/attachment,0.800000,0.000000,99,100,100,100,110,110,110,110,110,110,110,126,0,93,97.1239998951436,50.359142012894154,204.9606810323894,26.0
1791185124,8,TXN,multimodal_e2e,0.800000,0.000000,380,410,60000,60000,60000,60000,60000,60000,60000,60000,60000,125,7,400.0,15860.85756867379,0.8673369884490967,60278.45247276127,20.576
1791185124,8,,Aggregated,3.200000,0.000000,10,100,110,370,410,60000,60000,60000,60000,60000,60000,502,14,16,3976.681989299475,0.7527689449489117,60278.45247276127,21.187250996015937
1791185125,8,POST,/api/playground/conversations,0.800000,0.000000,6,6,6,8,8,8,8,8,8,8,8,133,7,6,8.507016310958486,0.7527689449489117,104.4145836494863,36.0
1791185125,8,POST,/api/playground/conversations/{conversation_id}/chat/sse,0.800000,0.000000,2,2,2,2,3,3,3,3,3,3,3,118,0,2,2.695808372602372,1.7817160114645958,13.696508016437292,0.0
1791185125,8,POST,/api/playground/conversations/{conversation_id}/chat/{chat_id}/attachment,0.800000,0.000000,99,100,100,100,110,110,110,110,110,110,110,126,0,93,97.1239998951436,50.359142012894154,204.9606810323894,26.0
1791185125,8,TXN,multimodal_e2e,0.800000,0.000000,380,380,410,60000,60000,60000,60000,60000,60000,60000,60000,125,7,400.0,15860.85756867379,0.8673369884490967,60278.45247276127,20.576
1791185125,8,,Aggregated,3.200000,0.000000,8,99,110,370,380,60000,60000,60000,60000,60000,60000,502,14,16,3976.681989299475,0.7527689449489117,60278.45247276127,21.187250996015937
1791185126,8,POST,/api/playground/conversations,0.800000,0.000000,6,6,8,8,8,8,8,8,8,8,8,133,7,6,8.507016310958486,0.7527689449489117,104.4145836494863,36.0
1791185126,8,POST,/api/playground/conversations/{conversation_id}/chat/sse,0.800000,0.000000,2,2,2,2,3,3,3,3,3,3,3,118,0,2,2.695808372602372,1.7817160114645958,13.696508016437292,0.0
1791185126,8,POST,/api/playground/conversations/{conversation_id}/chat/{chat_id}/attachment,0.800000,0.000000,100,100,100,100,110,110,110,110,110,110,110,126,0,93,97.1239998951436,50.359142012894154,204.9606810323894,26.0
1791185126,8,TXN,multimodal_e2e,0.800000,0.000000,380,380,60000,60000,60000,60000,60000,60000,60000,60000,60000,125,7,400.0,15860.85756867379,0.8673369884490967,60278.45247276127,20.576
1791185126,8,,Aggregated,3.200000,0.000000,8,100,110,370,380,60000,60000,60000,60000,60000,60000,502,14,16,3976.681989299475,0.7527689449489117,60278.45247276127,21.187250996015937
1791185127,8,POST,/api/playground/conversations,0.800000,0.000000,6,6,8,8,8,8,8,8,8,8,8,133,7,6,8.507016310958486,0.7527689449489117,104.4145836494863,36.0
1791185127,8,POST,/api/playground/conversations/{conversation_id}/chat/sse,0.800000,0.000000,2,2,3,3,3,3,3,3,3,3,3,118,0,2,2.695808372602372,1.7817160114645958,13.696508016437292,0.0
1791185127,8,POST,/api/playground/conversations/{conversation_id}/chat/{chat_id}/attachment,0.800000,0.000000,97,97,100,100,100,100,100,100,100,100,100,126,0,93,97.1239998951436,50.359142012894154,204.9606810323894,26.0
1791185127,8,TXN,multimodal_e2e,0.800000,0.000000,380,380,60000,60000,60000,60000,60000,60000,60000,60000,60000,125,7,400.0,15860.85756867379,0.8673369884490967,60278.45247276127,20.576
1791185127,8,,Aggregated,3.200000,0.000000,8,97,100,370,380,60000,60000,60000,60000,60000,60000,502,14,16,3976.681989299475,0.7527689449489117,60278.45247276127,21.187250996015937
1791185128,8,POST,/api/playground/conversations,0.800000,0.000000,6,6,6,6,6,6,6,6,6,6,6,133,7,6,8.507016310958486,0.7527689449489117,104.4145836494863,36.0
1791185128,8,POST,/api/playground/conversations/{conversation_id}/chat/sse,0.800000,0.000000,2,2,2,2,2,2,2,2,2,2,2,118,0,2,2.695808372602372,1.7817160114645958,13.696508016437292,0.0
1791185128,8,POST,/api/playground/conversations/{conversation_id}/chat/{chat_id}/attachment,0.800000,0.000000,97,97,97,97,97,97,97,97,97,97,97,126,0,93,97.1239998951436,50.359142012894154,204.9606810323894,26.0
1791185128,8,TXN,multimodal_e2e,0.800000,0.000000,380,380,380,380,380,380,380,380,380,380,380,125,7,400.0,15860.85756867379,0.8673369884490967,60278.45247276127,20.576
1791185128,8,,Aggregated,3.200000,0.000000,97,97,380,380,380,380,380,380,380,380,380,502,14,16,3976.681989299475,0.7527689449489117,60278.45247276127,21.187250996015937
1791185129,8,POST,/api/playground/conversations,0.800000,0.000000,6,6,6,6,6,6,6,6,6,6,6,133,7,6,8.507016310958486,0.7527689449489117,104.4145836494863,36.0
1791185129,8,POST,/api/playground/conversations/{conversation_id}/chat/sse,0.800000,0.000000,2,2,2,2,2,2,2,2,2,2,2,118,0,2,2.695808372602372,1.7817160114645958,13.696508016437292,0.0
1791185129,8,POST,/api/playground/conversations/{conversation_id}/chat/{chat_id}/attachment,0.800000,0.000000,97,97,97,97,97,97,97,97,97,97,97,126,0,93,97.1239998951436,50.359142012894154,204.9606810323894,26.0
1791185129,8,TXN,multimodal_e2e,0.800000,0.000000,380,380,380,380,380,380,380,380,380,380,380,125,7,400.0,15860.85756867379,0.8673369884490967,60278.45247276127,20.576
1791185129,8,,Aggregated,3.200000,0.000000,97,97,380,380,380,380,380,380,380,380,380,502,14,16,3976.681989299475,0.7527689449489117,60278.45247276127,21.187250996015937
1791185130,8,POST,/api/playground/conversations,0.800000,0.000000,6,6,6,6,6,6,6,6,6,6,6,133,7,6,8.507016310958486,0.7527689449489117,104.4145836494863,36.0
1791185130,8,POST,/api/playground/conversations/{conversation_id}/chat/sse,0.800000,0.000000,2,2,2,2,2,2,2,2,2,2,2,118,0,2,2.695808372602372,1.7817160114645958,13.696508016437292,0.0
1791185130,8,POST,/api/playground/conversations/{conversation_id}/chat/{chat_id}/attachment,0.800000,0.000000,97,97,97,97,97,97,97,97,97,97,97,126,0,93,97.1239998951436,50.359142012894154,204.9606810323894,26.0
1791185130,8,TXN,multimodal_e2e,0.800000,0.000000,380,380,380,380,380,380,380,380,380,380,380,125,7,400.0,15860.85756867379,0.8673369884490967,60278.45247276127,20.576
1791185130,8,,Aggregated,3.200000,0.000000,97,97,380,380,380,380,380,380,380,380,380,502,14,16,3976.681989299475,0.7527689449489117,60278.45247276127,21.187250996015937
1791185131,8,POST,/api/playground/conversations,0.800000,0.000000,6,6,6,6,6,6,6,6,6,6,6,133,7,6,8.507016310958486,0.7527689449489117,104.4145836494863,36.0
1791185131,8,POST,/api/playground/conversations/{conversation_id}/chat/sse,0.800000,0.000000,2,2,2,2,2,2,2,2,2,2,2,118,0,2,2.695808372602372,1.7817160114645958,13.696508016437292,0.0
1791185131,8,POST,/api/playground/conversations/{conversation_id}/chat/{chat_id}/attachment,0.800000,0.000000,97,97,97,97,97,97,97,97,97,97,97,126,0,93,97.1239998951436,50.359142012894154,204.9606810323894,26.0
1791185131,8,TXN,multimodal_e2e,0.800000,0.000000,380,380,380,380,380,380,380,380,380,380,380,125,7,400.0,15860.85756867379,0.8673369884490967,60278.45247276127,20.576
1791185131,8,,Aggregated,3.200000,0.000000,97,97,380,380,380,380,380,380,380,380,380,502,14,16,3976.681989299475,0.7527689449489117,60278.45247276127,21.187250996015937
1791185132,8,POST,/api/playground/conversations,0.800000,0.000000,6,6,6,6,6,6,6,6,6,6,6,133,7,6,8.507016310958486,0.7527689449489117,104.4145836494863,36.0
1791185132,8,POST,/api/playground/conversations/{conversation_id}/chat/sse,0.800000,0.000000,2,2,2,2,2,2,2,2,2,2,2,118,0,2,2.695808372602372,1.7817160114645958,13.696508016437292,0.0
1791185132,8,POST,/api/playground/conversations/{conversation_id}/chat/{chat_id}/attachment,0.800000,0.000000,97,97,97,97,97,97,97,97,97,97,97,126,0,93,97.1239998951436,50.359142012894154,204.9606810323894,26.0
1791185132,8,TXN,multimodal_e2e,0.800000,0.000000,380,380,380,380,380,380,380,380,380,380,380,125,7,400.0,15860.85756867379,0.8673369884490967,60278.45247276127,20.576
1791185132,8,,Aggregated,3.200000,0.000000,97,97,380,380,380,380,380,380,380,380,380,502,14,16,3976.681989299475,0.7527689449489117,60278.45247276127,21.187250996015937
1791185133,8,POST,/api/playground/conversations,0.800000,0.000000,6,6,6,6,6,6,6,6,6,6,6,133,7,6,8.507016310958486,0.7527689449489117,104.4145836494863,36.0
1791185133,8,POST,/api/playground/conversations/{conversation_id}/chat/sse,0.800000,0.000000,2,2,2,2,2,2,2,2,2,2,2,118,0,2,2.695808372602372,1.7817160114645958,13.696508016437292,0.0
1791185133,8,POST,/api/playground/conversations/{conversation_id}/chat/{chat_id}/attachment,0.800000,0.000000,97,97,97,97,97,97,97,97,97,97,97,126,0,93,97.1239998951436,50.359142012894154,204.9606810323894,26.0
1791185133,8,TXN,multimodal_e2e,0.800000,0.000000,380,380,380,380,380,380,380,380,380,380,380,125,7,400.0,15860.85756867379,0.8673369884490967,60278.45247276127,20.576
1791185133,8,,Aggregated,3.200000,0.000000,97,97,380,380,380,380,380,380,380,380,380,502,14,16,3976.681989299475,0.7527689449489117,60278.45247276127,21.187250996015937
1791185134,8,POST,/api/playground/conversations,0.800000,0.000000,6,6,6,6,6,6,6,6,6,6,6,133,7,6,8.507016310958486,0.7527689449489117,104.4145836494863,36.0
1791185134,8,POST,/api/playground/conversations/{conversation_id}/chat/sse,0.800000,0.000000,2,2,2,2,2,2,2,2,2,2,2,118,0,2,2.695808372602372,1.7817160114645958,13.696508016437292,0.0
1791185134,8,POST,/api/playground/conversations/{conversation_id}/chat/{chat_id}/attachment,0.800000,0.000000,97,97,97,97,97,97,97,97,97,97,97,126,0,93,97.1239998951436,50.359142012894154,204.9606810323894,26.0
1791185134,8,TXN,multimodal_e2e,0.800000,0.000000,380,380,380,380,380,380,380,380,380,380,380,125,7,400.0,15860.85756867379,0.8673369884490967,60278.45247276127,20.576
1791185134,8,,Aggregated,3.200000,0.000000,97,97,380,380,380,380,380,380,380,380,380,502,14,16,3976.681989299475,0.7527689449489117,60278.45247276127,21.187250996015937
1791185135,8,POST,/api/playground/conversations,0.800000,0.000000,6,6,6,6,6,6,6,6,6,6,6,133,7,6,8.507016310958486,0.7527689449489117,104.4145836494863,36.0
1791185135,8,POST,/api/playground/conversations/{conversation_id}/chat/sse,0.800000,0.000000,2,2,2,2,2,2,2,2,2,2,2,118,0,2,2.695808372602372,1.7817160114645958,13.696508016437292,0.0
1791185135,8,POST,/api/playground/conversations/{conversation_id}/chat/{chat_id}/attachment,0.800000,0.000000,97,97,97,97,97,97,97,97,97,97,97,126,0,93,97.1239998951436,50.359142012894154,204.9606810323894,26.0
1791185135,8,TXN,multimodal_e2e,0.800000,0.000000,380,380,380,380,380,380,380,380,380,380,380,125,7,400.0,15860.85756867379,0.8673369884490967,60278.45247276127,20.576
1791185135,8,,Aggregated,3.200000,0.000000,97,97,380,380,380,380,380,380,380,380,380,502,14,16,3976.681989299475,0.7527689449489117,60278.45247276127,21.187250996015937
1791185136,8,POST,/api/playground/conversations,0.800000,0.000000,6,6,6,6,6,6,6,6,6,6,6,133,7,6,8.507016310958486,0.7527689449489117,104.4145836494863,36.0
1791185136,8,POST,/api/playground/conversations/{conversation_id}/chat/sse,0.800000,0.000000,2,2,2,2,2,2,2,2,2,2,2,118,0,2,2.695808372602372,1.7817160114645958,13.696508016437292,0.0
1791185136,8,POST,/api/playground/conversations/{conversation_id}/chat/{chat_id}/attachment,0.800000,0.000000,97,97,97,97,97,97,97,97,97,97,97,126,0,93,97.1239998951436,50.359142012894154,204.9606810323894,26.0
1791185136,8,TXN,multimodal_e2e,0.800000,0.000000,380,380,380,380,380,380,380,380,380,380,380,125,7,400.0,15860.85756867379,0.8673369884490967,60278.45247276127,20.576
1791185136,8,,Aggregated,3.200000,0.000000,97,97,380,380,380,380,380,380,380,380,380,502,14,16,3976.681989299475,0.7527689449489117,60278.45247276127,21.187250996015937
1791185137,8,POST,/api/playground/conversations,0.800000,0.000000,0,0,0,0,0,0,0,0,0,0,0,133,7,6,8.507016310958486,0.7527689449489117,104.4145836494863,36.0
1791185137,8,POST,/api/playground/conversations/{conversation_id}/chat/sse,0.800000,0.000000,0,0,0,0,0,0,0,0,0,0,0,118,0,2,2.695808372602372,1.7817160114645958,13.696508016437292,0.0
1791185137,8,POST,/api/playground/conversations/{conversation_id}/chat/{chat_id}/attachment,0.800000,0.000000,0,0,0,0,0,0,0,0,0,0,0,126,0,93,97.1239998951436,50.359142012894154,204.9606810323894,26.0
1791185137,8,TXN,multimodal_e2e,0.800000,0.000000,0,0,0,0,0,0,0,0,0,0,0,125,7,400.0,15860.85756867379,0.8673369884490967,60278.45247276127,20.576
1791185137,8,,Aggregated,3.200000,0.000000,0,0,0,0,0,0,0,0,0,0,0,502,14,16,3976.681989299475,0.7527689449489117,60278.45247276127,21.187250996015937
1791185138,8,POST,/api/playground/conversations,0.800000,0.000000,0,0,0,0,0,0,0,0,0,0,0,133,7,6,8.507016310958486,0.7527689449489117,104.4145836494863,36.0
1791185138,8,POST,/api/playground/conversations/{conversation_id}/chat/sse,0.800000,0.000000,0,0,0,0,0,0,0,0,0,0,0,118,0,2,2.695808372602372,1.7817160114645958,13.696508016437292,0.0
1791185138,8,POST,/api/playground/conversations/{conversation_id}/chat/{chat_id}/attachment,0.800000,0.000000,0,0,0,0,0,0,0,0,0,0,0,126,0,93,97.1239998951436,50.359142012894154,204.9606810323894,26.0
1791185138,8,TXN,multimodal_e2e,0.800000,0.000000,0,0,0,0,0,0,0,0,0,0,0,125,7,400.0,15860.85756867379,0.8673369884490967,60278.45247276127,20.576
1791185138,8,,Aggregated,3.200000,0.000000,0,0,0,0,0,0,0,0,0,0,0,502,14,16,3976.681989299475,0.7527689449489117,60278.45247276127,21.187250996015937
1791185139,8,POST,/api/playground/conversations,0.800000,0.000000,0,0,0,0,0,0,0,0,0,0,0,133,7,6,8.507016310958486,0.7527689449489117,104.4145836494863,36.0
1791185139,8,POST,/api/playground/conversations/{conversation_id}/chat/sse,0.800000,0.000000,0,0,0,0,0,0,0,0,0,0,0,118,0,2,2.695808372602372,1.7817160114645958,13.696508016437292,0.0
1791185139,8,POST,/api/playground/conversations/{conversation_id}/chat/{chat_id}/attachment,0.800000,0.000000,0,0,0,0,0,0,0,0,0,0,0,126,0,93,97.1239998951436,50.359142012894154,204.9606810323894,26.0
1791185139,8,TXN,multimodal_e2e,0.800000,0.000000,0,0,0,0,0,0,0,0,0,0,0,125,7,400.0,15860.85756867379,0.8673369884490967,60278.45247276127,20.576
1791185139,8,,Aggregated,3.200000,0.000000,0,0,0,0,0,0,0,0,0,0,0,502,14,16,3976.681989299475,0.7527689449489117,60278.45247276127,21.187250996015937
1791185140,8,POST,/api/playground/conversations,0.800000,0.000000,0,0,0,0,0,0,0,0,0,0,0,133,7,6,8.507016310958486,0.7527689449489117,104.4145836494863,36.0
1791185140,8,POST,/api/playground/conversations/{conversation_id}/chat/sse,0.800000,0.000000,0,0,0,0,0,0,0,0,0,0,0,118,0,2,2.695808372602372,1.7817160114645958,13.696508016437292,0.0
1791185140,8,POST,/api/playground/conversations/{conversation_id}/chat/{chat_id}/attachment,0.800000,0.000000,0,0,0,0,0,0,0,0,0,0,0,126,0,93,97.1239998951436,50.359142012894154,204.9606810323894,26.0
1791185140,8,TXN,multimodal_e2e,0.800000,0.000000,0,0,0,0,0,0,0,0,0,0,0,125,7,400.0,15860.85756867379,0.8673369884490967,60278.45247276127,20.576
1791185140,8,,Aggregated,3.200000,0.000000,0,0,0,0,0,0,0,0,0,0,0,502,14,16,3976.681989299475,0.7527689449489117,60278.45247276127,21.187250996015937
1791185141,8,POST,/api/playground/conversations,0.800000,0.000000,0,0,0,0,0,0,0,0,0,0,0,133,7,6,8.507016310958486,0.7527689449489117,104.4145836494863,36.0
1791185141,8,POST,/api/playground/conversations/{conversation_id}/chat/sse,0.800000,0.000000,0,0,0,0,0,0,0,0,0,0,0,118,0,2,2.695808372602372,1.7817160114645958,13.696508016437292,0.0
1791185141,8,POST,/api/playground/conversations/{conversation_id}/chat/{chat_id}/attachment,0.800000,0.000000,0,0,0,0,0,0,0,0,0,0,0,126,0,93,97.1239998951436,50.359142012894154,204.9606810323894,26.0
1791185141,8,TXN,multimodal_e2e,0.800000,0.000000,0,0,0,0,0,0,0,0,0,0,0,125,7,400.0,15860.85756867379,0.8673369884490967,60278.45247276127,20.576
1791185141,8,,Aggregated,3.200000,0.000000,0,0,0,0,0,0,0,0,0,0,0,502,14,16,3976.681989299475,0.7527689449489117,60278.45247276127,21.187250996015937
1791185142,8,POST,/api/playground/conversations,0.800000,0.000000,0,0,0,0,0,0,0,0,0,0,0,133,7,6,8.507016310958486,0.7527689449489117,104.4145836494863,36.0
1791185142,8,POST,/api/playground/conversations/{conversation_id}/chat/sse,0.800000,0.000000,0,0,0,0,0,0,0,0,0,0,0,118,0,2,2.695808372602372,1.7817160114645958,13.696508016437292,0.0
1791185142,8,POST,/api/playground/conversations/{conversation_id}/chat/{chat_id}/attachment,0.800000,0.000000,0,0,0,0,0,0,0,0,0,0,0,126,0,93,97.1239998951436,50.359142012894154,204.9606810323894,26.0
1791185142,8,TXN,multimodal_e2e,0.800000,0.000000,0,0,0,0,0,0,0,0,0,0,0,125,7,400.0,15860.85756867379,0.8673369884490967,60278.45247276127,20.576
1791185142,8,,Aggregated,3.200000,0.000000,0,0,0,0,0,0,0,0,0,0,0,502,14,16,3976.681989299475,0.7527689449489117,60278.45247276127,21.187250996015937
1791185143,8,POST,/api/playground/conversations,0.800000,0.000000,0,0,0,0,0,0,0,0,0,0,0,133,7,6,8.507016310958486,0.7527689449489117,104.4145836494863,36.0
1791185143,8,POST,/api/playground/conversations/{conversation_id}/chat/sse,0.800000,0.000000,0,0,0,0,0,0,0,0,0,0,0,118,0,2,2.695808372602372,1.7817160114645958,13.696508016437292,0.0
1791185143,8,POST,/api/playground/conversations/{conversation_id}/chat/{chat_id}/attachment,0.800000,0.000000,0,0,0,0,0,0,0,0,0,0,0,126,0,93,97.1239998951436,50.359142012894154,204.9606810323894,26.0
1791185143,8,TXN,multimodal_e2e,0.800000,0.000000,0,0,0,0,0,0,0,0,0,0,0,125,7,400.0,15860.85756867379,0.8673369884490967,60278.45247276127,20.576
1791185143,8,,Aggregated,3.200000,0.000000,0,0,0,0,0,0,0,0,0,0,0,502,14,16,3976.681989299475,0.7527689449489117,60278.45247276127,21.187250996015937
1791185144,8,POST,/api/playground/conversations,0.800000,0.000000,0,0,0,0,0,0,0,0,0,0,0,133,7,6,8.507016310958486,0.7527689449489117,104.4145836494863,36.0
1791185144,8,POST,/api/playground/conversations/{conversation_id}/chat/sse,0.800000,0.000000,0,0,0,0,0,0,0,0,0,0,0,118,0,2,2.695808372602372,1.7817160114645958,13.696508016437292,0.0
1791185144,8,POST,/api/playground/conversations/{conversation_id}/chat/{chat_id}/attachment,0.800000,0.000000,0,0,0,0,0,0,0,0,0,0,0,126,0,93,97.1239998951436,50.359142012894154,204.9606810323894,26.0
1791185144,8,TXN,multimodal_e2e,0.800000,0.000000,0,0,0,0,0,0,0,0,0,0,0,125,7,400.0,15860.85756867379,0.8673369884490967,60278.45247276127,20.576
1791185144,8,,Aggregated,3.200000,0.000000,0,0,0,0,0,0,0,0,0,0,0,502,14,16,3976.681989299475,0.7527689449489117,60278.45247276127,21.187250996015937
1791185145,8,POST,/api/playground/conversations,0.800000,0.000000,0,0,0,0,0,0,0,0,0,0,0,133,7,6,8.507016310958486,0.7527689449489117,104.4145836494863,36.0
1791185145,8,POST,/api/playground/conversations/{conversation_id}/chat/sse,0.800000,0.000000,0,0,0,0,0,0,0,0,0,0,0,118,0,2,2.695808372602372,1.7817160114645958,13.696508016437292,0.0
1791185145,8,POST,/api/playground/conversations/{conversation_id}/chat/{chat_id}/attachment,0.800000,0.000000,0,0,0,0,0,0,0,0,0,0,0,126,0,93,97.1239998951436,50.359142012894154,204.9606810323894,26.0
1791185145,8,TXN,multimodal_e2e,0.800000,0.000000,0,0,0,0,0,0,0,0,0,0,0,125,7,400.0,15860.85756867379,0.8673369884490967,60278.45247276127,20.576
1791185145,8,,Aggregated,3.200000,0.000000,0,0,0,0,0,0,0,0,0,0,0,502,14,16,3976.681989299475,0.7527689449489117,60278.45247276127,21.187250996015937
1791185146,8,POST,/api/playground/conversations,0.800000,0.000000,0,0,0,0,0,0,0,0,0,0,0,133,7,6,8.507016310958486,0.7527689449489117,104.4145836494863,36.0
1791185146,8,POST,/api/playground/conversations/{conversation_id}/chat/sse,0.800000,0.000000,0,0,0,0,0,0,0,0,0,0,0,118,0,2,2.695808372602372,1.7817160114645958,13.696508016437292,0.0
1791185146,8,POST,/api/playground/conversations/{conversation_id}/chat/{chat_id}/attachment,0.800000,0.000000,0,0,0,0,0,0,0,0,0,0,0,126,0,93,97.1239998951436,50.359142012894154,204.9606810323894,26.0
1791185146,8,TXN,multimodal_e2e,0.800000,0.000000,0,0,0,0,0,0,0,0,0,0,0,125,7,400.0,15860.85756867379,0.8673369884490967,60278.45247276127,20.576
1791185146,8,,Aggregated,3.200000,0.000000,0,0,0,0,0,0,0,0,0,0,0,502,14,16,3976.681989299475,0.7527689449489117,60278.45247276127,21.187250996015937
1791185147,8,POST,/api/playground/conversations,0.800000,0.000000,0,0,0,0,0,0,0,0,0,0,0,133,7,6,8.507016310958486,0.7527689449489117,104.4145836494863,36.0
1791185147,8,POST,/api/playground/conversations/{conversation_id}/chat/sse,0.800000,0.000000,0,0,0,0,0,0,0,0,0,0,0,118,0,2,2.695808372602372,1.7817160114645958,13.696508016437292,0.0
1791185147,8,POST,/api/playground/conversations/{conversation_id}/chat/{chat_id}/attachment,0.800000,0.000000,0,0,0,0,0,0,0,0,0,0,0,126,0,93,97.1239998951436,50.359142012894154,204.9606810323894,26.0
1791185147,8,TXN,multimodal_e2e,0.800000,0.000000,0,0,0,0,0,0,0,0,0,0,0,125,7,400.0,15860.85756867379,0.8673369884490967,60278.45247276127,20.576
1791185147,8,,Aggregated,3.200000,0.000000,0,0,0,0,0,0,0,0,0,0,0,502,14,16,3976.681989299475,0.7527689449489117,60278.45247276127,21.187250996015937
1791185148,8,POST,/api/playground/conversations,0.800000,0.000000,0,0,0,0,0,0,0,0,0,0,0,133,7,6,8.507016310958486,0.7527689449489117,104.4145836494863,36.0
1791185148,8,POST,/api/playground/conversations/{conversation_id}/chat/sse,0.800000,0.000000,0,0,0,0,0,0,0,0,0,0,0,118,0,2,2.695808372602372,1.7817160114645958,13.696508016437292,0.0
1791185148,8,POST,/api/playground/conversations/{conversation_id}/chat/{chat_id}/attachment,0.800000,0.000000,0,0,0,0,0,0,0,0,0,0,0,126,0,93,97.1239998951436,50.359142012894154,204.9606810323894,26.0
1791185148,8,TXN,multimodal_e2e,0.800000,0.000000,0,0,0,0,0,0,0,0,0,0,0,125,7,400.0,15860.85756867379,0.8673369884490967,60278.45247276127,20.576
1791185148,8,,Aggregated,3.200000,0.000000,0,0,0,0,0,0,0,0,0,0,0,502,14,16,3976.681989299475,0.7527689449489117,60278.45247276127,21.187250996015937
1791185149,8,POST,/api/playground/conversations,0.800000,0.000000,0,0,0,0,0,0,0,0,0,0,0,133,7,6,8.507016310958486,0.7527689449489117,104.4145836494863,36.0
1791185149,8,POST,/api/playground/conversations/{conversation_id}/chat/sse,0.800000,0.000000,0,0,0,0,0,0,0,0,0,0,0,118,0,2,2.695808372602372,1.7817160114645958,13.696508016437292,0.0
1791185149,8,POST,/api/playground/conversations/{conversation_id}/chat/{chat_id}/attachment,0.800000,0.000000,0,0,0,0,0,0,0,0,0,0,0,126,0,93,97.1239998951436,50.359142012894154,204.9606810323894,26.0
1791185149,8,TXN,multimodal_e2e,0.800000,0.000000,0,0,0,0,0,0,0,0,0,0,0,125,7,400.0,15860.85756867379,0.8673369884490967,60278.45247276127,20.576
1791185149,8,,Aggregated,3.200000,0.000000,0,0,0,0,0,0,0,0,0,0,0,502,14,16,3976.681989299475,0.7527689449489117,60278.45247276127,21.187250996015937
1791185150,8,POST,/api/playground/conversations,0.800000,0.000000,0,0,0,0,0,0,0,0,0,0,0,133,7,6,8.507016310958486,0.7527689449489117,104.4145836494863,36.0
1791185150,8,POST,/api/playground/conversations/{conversation_id}/chat/sse,0.800000,0.000000,0,0,0,0,0,0,0,0,0,0,0,118,0,2,2.695808372602372,1.7817160114645958,13.696508016437292,0.0
1791185150,8,POST,/api/playground/conversations/{conversation_id}/chat/{chat_id}/attachment,0.800000,0.000000,0,0,0,0,0,0,0,0,0,0,0,126,0,93,97.1239998951436,50.359142012894154,204.9606810323894,26.0
1791185150,8,TXN,multimodal_e2e,0.800000,0.000000,0,0,0,0,0,0,0,0,0,0,0,125,7,400.0,15860.85756867379,0.8673369884490967,60278.45247276127,20.576
1791185150,8,,Aggregated,3.200000,0.000000,0,0,0,0,0,0,0,0,0,0,0,502,14,16,3976.681989299475,0.7527689449489117,60278.45247276127,21.187250996015937
1791185151,8,POST,/api/playground/conversations,0.800000,0.000000,0,0,0,0,0,0,0,0,0,0,0,133,7,6,8.507016310958486,0.7527689449489117,104.4145836494863,36.0
1791185151,8,POST,/api/playground/conversations/{conversation_id}/chat/sse,0.800000,0.000000,0,0,0,0,0,0,0,0,0,0,0,118,0,2,2.695808372602372,1.7817160114645958,13.696508016437292,0.0
1791185151,8,POST,/api/playground/conversations/{conversation_id}/chat/{chat_id}/attachment,0.800000,0.000000,0,0,0,0,0,0,0,0,0,0,0,126,0,93,97.1239998951436,50.359142012894154,204.9606810323894,26.0
1791185151,8,TXN,multimodal_e2e,0.800000,0.000000,0,0,0,0,0,0,0,0,0,0,0,125,7,400.0,15860.85756867379,0.8673369884490967,60278.45247276127,20.576
1791185151,8,,Aggregated,3.200000,0.000000,0,0,0,0,0,0,0,0,0,0,0,502,14,16,3976.681989299475,0.7527689449489117,60278.45247276127,21.187250996015937
1791185152,8,POST,/api/playground/conversations,0.800000,0.000000,0,0,0,0,0,0,0,0,0,0,0,133,7,6,8.507016310958486,0.7527689449489117,104.4145836494863,36.0
1791185152,8,POST,/api/playground/conversations/{conversation_id}/chat/sse,0.800000,0.000000,0,0,0,0,0,0,0,0,0,0,0,118,0,2,2.695808372602372,1.7817160114645958,13.696508016437292,0.0
1791185152,8,POST,/api/playground/conversations/{conversation_id}/chat/{chat_id}/attachment,0.800000,0.000000,0,0,0,0,0,0,0,0,0,0,0,126,0,93,97.1239998951436,50.359142012894154,204.9606810323894,26.0
1791185152,8,TXN,multimodal_e2e,0.800000,0.000000,0,0,0,0,0,0,0,0,0,0,0,125,7,400.0,15860.85756867379,0.8673369884490967,60278.45247276127,20.576
1791185152,8,,Aggregated,3.200000,0.000000,0,0,0,0,0,0,0,0,0,0,0,502,14,16,3976.681989299475,0.7527689449489117,60278.45247276127,21.187250996015937
1791185153,8,POST,/api/playground/conversations,0.800000,0.000000,0,0,0,0,0,0,0,0,0,0,0,133,7,6,8.507016310958486,0.7527689449489117,104.4145836494863,36.0
1791185153,8,POST,/api/playground/conversations/{conversation_id}/chat/sse,0.800000,0.000000,0,0,0,0,0,0,0,0,0,0,0,118,0,2,2.695808372602372,1.7817160114645958,13.696508016437292,0.0
1791185153,8,POST,/api/playground/conversations/{conversation_id}/chat/{chat_id}/attachment,0.800000,0.000000,0,0,0,0,0,0,0,0,0,0,0,126,0,93,97.1239998951436,50.359142012894154,204.9606810323894,26.0
1791185153,8,TXN,multimodal_e2e,0.800000,0.000000,0,0,0,0,0,0,0,0,0,0,0,125,7,400.0,15860.85756867379,0.8673369884490967,60278.45247276127,20.576
1791185153,8,,Aggregated,3.200000,0.000000,0,0,0,0,0,0,0,0,0,0,0,502,14,16,3976.681989299475,0.7527689449489117,60278.45247276127,21.187250996015937
1791185154,8,POST,/api/playground/conversations,0.800000,0.000000,0,0,0,0,0,0,0,0,0,0,0,133,7,6,8.507016310958486,0.7527689449489117,104.4145836494863,36.0
1791185154,8,POST,/api/playground/conversations/{conversation_id}/chat/sse,0.800000,0.000000,0,0,0,0,0,0,0,0,0,0,0,118,0,2,2.695808372602372,1.7817160114645958,13.696508016437292,0.0
1791185154,8,POST,/api/playground/conversations/{conversation_id}/chat/{chat_id}/attachment,0.800000,0.000000,0,0,0,0,0,0,0,0,0,0,0,126,0,93,97.1239998951436,50.359142012894154,204.9606810323894,26.0
1791185154,8,TXN,multimodal_e2e,0.800000,0.000000,0,0,0,0,0,0,0,0,0,0,0,125,7,400.0,15860.85756867379,0.8673369884490967,60278.45247276127,20.576
1791185154,8,,Aggregated,3.200000,0.000000,0,0,0,0,0,0,0,0,0,0,0,502,14,16,3976.681989299475,0.7527689449489117,60278.45247276127,21.187250996015937
1791185155,8,POST,/api/playground/conversations,0.800000,0.000000,0,0,0,0,0,0,0,0,0,0,0,133,7,6,8.507016310958486,0.7527689449489117,104.4145836494863,36.0
1791185155,8,POST,/api/playground/conversations/{conversation_id}/chat/sse,0.800000,0.000000,0,0,0,0,0,0,0,0,0,0,0,118,0,2,2.695808372602372,1.7817160114645958,13.696508016437292,0.0
1791185155,8,POST,/api/playground/conversations/{conversation_id}/chat/{chat_id}/attachment,0.800000,0.000000,0,0,0,0,0,0,0,0,0,0,0,126,0,93,97.1239998951436,50.359142012894154,204.9606810323894,26.0
1791185155,8,TXN,multimodal_e2e,0.800000,0.000000,0,0,0,0,0,0,0,0,0,0,0,125,7,400.0,15860.85756867379,0.8673369884490967,60278.45247276127,20.576
1791185155,8,,Aggregated,3.200000,0.000000,0,0,0,0,0,0,0,0,0,0,0,502,14,16,3976.681989299475,0.7527689449489117,60278.45247276127,21.187250996015937
1791185156,8,POST,/api/playground/conversations,0.800000,0.000000,0,0,0,0,0,0,0,0,0,0,0,133,7,6,8.507016310958486,0.7527689449489117,104.4145836494863,36.0
1791185156,8,POST,/api/playground/conversations/{conversation_id}/chat/sse,0.800000,0.000000,0,0,0,0,0,0,0,0,0,0,0,118,0,2,2.695808372602372,1.7817160114645958,13.696508016437292,0.0
1791185156,8,POST,/api/playground/conversations/{conversation_id}/chat/{chat_id}/attachment,0.800000,0.000000,0,0,0,0,0,0,0,0,0,0,0,126,0,93,97.1239998951436,50.359142012894154,204.9606810323894,26.0
1791185156,8,TXN,multimodal_e2e,0.800000,0.000000,0,0,0,0,0,0,0,0,0,0,0,125,7,400.0,15860.85756867379,0.8673369884490967,60278.45247276127,20.576
1791185156,8,,Aggregated,3.200000,0.000000,0,0,0,0,0,0,0,0,0,0,0,502,14,16,3976.681989299475,0.7527689449489117,60278.45247276127,21.187250996015937
1791185157,8,POST,/api/playground/conversations,0.800000,0.000000,0,0,0,0,0,0,0,0,0,0,0,133,7,6,8.507016310958486,0.7527689449489117,104.4145836494863,36.0
1791185157,8,POST,/api/playground/conversations/{conversation_id}/chat/sse,0.800000,0.000000,0,0,0,0,0,0,0,0,0,0,0,118,0,2,2.695808372602372,1.7817160114645958,13.696508016437292,0.0
1791185157,8,POST,/api/playground/conversations/{conversation_id}/chat/{chat_id}/attachment,0.800000,0.000000,0,0,0,0,0,0,0,0,0,0,0,126,0,93,97.1239998951436,50.359142012894154,204.9606810323894,26.0
1791185157,8,TXN,multimodal_e2e,0.800000,0.000000,0,0,0,0,0,0,0,0,0,0,0,125,7,400.0,15860.85756867379,0.8673369884490967,60278.45247276127,20.576
1791185157,8,,Aggregated,3.200000,0.000000,0,0,0,0,0,0,0,0,0,0,0,502,14,16,3976.681989299475,0.7527689449489117,60278.45247276127,21.187250996015937
1791185158,8,POST,/api/playground/conversations,0.800000,0.000000,0,0,0,0,0,0,0,0,0,0,0,133,7,6,8.507016310958486,0.7527689449489117,104.4145836494863,36.0
1791185158,8,POST,/api/playground/conversations/{conversation_id}/chat/sse,0.800000,0.000000,0,0,0,0,0,0,0,0,0,0,0,118,0,2,2.695808372602372,1.7817160114645958,13.696508016437292,0.0
1791185158,8,POST,/api/playground/conversations/{conversation_id}/chat/{chat_id}/attachment,0.800000,0.000000,0,0,0,0,0,0,0,0,0,0,0,126,0,93,97.1239998951436,50.359142012894154,204.9606810323894,26.0
1791185158,8,TXN,multimodal_e2e,0.800000,0.000000,0,0,0,0,0,0,0,0,0,0,0,125,7,400.0,15860.85756867379,0.8673369884490967,60278.45247276127,20.576
1791185158,8,,Aggregated,3.200000,0.000000,0,0,0,0,0,0,0,0,0,0,0,502,14,16,3976.681989299475,0.7527689449489117,60278.45247276127,21.187250996015937
1791185159,8,POST,/api/playground/conversations,0.800000,0.000000,0,0,0,0,0,0,0,0,0,0,0,133,7,6,8.507016310958486,0.7527689449489117,104.4145836494863,36.0
1791185159,8,POST,/api/playground/conversations/{conversation_id}/chat/sse,0.800000,0.000000,0,0,0,0,0,0,0,0,0,0,0,118,0,2,2.695808372602372,1.7817160114645958,13.696508016437292,0.0
1791185159,8,POST,/api/playground/conversations/{conversation_id}/chat/{chat_id}/attachment,0.800000,0.000000,0,0,0,0,0,0,0,0,0,0,0,126,0,93,97.1239998951436,50.359142012894154,204.9606810323894,26.0
1791185159,8,TXN,multimodal_e2e,0.800000,0.000000,0,0,0,0,0,0,0,0,0,0,0,125,7,400.0,15860.85756867379,0.8673369884490967,60278.45247276127,20.576
1791185159,8,,Aggregated,3.200000,0.000000,0,0,0,0,0,0,0,0,0,0,0,502,14,16,3976.681989299475,0.7527689449489117,60278.45247276127,21.187250996015937
1791185160,8,POST,/api/playground/conversations,0.800000,0.000000,0,0,0,0,0,0,0,0,0,0,0,133,7,6,8.507016310958486,0.7527689449489117,104.4145836494863,36.0
1791185160,8,POST,/api/playground/conversations/{conversation_id}/chat/sse,0.800000,0.000000,0,0,0,0,0,0,0,0,0,0,0,118,0,2,2.695808372602372,1.7817160114645958,13.696508016437292,0.0
1791185160,8,POST,/api/playground/conversations/{conversation_id}/chat/{chat_id}/attachment,0.800000,0.000000,0,0,0,0,0,0,0,0,0,0,0,126,0,93,97.1239998951436,50.359142012894154,204.9606810323894,26.0
1791185160,8,TXN,multimodal_e2e,0.800000,0.000000,0,0,0,0,0,0,0,0,0,0,0,125,7,400.0,15860.85756867379,0.8673369884490967,60278.45247276127,20.576
1791185160,8,,Aggregated,3.200000,0.000000,0,0,0,0,0,0,0,0,0,0,0,502,14,16,3976.681989299475,0.7527689449489117,60278.45247276127,21.187250996015937
1791185161,8,POST,/api/playground/conversations,0.800000,0.000000,0,0,0,0,0,0,0,0,0,0,0,133,7,6,8.507016310958486,0.7527689449489117,104.4145836494863,36.0
1791185161,8,POST,/api/playground/conversations/{conversation_id}/chat/sse,0.800000,0.000000,0,0,0,0,0,0,0,0,0,0,0,118,0,2,2.695808372602372,1.7817160114645958,13.696508016437292,0.0
1791185161,8,POST,/api/playground/conversations/{conversation_id}/chat/{chat_id}/attachment,0.800000,0.000000,0,0,0,0,0,0,0,0,0,0,0,126,0,93,97.1239998951436,50.359142012894154,204.9606810323894,26.0
1791185161,8,TXN,multimodal_e2e,0.800000,0.000000,0,0,0,0,0,0,0,0,0,0,0,125,7,400.0,15860.85756867379,0.8673369884490967,60278.45247276127,20.576
1791185161,8,,Aggregated,3.200000,0.000000,0,0,0,0,0,0,0,0,0,0,0,502,14,16,3976.681989299475,0.7527689449489117,60278.45247276127,21.187250996015937
1791185162,8,POST,/api/playground/conversations,0.800000,0.000000,0,0,0,0,0,0,0,0,0,0,0,133,7,6,8.507016310958486,0.7527689449489117,104.4145836494863,36.0
1791185162,8,POST,/api/playground/conversations/{conversation_id}/chat/sse,0.800000,0.000000,0,0,0,0,0,0,0,0,0,0,0,118,0,2,2.695808372602372,1.7817160114645958,13.696508016437292,0.0
1791185162,8,POST,/api/playground/conversations/{conversation_id}/chat/{chat_id}/attachment,0.800000,0.000000,0,0,0,0,0,0,0,0,0,0,0,126,0,93,97.1239998951436,50.359142012894154,204.9606810323894,26.0
1791185162,8,TXN,multimodal_e2e,0.800000,0.000000,0,0,0,0,0,0,0,0,0,0,0,125,7,400.0,15860.85756867379,0.8673369884490967,60278.45247276127,20.576
1791185162,8,,Aggregated,3.200000,0.000000,0,0,0,0,0,0,0,0,0,0,0,502,14,16,3976.681989299475,0.7527689449489117,60278.45247276127,21.187250996015937
1791185163,8,POST,/api/playground/conversations,0.800000,0.000000,0,0,0,0,0,0,0,0,0,0,0,133,7,6,8.507016310958486,0.7527689449489117,104.4145836494863,36.0
1791185163,8,POST,/api/playground/conversations/{conversation_id}/chat/sse,0.800000,0.000000,0,0,0,0,0,0,0,0,0,0,0,118,0,2,2.695808372602372,1.7817160114645958,13.696508016437292,0.0
1791185163,8,POST,/api/playground/conversations/{conversation_id}/chat/{chat_id}/attachment,0.800000,0.000000,0,0,0,0,0,0,0,0,0,0,0,126,0,93,97.1239998951436,50.359142012894154,204.9606810323894,26.0
1791185163,8,TXN,multimodal_e2e,0.800000,0.000000,0,0,0,0,0,0,0,0,0,0,0,125,7,400.0,15860.85756867379,0.8673369884490967,60278.45247276127,20.576
1791185163,8,,Aggregated,3.200000,0.000000,0,0,0,0,0,0,0,0,0,0,0,502,14,16,3976.681989299475,0.7527689449489117,60278.45247276127,21.187250996015937
1791185164,8,POST,/api/playground/conversations,0.800000,0.000000,0,0,0,0,0,0,0,0,0,0,0,133,7,6,8.507016310958486,0.7527689449489117,104.4145836494863,36.0
1791185164,8,POST,/api/playground/conversations/{conversation_id}/chat/sse,0.800000,0.000000,0,0,0,0,0,0,0,0,0,0,0,118,0,2,2.695808372602372,1.7817160114645958,13.696508016437292,0.0
1791185164,8,POST,/api/playground/conversations/{conversation_id}/chat/{chat_id}/attachment,0.800000,0.000000,0,0,0,0,0,0,0,0,0,0,0,126,0,93,97.1239998951436,50.359142012894154,204.9606810323894,26.0
1791185164,8,TXN,multimodal_e2e,0.800000,0.000000,0,0,0,0,0,0,0,0,0,0,0,125,7,400.0,15860.85756867379,0.8673369884490967,60278.45247276127,20.576
1791185164,8,,Aggregated,3.200000,0.000000,0,0,0,0,0,0,0,0,0,0,0,502,14,16,3976.681989299475,0.7527689449489117,60278.45247276127,21.187250996015937
1791185165,8,POST,/api/playground/conversations,0.800000,0.000000,0,0,0,0,0,0,0,0,0,0,0,133,7,6,8.507016310958486,0.7527689449489117,104.4145836494863,36.0
1791185165,8,POST,/api/playground/conversations/{conversation_id}/chat/sse,0.800000,0.000000,0,0,0,0,0,0,0,0,0,0,0,118,0,2,2.695808372602372,1.7817160114645958,13.696508016437292,0.0
1791185165,8,POST,/api/playground/conversations/{conversation_id}/chat/{chat_id}/attachment,0.800000,0.000000,0,0,0,0,0,0,0,0,0,0,0,126,0,93,97.1239998951436,50.359142012894154,204.9606810323894,26.0
1791185165,8,TXN,multimodal_e2e,0.800000,0.000000,0,0,0,0,0,0,0,0,0,0,0,125,7,400.0,15860.85756867379,0.8673369884490967,60278.45247276127,20.576
1791185165,8,,Aggregated,3.200000,0.000000,0,0,0,0,0,0,0,0,0,0,0,502,14,16,3976.681989299475,0.7527689449489117,60278.45247276127,21.187250996015937
1791185166,6,POST,/api/playground/conversations,0.000000,0.000000,0,0,0,0,0,0,0,0,0,0,0,133,7,6,8.507016310958486,0.7527689449489117,104.4145836494863,36.0
1791185166,6,POST,/api/playground/conversations/{conversation_id}/chat/sse,0.000000,0.000000,2,2,2,2,2,2,2,2,2,2,2,120,0,2,2.6846750833404562,1.7817160114645958,13.696508016437292,0.0
1791185166,6,POST,/api/playground/conversations/{conversation_id}/chat/{chat_id}/attachment,0.000000,0.000000,0,0,0,0,0,0,0,0,0,0,0,126,0,93,97.1239998951436,50.359142012894154,204.9606810323894,26.0
1791185166,6,TXN,multimodal_e2e,0.000000,0.000000,60000,60000,60000,60000,60000,60000,60000,60000,60000,60000,60000,127,7,400.0,16558.343692877013,0.8673369884490967,60278.45247276127,20.921259842519685
1791185166,6,,Aggregated,0.000000,0.000000,60000,60000,60000,60000,60000,60000,60000,60000,60000,60000,60000,506,14,16,4183.005666327129,0.7527689449489117,60278.45247276127,21.18774703557312
1791185167,5,POST,/api/playground/conversations,0.000000,0.000000,0,0,0,0,0,0,0,0,0,0,0,133,7,6,8.507016310958486,0.7527689449489117,104.4145836494863,36.0
1791185167,5,POST,/api/playground/conversations/{conversation_id}/chat/sse,0.000000,0.000000,2,2,2,2,2,2,2,2,2,2,2,121,0,2,2.6786058933343275,1.7817160114645958,13.696508016437292,0.0
1791185167,5,POST,/api/playground/conversations/{conversation_id}/chat/{chat_id}/attachment,0.000000,0.000000,0,0,0,0,0,0,0,0,0,0,0,126,0,93,97.1239998951436,50.359142012894154,204.9606810323894,26.0
1791185167,5,TXN,multimodal_e2e,0.000000,0.000000,60000,60000,60000,60000,60000,60000,60000,60000,60000,60000,60000,128,7,400.0,16898.963804644154,0.8673369884490967,60278.45247276127,21.0234375
1791185167,5,,Aggregated,0.000000,0.000000,60000,60000,60000,60000,60000,60000,60000,60000,60000,60000,60000,508,14,16,4284.9616839836435,0.7527689449489117,60278.45247276127,21.171259842519685
1791185168,4,POST,/api/playground/conversations,0.000000,0.000000,0,0,0,0,0,0,0,0,0,0,0,133,7,6,8.507016310958486,0.7527689449489117,104.4145836494863,36.0
1791185168,4,POST,/api/playground/conversations/{conversation_id}/chat/sse,0.000000,0.000000,2,2,2,2,2,2,2,2,2,2,2,122,0,2,2.6730005629360676,1.7817160114645958,13.696508016437292,0.0
1791185168,4,POST,/api/playground/conversations/{conversation_id}/chat/{chat_id}/attachment,0.000000,0.000000,0,0,0,0,0,0,0,0,0,0,0,126,0,93,97.1239998951436,50.359142012894154,204.9606810323894,26.0
1791185168,4,TXN,multimodal_e2e,0.000000,0.000000,60000,60000,60000,60000,60000,60000,60000,60000,60000,60000,60000,129,7,400.0,17234.069149013492,0.8673369884490967,60278.45247276127,21.131782945736433
1791185168,4,,Aggregated,0.000000,0.000000,60000,60000,60000,60000,60000,60000,60000,60000,60000,60000,60000,510,14,16,4386.058987152087,0.7527689449489117,60278.45247276127,21.15686274509804
1791185169,3,POST,/api/playground/conversations,0.000000,0.000000,0,0,0,0,0,0,0,0,0,0,0,133,7,6,8.507016310958486,0.7527689449489117,104.4145836494863,36.0
1791185169,3,POST,/api/playground/conversations/{conversation_id}/chat/sse,0.100000,0.000000,2,2,2,2,2,2,2,2,2,2,2,123,0,2,2.665962974684752,1.7817160114645958,13.696508016437292,0.0
1791185169,3,POST,/api/playground/conversations/{conversation_id}/chat/{chat_id}/attachment,0.000000,0.000000,0,0,0,0,0,0,0,0,0,0,0,126,0,93,97.1239998951436,50.359142012894154,204.9606810323894,26.0
1791185169,3,TXN,multimodal_e2e,0.100000,0.000000,60000,60000,60000,60000,60000,60000,60000,60000,60000,60000,60000,130,7,400.0,17564.014259149106,0.8673369884490967,60278.45247276127,21.215384615384615
1791185169,3,,Aggregated,0.200000,0.000000,60000,60000,60000,60000,60000,60000,60000,60000,60000,60000,60000,512,14,16,4486.364891194171,0.7527689449489117,60278.45247276127,21.13671875
1791185170,3,POST,/api/playground/conversations,0.000000,0.000000,0,0,0,0,0,0,0,0,0,0,0,133,7,6,8.507016310958486,0.7527689449489117,104.4145836494863,36.0
1791185170,3,POST,/api/playground/conversations/{conversation_id}/chat/sse,0.100000,0.000000,2,2,2,2,2,2,2,2,2,2,2,123,0,2,2.665962974684752,1.7817160114645958,13.696508016437292,0.0
1791185170,3,POST,/api/playground/conversations/{conversation_id}/chat/{chat_id}/attachment,0.000000,0.000000,0,0,0,0,0,0,0,0,0,0,0,126,0,93,97.1239998951436,50.359142012894154,204.9606810323894,26.0
1791185170,3,TXN,multimodal_e2e,0.100000,0.000000,60000,60000,60000,60000,60000,60000,60000,60000,60000,60000,60000,130,7,400.0,17564.014259149106,0.8673369884490967,60278.45247276127,21.215384615384615
1791185170,3,,Aggregated,0.200000,0.000000,60000,60000,60000,60000,60000,60000,60000,60000,60000,60000,60000,512,14,16,4486.364891194171,0.7527689449489117,60278.45247276127,21.13671875
1791185171,3,POST,/api/playground/conversations,0.000000,0.000000,0,0,0,0,0,0,0,0,0,0,0,133,7,6,8.507016310958486,0.7527689449489117,104.4145836494863,36.0
1791185171,3,POST,/api/playground/conversations/{conversation_id}/chat/sse,0.100000,0.000000,2,2,2,2,2,2,2,2,2,2,2,123,0,2,2.665962974684752,1.7817160114645958,13.696508016437292,0.0
1791185171,3,POST,/api/playground/conversations/{conversation_id}/chat/{chat_id}/attachment,0.000000,0.000000,0,0,0,0,0,0,0,0,0,0,0,126,0,93,97.1239998951436,50.359142012894154,204.9606810323894,26.0
1791185171,3,TXN,multimodal_e2e,0.100000,0.000000,60000,60000,60000,60000,60000,60000,60000,60000,60000,60000,60000,130,7,400.0,17564.014259149106,0.8673369884490967,60278.45247276127,21.215384615384615
1791185171,3,,Aggregated,0.200000,0.000000,60000,60000,60000,60000,60000,60000,60000,60000,60000,60000,60000,512,14,16,4486.364891194171,0.7527689449489117,60278.45247276127,21.13671875
1791185172,3,POST,/api/playground/conversations,0.000000,0.000000,0,0,0,0,0,0,0,0,0,0,0,133,7,6,8.507016310958486,0.7527689449489117,104.4145836494863,36.0
1791185172,3,POST,/api/playground/conversations/{conversation_id}/chat/sse,0.100000,0.000000,2,2,2,2,2,2,2,2,2,2,2,123,0,2,2.665962974684752,1.7817160114645958,13.696508016437292,0.0
1791185172,3,POST,/api/playground/conversations/{conversation_id}/chat/{chat_id}/attachment,0.000000,0.000000,0,0,0,0,0,0,0,0,0,0,0,126,0,93,97.1239998951436,50.359142012894154,204.9606810323894,26.0
1791185172,3,TXN,multimodal_e2e,0.100000,0.000000,60000,60000,60000,60000,60000,60000,60000,60000,60000,60000,60000,130,7,400.0,17564.014259149106,0.8673369884490967,60278.45247276127,21.215384615384615
1791185172,3,,Aggregated,0.200000,0.000000,60000,60000,60000,60000,60000,60000,60000,60000,60000,60000,60000,512,14,16,4486.364891194171,0.7527689449489117,60278.45247276127,21.13671875
