count,avg_ttft,p50_ttft,p90_ttft,p95_ttft,p99_ttft,max_ttft,under_3s_count,under_3s_rate
743,2.840055344483413,2.6096406169235706,4.27416854351759,5.208470802754164,6.681138202548027,7.34262396581471,468,0.629878869448183
