count,avg_ttft,p50_ttft,p90_ttft,p95_ttft,p99_ttft,max_ttft,under_3s_count,under_3s_rate
690,2.600407955660552,2.4768267199397087,3.9053642507642508,4.51027150079608,5.06882837601006,6.061557222157717,490,0.7101449275362319
