count,avg_ttft,p50_ttft,p90_ttft,p95_ttft,p99_ttft,max_ttft,under_3s_count,under_3s_rate
301,2.168491119667393,2.0520085338503122,3.254124142229557,3.51440860517323,4.726554317399859,5.209647985175252,259,0.8604651162790697
