count,avg_ttft,p50_ttft,p90_ttft,p95_ttft,p99_ttft,max_ttft,under_3s_count,under_3s_rate
309,2.3058391644417466,2.164755215868354,3.4805957302451134,3.9740123860538006,4.436927579343319,5.5668831914663315,245,0.7928802588996764
