count,avg_ttft,p50_ttft,p90_ttft,p95_ttft,p99_ttft,max_ttft,under_3s_count,under_3s_rate
253,2.087780551130887,1.8180461898446083,2.8362948186695576,3.192078245803714,7.766366645693779,10.698656551539898,233,0.9209486166007905
