count,avg_ttft,p50_ttft,p90_ttft,p95_ttft,p99_ttft,max_ttft,under_3s_count,under_3s_rate
723,2.690109252548399,2.4977265298366547,4.104259127750993,4.555220581591129,5.341145779937506,5.898419052362442,487,0.673582295988935
