count,avg_ttft,p50_ttft,p90_ttft,p95_ttft,p99_ttft,max_ttft,under_3s_count,under_3s_rate
317,2.649517756543043,2.4683360159397125,4.101724663749337,4.5014920346438885,5.143139334395528,6.136991931125522,198,0.6246056782334385
