count,avg_ttft,p50_ttft,p90_ttft,p95_ttft,p99_ttft,max_ttft,under_3s_count,under_3s_rate
749,3.2431054765604763,3.079645810648799,5.177350912243128,5.640969125553966,6.467704892158508,7.873700296506286,352,0.4699599465954606
