count,avg_ttft,p50_ttft,p90_ttft,p95_ttft,p99_ttft,max_ttft,under_3s_count,under_3s_rate
287,2.0034555024386282,1.9364750366657972,2.8581103049218655,3.083092298358679,3.7717180121690035,4.115099808201194,269,0.9372822299651568
