Timestamp,User Count,Type,Name,Requests/s,Failures/s,50%,66%,75%,80%,90%,95%,98%,99%,99.9%,99.99%,100%,Total Request Count,Total Failure Count,Total Median Response Time,Total Average Response Time,Total Min Response Time,Total Max Response Time,Total Average Content Size
1791184248,0,,Aggregated,0.000000,0.000000,N/A,N/A,N/A,N/A,N/A,N/A,N/A,N/A,N/A,N/A,N/A,0,0,0,0.0,0,0,0
1791184249,2,POST,/api/playground/conversations,0.000000,0.000000,0,0,0,0,0,0,0,0,0,0,0,4,0,6.372903008013964,12.795480666682124,6.372903008013964,20.350771956145763,38.0
1791184249,2,POST,/api/playground/conversations/{conversation_id}/chat/sse,0.000000,0.000000,0,0,0,0,0,0,0,0,0,0,0,2,0,2.1301191300153732,2.356498036533594,2.1301191300153732,2.582876943051815,0.0
1791184249,2,POST,/api/playground/conversations/{conversation_id}/chat/{chat_id}/attachment,0.000000,0.000000,0,0,0,0,0,0,0,0,0,0,0,4,0,63,82.13659026660025,58.60598757863045,103.93795231357217,26.0
1791184249,2,TXN,multimodal_e2e,0.000000,0.000000,0,0,0,0,0,0,0,0,0,0,0,2,0,340.0,388.0368643440306,339.3788640387356,436.6948646493256,19.5
1791184249,2,,Aggregated,0.000000,0.000000,0,0,0,0,0,0,0,0,0,0,0,12,0,20,96.70958404118817,2.1301191300153732,436.6948646493256,24.583333333333332
1791184250,2,POST,/api/playground/conversations,0.000000,0.000000,6,6,6,6,6,6,6,6,6,6,6,6,0,6,10.488439739371339,5.682200659066439,20.350771956145763,38.0
1791184250,2,POST,/api/playground/conversations/{conversation_id}/chat/sse,0.000000,0.000000,2,2,2,2,2,2,2,2,2,2,2,4,0,2.10641510784626,2.2342843003571033,2.10641510784626,2.582876943051815,0.0
1791184250,2,POST,/api/playground/conversations/{conversation_id}/chat/{chat_id}/attachment,0.000000,0.000000,64,64,66,66,66,66,66,66,66,66,66,6,0,64,76.38823124580085,58.60598757863045,103.93795231357217,26.0
1791184250,2,TXN,multimodal_e2e,0.000000,0.000000,340,340,370,370,370,370,370,370,370,370,370,4,0,340.0,372.95586871914566,339.3788640387356,436.6948646493256,19.5
1791184250,2,,Aggregated,0.000000,0.000000,63,64,340,340,340,370,370,370,370,370,370,20,0,20,101.10103189945221,2.10641510784626,436.6948646493256,23.1
1791184251,2,POST,/api/playground/conversations,0.000000,0.000000,6,6,6,6,6,6,6,6,6,6,6,6,0,6,10.488439739371339,5.682200659066439,20.350771956145763,38.0
1791184251,2,POST,/api/playground/conversations/{conversation_id}/chat/sse,0.000000,0.000000,2,2,2,2,2,2,2,2,2,2,2,4,0,2.10641510784626,2.2342843003571033,2.10641510784626,2.582876943051815,0.0
1791184251,2,POST,/api/playground/conversations/{conversation_id}/chat/{chat_id}/attachment,0.000000,0.000000,64,64,66,66,66,66,66,66,66,66,66,6,0,64,76.38823124580085,58.60598757863045,103.93795231357217,26.0
1791184251,2,TXN,multimodal_e2e,0.000000,0.000000,340,340,370,370,370,370,370,370,370,370,370,4,0,340.0,372.95586871914566,339.3788640387356,436.6948646493256,19.5
1791184251,2,,Aggregated,0.000000,0.000000,63,64,340,340,340,370,370,370,370,370,370,20,0,20,101.10103189945221,2.10641510784626,436.6948646493256,23.1
1791184252,2,POST,/api/playground/conversations,0.000000,0.000000,6,6,6,6,6,6,6,6,6,6,6,6,0,6,10.488439739371339,5.682200659066439,20.350771956145763,38.0
1791184252,2,POST,/api/playground/conversations/{conversation_id}/chat/sse,0.000000,0.000000,2,2,2,2,2,2,2,2,2,2,2,4,0,2.10641510784626,2.2342843003571033,2.10641510784626,2.582876943051815,0.0
1791184252,2,POST,/api/playground/conversations/{conversation_id}/chat/{chat_id}/attachment,0.000000,0.000000,64,64,66,66,66,66,66,66,66,66,66,6,0,64,76.38823124580085,58.60598757863045,103.93795231357217,26.0
1791184252,2,TXN,multimodal_e2e,0.000000,0.000000,340,340,370,370,370,370,370,370,370,370,370,4,0,340.0,372.95586871914566,339.3788640387356,436.6948646493256,19.5
1791184252,2,,Aggregated,0.000000,0.000000,63,64,340,340,340,370,370,370,370,370,370,20,0,20,101.10103189945221,2.10641510784626,436.6948646493256,23.1
1791184253,2,POST,/api/playground/conversations,0.000000,0.000000,6,6,6,6,6,6,6,6,6,6,6,6,0,6,10.488439739371339,5.682200659066439,20.350771956145763,38.0
1791184253,2,POST,/api/playground/conversations/{conversation_id}/chat/sse,0.000000,0.000000,2,2,2,2,2,2,2,2,2,2,2,4,0,2.10641510784626,2.2342843003571033,2.10641510784626,2.582876943051815,0.0
1791184253,2,POST,/api/playground/conversations/{conversation_id}/chat/{chat_id}/attachment,0.000000,0.000000,64,64,66,66,66,66,66,66,66,66,66,6,0,64,76.38823124580085,58.60598757863045,103.93795231357217,26.0
1791184253,2,TXN,multimodal_e2e,0.000000,0.000000,340,340,370,370,370,370,370,370,370,370,370,4,0,340.0,372.95586871914566,339.3788640387356,436.6948646493256,19.5
1791184253,2,,Aggregated,0.000000,0.000000,63,64,340,340,340,370,370,370,370,370,370,20,0,20,101.10103189945221,2.10641510784626,436.6948646493256,23.1
1791184254,2,POST,/api/playground/conversations,0.000000,0.000000,6,6,6,6,6,6,6,6,6,6,6,6,0,6,10.488439739371339,5.682200659066439,20.350771956145763,38.0
1791184254,2,POST,/api/playground/conversations/{conversation_id}/chat/sse,0.000000,0.000000,2,2,2,2,2,2,2,2,2,2,2,4,0,2.10641510784626,2.2342843003571033,2.10641510784626,2.582876943051815,0.0
1791184254,2,POST,/api/playground/conversations/{conversation_id}/chat/{chat_id}/attachment,0.000000,0.000000,64,64,66,66,66,66,66,66,66,66,66,6,0,64,76.38823124580085,58.60598757863045,103.93795231357217,26.0
1791184254,2,TXN,multimodal_e2e,0.000000,0.000000,340,340,370,370,370,370,370,370,370,370,370,4,0,340.0,372.95586871914566,339.3788640387356,436.6948646493256,19.5
1791184254,2,,Aggregated,0.000000,0.000000,63,64,340,340,340,370,370,370,370,370,370,20,0,20,101.10103189945221,2.10641510784626,436.6948646493256,23.1
1791184255,2,POST,/api/playground/conversations,0.000000,0.000000,6,6,6,6,6,6,6,6,6,6,6,6,0,6,10.488439739371339,5.682200659066439,20.350771956145763,38.0
1791184255,2,POST,/api/playground/conversations/{conversation_id}/chat/sse,0.000000,0.000000,2,2,2,2,2,2,2,2,2,2,2,4,0,2.10641510784626,2.2342843003571033,2.10641510784626,2.582876943051815,0.0
1791184255,2,POST,/api/playground/conversations/{conversation_id}/chat/{chat_id}/attachment,0.000000,0.000000,64,64,66,66,66,66,66,66,66,66,66,6,0,64,76.38823124580085,58.60598757863045,103.93795231357217,26.0
1791184255,2,TXN,multimodal_e2e,0.000000,0.000000,340,340,370,370,370,370,370,370,370,370,370,4,0,340.0,372.95586871914566,339.3788640387356,436.6948646493256,19.5
1791184255,2,,Aggregated,0.000000,0.000000,63,64,340,340,340,370,370,370,370,370,370,20,0,20,101.10103189945221,2.10641510784626,436.6948646493256,23.1
1791184256,2,POST,/api/playground/conversations,0.000000,0.000000,6,6,6,6,6,6,6,6,6,6,6,6,0,6,10.488439739371339,5.682200659066439,20.350771956145763,38.0
1791184256,2,POST,/api/playground/conversations/{conversation_id}/chat/sse,0.000000,0.000000,2,2,2,2,2,2,2,2,2,2,2,4,0,2.10641510784626,2.2342843003571033,2.10641510784626,2.582876943051815,0.0
1791184256,2,POST,/api/playground/conversations/{conversation_id}/chat/{chat_id}/attachment,0.000000,0.000000,64,64,66,66,66,66,66,66,66,66,66,6,0,64,76.38823124580085,58.60598757863045,103.93795231357217,26.0
1791184256,2,TXN,multimodal_e2e,0.000000,0.000000,340,340,370,370,370,370,370,370,370,370,370,4,0,340.0,372.95586871914566,339.3788640387356,436.6948646493256,19.5
1791184256,2,,Aggregated,0.000000,0.000000,63,64,340,340,340,370,370,370,370,370,370,20,0,20,101.10103189945221,2.10641510784626,436.6948646493256,23.1
1791184257,2,POST,/api/playground/conversations,0.000000,0.000000,6,6,6,6,6,6,6,6,6,6,6,6,0,6,10.488439739371339,5.682200659066439,20.350771956145763,38.0
1791184257,2,POST,/api/playground/conversations/{conversation_id}/chat/sse,0.000000,0.000000,2,2,2,2,2,2,2,2,2,2,2,4,0,2.10641510784626,2.2342843003571033,2.10641510784626,2.582876943051815,0.0
1791184257,2,POST,/api/playground/conversations/{conversation_id}/chat/{chat_id}/attachment,0.000000,0.000000,64,64,66,66,66,66,66,66,66,66,66,6,0,64,76.38823124580085,58.60598757863045,103.93795231357217,26.0
1791184257,2,TXN,multimodal_e2e,0.000000,0.000000,340,340,370,370,370,370,370,370,370,370,370,4,0,340.0,372.95586871914566,339.3788640387356,436.6948646493256,19.5
1791184257,2,,Aggregated,0.000000,0.000000,63,64,340,340,340,370,370,370,370,370,370,20,0,20,101.10103189945221,2.10641510784626,436.6948646493256,23.1
1791184258,2,POST,/api/playground/conversations,0.000000,0.000000,6,6,6,6,6,6,6,6,6,6,6,6,0,6,10.488439739371339,5.682200659066439,20.350771956145763,38.0
1791184258,2,POST,/api/playground/conversations/{conversation_id}/chat/sse,0.000000,0.000000,2,2,2,2,2,2,2,2,2,2,2,4,0,2.10641510784626,2.2342843003571033,2.10641510784626,2.582876943051815,0.0
1791184258,2,POST,/api/playground/conversations/{conversation_id}/chat/{chat_id}/attachment,0.000000,0.000000,64,64,66,66,66,66,66,66,66,66,66,6,0,64,76.38823124580085,58.60598757863045,103.93795231357217,26.0
1791184258,2,TXN,multimodal_e2e,0.000000,0.000000,340,340,370,370,370,370,370,370,370,370,370,4,0,340.0,372.95586871914566,339.3788640387356,436.6948646493256,19.5
1791184258,2,,Aggregated,0.000000,0.000000,63,64,340,340,340,370,370,370,370,370,370,20,0,20,101.10103189945221,2.10641510784626,436.6948646493256,23.1
1791184259,2,POST,/api/playground/conversations,0.000000,0.000000,6,6,6,6,6,6,6,6,6,6,6,6,0,6,10.488439739371339,5.682200659066439,20.350771956145763,38.0
1791184259,2,POST,/api/playground/conversations/{conversation_id}/chat/sse,0.000000,0.000000,2,2,2,2,2,2,2,2,2,2,2,4,0,2.10641510784626,2.2342843003571033,2.10641510784626,2.582876943051815,0.0
1791184259,2,POST,/api/playground/conversations/{conversation_id}/chat/{chat_id}/attachment,0.000000,0.000000,64,64,66,66,66,66,66,66,66,66,66,6,0,64,76.38823124580085,58.60598757863045,103.93795231357217,26.0
1791184259,2,TXN,multimodal_e2e,0.000000,0.000000,340,340,370,370,370,370,370,370,370,370,370,4,0,340.0,372.95586871914566,339.3788640387356,436.6948646493256,19.5
1791184259,2,,Aggregated,0.000000,0.000000,63,64,340,340,340,370,370,370,370,370,370,20,0,20,101.10103189945221,2.10641510784626,436.6948646493256,23.1
1791184260,2,POST,/api/playground/conversations,0.000000,0.000000,6,6,6,6,6,6,6,6,6,6,6,6,0,6,10.488439739371339,5.682200659066439,20.350771956145763,38.0
1791184260,2,POST,/api/playground/conversations/{conversation_id}/chat/sse,0.000000,0.000000,2,2,2,2,2,2,2,2,2,2,2,4,0,2.10641510784626,2.2342843003571033,2.10641510784626,2.582876943051815,0.0
1791184260,2,POST,/api/playground/conversations/{conversation_id}/chat/{chat_id}/attachment,0.000000,0.000000,64,64,66,66,66,66,66,66,66,66,66,6,0,64,76.38823124580085,58.60598757863045,103.93795231357217,26.0
1791184260,2,TXN,multimodal_e2e,0.000000,0.000000,340,340,370,370,370,370,370,370,370,370,370,4,0,340.0,372.95586871914566,339.3788640387356,436.6948646493256,19.5
1791184260,2,,Aggregated,0.000000,0.000000,63,64,340,340,340,370,370,370,370,370,370,20,0,20,101.10103189945221,2.10641510784626,436.6948646493256,23.1
1791184261,2,POST,/api/playground/conversations,0.000000,0.000000,6,6,6,6,6,6,6,6,6,6,6,6,0,6,10.488439739371339,5.682200659066439,20.350771956145763,38.0
1791184261,2,POST,/api/playground/conversations/{conversation_id}/chat/sse,0.000000,0.000000,2,2,2,2,2,2,2,2,2,2,2,4,0,2.10641510784626,2.2342843003571033,2.10641510784626,2.582876943051815,0.0
1791184261,2,POST,/api/playground/conversations/{conversation_id}/chat/{chat_id}/attachment,0.000000,0.000000,64,64,66,66,66,66,66,66,66,66,66,6,0,64,76.38823124580085,58.60598757863045,103.93795231357217,26.0
1791184261,2,TXN,multimodal_e2e,0.000000,0.000000,340,340,370,370,370,370,370,370,370,370,370,4,0,340.0,372.95586871914566,339.3788640387356,436.6948646493256,19.5
1791184261,2,,Aggregated,0.000000,0.000000,63,64,340,340,340,370,370,370,370,370,370,20,0,20,101.10103189945221,2.10641510784626,436.6948646493256,23.1
1791184262,2,POST,/api/playground/conversations,0.000000,0.000000,6,6,6,6,6,6,6,6,6,6,6,6,0,6,10.488439739371339,5.682200659066439,20.350771956145763,38.0
1791184262,2,POST,/api/playground/conversations/{conversation_id}/chat/sse,0.000000,0.000000,2,2,2,2,2,2,2,2,2,2,2,4,0,2.10641510784626,2.2342843003571033,2.10641510784626,2.582876943051815,0.0
1791184262,2,POST,/api/playground/conversations/{conversation_id}/chat/{chat_id}/attachment,0.000000,0.000000,64,64,66,66,66,66,66,66,66,66,66,6,0,64,76.38823124580085,58.60598757863045,103.93795231357217,26.0
1791184262,2,TXN,multimodal_e2e,0.000000,0.000000,340,340,370,370,370,370,370,370,370,370,370,4,0,340.0,372.95586871914566,339.3788640387356,436.6948646493256,19.5
1791184262,2,,Aggregated,0.000000,0.000000,63,64,340,340,340,370,370,370,370,370,370,20,0,20,101.10103189945221,2.10641510784626,436.6948646493256,23.1
1791184263,2,POST,/api/playground/conversations,0.000000,0.000000,6,6,6,6,6,6,6,6,6,6,6,6,0,6,10.488439739371339,5.682200659066439,20.350771956145763,38.0
1791184263,2,POST,/api/playground/conversations/{conversation_id}/chat/sse,0.000000,0.000000,2,2,2,2,2,2,2,2,2,2,2,4,0,2.10641510784626,2.2342843003571033,2.10641510784626,2.582876943051815,0.0
1791184263,2,POST,/api/playground/conversations/{conversation_id}/chat/{chat_id}/attachment,0.000000,0.000000,64,64,66,66,66,66,66,66,66,66,66,6,0,64,76.38823124580085,58.60598757863045,103.93795231357217,26.0
1791184263,2,TXN,multimodal_e2e,0.000000,0.000000,340,340,370,370,370,370,370,370,370,370,370,4,0,340.0,372.95586871914566,339.3788640387356,436.6948646493256,19.5
1791184263,2,,Aggregated,0.000000,0.000000,63,64,340,340,340,370,370,370,370,370,370,20,0,20,101.10103189945221,2.10641510784626,436.6948646493256,23.1
1791184264,2,POST,/api/playground/conversations,0.000000,0.000000,6,6,6,6,6,6,6,6,6,6,6,6,0,6,10.488439739371339,5.682200659066439,20.350771956145763,38.0
1791184264,2,POST,/api/playground/conversations/{conversation_id}/chat/sse,0.000000,0.000000,2,2,2,2,2,2,2,2,2,2,2,4,0,2.10641510784626,2.2342843003571033,2.10641510784626,2.582876943051815,0.0
1791184264,2,POST,/api/playground/conversations/{conversation_id}/chat/{chat_id}/attachment,0.000000,0.000000,64,64,66,66,66,66,66,66,66,66,66,6,0,64,76.38823124580085,58.60598757863045,103.93795231357217,26.0
1791184264,2,TXN,multimodal_e2e,0.000000,0.000000,340,340,370,370,370,370,370,370,370,370,370,4,0,340.0,372.95586871914566,339.3788640387356,436.6948646493256,19.5
1791184264,2,,Aggregated,0.000000,0.000000,63,64,340,340,340,370,370,370,370,370,370,20,0,20,101.10103189945221,2.10641510784626,436.6948646493256,23.1
1791184265,2,POST,/api/playground/conversations,0.000000,0.000000,6,6,6,6,6,6,6,6,6,6,6,6,0,6,10.488439739371339,5.682200659066439,20.350771956145763,38.0
1791184265,2,POST,/api/playground/conversations/{conversation_id}/chat/sse,0.000000,0.000000,2,2,2,2,2,2,2,2,2,2,2,4,0,2.10641510784626,2.2342843003571033,2.10641510784626,2.582876943051815,0.0
1791184265,2,POST,/api/playground/conversations/{conversation_id}/chat/{chat_id}/attachment,0.000000,0.000000,64,64,66,66,66,66,66,66,66,66,66,6,0,64,76.38823124580085,58.60598757863045,103.93795231357217,26.0
1791184265,2,TXN,multimodal_e2e,0.000000,0.000000,340,340,370,370,370,370,370,370,370,370,370,4,0,340.0,372.95586871914566,339.3788640387356,436.6948646493256,19.5
1791184265,2,,Aggregated,0.000000,0.000000,63,64,340,340,340,370,370,370,370,370,370,20,0,20,101.10103189945221,2.10641510784626,436.6948646493256,23.1
1791184266,2,POST,/api/playground/conversations,0.000000,0.000000,6,6,6,6,6,6,6,6,6,6,6,6,0,6,10.488439739371339,5.682200659066439,20.350771956145763,38.0
1791184266,2,POST,/api/playground/conversations/{conversation_id}/chat/sse,0.000000,0.000000,2,2,2,2,2,2,2,2,2,2,2,4,0,2.10641510784626,2.2342843003571033,2.10641510784626,2.582876943051815,0.0
1791184266,2,POST,/api/playground/conversations/{conversation_id}/chat/{chat_id}/attachment,0.000000,0.000000,64,64,66,66,66,66,66,66,66,66,66,6,0,64,76.38823124580085,58.60598757863045,103.93795231357217,26.0
1791184266,2,TXN,multimodal_e2e,0.000000,0.000000,340,340,370,370,370,370,370,370,370,370,370,4,0,340.0,372.95586871914566,339.3788640387356,436.6948646493256,19.5
1791184266,2,,Aggregated,0.000000,0.000000,63,64,340,340,340,370,370,370,370,370,370,20,0,20,101.10103189945221,2.10641510784626,436.6948646493256,23.1
1791184267,2,POST,/api/playground/conversations,0.000000,0.000000,0,0,0,0,0,0,0,0,0,0,0,6,0,6,10.488439739371339,5.682200659066439,20.350771956145763,38.0
1791184267,2,POST,/api/playground/conversations/{conversation_id}/chat/sse,0.000000,0.000000,0,0,0,0,0,0,0,0,0,0,0,4,0,2.10641510784626,2.2342843003571033,2.10641510784626,2.582876943051815,0.0
1791184267,2,POST,/api/playground/conversations/{conversation_id}/chat/{chat_id}/attachment,0.000000,0.000000,0,0,0,0,0,0,0,0,0,0,0,6,0,64,76.38823124580085,58.60598757863045,103.93795231357217,26.0
1791184267,2,TXN,multimodal_e2e,0.000000,0.000000,0,0,0,0,0,0,0,0,0,0,0,4,0,340.0,372.95586871914566,339.3788640387356,436.6948646493256,19.5
1791184267,2,,Aggregated,0.000000,0.000000,0,0,0,0,0,0,0,0,0,0,0,20,0,20,101.10103189945221,2.10641510784626,436.6948646493256,23.1
1791184268,2,POST,/api/playground/conversations,0.000000,0.000000,0,0,0,0,0,0,0,0,0,0,0,6,0,6,10.488439739371339,5.682200659066439,20.350771956145763,38.0
1791184268,2,POST,/api/playground/conversations/{conversation_id}/chat/sse,0.000000,0.000000,0,0,0,0,0,0,0,0,0,0,0,4,0,2.10641510784626,2.2342843003571033,2.10641510784626,2.582876943051815,0.0
1791184268,2,POST,/api/playground/conversations/{conversation_id}/chat/{chat_id}/attachment,0.000000,0.000000,0,0,0,0,0,0,0,0,0,0,0,6,0,64,76.38823124580085,58.60598757863045,103.93795231357217,26.0
1791184268,2,TXN,multimodal_e2e,0.000000,0.000000,0,0,0,0,0,0,0,0,0,0,0,4,0,340.0,372.95586871914566,339.3788640387356,436.6948646493256,19.5
1791184268,2,,Aggregated,0.000000,0.000000,0,0,0,0,0,0,0,0,0,0,0,20,0,20,101.10103189945221,2.10641510784626,436.6948646493256,23.1
1791184269,2,POST,/api/playground/conversations,0.000000,0.000000,0,0,0,0,0,0,0,0,0,0,0,6,0,6,10.488439739371339,5.682200659066439,20.350771956145763,38.0
1791184269,2,POST,/api/playground/conversations/{conversation_id}/chat/sse,0.000000,0.000000,0,0,0,0,0,0,0,0,0,0,0,4,0,2.10641510784626,2.2342843003571033,2.10641510784626,2.582876943051815,0.0
1791184269,2,POST,/api/playground/conversations/{conversation_id}/chat/{chat_id}/attachment,0.000000,0.000000,0,0,0,0,0,0,0,0,0,0,0,6,0,64,76.38823124580085,58.60598757863045,103.93795231357217,26.0
1791184269,2,TXN,multimodal_e2e,0.000000,0.000000,0,0,0,0,0,0,0,0,0,0,0,4,0,340.0,372.95586871914566,339.3788640387356,436.6948646493256,19.5
1791184269,2,,Aggregated,0.000000,0.000000,0,0,0,0,0,0,0,0,0,0,0,20,0,20,101.10103189945221,2.10641510784626,436.6948646493256,23.1
1791184270,2,POST,/api/playground/conversations,0.000000,0.000000,0,0,0,0,0,0,0,0,0,0,0,6,0,6,10.488439739371339,5.682200659066439,20.350771956145763,38.0
1791184270,2,POST,/api/playground/conversations/{conversation_id}/chat/sse,0.000000,0.000000,0,0,0,0,0,0,0,0,0,0,0,4,0,2.10641510784626,2.2342843003571033,2.10641510784626,2.582876943051815,0.0
1791184270,2,POST,/api/playground/conversations/{conversation_id}/chat/{chat_id}/attachment,0.000000,0.000000,0,0,0,0,0,0,0,0,0,0,0,6,0,64,76.38823124580085,58.60598757863045,103.93795231357217,26.0
1791184270,2,TXN,multimodal_e2e,0.000000,0.000000,0,0,0,0,0,0,0,0,0,0,0,4,0,340.0,372.95586871914566,339.3788640387356,436.6948646493256,19.5
1791184270,2,,Aggregated,0.000000,0.000000,0,0,0,0,0,0,0,0,0,0,0,20,0,20,101.10103189945221,2.10641510784626,436.6948646493256,23.1
1791184271,2,POST,/api/playground/conversations,0.000000,0.000000,0,0,0,0,0,0,0,0,0,0,0,6,0,6,10.488439739371339,5.682200659066439,20.350771956145763,38.0
1791184271,2,POST,/api/playground/conversations/{conversation_id}/chat/sse,0.000000,0.000000,0,0,0,0,0,0,0,0,0,0,0,4,0,2.10641510784626,2.2342843003571033,2.10641510784626,2.582876943051815,0.0
1791184271,2,POST,/api/playground/conversations/{conversation_id}/chat/{chat_id}/attachment,0.000000,0.000000,0,0,0,0,0,0,0,0,0,0,0,6,0,64,76.38823124580085,58.60598757863045,103.93795231357217,26.0
1791184271,2,TXN,multimodal_e2e,0.000000,0.000000,0,0,0,0,0,0,0,0,0,0,0,4,0,340.0,372.95586871914566,339.3788640387356,436.6948646493256,19.5
1791184271,2,,Aggregated,0.000000,0.000000,0,0,0,0,0,0,0,0,0,0,0,20,0,20,101.10103189945221,2.10641510784626,436.6948646493256,23.1
1791184272,2,POST,/api/playground/conversations,0.000000,0.000000,0,0,0,0,0,0,0,0,0,0,0,6,0,6,10.488439739371339,5.682200659066439,20.350771956145763,38.0
1791184272,2,POST,/api/playground/conversations/{conversation_id}/chat/sse,0.000000,0.000000,0,0,0,0,0,0,0,0,0,0,0,4,0,2.10641510784626,2.2342843003571033,2.10641510784626,2.582876943051815,0.0
1791184272,2,POST,/api/playground/conversations/{conversation_id}/chat/{chat_id}/attachment,0.000000,0.000000,0,0,0,0,0,0,0,0,0,0,0,6,0,64,76.38823124580085,58.60598757863045,103.93795231357217,26.0
1791184272,2,TXN,multimodal_e2e,0.000000,0.000000,0,0,0,0,0,0,0,0,0,0,0,4,0,340.0,372.95586871914566,339.3788640387356,436.6948646493256,19.5
1791184272,2,,Aggregated,0.000000,0.000000,0,0,0,0,0,0,0,0,0,0,0,20,0,20,101.10103189945221,2.10641510784626,436.6948646493256,23.1
1791184273,2,POST,/api/playground/conversations,0.000000,0.000000,0,0,0,0,0,0,0,0,0,0,0,6,0,6,10.488439739371339,5.682200659066439,20.350771956145763,38.0
1791184273,2,POST,/api/playground/conversations/{conversation_id}/chat/sse,0.000000,0.000000,0,0,0,0,0,0,0,0,0,0,0,4,0,2.10641510784626,2.2342843003571033,2.10641510784626,2.582876943051815,0.0
1791184273,2,POST,/api/playground/conversations/{conversation_id}/chat/{chat_id}/attachment,0.000000,0.000000,0,0,0,0,0,0,0,0,0,0,0,6,0,64,76.38823124580085,58.60598757863045,103.93795231357217,26.0
1791184273,2,TXN,multimodal_e2e,0.000000,0.000000,0,0,0,0,0,0,0,0,0,0,0,4,0,340.0,372.95586871914566,339.3788640387356,436.6948646493256,19.5
1791184273,2,,Aggregated,0.000000,0.000000,0,0,0,0,0,0,0,0,0,0,0,20,0,20,101.10103189945221,2.10641510784626,436.6948646493256,23.1
1791184274,2,POST,/api/playground/conversations,0.000000,0.000000,0,0,0,0,0,0,0,0,0,0,0,6,0,6,10.488439739371339,5.682200659066439,20.350771956145763,38.0
1791184274,2,POST,/api/playground/conversations/{conversation_id}/chat/sse,0.000000,0.000000,0,0,0,0,0,0,0,0,0,0,0,4,0,2.10641510784626,2.2342843003571033,2.10641510784626,2.582876943051815,0.0
1791184274,2,POST,/api/playground/conversations/{conversation_id}/chat/{chat_id}/attachment,0.000000,0.000000,0,0,0,0,0,0,0,0,0,0,0,6,0,64,76.38823124580085,58.60598757863045,103.93795231357217,26.0
1791184274,2,TXN,multimodal_e2e,0.000000,0.000000,0,0,0,0,0,0,0,0,0,0,0,4,0,340.0,372.95586871914566,339.3788640387356,436.6948646493256,19.5
1791184274,2,,Aggregated,0.000000,0.000000,0,0,0,0,0,0,0,0,0,0,0,20,0,20,101.10103189945221,2.10641510784626,436.6948646493256,23.1
1791184275,2,POST,/api/playground/conversations,0.000000,0.000000,0,0,0,0,0,0,0,0,0,0,0,6,0,6,10.488439739371339,5.682200659066439,20.350771956145763,38.0
1791184275,2,POST,/api/playground/conversations/{conversation_id}/chat/sse,0.000000,0.000000,0,0,0,0,0,0,0,0,0,0,0,4,0,2.10641510784626,2.2342843003571033,2.10641510784626,2.582876943051815,0.0
1791184275,2,POST,/api/playground/conversations/{conversation_id}/chat/{chat_id}/attachment,0.000000,0.000000,0,0,0,0,0,0,0,0,0,0,0,6,0,64,76.38823124580085,58.60598757863045,103.93795231357217,26.0
1791184275,2,TXN,multimodal_e2e,0.000000,0.000000,0,0,0,0,0,0,0,0,0,0,0,4,0,340.0,372.95586871914566,339.3788640387356,436.6948646493256,19.5
1791184275,2,,Aggregated,0.000000,0.000000,0,0,0,0,0,0,0,0,0,0,0,20,0,20,101.10103189945221,2.10641510784626,436.6948646493256,23.1
1791184276,2,POST,/api/playground/conversations,0.000000,0.000000,0,0,0,0,0,0,0,0,0,0,0,6,0,6,10.488439739371339,5.682200659066439,20.350771956145763,38.0
1791184276,2,POST,/api/playground/conversations/{conversation_id}/chat/sse,0.000000,0.000000,0,0,0,0,0,0,0,0,0,0,0,4,0,2.10641510784626,2.2342843003571033,2.10641510784626,2.582876943051815,0.0
1791184276,2,POST,/api/playground/conversations/{conversation_id}/chat/{chat_id}/attachment,0.000000,0.000000,0,0,0,0,0,0,0,0,0,0,0,6,0,64,76.38823124580085,58.60598757863045,103.93795231357217,26.0
1791184276,2,TXN,multimodal_e2e,0.000000,0.000000,0,0,0,0,0,0,0,0,0,0,0,4,0,340.0,372.95586871914566,339.3788640387356,436.6948646493256,19.5
1791184276,2,,Aggregated,0.000000,0.000000,0,0,0,0,0,0,0,0,0,0,0,20,0,20,101.10103189945221,2.10641510784626,436.6948646493256,23.1
1791184277,2,POST,/api/playground/conversations,0.000000,0.000000,0,0,0,0,0,0,0,0,0,0,0,6,0,6,10.488439739371339,5.682200659066439,20.350771956145763,38.0
1791184277,2,POST,/api/playground/conversations/{conversation_id}/chat/sse,0.000000,0.000000,0,0,0,0,0,0,0,0,0,0,0,4,0,2.10641510784626,2.2342843003571033,2.10641510784626,2.582876943051815,0.0
1791184277,2,POST,/api/playground/conversations/{conversation_id}/chat/{chat_id}/attachment,0.000000,0.000000,0,0,0,0,0,0,0,0,0,0,0,6,0,64,76.38823124580085,58.60598757863045,103.93795231357217,26.0
1791184277,2,TXN,multimodal_e2e,0.000000,0.000000,0,0,0,0,0,0,0,0,0,0,0,4,0,340.0,372.95586871914566,339.3788640387356,436.6948646493256,19.5
1791184277,2,,Aggregated,0.000000,0.000000,0,0,0,0,0,0,0,0,0,0,0,20,0,20,101.10103189945221,2.10641510784626,436.6948646493256,23.1
1791184278,2,POST,/api/playground/conversations,0.000000,0.000000,0,0,0,0,0,0,0,0,0,0,0,6,0,6,10.488439739371339,5.682200659066439,20.350771956145763,38.0
1791184278,2,POST,/api/playground/conversations/{conversation_id}/chat/sse,0.000000,0.000000,0,0,0,0,0,0,0,0,0,0,0,4,0,2.10641510784626,2.2342843003571033,2.10641510784626,2.582876943051815,0.0
1791184278,2,POST,/api/playground/conversations/{conversation_id}/chat/{chat_id}/attachment,0.000000,0.000000,0,0,0,0,0,0,0,0,0,0,0,6,0,64,76.38823124580085,58.60598757863045,103.93795231357217,26.0
1791184278,2,TXN,multimodal_e2e,0.000000,0.000000,0,0,0,0,0,0,0,0,0,0,0,4,0,340.0,372.95586871914566,339.3788640387356,436.6948646493256,19.5
1791184278,2,,Aggregated,0.000000,0.000000,0,0,0,0,0,0,0,0,0,0,0,20,0,20,101.10103189945221,2.10641510784626,436.6948646493256,23.1
1791184279,2,POST,/api/playground/conversations,0.000000,0.000000,0,0,0,0,0,0,0,0,0,0,0,6,0,6,10.488439739371339,5.682200659066439,20.350771956145763,38.0
1791184279,2,POST,/api/playground/conversations/{conversation_id}/chat/sse,0.000000,0.000000,0,0,0,0,0,0,0,0,0,0,0,4,0,2.10641510784626,2.2342843003571033,2.10641510784626,2.582876943051815,0.0
1791184279,2,POST,/api/playground/conversations/{conversation_id}/chat/{chat_id}/attachment,0.000000,0.000000,0,0,0,0,0,0,0,0,0,0,0,6,0,64,76.38823124580085,58.60598757863045,103.93795231357217,26.0
1791184279,2,TXN,multimodal_e2e,0.000000,0.000000,0,0,0,0,0,0,0,0,0,0,0,4,0,340.0,372.95586871914566,339.3788640387356,436.6948646493256,19.5
1791184279,2,,Aggregated,0.000000,0.000000,0,0,0,0,0,0,0,0,0,0,0,20,0,20,101.10103189945221,2.10641510784626,436.6948646493256,23.1
1791184280,2,POST,/api/playground/conversations,0.000000,0.000000,0,0,0,0,0,0,0,0,0,0,0,6,0,6,10.488439739371339,5.682200659066439,20.350771956145763,38.0
1791184280,2,POST,/api/playground/conversations/{conversation_id}/chat/sse,0.000000,0.000000,0,0,0,0,0,0,0,0,0,0,0,4,0,2.10641510784626,2.2342843003571033,2.10641510784626,2.582876943051815,0.0
1791184280,2,POST,/api/playground/conversations/{conversation_id}/chat/{chat_id}/attachment,0.000000,0.000000,0,0,0,0,0,0,0,0,0,0,0,6,0,64,76.38823124580085,58.60598757863045,103.93795231357217,26.0
1791184280,2,TXN,multimodal_e2e,0.000000,0.000000,0,0,0,0,0,0,0,0,0,0,0,4,0,340.0,372.95586871914566,339.3788640387356,436.6948646493256,19.5
1791184280,2,,Aggregated,0.000000,0.000000,0,0,0,0,0,0,0,0,0,0,0,20,0,20,101.10103189945221,2.10641510784626,436.6948646493256,23.1
1791184281,2,POST,/api/playground/conversations,0.000000,0.000000,0,0,0,0,0,0,0,0,0,0,0,6,0,6,10.488439739371339,5.682200659066439,20.350771956145763,38.0
1791184281,2,POST,/api/playground/conversations/{conversation_id}/chat/sse,0.000000,0.000000,0,0,0,0,0,0,0,0,0,0,0,4,0,2.10641510784626,2.2342843003571033,2.10641510784626,2.582876943051815,0.0
1791184281,2,POST,/api/playground/conversations/{conversation_id}/chat/{chat_id}/attachment,0.000000,0.000000,0,0,0,0,0,0,0,0,0,0,0,6,0,64,76.38823124580085,58.60598757863045,103.93795231357217,26.0
1791184281,2,TXN,multimodal_e2e,0.000000,0.000000,0,0,0,0,0,0,0,0,0,0,0,4,0,340.0,372.95586871914566,339.3788640387356,436.6948646493256,19.5
1791184281,2,,Aggregated,0.000000,0.000000,0,0,0,0,0,0,0,0,0,0,0,20,0,20,101.10103189945221,2.10641510784626,436.6948646493256,23.1
1791184282,2,POST,/api/playground/conversations,0.000000,0.000000,0,0,0,0,0,0,0,0,0,0,0,6,0,6,10.488439739371339,5.682200659066439,20.350771956145763,38.0
1791184282,2,POST,/api/playground/conversations/{conversation_id}/chat/sse,0.000000,0.000000,0,0,0,0,0,0,0,0,0,0,0,4,0,2.10641510784626,2.2342843003571033,2.10641510784626,2.582876943051815,0.0
1791184282,2,POST,/api/playground/conversations/{conversation_id}/chat/{chat_id}/attachment,0.000000,0.000000,0,0,0,0,0,0,0,0,0,0,0,6,0,64,76.38823124580085,58.60598757863045,103.93795231357217,26.0
1791184282,2,TXN,multimodal_e2e,0.000000,0.000000,0,0,0,0,0,0,0,0,0,0,0,4,0,340.0,372.95586871914566,339.3788640387356,436.6948646493256,19.5
1791184282,2,,Aggregated,0.000000,0.000000,0,0,0,0,0,0,0,0,0,0,0,20,0,20,101.10103189945221,2.10641510784626,436.6948646493256,23.1
1791184283,2,POST,/api/playground/conversations,0.000000,0.000000,0,0,0,0,0,0,0,0,0,0,0,6,0,6,10.488439739371339,5.682200659066439,20.350771956145763,38.0
1791184283,2,POST,/api/playground/conversations/{conversation_id}/chat/sse,0.000000,0.000000,0,0,0,0,0,0,0,0,0,0,0,4,0,2.10641510784626,2.2342843003571033,2.10641510784626,2.582876943051815,0.0
1791184283,2,POST,/api/playground/conversations/{conversation_id}/chat/{chat_id}/attachment,0.000000,0.000000,0,0,0,0,0,0,0,0,0,0,0,6,0,64,76.38823124580085,58.60598757863045,103.93795231357217,26.0
1791184283,2,TXN,multimodal_e2e,0.000000,0.000000,0,0,0,0,0,0,0,0,0,0,0,4,0,340.0,372.95586871914566,339.3788640387356,436.6948646493256,19.5
1791184283,2,,Aggregated,0.000000,0.000000,0,0,0,0,0,0,0,0,0,0,0,20,0,20,101.10103189945221,2.10641510784626,436.6948646493256,23.1
1791184284,2,POST,/api/playground/conversations,0.000000,0.000000,0,0,0,0,0,0,0,0,0,0,0,6,0,6,10.488439739371339,5.682200659066439,20.350771956145763,38.0
1791184284,2,POST,/api/playground/conversations/{conversation_id}/chat/sse,0.000000,0.000000,0,0,0,0,0,0,0,0,0,0,0,4,0,2.10641510784626,2.2342843003571033,2.10641510784626,2.582876943051815,0.0
1791184284,2,POST,/api/playground/conversations/{conversation_id}/chat/{chat_id}/attachment,0.000000,0.000000,0,0,0,0,0,0,0,0,0,0,0,6,0,64,76.38823124580085,58.60598757863045,103.93795231357217,26.0
1791184284,2,TXN,multimodal_e2e,0.000000,0.000000,0,0,0,0,0,0,0,0,0,0,0,4,0,340.0,372.95586871914566,339.3788640387356,436.6948646493256,19.5
1791184284,2,,Aggregated,0.000000,0.000000,0,0,0,0,0,0,0,0,0,0,0,20,0,20,101.10103189945221,2.10641510784626,436.6948646493256,23.1
1791184285,2,POST,/api/playground/conversations,0.000000,0.000000,0,0,0,0,0,0,0,0,0,0,0,6,0,6,10.488439739371339,5.682200659066439,20.350771956145763,38.0
1791184285,2,POST,/api/playground/conversations/{conversation_id}/chat/sse,0.000000,0.000000,0,0,0,0,0,0,0,0,0,0,0,4,0,2.10641510784626,2.2342843003571033,2.10641510784626,2.582876943051815,0.0
1791184285,2,POST,/api/playground/conversations/{conversation_id}/chat/{chat_id}/attachment,0.000000,0.000000,0,0,0,0,0,0,0,0,0,0,0,6,0,64,76.38823124580085,58.60598757863045,103.93795231357217,26.0
1791184285,2,TXN,multimodal_e2e,0.000000,0.000000,0,0,0,0,0,0,0,0,0,0,0,4,0,340.0,372.95586871914566,339.3788640387356,436.6948646493256,19.5
1791184285,2,,Aggregated,0.000000,0.000000,0,0,0,0,0,0,0,0,0,0,0,20,0,20,101.10103189945221,2.10641510784626,436.6948646493256,23.1
1791184286,2,POST,/api/playground/conversations,0.000000,0.000000,0,0,0,0,0,0,0,0,0,0,0,6,0,6,10.488439739371339,5.682200659066439,20.350771956145763,38.0
1791184286,2,POST,/api/playground/conversations/{conversation_id}/chat/sse,0.000000,0.000000,0,0,0,0,0,0,0,0,0,0,0,4,0,2.10641510784626,2.2342843003571033,2.10641510784626,2.582876943051815,0.0
1791184286,2,POST,/api/playground/conversations/{conversation_id}/chat/{chat_id}/attachment,0.000000,0.000000,0,0,0,0,0,0,0,0,0,0,0,6,0,64,76.38823124580085,58.60598757863045,103.93795231357217,26.0
1791184286,2,TXN,multimodal_e2e,0.000000,0.000000,0,0,0,0,0,0,0,0,0,0,0,4,0,340.0,372.95586871914566,339.3788640387356,436.6948646493256,19.5
1791184286,2,,Aggregated,0.000000,0.000000,0,0,0,0,0,0,0,0,0,0,0,20,0,20,101.10103189945221,2.10641510784626,436.6948646493256,23.1
1791184287,2,POST,/api/playground/conversations,0.000000,0.000000,0,0,0,0,0,0,0,0,0,0,0,6,0,6,10.488439739371339,5.682200659066439,20.350771956145763,38.0
1791184287,2,POST,/api/playground/conversations/{conversation_id}/chat/sse,0.000000,0.000000,0,0,0,0,0,0,0,0,0,0,0,4,0,2.10641510784626,2.2342843003571033,2.10641510784626,2.582876943051815,0.0
1791184287,2,POST,/api/playground/conversations/{conversation_id}/chat/{chat_id}/attachment,0.000000,0.000000,0,0,0,0,0,0,0,0,0,0,0,6,0,64,76.38823124580085,58.60598757863045,103.93795231357217,26.0
1791184287,2,TXN,multimodal_e2e,0.000000,0.000000,0,0,0,0,0,0,0,0,0,0,0,4,0,340.0,372.95586871914566,339.3788640387356,436.6948646493256,19.5
1791184287,2,,Aggregated,0.000000,0.000000,0,0,0,0,0,0,0,0,0,0,0,20,0,20,101.10103189945221,2.10641510784626,436.6948646493256,23.1
1791184288,2,POST,/api/playground/conversations,0.000000,0.000000,0,0,0,0,0,0,0,0,0,0,0,6,0,6,10.488439739371339,5.682200659066439,20.350771956145763,38.0
1791184288,2,POST,/api/playground/conversations/{conversation_id}/chat/sse,0.000000,0.000000,0,0,0,0,0,0,0,0,0,0,0,4,0,2.10641510784626,2.2342843003571033,2.10641510784626,2.582876943051815,0.0
1791184288,2,POST,/api/playground/conversations/{conversation_id}/chat/{chat_id}/attachment,0.000000,0.000000,0,0,0,0,0,0,0,0,0,0,0,6,0,64,76.38823124580085,58.60598757863045,103.93795231357217,26.0
1791184288,2,TXN,multimodal_e2e,0.000000,0.000000,0,0,0,0,0,0,0,0,0,0,0,4,0,340.0,372.95586871914566,339.3788640387356,436.6948646493256,19.5
1791184288,2,,Aggregated,0.000000,0.000000,0,0,0,0,0,0,0,0,0,0,0,20,0,20,101.10103189945221,2.10641510784626,436.6948646493256,23.1
1791184289,2,POST,/api/playground/conversations,0.000000,0.000000,0,0,0,0,0,0,0,0,0,0,0,6,0,6,10.488439739371339,5.682200659066439,20.350771956145763,38.0
1791184289,2,POST,/api/playground/conversations/{conversation_id}/chat/sse,0.000000,0.000000,0,0,0,0,0,0,0,0,0,0,0,4,0,2.10641510784626,2.2342843003571033,2.10641510784626,2.582876943051815,0.0
1791184289,2,POST,/api/playground/conversations/{conversation_id}/chat/{chat_id}/attachment,0.000000,0.000000,0,0,0,0,0,0,0,0,0,0,0,6,0,64,76.38823124580085,58.60598757863045,103.93795231357217,26.0
1791184289,2,TXN,multimodal_e2e,0.000000,0.000000,0,0,0,0,0,0,0,0,0,0,0,4,0,340.0,372.95586871914566,339.3788640387356,436.6948646493256,19.5
1791184289,2,,Aggregated,0.000000,0.000000,0,0,0,0,0,0,0,0,0,0,0,20,0,20,101.10103189945221,2.10641510784626,436.6948646493256,23.1
1791184290,2,POST,/api/playground/conversations,0.000000,0.000000,0,0,0,0,0,0,0,0,0,0,0,6,0,6,10.488439739371339,5.682200659066439,20.350771956145763,38.0
1791184290,2,POST,/api/playground/conversations/{conversation_id}/chat/sse,0.000000,0.000000,0,0,0,0,0,0,0,0,0,0,0,4,0,2.10641510784626,2.2342843003571033,2.10641510784626,2.582876943051815,0.0
1791184290,2,POST,/api/playground/conversations/{conversation_id}/chat/{chat_id}/attachment,0.000000,0.000000,0,0,0,0,0,0,0,0,0,0,0,6,0,64,76.38823124580085,58.60598757863045,103.93795231357217,26.0
1791184290,2,TXN,multimodal_e2e,0.000000,0.000000,0,0,0,0,0,0,0,0,0,0,0,4,0,340.0,372.95586871914566,339.3788640387356,436.6948646493256,19.5
1791184290,2,,Aggregated,0.000000,0.000000,0,0,0,0,0,0,0,0,0,0,0,20,0,20,101.10103189945221,2.10641510784626,436.6948646493256,23.1
1791184291,2,POST,/api/playground/conversations,0.000000,0.000000,0,0,0,0,0,0,0,0,0,0,0,6,0,6,10.488439739371339,5.682200659066439,20.350771956145763,38.0
1791184291,2,POST,/api/playground/conversations/{conversation_id}/chat/sse,0.000000,0.000000,0,0,0,0,0,0,0,0,0,0,0,4,0,2.10641510784626,2.2342843003571033,2.10641510784626,2.582876943051815,0.0
1791184291,2,POST,/api/playground/conversations/{conversation_id}/chat/{chat_id}/attachment,0.000000,0.000000,0,0,0,0,0,0,0,0,0,0,0,6,0,64,76.38823124580085,58.60598757863045,103.93795231357217,26.0
1791184291,2,TXN,multimodal_e2e,0.000000,0.000000,0,0,0,0,0,0,0,0,0,0,0,4,0,340.0,372.95586871914566,339.3788640387356,436.6948646493256,19.5
1791184291,2,,Aggregated,0.000000,0.000000,0,0,0,0,0,0,0,0,0,0,0,20,0,20,101.10103189945221,2.10641510784626,436.6948646493256,23.1
1791184292,2,POST,/api/playground/conversations,0.000000,0.000000,0,0,0,0,0,0,0,0,0,0,0,6,0,6,10.488439739371339,5.682200659066439,20.350771956145763,38.0
1791184292,2,POST,/api/playground/conversations/{conversation_id}/chat/sse,0.000000,0.000000,0,0,0,0,0,0,0,0,0,0,0,4,0,2.10641510784626,2.2342843003571033,2.10641510784626,2.582876943051815,0.0
1791184292,2,POST,/api/playground/conversations/{conversation_id}/chat/{chat_id}/attachment,0.000000,0.000000,0,0,0,0,0,0,0,0,0,0,0,6,0,64,76.38823124580085,58.60598757863045,103.93795231357217,26.0
1791184292,2,TXN,multimodal_e2e,0.000000,0.000000,0,0,0,0,0,0,0,0,0,0,0,4,0,340.0,372.95586871914566,339.3788640387356,436.6948646493256,19.5
1791184292,2,,Aggregated,0.000000,0.000000,0,0,0,0,0,0,0,0,0,0,0,20,0,20,101.10103189945221,2.10641510784626,436.6948646493256,23.1
1791184293,2,POST,/api/playground/conversations,0.000000,0.000000,0,0,0,0,0,0,0,0,0,0,0,6,0,6,10.488439739371339,5.682200659066439,20.350771956145763,38.0
1791184293,2,POST,/api/playground/conversations/{conversation_id}/chat/sse,0.000000,0.000000,0,0,0,0,0,0,0,0,0,0,0,4,0,2.10641510784626,2.2342843003571033,2.10641510784626,2.582876943051815,0.0
1791184293,2,POST,/api/playground/conversations/{conversation_id}/chat/{chat_id}/attachment,0.000000,0.000000,0,0,0,0,0,0,0,0,0,0,0,6,0,64,76.38823124580085,58.60598757863045,103.93795231357217,26.0
1791184293,2,TXN,multimodal_e2e,0.000000,0.000000,0,0,0,0,0,0,0,0,0,0,0,4,0,340.0,372.95586871914566,339.3788640387356,436.6948646493256,19.5
1791184293,2,,Aggregated,0.000000,0.000000,0,0,0,0,0,0,0,0,0,0,0,20,0,20,101.10103189945221,2.10641510784626,436.6948646493256,23.1
1791184294,2,POST,/api/playground/conversations,0.000000,0.000000,0,0,0,0,0,0,0,0,0,0,0,6,0,6,10.488439739371339,5.682200659066439,20.350771956145763,38.0
1791184294,2,POST,/api/playground/conversations/{conversation_id}/chat/sse,0.000000,0.000000,0,0,0,0,0,0,0,0,0,0,0,4,0,2.10641510784626,2.2342843003571033,2.10641510784626,2.582876943051815,0.0
1791184294,2,POST,/api/playground/conversations/{conversation_id}/chat/{chat_id}/attachment,0.000000,0.000000,0,0,0,0,0,0,0,0,0,0,0,6,0,64,76.38823124580085,58.60598757863045,103.93795231357217,26.0
1791184294,2,TXN,multimodal_e2e,0.000000,0.000000,0,0,0,0,0,0,0,0,0,0,0,4,0,340.0,372.95586871914566,339.3788640387356,436.6948646493256,19.5
1791184294,2,,Aggregated,0.000000,0.000000,0,0,0,0,0,0,0,0,0,0,0,20,0,20,101.10103189945221,2.10641510784626,436.6948646493256,23.1
1791184295,2,POST,/api/playground/conversations,0.000000,0.000000,0,0,0,0,0,0,0,0,0,0,0,6,0,6,10.488439739371339,5.682200659066439,20.350771956145763,38.0
1791184295,2,POST,/api/playground/conversations/{conversation_id}/chat/sse,0.000000,0.000000,0,0,0,0,0,0,0,0,0,0,0,4,0,2.10641510784626,2.2342843003571033,2.10641510784626,2.582876943051815,0.0
1791184295,2,POST,/api/playground/conversations/{conversation_id}/chat/{chat_id}/attachment,0.000000,0.000000,0,0,0,0,0,0,0,0,0,0,0,6,0,64,76.38823124580085,58.60598757863045,103.93795231357217,26.0
1791184295,2,TXN,multimodal_e2e,0.000000,0.000000,0,0,0,0,0,0,0,0,0,0,0,4,0,340.0,372.95586871914566,339.3788640387356,436.6948646493256,19.5
1791184295,2,,Aggregated,0.000000,0.000000,0,0,0,0,0,0,0,0,0,0,0,20,0,20,101.10103189945221,2.10641510784626,436.6948646493256,23.1
1791184296,2,POST,/api/playground/conversations,0.000000,0.000000,0,0,0,0,0,0,0,0,0,0,0,6,0,6,10.488439739371339,5.682200659066439,20.350771956145763,38.0
1791184296,2,POST,/api/playground/conversations/{conversation_id}/chat/sse,0.000000,0.000000,0,0,0,0,0,0,0,0,0,0,0,4,0,2.10641510784626,2.2342843003571033,2.10641510784626,2.582876943051815,0.0
1791184296,2,POST,/api/playground/conversations/{conversation_id}/chat/{chat_id}/attachment,0.000000,0.000000,0,0,0,0,0,0,0,0,0,0,0,6,0,64,76.38823124580085,58.60598757863045,103.93795231357217,26.0
1791184296,2,TXN,multimodal_e2e,0.000000,0.000000,0,0,0,0,0,0,0,0,0,0,0,4,0,340.0,372.95586871914566,339.3788640387356,436.6948646493256,19.5
1791184296,2,,Aggregated,0.000000,0.000000,0,0,0,0,0,0,0,0,0,0,0,20,0,20,101.10103189945221,2.10641510784626,436.6948646493256,23.1
1791184297,2,POST,/api/playground/conversations,0.000000,0.000000,0,0,0,0,0,0,0,0,0,0,0,6,0,6,10.488439739371339,5.682200659066439,20.350771956145763,38.0
1791184297,2,POST,/api/playground/conversations/{conversation_id}/chat/sse,0.000000,0.000000,0,0,0,0,0,0,0,0,0,0,0,4,0,2.10641510784626,2.2342843003571033,2.10641510784626,2.582876943051815,0.0
1791184297,2,POST,/api/playground/conversations/{conversation_id}/chat/{chat_id}/attachment,0.000000,0.000000,0,0,0,0,0,0,0,0,0,0,0,6,0,64,76.38823124580085,58.60598757863045,103.93795231357217,26.0
1791184297,2,TXN,multimodal_e2e,0.000000,0.000000,0,0,0,0,0,0,0,0,0,0,0,4,0,340.0,372.95586871914566,339.3788640387356,436.6948646493256,19.5
1791184297,2,,Aggregated,0.000000,0.000000,0,0,0,0,0,0,0,0,0,0,0,20,0,20,101.10103189945221,2.10641510784626,436.6948646493256,23.1
1791184298,2,POST,/api/playground/conversations,0.000000,0.000000,0,0,0,0,0,0,0,0,0,0,0,6,0,6,10.488439739371339,5.682200659066439,20.350771956145763,38.0
1791184298,2,POST,/api/playground/conversations/{conversation_id}/chat/sse,0.000000,0.000000,0,0,0,0,0,0,0,0,0,0,0,4,0,2.10641510784626,2.2342843003571033,2.10641510784626,2.582876943051815,0.0
1791184298,2,POST,/api/playground/conversations/{conversation_id}/chat/{chat_id}/attachment,0.000000,0.000000,0,0,0,0,0,0,0,0,0,0,0,6,0,64,76.38823124580085,58.60598757863045,103.93795231357217,26.0
1791184298,2,TXN,multimodal_e2e,0.000000,0.000000,0,0,0,0,0,0,0,0,0,0,0,4,0,340.0,372.95586871914566,339.3788640387356,436.6948646493256,19.5
1791184298,2,,Aggregated,0.000000,0.000000,0,0,0,0,0,0,0,0,0,0,0,20,0,20,101.10103189945221,2.10641510784626,436.6948646493256,23.1
1791184299,2,POST,/api/playground/conversations,0.000000,0.000000,0,0,0,0,0,0,0,0,0,0,0,6,0,6,10.488439739371339,5.682200659066439,20.350771956145763,38.0
1791184299,2,POST,/api/playground/conversations/{conversation_id}/chat/sse,0.000000,0.000000,0,0,0,0,0,0,0,0,0,0,0,4,0,2.10641510784626,2.2342843003571033,2.10641510784626,2.582876943051815,0.0
1791184299,2,POST,/api/playground/conversations/{conversation_id}/chat/{chat_id}/attachment,0.000000,0.000000,0,0,0,0,0,0,0,0,0,0,0,6,0,64,76.38823124580085,58.60598757863045,103.93795231357217,26.0
1791184299,2,TXN,multimodal_e2e,0.000000,0.000000,0,0,0,0,0,0,0,0,0,0,0,4,0,340.0,372.95586871914566,339.3788640387356,436.6948646493256,19.5
1791184299,2,,Aggregated,0.000000,0.000000,0,0,0,0,0,0,0,0,0,0,0,20,0,20,101.10103189945221,2.10641510784626,436.6948646493256,23.1
1791184300,2,POST,/api/playground/conversations,0.000000,0.000000,0,0,0,0,0,0,0,0,0,0,0,6,0,6,10.488439739371339,5.682200659066439,20.350771956145763,38.0
1791184300,2,POST,/api/playground/conversations/{conversation_id}/chat/sse,0.000000,0.000000,0,0,0,0,0,0,0,0,0,0,0,4,0,2.10641510784626,2.2342843003571033,2.10641510784626,2.582876943051815,0.0
1791184300,2,POST,/api/playground/conversations/{conversation_id}/chat/{chat_id}/attachment,0.000000,0.000000,0,0,0,0,0,0,0,0,0,0,0,6,0,64,76.38823124580085,58.60598757863045,103.93795231357217,26.0
1791184300,2,TXN,multimodal_e2e,0.000000,0.000000,0,0,0,0,0,0,0,0,0,0,0,4,0,340.0,372.95586871914566,339.3788640387356,436.6948646493256,19.5
1791184300,2,,Aggregated,0.000000,0.000000,0,0,0,0,0,0,0,0,0,0,0,20,0,20,101.10103189945221,2.10641510784626,436.6948646493256,23.1
1791184301,2,POST,/api/playground/conversations,0.000000,0.000000,0,0,0,0,0,0,0,0,0,0,0,6,0,6,10.488439739371339,5.682200659066439,20.350771956145763,38.0
1791184301,2,POST,/api/playground/conversations/{conversation_id}/chat/sse,0.000000,0.000000,0,0,0,0,0,0,0,0,0,0,0,4,0,2.10641510784626,2.2342843003571033,2.10641510784626,2.582876943051815,0.0
1791184301,2,POST,/api/playground/conversations/{conversation_id}/chat/{chat_id}/attachment,0.000000,0.000000,0,0,0,0,0,0,0,0,0,0,0,6,0,64,76.38823124580085,58.60598757863045,103.93795231357217,26.0
1791184301,2,TXN,multimodal_e2e,0.000000,0.000000,0,0,0,0,0,0,0,0,0,0,0,4,0,340.0,372.95586871914566,339.3788640387356,436.6948646493256,19.5
1791184301,2,,Aggregated,0.000000,0.000000,0,0,0,0,0,0,0,0,0,0,0,20,0,20,101.10103189945221,2.10641510784626,436.6948646493256,23.1
1791184302,2,POST,/api/playground/conversations,0.000000,0.000000,0,0,0,0,0,0,0,0,0,0,0,6,0,6,10.488439739371339,5.682200659066439,20.350771956145763,38.0
1791184302,2,POST,/api/playground/conversations/{conversation_id}/chat/sse,0.000000,0.000000,0,0,0,0,0,0,0,0,0,0,0,4,0,2.10641510784626,2.2342843003571033,2.10641510784626,2.582876943051815,0.0
1791184302,2,POST,/api/playground/conversations/{conversation_id}/chat/{chat_id}/attachment,0.000000,0.000000,0,0,0,0,0,0,0,0,0,0,0,6,0,64,76.38823124580085,58.60598757863045,103.93795231357217,26.0
1791184302,2,TXN,multimodal_e2e,0.000000,0.000000,0,0,0,0,0,0,0,0,0,0,0,4,0,340.0,372.95586871914566,339.3788640387356,436.6948646493256,19.5
1791184302,2,,Aggregated,0.000000,0.000000,0,0,0,0,0,0,0,0,0,0,0,20,0,20,101.10103189945221,2.10641510784626,436.6948646493256,23.1
1791184303,2,POST,/api/playground/conversations,0.000000,0.000000,0,0,0,0,0,0,0,0,0,0,0,6,0,6,10.488439739371339,5.682200659066439,20.350771956145763,38.0
1791184303,2,POST,/api/playground/conversations/{conversation_id}/chat/sse,0.000000,0.000000,0,0,0,0,0,0,0,0,0,0,0,4,0,2.10641510784626,2.2342843003571033,2.10641510784626,2.582876943051815,0.0
1791184303,2,POST,/api/playground/conversations/{conversation_id}/chat/{chat_id}/attachment,0.000000,0.000000,0,0,0,0,0,0,0,0,0,0,0,6,0,64,76.38823124580085,58.60598757863045,103.93795231357217,26.0
1791184303,2,TXN,multimodal_e2e,0.000000,0.000000,0,0,0,0,0,0,0,0,0,0,0,4,0,340.0,372.95586871914566,339.3788640387356,436.6948646493256,19.5
1791184303,2,,Aggregated,0.000000,0.000000,0,0,0,0,0,0,0,0,0,0,0,20,0,20,101.10103189945221,2.10641510784626,436.6948646493256,23.1
1791184304,2,POST,/api/playground/conversations,0.000000,0.000000,0,0,0,0,0,0,0,0,0,0,0,6,0,6,10.488439739371339,5.682200659066439,20.350771956145763,38.0
1791184304,2,POST,/api/playground/conversations/{conversation_id}/chat/sse,0.000000,0.000000,0,0,0,0,0,0,0,0,0,0,0,4,0,2.10641510784626,2.2342843003571033,2.10641510784626,2.582876943051815,0.0
1791184304,2,POST,/api/playground/conversations/{conversation_id}/chat/{chat_id}/attachment,0.000000,0.000000,0,0,0,0,0,0,0,0,0,0,0,6,0,64,76.38823124580085,58.60598757863045,103.93795231357217,26.0
1791184304,2,TXN,multimodal_e2e,0.000000,0.000000,0,0,0,0,0,0,0,0,0,0,0,4,0,340.0,372.95586871914566,339.3788640387356,436.6948646493256,19.5
1791184304,2,,Aggregated,0.000000,0.000000,0,0,0,0,0,0,0,0,0,0,0,20,0,20,101.10103189945221,2.10641510784626,436.6948646493256,23.1
1791184305,2,POST,/api/playground/conversations,0.000000,0.000000,0,0,0,0,0,0,0,0,0,0,0,6,0,6,10.488439739371339,5.682200659066439,20.350771956145763,38.0
1791184305,2,POST,/api/playground/conversations/{conversation_id}/chat/sse,0.000000,0.000000,0,0,0,0,0,0,0,0,0,0,0,4,0,2.10641510784626,2.2342843003571033,2.10641510784626,2.582876943051815,0.0
1791184305,2,POST,/api/playground/conversations/{conversation_id}/chat/{chat_id}/attachment,0.000000,0.000000,0,0,0,0,0,0,0,0,0,0,0,6,0,64,76.38823124580085,58.60598757863045,103.93795231357217,26.0
1791184305,2,TXN,multimodal_e2e,0.000000,0.000000,0,0,0,0,0,0,0,0,0,0,0,4,0,340.0,372.95586871914566,339.3788640387356,436.6948646493256,19.5
1791184305,2,,Aggregated,0.000000,0.000000,0,0,0,0,0,0,0,0,0,0,0,20,0,20,101.10103189945221,2.10641510784626,436.6948646493256,23.1
1791184306,2,POST,/api/playground/conversations,0.000000,0.000000,0,0,0,0,0,0,0,0,0,0,0,6,0,6,10.488439739371339,5.682200659066439,20.350771956145763,38.0
1791184306,2,POST,/api/playground/conversations/{conversation_id}/chat/sse,0.000000,0.000000,0,0,0,0,0,0,0,0,0,0,0,4,0,2.10641510784626,2.2342843003571033,2.10641510784626,2.582876943051815,0.0
1791184306,2,POST,/api/playground/conversations/{conversation_id}/chat/{chat_id}/attachment,0.000000,0.000000,0,0,0,0,0,0,0,0,0,0,0,6,0,64,76.38823124580085,58.60598757863045,103.93795231357217,26.0
1791184306,2,TXN,multimodal_e2e,0.000000,0.000000,0,0,0,0,0,0,0,0,0,0,0,4,0,340.0,372.95586871914566,339.3788640387356,436.6948646493256,19.5
1791184306,2,,Aggregated,0.000000,0.000000,0,0,0,0,0,0,0,0,0,0,0,20,0,20,101.10103189945221,2.10641510784626,436.6948646493256,23.1
1791184307,2,POST,/api/playground/conversations,0.000000,0.000000,0,0,0,0,0,0,0,0,0,0,0,6,0,6,10.488439739371339,5.682200659066439,20.350771956145763,38.0
1791184307,2,POST,/api/playground/conversations/{conversation_id}/chat/sse,0.000000,0.000000,0,0,0,0,0,0,0,0,0,0,0,4,0,2.10641510784626,2.2342843003571033,2.10641510784626,2.582876943051815,0.0
1791184307,2,POST,/api/playground/conversations/{conversation_id}/chat/{chat_id}/attachment,0.000000,0.000000,0,0,0,0,0,0,0,0,0,0,0,6,0,64,76.38823124580085,58.60598757863045,103.93795231357217,26.0
1791184307,2,TXN,multimodal_e2e,0.000000,0.000000,0,0,0,0,0,0,0,0,0,0,0,4,0,340.0,372.95586871914566,339.3788640387356,436.6948646493256,19.5
1791184307,2,,Aggregated,0.000000,0.000000,0,0,0,0,0,0,0,0,0,0,0,20,0,20,101.10103189945221,2.10641510784626,436.6948646493256,23.1
1791184308,2,POST,/api/playground/conversations,0.000000,0.000000,0,0,0,0,0,0,0,0,0,0,0,6,0,6,10.488439739371339,5.682200659066439,20.350771956145763,38.0
1791184308,2,POST,/api/playground/conversations/{conversation_id}/chat/sse,0.000000,0.000000,0,0,0,0,0,0,0,0,0,0,0,4,0,2.10641510784626,2.2342843003571033,2.10641510784626,2.582876943051815,0.0
1791184308,2,POST,/api/playground/conversations/{conversation_id}/chat/{chat_id}/attachment,0.000000,0.000000,0,0,0,0,0,0,0,0,0,0,0,6,0,64,76.38823124580085,58.60598757863045,103.93795231357217,26.0
1791184308,2,TXN,multimodal_e2e,0.000000,0.000000,0,0,0,0,0,0,0,0,0,0,0,4,0,340.0,372.95586871914566,339.3788640387356,436.6948646493256,19.5
1791184308,2,,Aggregated,0.000000,0.000000,0,0,0,0,0,0,0,0,0,0,0,20,0,20,101.10103189945221,2.10641510784626,436.6948646493256,23.1
1791184309,2,POST,/api/playground/conversations,0.000000,0.000000,8,8,11,11,11,11,11,11,11,11,11,9,0,6,9.721676042924324,5.682200659066439,20.350771956145763,38.0
1791184309,2,POST,/api/playground/conversations/{conversation_id}/chat/sse,0.000000,0.000000,2,2,6,6,6,6,6,6,6,6,6,7,0,2,2.7610367563154017,1.9860980100929737,6.363210268318653,0.0
1791184309,2,POST,/api/playground/conversations/{conversation_id}/chat/{chat_id}/attachment,0.000000,0.000000,62,62,72,72,72,72,72,72,72,72,72,9,0,64,72.2712819567985,57.954100891947746,103.93795231357217,26.0
1791184309,2,TXN,multimodal_e2e,0.000000,0.000000,370,370,60000,60000,60000,60000,60000,60000,60000,60000,60000,7,0,370.0,8909.845205622592,339.3788640387356,60166.864993050694,21.0
1791184309,2,,Aggregated,0.000000,0.000000,58,62,340,340,370,60000,60000,60000,60000,60000,60000,32,0,20,1972.693134957808,1.9860980100929737,60166.864993050694,22.59375
1791184310,2,POST,/api/playground/conversations,0.000000,0.000000,8,9,9,11,11,11,11,11,11,11,11,11,0,8,9.512726132842628,5.682200659066439,20.350771956145763,38.0
1791184310,2,POST,/api/playground/conversations/{conversation_id}/chat/sse,0.000000,0.000000,2,2,2,6,6,6,6,6,6,6,6,9,0,2,2.593482689311107,1.9556707702577114,6.363210268318653,0.0
1791184310,2,POST,/api/playground/conversations/{conversation_id}/chat/{chat_id}/attachment,0.000000,0.000000,68,72,72,75,75,75,75,75,75,75,75,11,0,66,72.14025077833371,57.954100891947746,103.93795231357217,26.0
1791184310,2,TXN,multimodal_e2e,0.000000,0.000000,370,60000,60000,60000,60000,60000,60000,60000,60000,60000,60000,9,0,370.0,13646.585774452737,339.3788640387356,60166.864993050694,23.22222222222222
1791184310,2,,Aggregated,0.000000,0.000000,58,72,340,360,60000,60000,60000,60000,60000,60000,60000,40,0,20,3093.519901507534,1.9556707702577114,60166.864993050694,22.825
1791184311,2,POST,/api/playground/conversations,0.000000,0.000000,8,8,9,9,11,11,11,11,11,11,11,12,0,7,9.325563131521145,5.682200659066439,20.350771956145763,38.0
1791184311,2,POST,/api/playground/conversations/{conversation_id}/chat/sse,0.000000,0.000000,2,2,3,3,6,6,6,6,6,6,6,10,0,2,2.6128460187464952,1.9556707702577114,6.363210268318653,0.0
1791184311,2,POST,/api/playground/conversations/{conversation_id}/chat/{chat_id}/attachment,0.000000,0.000000,68,68,72,72,75,75,75,75,75,75,75,12,0,64,70.86779460466157,56.87077669426799,103.93795231357217,26.0
1791184311,2,TXN,multimodal_e2e,0.000000,0.000000,390,390,60000,60000,60000,60000,60000,60000,60000,60000,60000,10,0,370.0,12320.5547563266,339.3788640387356,60166.864993050694,22.9
1791184311,2,,Aggregated,0.000000,0.000000,57,68,340,360,390,60000,60000,60000,60000,60000,60000,44,0,20,2822.590825370174,1.9556707702577114,60166.864993050694,22.65909090909091
1791184312,2,POST,/api/playground/conversations,0.000000,0.000000,8,8,9,9,11,11,11,11,11,11,11,12,0,7,9.325563131521145,5.682200659066439,20.350771956145763,38.0
1791184312,2,POST,/api/playground/conversations/{conversation_id}/chat/sse,0.000000,0.000000,2,2,3,3,6,6,6,6,6,6,6,10,0,2,2.6128460187464952,1.9556707702577114,6.363210268318653,0.0
1791184312,2,POST,/api/playground/conversations/{conversation_id}/chat/{chat_id}/attachment,0.000000,0.000000,68,68,72,72,75,75,75,75,75,75,75,12,0,64,70.86779460466157,56.87077669426799,103.93795231357217,26.0
1791184312,2,TXN,multimodal_e2e,0.000000,0.000000,390,390,60000,60000,60000,60000,60000,60000,60000,60000,60000,10,0,370.0,12320.5547563266,339.3788640387356,60166.864993050694,22.9
1791184312,2,,Aggregated,0.000000,0.000000,57,68,340,360,390,60000,60000,60000,60000,60000,60000,44,0,20,2822.590825370174,1.9556707702577114,60166.864993050694,22.65909090909091
1791184313,2,POST,/api/playground/conversations,0.000000,0.000000,8,8,9,9,11,11,11,11,11,11,11,12,0,7,9.325563131521145,5.682200659066439,20.350771956145763,38.0
1791184313,2,POST,/api/playground/conversations/{conversation_id}/chat/sse,0.000000,0.000000,2,2,3,3,6,6,6,6,6,6,6,10,0,2,2.6128460187464952,1.9556707702577114,6.363210268318653,0.0
1791184313,2,POST,/api/playground/conversations/{conversation_id}/chat/{chat_id}/attachment,0.000000,0.000000,68,68,72,72,75,75,75,75,75,75,75,12,0,64,70.86779460466157,56.87077669426799,103.93795231357217,26.0
1791184313,2,TXN,multimodal_e2e,0.000000,0.000000,390,390,60000,60000,60000,60000,60000,60000,60000,60000,60000,10,0,370.0,12320.5547563266,339.3788640387356,60166.864993050694,22.9
1791184313,2,,Aggregated,0.000000,0.000000,57,68,340,360,390,60000,60000,60000,60000,60000,60000,44,0,20,2822.590825370174,1.9556707702577114,60166.864993050694,22.65909090909091
1791184314,2,POST,/api/playground/conversations,0.000000,0.000000,8,8,9,9,11,11,11,11,11,11,11,12,0,7,9.325563131521145,5.682200659066439,20.350771956145763,38.0
1791184314,2,POST,/api/playground/conversations/{conversation_id}/chat/sse,0.000000,0.000000,2,2,3,3,6,6,6,6,6,6,6,10,0,2,2.6128460187464952,1.9556707702577114,6.363210268318653,0.0
1791184314,2,POST,/api/playground/conversations/{conversation_id}/chat/{chat_id}/attachment,0.000000,0.000000,68,68,72,72,75,75,75,75,75,75,75,12,0,64,70.86779460466157,56.87077669426799,103.93795231357217,26.0
1791184314,2,TXN,multimodal_e2e,0.000000,0.000000,390,390,60000,60000,60000,60000,60000,60000,60000,60000,60000,10,0,370.0,12320.5547563266,339.3788640387356,60166.864993050694,22.9
1791184314,2,,Aggregated,0.000000,0.000000,57,68,340,360,390,60000,60000,60000,60000,60000,60000,44,0,20,2822.590825370174,1.9556707702577114,60166.864993050694,22.65909090909091
1791184315,2,POST,/api/playground/conversations,0.000000,0.000000,8,8,9,9,11,11,11,11,11,11,11,12,0,7,9.325563131521145,5.682200659066439,20.350771956145763,38.0
1791184315,2,POST,/api/playground/conversations/{conversation_id}/chat/sse,0.000000,0.000000,2,2,3,3,6,6,6,6,6,6,6,10,0,2,2.6128460187464952,1.9556707702577114,6.363210268318653,0.0
1791184315,2,POST,/api/playground/conversations/{conversation_id}/chat/{chat_id}/attachment,0.000000,0.000000,68,68,72,72,75,75,75,75,75,75,75,12,0,64,70.86779460466157,56.87077669426799,103.93795231357217,26.0
1791184315,2,TXN,multimodal_e2e,0.000000,0.000000,390,390,60000,60000,60000,60000,60000,60000,60000,60000,60000,10,0,370.0,12320.5547563266,339.3788640387356,60166.864993050694,22.9
1791184315,2,,Aggregated,0.000000,0.000000,57,68,340,360,390,60000,60000,60000,60000,60000,60000,44,0,20,2822.590825370174,1.9556707702577114,60166.864993050694,22.65909090909091
1791184316,2,POST,/api/playground/conversations,0.000000,0.000000,8,8,9,9,11,11,11,11,11,11,11,12,0,7,9.325563131521145,5.682200659066439,20.350771956145763,38.0
1791184316,2,POST,/api/playground/conversations/{conversation_id}/chat/sse,0.000000,0.000000,2,2,3,3,6,6,6,6,6,6,6,10,0,2,2.6128460187464952,1.9556707702577114,6.363210268318653,0.0
1791184316,2,POST,/api/playground/conversations/{conversation_id}/chat/{chat_id}/attachment,0.000000,0.000000,68,68,72,72,75,75,75,75,75,75,75,12,0,64,70.86779460466157,56.87077669426799,103.93795231357217,26.0
1791184316,2,TXN,multimodal_e2e,0.000000,0.000000,390,390,60000,60000,60000,60000,60000,60000,60000,60000,60000,10,0,370.0,12320.5547563266,339.3788640387356,60166.864993050694,22.9
1791184316,2,,Aggregated,0.000000,0.000000,57,68,340,360,390,60000,60000,60000,60000,60000,60000,44,0,20,2822.590825370174,1.9556707702577114,60166.864993050694,22.65909090909091
1791184317,2,POST,/api/playground/conversations,0.000000,0.000000,8,8,9,9,11,11,11,11,11,11,11,12,0,7,9.325563131521145,5.682200659066439,20.350771956145763,38.0
1791184317,2,POST,/api/playground/conversations/{conversation_id}/chat/sse,0.000000,0.000000,2,2,3,3,6,6,6,6,6,6,6,10,0,2,2.6128460187464952,1.9556707702577114,6.363210268318653,0.0
1791184317,2,POST,/api/playground/conversations/{conversation_id}/chat/{chat_id}/attachment,0.000000,0.000000,68,68,72,72,75,75,75,75,75,75,75,12,0,64,70.86779460466157,56.87077669426799,103.93795231357217,26.0
1791184317,2,TXN,multimodal_e2e,0.000000,0.000000,390,390,60000,60000,60000,60000,60000,60000,60000,60000,60000,10,0,370.0,12320.5547563266,339.3788640387356,60166.864993050694,22.9
1791184317,2,,Aggregated,0.000000,0.000000,57,68,340,360,390,60000,60000,60000,60000,60000,60000,44,0,20,2822.590825370174,1.9556707702577114,60166.864993050694,22.65909090909091
1791184318,2,POST,/api/playground/conversations,0.000000,0.000000,8,8,9,9,9,9,9,9,9,9,9,12,0,7,9.325563131521145,5.682200659066439,20.350771956145763,38.0
1791184318,2,POST,/api/playground/conversations/{conversation_id}/chat/sse,0.000000,0.000000,2,2,3,3,3,3,3,3,3,3,3,10,0,2,2.6128460187464952,1.9556707702577114,6.363210268318653,0.0
1791184318,2,POST,/api/playground/conversations/{conversation_id}/chat/{chat_id}/attachment,0.000000,0.000000,72,72,75,75,75,75,75,75,75,75,75,12,0,64,70.86779460466157,56.87077669426799,103.93795231357217,26.0
1791184318,2,TXN,multimodal_e2e,0.000000,0.000000,390,390,60000,60000,60000,60000,60000,60000,60000,60000,60000,10,0,370.0,12320.5547563266,339.3788640387356,60166.864993050694,22.9
1791184318,2,,Aggregated,0.000000,0.000000,57,72,360,360,390,60000,60000,60000,60000,60000,60000,44,0,20,2822.590825370174,1.9556707702577114,60166.864993050694,22.65909090909091
1791184319,2,POST,/api/playground/conversations,0.000000,0.000000,8,8,8,8,8,8,8,8,8,8,8,12,0,7,9.325563131521145,5.682200659066439,20.350771956145763,38.0
1791184319,2,POST,/api/playground/conversations/{conversation_id}/chat/sse,0.000000,0.000000,3,3,3,3,3,3,3,3,3,3,3,10,0,2,2.6128460187464952,1.9556707702577114,6.363210268318653,0.0
1791184319,2,POST,/api/playground/conversations/{conversation_id}/chat/{chat_id}/attachment,0.000000,0.000000,68,68,75,75,75,75,75,75,75,75,75,12,0,64,70.86779460466157,56.87077669426799,103.93795231357217,26.0
1791184319,2,TXN,multimodal_e2e,0.000000,0.000000,390,390,390,390,390,390,390,390,390,390,390,10,0,370.0,12320.5547563266,339.3788640387356,60166.864993050694,22.9
1791184319,2,,Aggregated,0.000000,0.000000,57,68,75,360,390,390,390,390,390,390,390,44,0,20,2822.590825370174,1.9556707702577114,60166.864993050694,22.65909090909091
1791184320,2,POST,/api/playground/conversations,0.000000,0.000000,8,8,8,8,8,8,8,8,8,8,8,12,0,7,9.325563131521145,5.682200659066439,20.350771956145763,38.0
1791184320,2,POST,/api/playground/conversations/{conversation_id}/chat/sse,0.000000,0.000000,3,3,3,3,3,3,3,3,3,3,3,10,0,2,2.6128460187464952,1.9556707702577114,6.363210268318653,0.0
1791184320,2,POST,/api/playground/conversations/{conversation_id}/chat/{chat_id}/attachment,0.000000,0.000000,68,68,75,75,75,75,75,75,75,75,75,12,0,64,70.86779460466157,56.87077669426799,103.93795231357217,26.0
1791184320,2,TXN,multimodal_e2e,0.000000,0.000000,390,390,390,390,390,390,390,390,390,390,390,10,0,370.0,12320.5547563266,339.3788640387356,60166.864993050694,22.9
1791184320,2,,Aggregated,0.000000,0.000000,57,68,75,360,390,390,390,390,390,390,390,44,0,20,2822.590825370174,1.9556707702577114,60166.864993050694,22.65909090909091
1791184321,2,POST,/api/playground/conversations,0.000000,0.000000,8,8,8,8,8,8,8,8,8,8,8,12,0,7,9.325563131521145,5.682200659066439,20.350771956145763,38.0
1791184321,2,POST,/api/playground/conversations/{conversation_id}/chat/sse,0.000000,0.000000,3,3,3,3,3,3,3,3,3,3,3,10,0,2,2.6128460187464952,1.9556707702577114,6.363210268318653,0.0
1791184321,2,POST,/api/playground/conversations/{conversation_id}/chat/{chat_id}/attachment,0.000000,0.000000,68,68,75,75,75,75,75,75,75,75,75,12,0,64,70.86779460466157,56.87077669426799,103.93795231357217,26.0
1791184321,2,TXN,multimodal_e2e,0.000000,0.000000,390,390,390,390,390,390,390,390,390,390,390,10,0,370.0,12320.5547563266,339.3788640387356,60166.864993050694,22.9
1791184321,2,,Aggregated,0.000000,0.000000,57,68,75,360,390,390,390,390,390,390,390,44,0,20,2822.590825370174,1.9556707702577114,60166.864993050694,22.65909090909091
1791184322,2,POST,/api/playground/conversations,0.000000,0.000000,8,8,8,8,8,8,8,8,8,8,8,12,0,7,9.325563131521145,5.682200659066439,20.350771956145763,38.0
1791184322,2,POST,/api/playground/conversations/{conversation_id}/chat/sse,0.000000,0.000000,3,3,3,3,3,3,3,3,3,3,3,10,0,2,2.6128460187464952,1.9556707702577114,6.363210268318653,0.0
1791184322,2,POST,/api/playground/conversations/{conversation_id}/chat/{chat_id}/attachment,0.000000,0.000000,68,68,75,75,75,75,75,75,75,75,75,12,0,64,70.86779460466157,56.87077669426799,103.93795231357217,26.0
1791184322,2,TXN,multimodal_e2e,0.000000,0.000000,390,390,390,390,390,390,390,390,390,390,390,10,0,370.0,12320.5547563266,339.3788640387356,60166.864993050694,22.9
1791184322,2,,Aggregated,0.000000,0.000000,57,68,75,360,390,390,390,390,390,390,390,44,0,20,2822.590825370174,1.9556707702577114,60166.864993050694,22.65909090909091
1791184323,2,POST,/api/playground/conversations,0.000000,0.000000,8,8,8,8,8,8,8,8,8,8,8,12,0,7,9.325563131521145,5.682200659066439,20.350771956145763,38.0
1791184323,2,POST,/api/playground/conversations/{conversation_id}/chat/sse,0.000000,0.000000,3,3,3,3,3,3,3,3,3,3,3,10,0,2,2.6128460187464952,1.9556707702577114,6.363210268318653,0.0
1791184323,2,POST,/api/playground/conversations/{conversation_id}/chat/{chat_id}/attachment,0.000000,0.000000,68,68,75,75,75,75,75,75,75,75,75,12,0,64,70.86779460466157,56.87077669426799,103.93795231357217,26.0
1791184323,2,TXN,multimodal_e2e,0.000000,0.000000,390,390,390,390,390,390,390,390,390,390,390,10,0,370.0,12320.5547563266,339.3788640387356,60166.864993050694,22.9
1791184323,2,,Aggregated,0.000000,0.000000,57,68,75,360,390,390,390,390,390,390,390,44,0,20,2822.590825370174,1.9556707702577114,60166.864993050694,22.65909090909091
1791184324,2,POST,/api/playground/conversations,0.000000,0.000000,8,8,8,8,8,8,8,8,8,8,8,12,0,7,9.325563131521145,5.682200659066439,20.350771956145763,38.0
1791184324,2,POST,/api/playground/conversations/{conversation_id}/chat/sse,0.000000,0.000000,3,3,3,3,3,3,3,3,3,3,3,10,0,2,2.6128460187464952,1.9556707702577114,6.363210268318653,0.0
1791184324,2,POST,/api/playground/conversations/{conversation_id}/chat/{chat_id}/attachment,0.000000,0.000000,68,68,75,75,75,75,75,75,75,75,75,12,0,64,70.86779460466157,56.87077669426799,103.93795231357217,26.0
1791184324,2,TXN,multimodal_e2e,0.000000,0.000000,390,390,390,390,390,390,390,390,390,390,390,10,0,370.0,12320.5547563266,339.3788640387356,60166.864993050694,22.9
1791184324,2,,Aggregated,0.000000,0.000000,57,68,75,360,390,390,390,390,390,390,390,44,0,20,2822.590825370174,1.9556707702577114,60166.864993050694,22.65909090909091
1791184325,2,POST,/api/playground/conversations,0.000000,0.000000,8,8,8,8,8,8,8,8,8,8,8,12,0,7,9.325563131521145,5.682200659066439,20.350771956145763,38.0
1791184325,2,POST,/api/playground/conversations/{conversation_id}/chat/sse,0.000000,0.000000,3,3,3,3,3,3,3,3,3,3,3,10,0,2,2.6128460187464952,1.9556707702577114,6.363210268318653,0.0
1791184325,2,POST,/api/playground/conversations/{conversation_id}/chat/{chat_id}/attachment,0.000000,0.000000,68,68,75,75,75,75,75,75,75,75,75,12,0,64,70.86779460466157,56.87077669426799,103.93795231357217,26.0
1791184325,2,TXN,multimodal_e2e,0.000000,0.000000,390,390,390,390,390,390,390,390,390,390,390,10,0,370.0,12320.5547563266,339.3788640387356,60166.864993050694,22.9
1791184325,2,,Aggregated,0.000000,0.000000,57,68,75,360,390,390,390,390,390,390,390,44,0,20,2822.590825370174,1.9556707702577114,60166.864993050694,22.65909090909091
1791184326,2,POST,/api/playground/conversations,0.000000,0.000000,8,8,8,8,8,8,8,8,8,8,8,12,0,7,9.325563131521145,5.682200659066439,20.350771956145763,38.0
1791184326,2,POST,/api/playground/conversations/{conversation_id}/chat/sse,0.000000,0.000000,3,3,3,3,3,3,3,3,3,3,3,10,0,2,2.6128460187464952,1.9556707702577114,6.363210268318653,0.0
1791184326,2,POST,/api/playground/conversations/{conversation_id}/chat/{chat_id}/attachment,0.000000,0.000000,68,68,75,75,75,75,75,75,75,75,75,12,0,64,70.86779460466157,56.87077669426799,103.93795231357217,26.0
1791184326,2,TXN,multimodal_e2e,0.000000,0.000000,390,390,390,390,390,390,390,390,390,390,390,10,0,370.0,12320.5547563266,339.3788640387356,60166.864993050694,22.9
1791184326,2,,Aggregated,0.000000,0.000000,57,68,75,360,390,390,390,390,390,390,390,44,0,20,2822.590825370174,1.9556707702577114,60166.864993050694,22.65909090909091
1791184327,2,POST,/api/playground/conversations,0.000000,0.000000,8,8,8,8,8,8,8,8,8,8,8,12,0,7,9.325563131521145,5.682200659066439,20.350771956145763,38.0
1791184327,2,POST,/api/playground/conversations/{conversation_id}/chat/sse,0.000000,0.000000,3,3,3,3,3,3,3,3,3,3,3,10,0,2,2.6128460187464952,1.9556707702577114,6.363210268318653,0.0
1791184327,2,POST,/api/playground/conversations/{conversation_id}/chat/{chat_id}/attachment,0.000000,0.000000,68,68,75,75,75,75,75,75,75,75,75,12,0,64,70.86779460466157,56.87077669426799,103.93795231357217,26.0
1791184327,2,TXN,multimodal_e2e,0.000000,0.000000,390,390,390,390,390,390,390,390,390,390,390,10,0,370.0,12320.5547563266,339.3788640387356,60166.864993050694,22.9
1791184327,2,,Aggregated,0.000000,0.000000,57,68,75,360,390,390,390,390,390,390,390,44,0,20,2822.590825370174,1.9556707702577114,60166.864993050694,22.65909090909091
1791184328,2,POST,/api/playground/conversations,0.000000,0.000000,0,0,0,0,0,0,0,0,0,0,0,12,0,7,9.325563131521145,5.682200659066439,20.350771956145763,38.0
1791184328,2,POST,/api/playground/conversations/{conversation_id}/chat/sse,0.000000,0.000000,0,0,0,0,0,0,0,0,0,0,0,10,0,2,2.6128460187464952,1.9556707702577114,6.363210268318653,0.0
1791184328,2,POST,/api/playground/conversations/{conversation_id}/chat/{chat_id}/attachment,0.000000,0.000000,0,0,0,0,0,0,0,0,0,0,0,12,0,64,70.86779460466157,56.87077669426799,103.93795231357217,26.0
1791184328,2,TXN,multimodal_e2e,0.000000,0.000000,0,0,0,0,0,0,0,0,0,0,0,10,0,370.0,12320.5547563266,339.3788640387356,60166.864993050694,22.9
1791184328,2,,Aggregated,0.000000,0.000000,0,0,0,0,0,0,0,0,0,0,0,44,0,20,2822.590825370174,1.9556707702577114,60166.864993050694,22.65909090909091
1791184329,2,POST,/api/playground/conversations,0.000000,0.000000,0,0,0,0,0,0,0,0,0,0,0,12,0,7,9.325563131521145,5.682200659066439,20.350771956145763,38.0
1791184329,2,POST,/api/playground/conversations/{conversation_id}/chat/sse,0.000000,0.000000,0,0,0,0,0,0,0,0,0,0,0,10,0,2,2.6128460187464952,1.9556707702577114,6.363210268318653,0.0
1791184329,2,POST,/api/playground/conversations/{conversation_id}/chat/{chat_id}/attachment,0.000000,0.000000,0,0,0,0,0,0,0,0,0,0,0,12,0,64,70.86779460466157,56.87077669426799,103.93795231357217,26.0
1791184329,2,TXN,multimodal_e2e,0.000000,0.000000,0,0,0,0,0,0,0,0,0,0,0,10,0,370.0,12320.5547563266,339.3788640387356,60166.864993050694,22.9
1791184329,2,,Aggregated,0.000000,0.000000,0,0,0,0,0,0,0,0,0,0,0,44,0,20,2822.590825370174,1.9556707702577114,60166.864993050694,22.65909090909091
1791184330,2,POST,/api/playground/conversations,0.000000,0.000000,0,0,0,0,0,0,0,0,0,0,0,12,0,7,9.325563131521145,5.682200659066439,20.350771956145763,38.0
1791184330,2,POST,/api/playground/conversations/{conversation_id}/chat/sse,0.000000,0.000000,0,0,0,0,0,0,0,0,0,0,0,10,0,2,2.6128460187464952,1.9556707702577114,6.363210268318653,0.0
1791184330,2,POST,/api/playground/conversations/{conversation_id}/chat/{chat_id}/attachment,0.000000,0.000000,0,0,0,0,0,0,0,0,0,0,0,12,0,64,70.86779460466157,56.87077669426799,103.93795231357217,26.0
1791184330,2,TXN,multimodal_e2e,0.000000,0.000000,0,0,0,0,0,0,0,0,0,0,0,10,0,370.0,12320.5547563266,339.3788640387356,60166.864993050694,22.9
1791184330,2,,Aggregated,0.000000,0.000000,0,0,0,0,0,0,0,0,0,0,0,44,0,20,2822.590825370174,1.9556707702577114,60166.864993050694,22.65909090909091
1791184331,2,POST,/api/playground/conversations,0.000000,0.000000,0,0,0,0,0,0,0,0,0,0,0,12,0,7,9.325563131521145,5.682200659066439,20.350771956145763,38.0
1791184331,2,POST,/api/playground/conversations/{conversation_id}/chat/sse,0.000000,0.000000,0,0,0,0,0,0,0,0,0,0,0,10,0,2,2.6128460187464952,1.9556707702577114,6.363210268318653,0.0
1791184331,2,POST,/api/playground/conversations/{conversation_id}/chat/{chat_id}/attachment,0.000000,0.000000,0,0,0,0,0,0,0,0,0,0,0,12,0,64,70.86779460466157,56.87077669426799,103.93795231357217,26.0
1791184331,2,TXN,multimodal_e2e,0.000000,0.000000,0,0,0,0,0,0,0,0,0,0,0,10,0,370.0,12320.5547563266,339.3788640387356,60166.864993050694,22.9
1791184331,2,,Aggregated,0.000000,0.000000,0,0,0,0,0,0,0,0,0,0,0,44,0,20,2822.590825370174,1.9556707702577114,60166.864993050694,22.65909090909091
1791184332,2,POST,/api/playground/conversations,0.000000,0.000000,0,0,0,0,0,0,0,0,0,0,0,12,0,7,9.325563131521145,5.682200659066439,20.350771956145763,38.0
1791184332,2,POST,/api/playground/conversations/{conversation_id}/chat/sse,0.000000,0.000000,0,0,0,0,0,0,0,0,0,0,0,10,0,2,2.6128460187464952,1.9556707702577114,6.363210268318653,0.0
1791184332,2,POST,/api/playground/conversations/{conversation_id}/chat/{chat_id}/attachment,0.000000,0.000000,0,0,0,0,0,0,0,0,0,0,0,12,0,64,70.86779460466157,56.87077669426799,103.93795231357217,26.0
1791184332,2,TXN,multimodal_e2e,0.000000,0.000000,0,0,0,0,0,0,0,0,0,0,0,10,0,370.0,12320.5547563266,339.3788640387356,60166.864993050694,22.9
1791184332,2,,Aggregated,0.000000,0.000000,0,0,0,0,0,0,0,0,0,0,0,44,0,20,2822.590825370174,1.9556707702577114,60166.864993050694,22.65909090909091
1791184333,2,POST,/api/playground/conversations,0.000000,0.000000,0,0,0,0,0,0,0,0,0,0,0,12,0,7,9.325563131521145,5.682200659066439,20.350771956145763,38.0
1791184333,2,POST,/api/playground/conversations/{conversation_id}/chat/sse,0.000000,0.000000,0,0,0,0,0,0,0,0,0,0,0,10,0,2,2.6128460187464952,1.9556707702577114,6.363210268318653,0.0
1791184333,2,POST,/api/playground/conversations/{conversation_id}/chat/{chat_id}/attachment,0.000000,0.000000,0,0,0,0,0,0,0,0,0,0,0,12,0,64,70.86779460466157,56.87077669426799,103.93795231357217,26.0
1791184333,2,TXN,multimodal_e2e,0.000000,0.000000,0,0,0,0,0,0,0,0,0,0,0,10,0,370.0,12320.5547563266,339.3788640387356,60166.864993050694,22.9
1791184333,2,,Aggregated,0.000000,0.000000,0,0,0,0,0,0,0,0,0,0,0,44,0,20,2822.590825370174,1.9556707702577114,60166.864993050694,22.65909090909091
1791184334,2,POST,/api/playground/conversations,0.000000,0.000000,0,0,0,0,0,0,0,0,0,0,0,12,0,7,9.325563131521145,5.682200659066439,20.350771956145763,38.0
1791184334,2,POST,/api/playground/conversations/{conversation_id}/chat/sse,0.000000,0.000000,0,0,0,0,0,0,0,0,0,0,0,10,0,2,2.6128460187464952,1.9556707702577114,6.363210268318653,0.0
1791184334,2,POST,/api/playground/conversations/{conversation_id}/chat/{chat_id}/attachment,0.000000,0.000000,0,0,0,0,0,0,0,0,0,0,0,12,0,64,70.86779460466157,56.87077669426799,103.93795231357217,26.0
1791184334,2,TXN,multimodal_e2e,0.000000,0.000000,0,0,0,0,0,0,0,0,0,0,0,10,0,370.0,12320.5547563266,339.3788640387356,60166.864993050694,22.9
1791184334,2,,Aggregated,0.000000,0.000000,0,0,0,0,0,0,0,0,0,0,0,44,0,20,2822.590825370174,1.9556707702577114,60166.864993050694,22.65909090909091
1791184335,2,POST,/api/playground/conversations,0.000000,0.000000,0,0,0,0,0,0,0,0,0,0,0,12,0,7,9.325563131521145,5.682200659066439,20.350771956145763,38.0
1791184335,2,POST,/api/playground/conversations/{conversation_id}/chat/sse,0.000000,0.000000,0,0,0,0,0,0,0,0,0,0,0,10,0,2,2.6128460187464952,1.9556707702577114,6.363210268318653,0.0
1791184335,2,POST,/api/playground/conversations/{conversation_id}/chat/{chat_id}/attachment,0.000000,0.000000,0,0,0,0,0,0,0,0,0,0,0,12,0,64,70.86779460466157,56.87077669426799,103.93795231357217,26.0
1791184335,2,TXN,multimodal_e2e,0.000000,0.000000,0,0,0,0,0,0,0,0,0,0,0,10,0,370.0,12320.5547563266,339.3788640387356,60166.864993050694,22.9
1791184335,2,,Aggregated,0.000000,0.000000,0,0,0,0,0,0,0,0,0,0,0,44,0,20,2822.590825370174,1.9556707702577114,60166.864993050694,22.65909090909091
1791184336,2,POST,/api/playground/conversations,0.000000,0.000000,0,0,0,0,0,0,0,0,0,0,0,12,0,7,9.325563131521145,5.682200659066439,20.350771956145763,38.0
1791184336,2,POST,/api/playground/conversations/{conversation_id}/chat/sse,0.000000,0.000000,0,0,0,0,0,0,0,0,0,0,0,10,0,2,2.6128460187464952,1.9556707702577114,6.363210268318653,0.0
1791184336,2,POST,/api/playground/conversations/{conversation_id}/chat/{chat_id}/attachment,0.000000,0.000000,0,0,0,0,0,0,0,0,0,0,0,12,0,64,70.86779460466157,56.87077669426799,103.93795231357217,26.0
1791184336,2,TXN,multimodal_e2e,0.000000,0.000000,0,0,0,0,0,0,0,0,0,0,0,10,0,370.0,12320.5547563266,339.3788640387356,60166.864993050694,22.9
1791184336,2,,Aggregated,0.000000,0.000000,0,0,0,0,0,0,0,0,0,0,0,44,0,20,2822.590825370174,1.9556707702577114,60166.864993050694,22.65909090909091
1791184337,2,POST,/api/playground/conversations,0.000000,0.000000,0,0,0,0,0,0,0,0,0,0,0,12,0,7,9.325563131521145,5.682200659066439,20.350771956145763,38.0
1791184337,2,POST,/api/playground/conversations/{conversation_id}/chat/sse,0.000000,0.000000,0,0,0,0,0,0,0,0,0,0,0,10,0,2,2.6128460187464952,1.9556707702577114,6.363210268318653,0.0
1791184337,2,POST,/api/playground/conversations/{conversation_id}/chat/{chat_id}/attachment,0.000000,0.000000,0,0,0,0,0,0,0,0,0,0,0,12,0,64,70.86779460466157,56.87077669426799,103.93795231357217,26.0
1791184337,2,TXN,multimodal_e2e,0.000000,0.000000,0,0,0,0,0,0,0,0,0,0,0,10,0,370.0,12320.5547563266,339.3788640387356,60166.864993050694,22.9
1791184337,2,,Aggregated,0.000000,0.000000,0,0,0,0,0,0,0,0,0,0,0,44,0,20,2822.590825370174,1.9556707702577114,60166.864993050694,22.65909090909091
1791184338,2,POST,/api/playground/conversations,0.000000,0.000000,0,0,0,0,0,0,0,0,0,0,0,12,0,7,9.325563131521145,5.682200659066439,20.350771956145763,38.0
1791184338,2,POST,/api/playground/conversations/{conversation_id}/chat/sse,0.000000,0.000000,0,0,0,0,0,0,0,0,0,0,0,10,0,2,2.6128460187464952,1.9556707702577114,6.363210268318653,0.0
1791184338,2,POST,/api/playground/conversations/{conversation_id}/chat/{chat_id}/attachment,0.000000,0.000000,0,0,0,0,0,0,0,0,0,0,0,12,0,64,70.86779460466157,56.87077669426799,103.93795231357217,26.0
1791184338,2,TXN,multimodal_e2e,0.000000,0.000000,0,0,0,0,0,0,0,0,0,0,0,10,0,370.0,12320.5547563266,339.3788640387356,60166.864993050694,22.9
1791184338,2,,Aggregated,0.000000,0.000000,0,0,0,0,0,0,0,0,0,0,0,44,0,20,2822.590825370174,1.9556707702577114,60166.864993050694,22.65909090909091
1791184339,2,POST,/api/playground/conversations,0.000000,0.000000,0,0,0,0,0,0,0,0,0,0,0,12,0,7,9.325563131521145,5.682200659066439,20.350771956145763,38.0
1791184339,2,POST,/api/playground/conversations/{conversation_id}/chat/sse,0.000000,0.000000,0,0,0,0,0,0,0,0,0,0,0,10,0,2,2.6128460187464952,1.9556707702577114,6.363210268318653,0.0
1791184339,2,POST,/api/playground/conversations/{conversation_id}/chat/{chat_id}/attachment,0.000000,0.000000,0,0,0,0,0,0,0,0,0,0,0,12,0,64,70.86779460466157,56.87077669426799,103.93795231357217,26.0
1791184339,2,TXN,multimodal_e2e,0.000000,0.000000,0,0,0,0,0,0,0,0,0,0,0,10,0,370.0,12320.5547563266,339.3788640387356,60166.864993050694,22.9
1791184339,2,,Aggregated,0.000000,0.000000,0,0,0,0,0,0,0,0,0,0,0,44,0,20,2822.590825370174,1.9556707702577114,60166.864993050694,22.65909090909091
1791184340,2,POST,/api/playground/conversations,0.000000,0.000000,0,0,0,0,0,0,0,0,0,0,0,12,0,7,9.325563131521145,5.682200659066439,20.350771956145763,38.0
1791184340,2,POST,/api/playground/conversations/{conversation_id}/chat/sse,0.000000,0.000000,0,0,0,0,0,0,0,0,0,0,0,10,0,2,2.6128460187464952,1.9556707702577114,6.363210268318653,0.0
1791184340,2,POST,/api/playground/conversations/{conversation_id}/chat/{chat_id}/attachment,0.000000,0.000000,0,0,0,0,0,0,0,0,0,0,0,12,0,64,70.86779460466157,56.87077669426799,103.93795231357217,26.0
1791184340,2,TXN,multimodal_e2e,0.000000,0.000000,0,0,0,0,0,0,0,0,0,0,0,10,0,370.0,12320.5547563266,339.3788640387356,60166.864993050694,22.9
1791184340,2,,Aggregated,0.000000,0.000000,0,0,0,0,0,0,0,0,0,0,0,44,0,20,2822.590825370174,1.9556707702577114,60166.864993050694,22.65909090909091
1791184341,2,POST,/api/playground/conversations,0.000000,0.000000,0,0,0,0,0,0,0,0,0,0,0,12,0,7,9.325563131521145,5.682200659066439,20.350771956145763,38.0
1791184341,2,POST,/api/playground/conversations/{conversation_id}/chat/sse,0.000000,0.000000,0,0,0,0,0,0,0,0,0,0,0,10,0,2,2.6128460187464952,1.9556707702577114,6.363210268318653,0.0
1791184341,2,POST,/api/playground/conversations/{conversation_id}/chat/{chat_id}/attachment,0.000000,0.000000,0,0,0,0,0,0,0,0,0,0,0,12,0,64,70.86779460466157,56.87077669426799,103.93795231357217,26.0
1791184341,2,TXN,multimodal_e2e,0.000000,0.000000,0,0,0,0,0,0,0,0,0,0,0,10,0,370.0,12320.5547563266,339.3788640387356,60166.864993050694,22.9
1791184341,2,,Aggregated,0.000000,0.000000,0,0,0,0,0,0,0,0,0,0,0,44,0,20,2822.590825370174,1.9556707702577114,60166.864993050694,22.65909090909091
1791184342,2,POST,/api/playground/conversations,0.000000,0.000000,0,0,0,0,0,0,0,0,0,0,0,12,0,7,9.325563131521145,5.682200659066439,20.350771956145763,38.0
1791184342,2,POST,/api/playground/conversations/{conversation_id}/chat/sse,0.000000,0.000000,0,0,0,0,0,0,0,0,0,0,0,10,0,2,2.6128460187464952,1.9556707702577114,6.363210268318653,0.0
1791184342,2,POST,/api/playground/conversations/{conversation_id}/chat/{chat_id}/attachment,0.000000,0.000000,0,0,0,0,0,0,0,0,0,0,0,12,0,64,70.86779460466157,56.87077669426799,103.93795231357217,26.0
1791184342,2,TXN,multimodal_e2e,0.000000,0.000000,0,0,0,0,0,0,0,0,0,0,0,10,0,370.0,12320.5547563266,339.3788640387356,60166.864993050694,22.9
1791184342,2,,Aggregated,0.000000,0.000000,0,0,0,0,0,0,0,0,0,0,0,44,0,20,2822.590825370174,1.9556707702577114,60166.864993050694,22.65909090909091
1791184343,2,POST,/api/playground/conversations,0.000000,0.000000,0,0,0,0,0,0,0,0,0,0,0,12,0,7,9.325563131521145,5.682200659066439,20.350771956145763,38.0
1791184343,2,POST,/api/playground/conversations/{conversation_id}/chat/sse,0.000000,0.000000,0,0,0,0,0,0,0,0,0,0,0,10,0,2,2.6128460187464952,1.9556707702577114,6.363210268318653,0.0
1791184343,2,POST,/api/playground/conversations/{conversation_id}/chat/{chat_id}/attachment,0.000000,0.000000,0,0,0,0,0,0,0,0,0,0,0,12,0,64,70.86779460466157,56.87077669426799,103.93795231357217,26.0
1791184343,2,TXN,multimodal_e2e,0.000000,0.000000,0,0,0,0,0,0,0,0,0,0,0,10,0,370.0,12320.5547563266,339.3788640387356,60166.864993050694,22.9
1791184343,2,,Aggregated,0.000000,0.000000,0,0,0,0,0,0,0,0,0,0,0,44,0,20,2822.590825370174,1.9556707702577114,60166.864993050694,22.65909090909091
1791184344,2,POST,/api/playground/conversations,0.000000,0.000000,0,0,0,0,0,0,0,0,0,0,0,12,0,7,9.325563131521145,5.682200659066439,20.350771956145763,38.0
1791184344,2,POST,/api/playground/conversations/{conversation_id}/chat/sse,0.000000,0.000000,0,0,0,0,0,0,0,0,0,0,0,10,0,2,2.6128460187464952,1.9556707702577114,6.363210268318653,0.0
1791184344,2,POST,/api/playground/conversations/{conversation_id}/chat/{chat_id}/attachment,0.000000,0.000000,0,0,0,0,0,0,0,0,0,0,0,12,0,64,70.86779460466157,56.87077669426799,103.93795231357217,26.0
1791184344,2,TXN,multimodal_e2e,0.000000,0.000000,0,0,0,0,0,0,0,0,0,0,0,10,0,370.0,12320.5547563266,339.3788640387356,60166.864993050694,22.9
1791184344,2,,Aggregated,0.000000,0.000000,0,0,0,0,0,0,0,0,0,0,0,44,0,20,2822.590825370174,1.9556707702577114,60166.864993050694,22.65909090909091
1791184345,2,POST,/api/playground/conversations,0.000000,0.000000,0,0,0,0,0,0,0,0,0,0,0,12,0,7,9.325563131521145,5.682200659066439,20.350771956145763,38.0
1791184345,2,POST,/api/playground/conversations/{conversation_id}/chat/sse,0.000000,0.000000,0,0,0,0,0,0,0,0,0,0,0,10,0,2,2.6128460187464952,1.9556707702577114,6.363210268318653,0.0
1791184345,2,POST,/api/playground/conversations/{conversation_id}/chat/{chat_id}/attachment,0.000000,0.000000,0,0,0,0,0,0,0,0,0,0,0,12,0,64,70.86779460466157,56.87077669426799,103.93795231357217,26.0
1791184345,2,TXN,multimodal_e2e,0.000000,0.000000,0,0,0,0,0,0,0,0,0,0,0,10,0,370.0,12320.5547563266,339.3788640387356,60166.864993050694,22.9
1791184345,2,,Aggregated,0.000000,0.000000,0,0,0,0,0,0,0,0,0,0,0,44,0,20,2822.590825370174,1.9556707702577114,60166.864993050694,22.65909090909091
1791184346,2,POST,/api/playground/conversations,0.000000,0.000000,0,0,0,0,0,0,0,0,0,0,0,12,0,7,9.325563131521145,5.682200659066439,20.350771956145763,38.0
1791184346,2,POST,/api/playground/conversations/{conversation_id}/chat/sse,0.000000,0.000000,0,0,0,0,0,0,0,0,0,0,0,10,0,2,2.6128460187464952,1.9556707702577114,6.363210268318653,0.0
1791184346,2,POST,/api/playground/conversations/{conversation_id}/chat/{chat_id}/attachment,0.000000,0.000000,0,0,0,0,0,0,0,0,0,0,0,12,0,64,70.86779460466157,56.87077669426799,103.93795231357217,26.0
1791184346,2,TXN,multimodal_e2e,0.000000,0.000000,0,0,0,0,0,0,0,0,0,0,0,10,0,370.0,12320.5547563266,339.3788640387356,60166.864993050694,22.9
1791184346,2,,Aggregated,0.000000,0.000000,0,0,0,0,0,0,0,0,0,0,0,44,0,20,2822.590825370174,1.9556707702577114,60166.864993050694,22.65909090909091
1791184347,2,POST,/api/playground/conversations,0.000000,0.000000,0,0,0,0,0,0,0,0,0,0,0,12,0,7,9.325563131521145,5.682200659066439,20.350771956145763,38.0
1791184347,2,POST,/api/playground/conversations/{conversation_id}/chat/sse,0.000000,0.000000,0,0,0,0,0,0,0,0,0,0,0,10,0,2,2.6128460187464952,1.9556707702577114,6.363210268318653,0.0
1791184347,2,POST,/api/playground/conversations/{conversation_id}/chat/{chat_id}/attachment,0.000000,0.000000,0,0,0,0,0,0,0,0,0,0,0,12,0,64,70.86779460466157,56.87077669426799,103.93795231357217,26.0
1791184347,2,TXN,multimodal_e2e,0.000000,0.000000,0,0,0,0,0,0,0,0,0,0,0,10,0,370.0,12320.5547563266,339.3788640387356,60166.864993050694,22.9
1791184347,2,,Aggregated,0.000000,0.000000,0,0,0,0,0,0,0,0,0,0,0,44,0,20,2822.590825370174,1.9556707702577114,60166.864993050694,22.65909090909091
1791184348,2,POST,/api/playground/conversations,0.000000,0.000000,0,0,0,0,0,0,0,0,0,0,0,12,0,7,9.325563131521145,5.682200659066439,20.350771956145763,38.0
1791184348,2,POST,/api/playground/conversations/{conversation_id}/chat/sse,0.000000,0.000000,0,0,0,0,0,0,0,0,0,0,0,10,0,2,2.6128460187464952,1.9556707702577114,6.363210268318653,0.0
1791184348,2,POST,/api/playground/conversations/{conversation_id}/chat/{chat_id}/attachment,0.000000,0.000000,0,0,0,0,0,0,0,0,0,0,0,12,0,64,70.86779460466157,56.87077669426799,103.93795231357217,26.0
1791184348,2,TXN,multimodal_e2e,0.000000,0.000000,0,0,0,0,0,0,0,0,0,0,0,10,0,370.0,12320.5547563266,339.3788640387356,60166.864993050694,22.9
1791184348,2,,Aggregated,0.000000,0.000000,0,0,0,0,0,0,0,0,0,0,0,44,0,20,2822.590825370174,1.9556707702577114,60166.864993050694,22.65909090909091
1791184349,2,POST,/api/playground/conversations,0.000000,0.000000,0,0,0,0,0,0,0,0,0,0,0,12,0,7,9.325563131521145,5.682200659066439,20.350771956145763,38.0
1791184349,2,POST,/api/playground/conversations/{conversation_id}/chat/sse,0.000000,0.000000,0,0,0,0,0,0,0,0,0,0,0,10,0,2,2.6128460187464952,1.9556707702577114,6.363210268318653,0.0
1791184349,2,POST,/api/playground/conversations/{conversation_id}/chat/{chat_id}/attachment,0.000000,0.000000,0,0,0,0,0,0,0,0,0,0,0,12,0,64,70.86779460466157,56.87077669426799,103.93795231357217,26.0
1791184349,2,TXN,multimodal_e2e,0.000000,0.000000,0,0,0,0,0,0,0,0,0,0,0,10,0,370.0,12320.5547563266,339.3788640387356,60166.864993050694,22.9
1791184349,2,,Aggregated,0.000000,0.000000,0,0,0,0,0,0,0,0,0,0,0,44,0,20,2822.590825370174,1.9556707702577114,60166.864993050694,22.65909090909091
1791184350,2,POST,/api/playground/conversations,0.000000,0.000000,0,0,0,0,0,0,0,0,0,0,0,12,0,7,9.325563131521145,5.682200659066439,20.350771956145763,38.0
1791184350,2,POST,/api/playground/conversations/{conversation_id}/chat/sse,0.000000,0.000000,0,0,0,0,0,0,0,0,0,0,0,10,0,2,2.6128460187464952,1.9556707702577114,6.363210268318653,0.0
1791184350,2,POST,/api/playground/conversations/{conversation_id}/chat/{chat_id}/attachment,0.000000,0.000000,0,0,0,0,0,0,0,0,0,0,0,12,0,64,70.86779460466157,56.87077669426799,103.93795231357217,26.0
1791184350,2,TXN,multimodal_e2e,0.000000,0.000000,0,0,0,0,0,0,0,0,0,0,0,10,0,370.0,12320.5547563266,339.3788640387356,60166.864993050694,22.9
1791184350,2,,Aggregated,0.000000,0.000000,0,0,0,0,0,0,0,0,0,0,0,44,0,20,2822.590825370174,1.9556707702577114,60166.864993050694,22.65909090909091
1791184351,2,POST,/api/playground/conversations,0.000000,0.000000,0,0,0,0,0,0,0,0,0,0,0,12,0,7,9.325563131521145,5.682200659066439,20.350771956145763,38.0
1791184351,2,POST,/api/playground/conversations/{conversation_id}/chat/sse,0.000000,0.000000,0,0,0,0,0,0,0,0,0,0,0,10,0,2,2.6128460187464952,1.9556707702577114,6.363210268318653,0.0
1791184351,2,POST,/api/playground/conversations/{conversation_id}/chat/{chat_id}/attachment,0.000000,0.000000,0,0,0,0,0,0,0,0,0,0,0,12,0,64,70.86779460466157,56.87077669426799,103.93795231357217,26.0
1791184351,2,TXN,multimodal_e2e,0.000000,0.000000,0,0,0,0,0,0,0,0,0,0,0,10,0,370.0,12320.5547563266,339.3788640387356,60166.864993050694,22.9
1791184351,2,,Aggregated,0.000000,0.000000,0,0,0,0,0,0,0,0,0,0,0,44,0,20,2822.590825370174,1.9556707702577114,60166.864993050694,22.65909090909091
1791184352,2,POST,/api/playground/conversations,0.000000,0.000000,0,0,0,0,0,0,0,0,0,0,0,12,0,7,9.325563131521145,5.682200659066439,20.350771956145763,38.0
1791184352,2,POST,/api/playground/conversations/{conversation_id}/chat/sse,0.000000,0.000000,0,0,0,0,0,0,0,0,0,0,0,10,0,2,2.6128460187464952,1.9556707702577114,6.363210268318653,0.0
1791184352,2,POST,/api/playground/conversations/{conversation_id}/chat/{chat_id}/attachment,0.000000,0.000000,0,0,0,0,0,0,0,0,0,0,0,12,0,64,70.86779460466157,56.87077669426799,103.93795231357217,26.0
1791184352,2,TXN,multimodal_e2e,0.000000,0.000000,0,0,0,0,0,0,0,0,0,0,0,10,0,370.0,12320.5547563266,339.3788640387356,60166.864993050694,22.9
1791184352,2,,Aggregated,0.000000,0.000000,0,0,0,0,0,0,0,0,0,0,0,44,0,20,2822.590825370174,1.9556707702577114,60166.864993050694,22.65909090909091
1791184353,2,POST,/api/playground/conversations,0.000000,0.000000,0,0,0,0,0,0,0,0,0,0,0,12,0,7,9.325563131521145,5.682200659066439,20.350771956145763,38.0
1791184353,2,POST,/api/playground/conversations/{conversation_id}/chat/sse,0.000000,0.000000,0,0,0,0,0,0,0,0,0,0,0,10,0,2,2.6128460187464952,1.9556707702577114,6.363210268318653,0.0
1791184353,2,POST,/api/playground/conversations/{conversation_id}/chat/{chat_id}/attachment,0.000000,0.000000,0,0,0,0,0,0,0,0,0,0,0,12,0,64,70.86779460466157,56.87077669426799,103.93795231357217,26.0
1791184353,2,TXN,multimodal_e2e,0.000000,0.000000,0,0,0,0,0,0,0,0,0,0,0,10,0,370.0,12320.5547563266,339.3788640387356,60166.864993050694,22.9
1791184353,2,,Aggregated,0.000000,0.000000,0,0,0,0,0,0,0,0,0,0,0,44,0,20,2822.590825370174,1.9556707702577114,60166.864993050694,22.65909090909091
1791184354,2,POST,/api/playground/conversations,0.000000,0.000000,0,0,0,0,0,0,0,0,0,0,0,12,0,7,9.325563131521145,5.682200659066439,20.350771956145763,38.0
1791184354,2,POST,/api/playground/conversations/{conversation_id}/chat/sse,0.000000,0.000000,0,0,0,0,0,0,0,0,0,0,0,10,0,2,2.6128460187464952,1.9556707702577114,6.363210268318653,0.0
1791184354,2,POST,/api/playground/conversations/{conversation_id}/chat/{chat_id}/attachment,0.000000,0.000000,0,0,0,0,0,0,0,0,0,0,0,12,0,64,70.86779460466157,56.87077669426799,103.93795231357217,26.0
1791184354,2,TXN,multimodal_e2e,0.000000,0.000000,0,0,0,0,0,0,0,0,0,0,0,10,0,370.0,12320.5547563266,339.3788640387356,60166.864993050694,22.9
1791184354,2,,Aggregated,0.000000,0.000000,0,0,0,0,0,0,0,0,0,0,0,44,0,20,2822.590825370174,1.9556707702577114,60166.864993050694,22.65909090909091
1791184355,2,POST,/api/playground/conversations,0.000000,0.000000,0,0,0,0,0,0,0,0,0,0,0,12,0,7,9.325563131521145,5.682200659066439,20.350771956145763,38.0
1791184355,2,POST,/api/playground/conversations/{conversation_id}/chat/sse,0.000000,0.000000,0,0,0,0,0,0,0,0,0,0,0,10,0,2,2.6128460187464952,1.9556707702577114,6.363210268318653,0.0
1791184355,2,POST,/api/playground/conversations/{conversation_id}/chat/{chat_id}/attachment,0.000000,0.000000,0,0,0,0,0,0,0,0,0,0,0,12,0,64,70.86779460466157,56.87077669426799,103.93795231357217,26.0
1791184355,2,TXN,multimodal_e2e,0.000000,0.000000,0,0,0,0,0,0,0,0,0,0,0,10,0,370.0,12320.5547563266,339.3788640387356,60166.864993050694,22.9
1791184355,2,,Aggregated,0.000000,0.000000,0,0,0,0,0,0,0,0,0,0,0,44,0,20,2822.590825370174,1.9556707702577114,60166.864993050694,22.65909090909091
1791184356,2,POST,/api/playground/conversations,0.000000,0.000000,0,0,0,0,0,0,0,0,0,0,0,12,0,7,9.325563131521145,5.682200659066439,20.350771956145763,38.0
1791184356,2,POST,/api/playground/conversations/{conversation_id}/chat/sse,0.000000,0.000000,0,0,0,0,0,0,0,0,0,0,0,10,0,2,2.6128460187464952,1.9556707702577114,6.363210268318653,0.0
1791184356,2,POST,/api/playground/conversations/{conversation_id}/chat/{chat_id}/attachment,0.000000,0.000000,0,0,0,0,0,0,0,0,0,0,0,12,0,64,70.86779460466157,56.87077669426799,103.93795231357217,26.0
1791184356,2,TXN,multimodal_e2e,0.000000,0.000000,0,0,0,0,0,0,0,0,0,0,0,10,0,370.0,12320.5547563266,339.3788640387356,60166.864993050694,22.9
1791184356,2,,Aggregated,0.000000,0.000000,0,0,0,0,0,0,0,0,0,0,0,44,0,20,2822.590825370174,1.9556707702577114,60166.864993050694,22.65909090909091
1791184357,2,POST,/api/playground/conversations,0.000000,0.000000,0,0,0,0,0,0,0,0,0,0,0,12,0,7,9.325563131521145,5.682200659066439,20.350771956145763,38.0
1791184357,2,POST,/api/playground/conversations/{conversation_id}/chat/sse,0.000000,0.000000,0,0,0,0,0,0,0,0,0,0,0,10,0,2,2.6128460187464952,1.9556707702577114,6.363210268318653,0.0
1791184357,2,POST,/api/playground/conversations/{conversation_id}/chat/{chat_id}/attachment,0.000000,0.000000,0,0,0,0,0,0,0,0,0,0,0,12,0,64,70.86779460466157,56.87077669426799,103.93795231357217,26.0
1791184357,2,TXN,multimodal_e2e,0.000000,0.000000,0,0,0,0,0,0,0,0,0,0,0,10,0,370.0,12320.5547563266,339.3788640387356,60166.864993050694,22.9
1791184357,2,,Aggregated,0.000000,0.000000,0,0,0,0,0,0,0,0,0,0,0,44,0,20,2822.590825370174,1.9556707702577114,60166.864993050694,22.65909090909091
1791184358,2,POST,/api/playground/conversations,0.000000,0.000000,0,0,0,0,0,0,0,0,0,0,0,12,0,7,9.325563131521145,5.682200659066439,20.350771956145763,38.0
1791184358,2,POST,/api/playground/conversations/{conversation_id}/chat/sse,0.000000,0.000000,0,0,0,0,0,0,0,0,0,0,0,10,0,2,2.6128460187464952,1.9556707702577114,6.363210268318653,0.0
1791184358,2,POST,/api/playground/conversations/{conversation_id}/chat/{chat_id}/attachment,0.000000,0.000000,0,0,0,0,0,0,0,0,0,0,0,12,0,64,70.86779460466157,56.87077669426799,103.93795231357217,26.0
1791184358,2,TXN,multimodal_e2e,0.000000,0.000000,0,0,0,0,0,0,0,0,0,0,0,10,0,370.0,12320.5547563266,339.3788640387356,60166.864993050694,22.9
1791184358,2,,Aggregated,0.000000,0.000000,0,0,0,0,0,0,0,0,0,0,0,44,0,20,2822.590825370174,1.9556707702577114,60166.864993050694,22.65909090909091
1791184359,2,POST,/api/playground/conversations,0.000000,0.000000,0,0,0,0,0,0,0,0,0,0,0,12,0,7,9.325563131521145,5.682200659066439,20.350771956145763,38.0
1791184359,2,POST,/api/playground/conversations/{conversation_id}/chat/sse,0.000000,0.000000,0,0,0,0,0,0,0,0,0,0,0,10,0,2,2.6128460187464952,1.9556707702577114,6.363210268318653,0.0
1791184359,2,POST,/api/playground/conversations/{conversation_id}/chat/{chat_id}/attachment,0.000000,0.000000,0,0,0,0,0,0,0,0,0,0,0,12,0,64,70.86779460466157,56.87077669426799,103.93795231357217,26.0
1791184359,2,TXN,multimodal_e2e,0.000000,0.000000,0,0,0,0,0,0,0,0,0,0,0,10,0,370.0,12320.5547563266,339.3788640387356,60166.864993050694,22.9
1791184359,2,,Aggregated,0.000000,0.000000,0,0,0,0,0,0,0,0,0,0,0,44,0,20,2822.590825370174,1.9556707702577114,60166.864993050694,22.65909090909091
1791184360,2,POST,/api/playground/conversations,0.000000,0.000000,0,0,0,0,0,0,0,0,0,0,0,12,0,7,9.325563131521145,5.682200659066439,20.350771956145763,38.0
1791184360,2,POST,/api/playground/conversations/{conversation_id}/chat/sse,0.000000,0.000000,0,0,0,0,0,0,0,0,0,0,0,10,0,2,2.6128460187464952,1.9556707702577114,6.363210268318653,0.0
1791184360,2,POST,/api/playground/conversations/{conversation_id}/chat/{chat_id}/attachment,0.000000,0.000000,0,0,0,0,0,0,0,0,0,0,0,12,0,64,70.86779460466157,56.87077669426799,103.93795231357217,26.0
1791184360,2,TXN,multimodal_e2e,0.000000,0.000000,0,0,0,0,0,0,0,0,0,0,0,10,0,370.0,12320.5547563266,339.3788640387356,60166.864993050694,22.9
1791184360,2,,Aggregated,0.000000,0.000000,0,0,0,0,0,0,0,0,0,0,0,44,0,20,2822.590825370174,1.9556707702577114,60166.864993050694,22.65909090909091
1791184361,2,POST,/api/playground/conversations,0.000000,0.000000,0,0,0,0,0,0,0,0,0,0,0,12,0,7,9.325563131521145,5.682200659066439,20.350771956145763,38.0
1791184361,2,POST,/api/playground/conversations/{conversation_id}/chat/sse,0.000000,0.000000,0,0,0,0,0,0,0,0,0,0,0,10,0,2,2.6128460187464952,1.9556707702577114,6.363210268318653,0.0
1791184361,2,POST,/api/playground/conversations/{conversation_id}/chat/{chat_id}/attachment,0.000000,0.000000,0,0,0,0,0,0,0,0,0,0,0,12,0,64,70.86779460466157,56.87077669426799,103.93795231357217,26.0
1791184361,2,TXN,multimodal_e2e,0.000000,0.000000,0,0,0,0,0,0,0,0,0,0,0,10,0,370.0,12320.5547563266,339.3788640387356,60166.864993050694,22.9
1791184361,2,,Aggregated,0.000000,0.000000,0,0,0,0,0,0,0,0,0,0,0,44,0,20,2822.590825370174,1.9556707702577114,60166.864993050694,22.65909090909091
1791184362,2,POST,/api/playground/conversations,0.000000,0.000000,0,0,0,0,0,0,0,0,0,0,0,12,0,7,9.325563131521145,5.682200659066439,20.350771956145763,38.0
1791184362,2,POST,/api/playground/conversations/{conversation_id}/chat/sse,0.000000,0.000000,0,0,0,0,0,0,0,0,0,0,0,10,0,2,2.6128460187464952,1.9556707702577114,6.363210268318653,0.0
1791184362,2,POST,/api/playground/conversations/{conversation_id}/chat/{chat_id}/attachment,0.000000,0.000000,0,0,0,0,0,0,0,0,0,0,0,12,0,64,70.86779460466157,56.87077669426799,103.93795231357217,26.0
1791184362,2,TXN,multimodal_e2e,0.000000,0.000000,0,0,0,0,0,0,0,0,0,0,0,10,0,370.0,12320.5547563266,339.3788640387356,60166.864993050694,22.9
1791184362,2,,Aggregated,0.000000,0.000000,0,0,0,0,0,0,0,0,0,0,0,44,0,20,2822.590825370174,1.9556707702577114,60166.864993050694,22.65909090909091
1791184363,2,POST,/api/playground/conversations,0.000000,0.000000,0,0,0,0,0,0,0,0,0,0,0,12,0,7,9.325563131521145,5.682200659066439,20.350771956145763,38.0
1791184363,2,POST,/api/playground/conversations/{conversation_id}/chat/sse,0.000000,0.000000,0,0,0,0,0,0,0,0,0,0,0,10,0,2,2.6128460187464952,1.9556707702577114,6.363210268318653,0.0
1791184363,2,POST,/api/playground/conversations/{conversation_id}/chat/{chat_id}/attachment,0.000000,0.000000,0,0,0,0,0,0,0,0,0,0,0,12,0,64,70.86779460466157,56.87077669426799,103.93795231357217,26.0
1791184363,2,TXN,multimodal_e2e,0.000000,0.000000,0,0,0,0,0,0,0,0,0,0,0,10,0,370.0,12320.5547563266,339.3788640387356,60166.864993050694,22.9
1791184363,2,,Aggregated,0.000000,0.000000,0,0,0,0,0,0,0,0,0,0,0,44,0,20,2822.590825370174,1.9556707702577114,60166.864993050694,22.65909090909091
1791184364,2,POST,/api/playground/conversations,0.000000,0.000000,0,0,0,0,0,0,0,0,0,0,0,12,0,7,9.325563131521145,5.682200659066439,20.350771956145763,38.0
1791184364,2,POST,/api/playground/conversations/{conversation_id}/chat/sse,0.000000,0.000000,0,0,0,0,0,0,0,0,0,0,0,10,0,2,2.6128460187464952,1.9556707702577114,6.363210268318653,0.0
1791184364,2,POST,/api/playground/conversations/{conversation_id}/chat/{chat_id}/attachment,0.000000,0.000000,0,0,0,0,0,0,0,0,0,0,0,12,0,64,70.86779460466157,56.87077669426799,103.93795231357217,26.0
1791184364,2,TXN,multimodal_e2e,0.000000,0.000000,0,0,0,0,0,0,0,0,0,0,0,10,0,370.0,12320.5547563266,339.3788640387356,60166.864993050694,22.9
1791184364,2,,Aggregated,0.000000,0.000000,0,0,0,0,0,0,0,0,0,0,0,44,0,20,2822.590825370174,1.9556707702577114,60166.864993050694,22.65909090909091
1791184365,2,POST,/api/playground/conversations,0.000000,0.000000,0,0,0,0,0,0,0,0,0,0,0,12,0,7,9.325563131521145,5.682200659066439,20.350771956145763,38.0
1791184365,2,POST,/api/playground/conversations/{conversation_id}/chat/sse,0.000000,0.000000,0,0,0,0,0,0,0,0,0,0,0,10,0,2,2.6128460187464952,1.9556707702577114,6.363210268318653,0.0
1791184365,2,POST,/api/playground/conversations/{conversation_id}/chat/{chat_id}/attachment,0.000000,0.000000,0,0,0,0,0,0,0,0,0,0,0,12,0,64,70.86779460466157,56.87077669426799,103.93795231357217,26.0
1791184365,2,TXN,multimodal_e2e,0.000000,0.000000,0,0,0,0,0,0,0,0,0,0,0,10,0,370.0,12320.5547563266,339.3788640387356,60166.864993050694,22.9
1791184365,2,,Aggregated,0.000000,0.000000,0,0,0,0,0,0,0,0,0,0,0,44,0,20,2822.590825370174,1.9556707702577114,60166.864993050694,22.65909090909091
1791184366,2,POST,/api/playground/conversations,0.000000,0.000000,0,0,0,0,0,0,0,0,0,0,0,12,0,7,9.325563131521145,5.682200659066439,20.350771956145763,38.0
1791184366,2,POST,/api/playground/conversations/{conversation_id}/chat/sse,0.000000,0.000000,0,0,0,0,0,0,0,0,0,0,0,10,0,2,2.6128460187464952,1.9556707702577114,6.363210268318653,0.0
1791184366,2,POST,/api/playground/conversations/{conversation_id}/chat/{chat_id}/attachment,0.000000,0.000000,0,0,0,0,0,0,0,0,0,0,0,12,0,64,70.86779460466157,56.87077669426799,103.93795231357217,26.0
1791184366,2,TXN,multimodal_e2e,0.000000,0.000000,0,0,0,0,0,0,0,0,0,0,0,10,0,370.0,12320.5547563266,339.3788640387356,60166.864993050694,22.9
1791184366,2,,Aggregated,0.000000,0.000000,0,0,0,0,0,0,0,0,0,0,0,44,0,20,2822.590825370174,1.9556707702577114,60166.864993050694,22.65909090909091
1791184367,2,POST,/api/playground/conversations,0.000000,0.000000,0,0,0,0,0,0,0,0,0,0,0,12,0,7,9.325563131521145,5.682200659066439,20.350771956145763,38.0
1791184367,2,POST,/api/playground/conversations/{conversation_id}/chat/sse,0.000000,0.000000,0,0,0,0,0,0,0,0,0,0,0,10,0,2,2.6128460187464952,1.9556707702577114,6.363210268318653,0.0
1791184367,2,POST,/api/playground/conversations/{conversation_id}/chat/{chat_id}/attachment,0.000000,0.000000,0,0,0,0,0,0,0,0,0,0,0,12,0,64,70.86779460466157,56.87077669426799,103.93795231357217,26.0
1791184367,2,TXN,multimodal_e2e,0.000000,0.000000,0,0,0,0,0,0,0,0,0,0,0,10,0,370.0,12320.5547563266,339.3788640387356,60166.864993050694,22.9
1791184367,2,,Aggregated,0.000000,0.000000,0,0,0,0,0,0,0,0,0,0,0,44,0,20,2822.590825370174,1.9556707702577114,60166.864993050694,22.65909090909091
1791184368,2,POST,/api/playground/conversations,0.000000,0.000000,0,0,0,0,0,0,0,0,0,0,0,12,0,7,9.325563131521145,5.682200659066439,20.350771956145763,38.0
1791184368,2,POST,/api/playground/conversations/{conversation_id}/chat/sse,0.000000,0.000000,0,0,0,0,0,0,0,0,0,0,0,10,0,2,2.6128460187464952,1.9556707702577114,6.363210268318653,0.0
1791184368,2,POST,/api/playground/conversations/{conversation_id}/chat/{chat_id}/attachment,0.000000,0.000000,0,0,0,0,0,0,0,0,0,0,0,12,0,64,70.86779460466157,56.87077669426799,103.93795231357217,26.0
1791184368,2,TXN,multimodal_e2e,0.000000,0.000000,0,0,0,0,0,0,0,0,0,0,0,10,0,370.0,12320.5547563266,339.3788640387356,60166.864993050694,22.9
1791184368,2,,Aggregated,0.000000,0.000000,0,0,0,0,0,0,0,0,0,0,0,44,0,20,2822.590825370174,1.9556707702577114,60166.864993050694,22.65909090909091
1791184369,2,POST,/api/playground/conversations,0.000000,0.000000,0,0,0,0,0,0,0,0,0,0,0,13,0,8,9.519849724781055,5.682200659066439,20.350771956145763,38.0
1791184369,2,POST,/api/playground/conversations/{conversation_id}/chat/sse,0.000000,0.000000,0,0,0,0,0,0,0,0,0,0,0,11,0,2,2.6739464056762783,1.9556707702577114,6.363210268318653,0.0
1791184369,2,POST,/api/playground/conversations/{conversation_id}/chat/{chat_id}/attachment,0.000000,0.000000,0,0,0,0,0,0,0,0,0,0,0,13,0,66,70.70582546293736,56.87077669426799,103.93795231357217,26.0
1791184369,2,TXN,multimodal_e2e,0.000000,0.000000,0,0,0,0,0,0,0,0,0,0,0,11,0,370.0,16665.25470935316,339.3788640387356,60166.864993050694,24.727272727272727
1791184369,2,,Aggregated,0.000000,0.000000,0,0,0,0,0,0,0,0,0,0,0,48,0,20,3841.4614373080744,1.9556707702577114,60166.864993050694,23.0
1791184370,2,POST,/api/playground/conversations,0.000000,0.000000,8,8,12,12,12,12,12,12,12,12,12,15,0,8,9.291663517554602,5.682200659066439,20.350771956145763,38.0
1791184370,2,POST,/api/playground/conversations/{conversation_id}/chat/sse,0.000000,0.000000,3,3,3,3,3,3,3,3,3,3,3,13,0,2,2.7521860499221544,1.9556707702577114,6.363210268318653,0.0
1791184370,2,POST,/api/playground/conversations/{conversation_id}/chat/{chat_id}/attachment,0.000000,0.000000,69,69,71,71,71,71,71,71,71,71,71,15,0,66,69.98613364994526,56.87077669426799,103.93795231357217,26.0
1791184370,2,TXN,multimodal_e2e,0.000000,0.000000,370,370,60000,60000,60000,60000,60000,60000,60000,60000,60000,13,0,370.0,14156.196728635292,339.3788640387356,60166.864993050694,23.307692307692307
1791184370,2,,Aggregated,0.000000,0.000000,60,69,340,340,370,60000,60000,60000,60000,60000,60000,56,0,20,3308.1339794360765,1.9556707702577114,60166.864993050694,22.553571428571427
1791184371,2,POST,/api/playground/conversations,0.000000,0.000000,8,9,9,12,12,12,12,12,12,12,12,17,0,8,9.162556927870302,5.682200659066439,20.350771956145763,38.0
1791184371,2,POST,/api/playground/conversations/{conversation_id}/chat/sse,0.000000,0.000000,3,3,3,3,3,3,3,3,3,3,3,16,0,2,2.674662508070469,1.9556707702577114,6.363210268318653,0.0
1791184371,2,POST,/api/playground/conversations/{conversation_id}/chat/{chat_id}/attachment,0.000000,0.000000,70,71,71,74,74,74,74,74,74,74,74,17,0,68,70.21100821850054,56.87077669426799,103.93795231357217,26.0
1791184371,2,TXN,multimodal_e2e,0.000000,0.000000,400,400,60000,60000,60000,60000,60000,60000,60000,60000,60000,16,0,370.0,15304.933240520768,339.3788640387356,60166.864993050694,23.5625
1791184371,2,,Aggregated,0.000000,0.000000,60,71,340,360,400,60000,60000,60000,60000,60000,60000,66,0,20,3731.3799553931776,1.9556707702577114,60166.864993050694,22.196969696969695
1791184372,2,POST,/api/playground/conversations,0.000000,0.000000,8,8,9,9,12,12,12,12,12,12,12,18,0,8,9.078682219195697,5.682200659066439,20.350771956145763,38.0
1791184372,2,POST,/api/playground/conversations/{conversation_id}/chat/sse,0.000000,0.000000,3,3,3,3,3,3,3,3,3,3,3,16,0,2,2.674662508070469,1.9556707702577114,6.363210268318653,0.0
1791184372,2,POST,/api/playground/conversations/{conversation_id}/chat/{chat_id}/attachment,0.000000,0.000000,71,71,71,71,74,74,74,74,74,74,74,18,0,68,70.24164888490405,56.87077669426799,103.93795231357217,26.0
1791184372,2,TXN,multimodal_e2e,0.000000,0.000000,400,400,60000,60000,60000,60000,60000,60000,60000,60000,60000,16,0,370.0,15304.933240520768,339.3788640387356,60166.864993050694,23.5625
1791184372,2,,Aggregated,0.000000,0.000000,60,71,340,360,400,60000,60000,60000,60000,60000,60000,68,0,20,3622.786653063753,1.9556707702577114,60166.864993050694,22.485294117647058
1791184373,2,POST,/api/playground/conversations,0.000000,0.000000,8,8,9,9,12,12,12,12,12,12,12,18,0,8,9.078682219195697,5.682200659066439,20.350771956145763,38.0
1791184373,2,POST,/api/playground/conversations/{conversation_id}/chat/sse,0.000000,0.000000,3,3,3,3,3,3,3,3,3,3,3,16,0,2,2.674662508070469,1.9556707702577114,6.363210268318653,0.0
1791184373,2,POST,/api/playground/conversations/{conversation_id}/chat/{chat_id}/attachment,0.000000,0.000000,71,71,71,71,74,74,74,74,74,74,74,18,0,68,70.24164888490405,56.87077669426799,103.93795231357217,26.0
1791184373,2,TXN,multimodal_e2e,0.000000,0.000000,400,400,60000,60000,60000,60000,60000,60000,60000,60000,60000,16,0,370.0,15304.933240520768,339.3788640387356,60166.864993050694,23.5625
1791184373,2,,Aggregated,0.000000,0.000000,60,71,340,360,400,60000,60000,60000,60000,60000,60000,68,0,20,3622.786653063753,1.9556707702577114,60166.864993050694,22.485294117647058
1791184374,2,POST,/api/playground/conversations,0.000000,0.000000,8,8,9,9,12,12,12,12,12,12,12,18,0,8,9.078682219195697,5.682200659066439,20.350771956145763,38.0
1791184374,2,POST,/api/playground/conversations/{conversation_id}/chat/sse,0.000000,0.000000,3,3,3,3,3,3,3,3,3,3,3,16,0,2,2.674662508070469,1.9556707702577114,6.363210268318653,0.0
1791184374,2,POST,/api/playground/conversations/{conversation_id}/chat/{chat_id}/attachment,0.000000,0.000000,71,71,71,71,74,74,74,74,74,74,74,18,0,68,70.24164888490405,56.87077669426799,103.93795231357217,26.0
1791184374,2,TXN,multimodal_e2e,0.000000,0.000000,400,400,60000,60000,60000,60000,60000,60000,60000,60000,60000,16,0,370.0,15304.933240520768,339.3788640387356,60166.864993050694,23.5625
1791184374,2,,Aggregated,0.000000,0.000000,60,71,340,360,400,60000,60000,60000,60000,60000,60000,68,0,20,3622.786653063753,1.9556707702577114,60166.864993050694,22.485294117647058
1791184375,2,POST,/api/playground/conversations,0.000000,0.000000,8,8,9,9,12,12,12,12,12,12,12,18,0,8,9.078682219195697,5.682200659066439,20.350771956145763,38.0
1791184375,2,POST,/api/playground/conversations/{conversation_id}/chat/sse,0.000000,0.000000,3,3,3,3,3,3,3,3,3,3,3,16,0,2,2.674662508070469,1.9556707702577114,6.363210268318653,0.0
1791184375,2,POST,/api/playground/conversations/{conversation_id}/chat/{chat_id}/attachment,0.000000,0.000000,71,71,71,71,74,74,74,74,74,74,74,18,0,68,70.24164888490405,56.87077669426799,103.93795231357217,26.0
1791184375,2,TXN,multimodal_e2e,0.000000,0.000000,400,400,60000,60000,60000,60000,60000,60000,60000,60000,60000,16,0,370.0,15304.933240520768,339.3788640387356,60166.864993050694,23.5625
1791184375,2,,Aggregated,0.000000,0.000000,60,71,340,360,400,60000,60000,60000,60000,60000,60000,68,0,20,3622.786653063753,1.9556707702577114,60166.864993050694,22.485294117647058
1791184376,2,POST,/api/playground/conversations,0.000000,0.000000,8,8,9,9,12,12,12,12,12,12,12,18,0,8,9.078682219195697,5.682200659066439,20.350771956145763,38.0
1791184376,2,POST,/api/playground/conversations/{conversation_id}/chat/sse,0.000000,0.000000,3,3,3,3,3,3,3,3,3,3,3,16,0,2,2.674662508070469,1.9556707702577114,6.363210268318653,0.0
1791184376,2,POST,/api/playground/conversations/{conversation_id}/chat/{chat_id}/attachment,0.000000,0.000000,71,71,71,71,74,74,74,74,74,74,74,18,0,68,70.24164888490405,56.87077669426799,103.93795231357217,26.0
1791184376,2,TXN,multimodal_e2e,0.000000,0.000000,400,400,60000,60000,60000,60000,60000,60000,60000,60000,60000,16,0,370.0,15304.933240520768,339.3788640387356,60166.864993050694,23.5625
1791184376,2,,Aggregated,0.000000,0.000000,60,71,340,360,400,60000,60000,60000,60000,60000,60000,68,0,20,3622.786653063753,1.9556707702577114,60166.864993050694,22.485294117647058
1791184377,2,POST,/api/playground/conversations,0.000000,0.000000,8,8,9,9,12,12,12,12,12,12,12,18,0,8,9.078682219195697,5.682200659066439,20.350771956145763,38.0
1791184377,2,POST,/api/playground/conversations/{conversation_id}/chat/sse,0.000000,0.000000,3,3,3,3,3,3,3,3,3,3,3,16,0,2,2.674662508070469,1.9556707702577114,6.363210268318653,0.0
1791184377,2,POST,/api/playground/conversations/{conversation_id}/chat/{chat_id}/attachment,0.000000,0.000000,71,71,71,71,74,74,74,74,74,74,74,18,0,68,70.24164888490405,56.87077669426799,103.93795231357217,26.0
1791184377,2,TXN,multimodal_e2e,0.000000,0.000000,400,400,60000,60000,60000,60000,60000,60000,60000,60000,60000,16,0,370.0,15304.933240520768,339.3788640387356,60166.864993050694,23.5625
1791184377,2,,Aggregated,0.000000,0.000000,60,71,340,360,400,60000,60000,60000,60000,60000,60000,68,0,20,3622.786653063753,1.9556707702577114,60166.864993050694,22.485294117647058
1791184378,2,POST,/api/playground/conversations,0.000000,0.000000,8,8,9,9,12,12,12,12,12,12,12,18,0,8,9.078682219195697,5.682200659066439,20.350771956145763,38.0
1791184378,2,POST,/api/playground/conversations/{conversation_id}/chat/sse,0.000000,0.000000,3,3,3,3,3,3,3,3,3,3,3,16,0,2,2.674662508070469,1.9556707702577114,6.363210268318653,0.0
1791184378,2,POST,/api/playground/conversations/{conversation_id}/chat/{chat_id}/attachment,0.000000,0.000000,71,71,71,71,74,74,74,74,74,74,74,18,0,68,70.24164888490405,56.87077669426799,103.93795231357217,26.0
1791184378,2,TXN,multimodal_e2e,0.000000,0.000000,400,400,60000,60000,60000,60000,60000,60000,60000,60000,60000,16,0,370.0,15304.933240520768,339.3788640387356,60166.864993050694,23.5625
1791184378,2,,Aggregated,0.000000,0.000000,60,71,340,360,400,60000,60000,60000,60000,60000,60000,68,0,20,3622.786653063753,1.9556707702577114,60166.864993050694,22.485294117647058
1791184379,2,POST,/api/playground/conversations,0.000000,0.000000,8,8,9,9,9,9,9,9,9,9,9,18,0,8,9.078682219195697,5.682200659066439,20.350771956145763,38.0
1791184379,2,POST,/api/playground/conversations/{conversation_id}/chat/sse,0.000000,0.000000,3,3,3,3,3,3,3,3,3,3,3,16,0,2,2.674662508070469,1.9556707702577114,6.363210268318653,0.0
1791184379,2,POST,/api/playground/conversations/{conversation_id}/chat/{chat_id}/attachment,0.000000,0.000000,71,71,74,74,74,74,74,74,74,74,74,18,0,68,70.24164888490405,56.87077669426799,103.93795231357217,26.0
1791184379,2,TXN,multimodal_e2e,0.000000,0.000000,400,400,60000,60000,60000,60000,60000,60000,60000,60000,60000,16,0,370.0,15304.933240520768,339.3788640387356,60166.864993050694,23.5625
1791184379,2,,Aggregated,0.000000,0.000000,70,71,340,340,400,60000,60000,60000,60000,60000,60000,68,0,20,3622.786653063753,1.9556707702577114,60166.864993050694,22.485294117647058
1791184380,2,POST,/api/playground/conversations,0.000000,0.000000,8,8,8,8,8,8,8,8,8,8,8,18,0,8,9.078682219195697,5.682200659066439,20.350771956145763,38.0
1791184380,2,POST,/api/playground/conversations/{conversation_id}/chat/sse,0.000000,0.000000,3,3,3,3,3,3,3,3,3,3,3,16,0,2,2.674662508070469,1.9556707702577114,6.363210268318653,0.0
1791184380,2,POST,/api/playground/conversations/{conversation_id}/chat/{chat_id}/attachment,0.000000,0.000000,74,74,74,74,74,74,74,74,74,74,74,18,0,68,70.24164888490405,56.87077669426799,103.93795231357217,26.0
1791184380,2,TXN,multimodal_e2e,0.000000,0.000000,400,400,400,400,400,400,400,400,400,400,400,16,0,370.0,15304.933240520768,339.3788640387356,60166.864993050694,23.5625
1791184380,2,,Aggregated,0.000000,0.000000,71,74,360,360,400,400,400,400,400,400,400,68,0,20,3622.786653063753,1.9556707702577114,60166.864993050694,22.485294117647058
1791184381,2,POST,/api/playground/conversations,0.000000,0.000000,8,8,8,8,8,8,8,8,8,8,8,18,0,8,9.078682219195697,5.682200659066439,20.350771956145763,38.0
1791184381,2,POST,/api/playground/conversations/{conversation_id}/chat/sse,0.000000,0.000000,3,3,3,3,3,3,3,3,3,3,3,16,0,2,2.674662508070469,1.9556707702577114,6.363210268318653,0.0
1791184381,2,POST,/api/playground/conversations/{conversation_id}/chat/{chat_id}/attachment,0.000000,0.000000,74,74,74,74,74,74,74,74,74,74,74,18,0,68,70.24164888490405,56.87077669426799,103.93795231357217,26.0
1791184381,2,TXN,multimodal_e2e,0.000000,0.000000,400,400,400,400,400,400,400,400,400,400,400,16,0,370.0,15304.933240520768,339.3788640387356,60166.864993050694,23.5625
1791184381,2,,Aggregated,0.000000,0.000000,71,74,360,360,400,400,400,400,400,400,400,68,0,20,3622.786653063753,1.9556707702577114,60166.864993050694,22.485294117647058
1791184382,2,POST,/api/playground/conversations,0.000000,0.000000,8,8,8,8,8,8,8,8,8,8,8,18,0,8,9.078682219195697,5.682200659066439,20.350771956145763,38.0
1791184382,2,POST,/api/playground/conversations/{conversation_id}/chat/sse,0.000000,0.000000,3,3,3,3,3,3,3,3,3,3,3,16,0,2,2.674662508070469,1.9556707702577114,6.363210268318653,0.0
1791184382,2,POST,/api/playground/conversations/{conversation_id}/chat/{chat_id}/attachment,0.000000,0.000000,74,74,74,74,74,74,74,74,74,74,74,18,0,68,70.24164888490405,56.87077669426799,103.93795231357217,26.0
1791184382,2,TXN,multimodal_e2e,0.000000,0.000000,400,400,400,400,400,400,400,400,400,400,400,16,0,370.0,15304.933240520768,339.3788640387356,60166.864993050694,23.5625
1791184382,2,,Aggregated,0.000000,0.000000,71,74,360,360,400,400,400,400,400,400,400,68,0,20,3622.786653063753,1.9556707702577114,60166.864993050694,22.485294117647058
1791184383,2,POST,/api/playground/conversations,0.000000,0.000000,8,8,8,8,8,8,8,8,8,8,8,18,0,8,9.078682219195697,5.682200659066439,20.350771956145763,38.0
1791184383,2,POST,/api/playground/conversations/{conversation_id}/chat/sse,0.000000,0.000000,3,3,3,3,3,3,3,3,3,3,3,16,0,2,2.674662508070469,1.9556707702577114,6.363210268318653,0.0
1791184383,2,POST,/api/playground/conversations/{conversation_id}/chat/{chat_id}/attachment,0.000000,0.000000,74,74,74,74,74,74,74,74,74,74,74,18,0,68,70.24164888490405,56.87077669426799,103.93795231357217,26.0
1791184383,2,TXN,multimodal_e2e,0.000000,0.000000,400,400,400,400,400,400,400,400,400,400,400,16,0,370.0,15304.933240520768,339.3788640387356,60166.864993050694,23.5625
1791184383,2,,Aggregated,0.000000,0.000000,71,74,360,360,400,400,400,400,400,400,400,68,0,20,3622.786653063753,1.9556707702577114,60166.864993050694,22.485294117647058
1791184384,2,POST,/api/playground/conversations,0.000000,0.000000,8,8,8,8,8,8,8,8,8,8,8,18,0,8,9.078682219195697,5.682200659066439,20.350771956145763,38.0
1791184384,2,POST,/api/playground/conversations/{conversation_id}/chat/sse,0.000000,0.000000,3,3,3,3,3,3,3,3,3,3,3,16,0,2,2.674662508070469,1.9556707702577114,6.363210268318653,0.0
1791184384,2,POST,/api/playground/conversations/{conversation_id}/chat/{chat_id}/attachment,0.000000,0.000000,74,74,74,74,74,74,74,74,74,74,74,18,0,68,70.24164888490405,56.87077669426799,103.93795231357217,26.0
1791184384,2,TXN,multimodal_e2e,0.000000,0.000000,400,400,400,400,400,400,400,400,400,400,400,16,0,370.0,15304.933240520768,339.3788640387356,60166.864993050694,23.5625
1791184384,2,,Aggregated,0.000000,0.000000,71,74,360,360,400,400,400,400,400,400,400,68,0,20,3622.786653063753,1.9556707702577114,60166.864993050694,22.485294117647058
1791184385,2,POST,/api/playground/conversations,0.000000,0.000000,8,8,8,8,8,8,8,8,8,8,8,18,0,8,9.078682219195697,5.682200659066439,20.350771956145763,38.0
1791184385,2,POST,/api/playground/conversations/{conversation_id}/chat/sse,0.000000,0.000000,3,3,3,3,3,3,3,3,3,3,3,16,0,2,2.674662508070469,1.9556707702577114,6.363210268318653,0.0
1791184385,2,POST,/api/playground/conversations/{conversation_id}/chat/{chat_id}/attachment,0.000000,0.000000,74,74,74,74,74,74,74,74,74,74,74,18,0,68,70.24164888490405,56.87077669426799,103.93795231357217,26.0
1791184385,2,TXN,multimodal_e2e,0.000000,0.000000,400,400,400,400,400,400,400,400,400,400,400,16,0,370.0,15304.933240520768,339.3788640387356,60166.864993050694,23.5625
1791184385,2,,Aggregated,0.000000,0.000000,71,74,360,360,400,400,400,400,400,400,400,68,0,20,3622.786653063753,1.9556707702577114,60166.864993050694,22.485294117647058
1791184386,2,POST,/api/playground/conversations,0.000000,0.000000,8,8,8,8,8,8,8,8,8,8,8,18,0,8,9.078682219195697,5.682200659066439,20.350771956145763,38.0
1791184386,2,POST,/api/playground/conversations/{conversation_id}/chat/sse,0.000000,0.000000,3,3,3,3,3,3,3,3,3,3,3,16,0,2,2.674662508070469,1.9556707702577114,6.363210268318653,0.0
1791184386,2,POST,/api/playground/conversations/{conversation_id}/chat/{chat_id}/attachment,0.000000,0.000000,74,74,74,74,74,74,74,74,74,74,74,18,0,68,70.24164888490405,56.87077669426799,103.93795231357217,26.0
1791184386,2,TXN,multimodal_e2e,0.000000,0.000000,400,400,400,400,400,400,400,400,400,400,400,16,0,370.0,15304.933240520768,339.3788640387356,60166.864993050694,23.5625
1791184386,2,,Aggregated,0.000000,0.000000,71,74,360,360,400,400,400,400,400,400,400,68,0,20,3622.786653063753,1.9556707702577114,60166.864993050694,22.485294117647058
1791184387,2,POST,/api/playground/conversations,0.000000,0.000000,8,8,8,8,8,8,8,8,8,8,8,18,0,8,9.078682219195697,5.682200659066439,20.350771956145763,38.0
1791184387,2,POST,/api/playground/conversations/{conversation_id}/chat/sse,0.000000,0.000000,3,3,3,3,3,3,3,3,3,3,3,16,0,2,2.674662508070469,1.9556707702577114,6.363210268318653,0.0
1791184387,2,POST,/api/playground/conversations/{conversation_id}/chat/{chat_id}/attachment,0.000000,0.000000,74,74,74,74,74,74,74,74,74,74,74,18,0,68,70.24164888490405,56.87077669426799,103.93795231357217,26.0
1791184387,2,TXN,multimodal_e2e,0.000000,0.000000,400,400,400,400,400,400,400,400,400,400,400,16,0,370.0,15304.933240520768,339.3788640387356,60166.864993050694,23.5625
1791184387,2,,Aggregated,0.000000,0.000000,71,74,360,360,400,400,400,400,400,400,400,68,0,20,3622.786653063753,1.9556707702577114,60166.864993050694,22.485294117647058
1791184388,2,POST,/api/playground/conversations,0.000000,0.000000,8,8,8,8,8,8,8,8,8,8,8,18,0,8,9.078682219195697,5.682200659066439,20.350771956145763,38.0
1791184388,2,POST,/api/playground/conversations/{conversation_id}/chat/sse,0.000000,0.000000,3,3,3,3,3,3,3,3,3,3,3,16,0,2,2.674662508070469,1.9556707702577114,6.363210268318653,0.0
1791184388,2,POST,/api/playground/conversations/{conversation_id}/chat/{chat_id}/attachment,0.000000,0.000000,74,74,74,74,74,74,74,74,74,74,74,18,0,68,70.24164888490405,56.87077669426799,103.93795231357217,26.0
1791184388,2,TXN,multimodal_e2e,0.000000,0.000000,400,400,400,400,400,400,400,400,400,400,400,16,0,370.0,15304.933240520768,339.3788640387356,60166.864993050694,23.5625
1791184388,2,,Aggregated,0.000000,0.000000,71,74,360,360,400,400,400,400,400,400,400,68,0,20,3622.786653063753,1.9556707702577114,60166.864993050694,22.485294117647058
1791184389,2,POST,/api/playground/conversations,0.000000,0.000000,0,0,0,0,0,0,0,0,0,0,0,18,0,8,9.078682219195697,5.682200659066439,20.350771956145763,38.0
1791184389,2,POST,/api/playground/conversations/{conversation_id}/chat/sse,0.000000,0.000000,0,0,0,0,0,0,0,0,0,0,0,16,0,2,2.674662508070469,1.9556707702577114,6.363210268318653,0.0
1791184389,2,POST,/api/playground/conversations/{conversation_id}/chat/{chat_id}/attachment,0.000000,0.000000,0,0,0,0,0,0,0,0,0,0,0,18,0,68,70.24164888490405,56.87077669426799,103.93795231357217,26.0
1791184389,2,TXN,multimodal_e2e,0.000000,0.000000,0,0,0,0,0,0,0,0,0,0,0,16,0,370.0,15304.933240520768,339.3788640387356,60166.864993050694,23.5625
1791184389,2,,Aggregated,0.000000,0.000000,0,0,0,0,0,0,0,0,0,0,0,68,0,20,3622.786653063753,1.9556707702577114,60166.864993050694,22.485294117647058
1791184390,2,POST,/api/playground/conversations,0.000000,0.000000,0,0,0,0,0,0,0,0,0,0,0,18,0,8,9.078682219195697,5.682200659066439,20.350771956145763,38.0
1791184390,2,POST,/api/playground/conversations/{conversation_id}/chat/sse,0.000000,0.000000,0,0,0,0,0,0,0,0,0,0,0,16,0,2,2.674662508070469,1.9556707702577114,6.363210268318653,0.0
1791184390,2,POST,/api/playground/conversations/{conversation_id}/chat/{chat_id}/attachment,0.000000,0.000000,0,0,0,0,0,0,0,0,0,0,0,18,0,68,70.24164888490405,56.87077669426799,103.93795231357217,26.0
1791184390,2,TXN,multimodal_e2e,0.000000,0.000000,0,0,0,0,0,0,0,0,0,0,0,16,0,370.0,15304.933240520768,339.3788640387356,60166.864993050694,23.5625
1791184390,2,,Aggregated,0.000000,0.000000,0,0,0,0,0,0,0,0,0,0,0,68,0,20,3622.786653063753,1.9556707702577114,60166.864993050694,22.485294117647058
1791184391,2,POST,/api/playground/conversations,0.000000,0.000000,0,0,0,0,0,0,0,0,0,0,0,18,0,8,9.078682219195697,5.682200659066439,20.350771956145763,38.0
1791184391,2,POST,/api/playground/conversations/{conversation_id}/chat/sse,0.000000,0.000000,0,0,0,0,0,0,0,0,0,0,0,16,0,2,2.674662508070469,1.9556707702577114,6.363210268318653,0.0
1791184391,2,POST,/api/playground/conversations/{conversation_id}/chat/{chat_id}/attachment,0.000000,0.000000,0,0,0,0,0,0,0,0,0,0,0,18,0,68,70.24164888490405,56.87077669426799,103.93795231357217,26.0
1791184391,2,TXN,multimodal_e2e,0.000000,0.000000,0,0,0,0,0,0,0,0,0,0,0,16,0,370.0,15304.933240520768,339.3788640387356,60166.864993050694,23.5625
1791184391,2,,Aggregated,0.000000,0.000000,0,0,0,0,0,0,0,0,0,0,0,68,0,20,3622.786653063753,1.9556707702577114,60166.864993050694,22.485294117647058
1791184392,2,POST,/api/playground/conversations,0.000000,0.000000,0,0,0,0,0,0,0,0,0,0,0,18,0,8,9.078682219195697,5.682200659066439,20.350771956145763,38.0
1791184392,2,POST,/api/playground/conversations/{conversation_id}/chat/sse,0.000000,0.000000,0,0,0,0,0,0,0,0,0,0,0,16,0,2,2.674662508070469,1.9556707702577114,6.363210268318653,0.0
1791184392,2,POST,/api/playground/conversations/{conversation_id}/chat/{chat_id}/attachment,0.000000,0.000000,0,0,0,0,0,0,0,0,0,0,0,18,0,68,70.24164888490405,56.87077669426799,103.93795231357217,26.0
1791184392,2,TXN,multimodal_e2e,0.000000,0.000000,0,0,0,0,0,0,0,0,0,0,0,16,0,370.0,15304.933240520768,339.3788640387356,60166.864993050694,23.5625
1791184392,2,,Aggregated,0.000000,0.000000,0,0,0,0,0,0,0,0,0,0,0,68,0,20,3622.786653063753,1.9556707702577114,60166.864993050694,22.485294117647058
1791184393,2,POST,/api/playground/conversations,0.000000,0.000000,0,0,0,0,0,0,0,0,0,0,0,18,0,8,9.078682219195697,5.682200659066439,20.350771956145763,38.0
1791184393,2,POST,/api/playground/conversations/{conversation_id}/chat/sse,0.000000,0.000000,0,0,0,0,0,0,0,0,0,0,0,16,0,2,2.674662508070469,1.9556707702577114,6.363210268318653,0.0
1791184393,2,POST,/api/playground/conversations/{conversation_id}/chat/{chat_id}/attachment,0.000000,0.000000,0,0,0,0,0,0,0,0,0,0,0,18,0,68,70.24164888490405,56.87077669426799,103.93795231357217,26.0
1791184393,2,TXN,multimodal_e2e,0.000000,0.000000,0,0,0,0,0,0,0,0,0,0,0,16,0,370.0,15304.933240520768,339.3788640387356,60166.864993050694,23.5625
1791184393,2,,Aggregated,0.000000,0.000000,0,0,0,0,0,0,0,0,0,0,0,68,0,20,3622.786653063753,1.9556707702577114,60166.864993050694,22.485294117647058
1791184394,2,POST,/api/playground/conversations,0.000000,0.000000,0,0,0,0,0,0,0,0,0,0,0,18,0,8,9.078682219195697,5.682200659066439,20.350771956145763,38.0
1791184394,2,POST,/api/playground/conversations/{conversation_id}/chat/sse,0.000000,0.000000,0,0,0,0,0,0,0,0,0,0,0,16,0,2,2.674662508070469,1.9556707702577114,6.363210268318653,0.0
1791184394,2,POST,/api/playground/conversations/{conversation_id}/chat/{chat_id}/attachment,0.000000,0.000000,0,0,0,0,0,0,0,0,0,0,0,18,0,68,70.24164888490405,56.87077669426799,103.93795231357217,26.0
1791184394,2,TXN,multimodal_e2e,0.000000,0.000000,0,0,0,0,0,0,0,0,0,0,0,16,0,370.0,15304.933240520768,339.3788640387356,60166.864993050694,23.5625
1791184394,2,,Aggregated,0.000000,0.000000,0,0,0,0,0,0,0,0,0,0,0,68,0,20,3622.786653063753,1.9556707702577114,60166.864993050694,22.485294117647058
1791184395,2,POST,/api/playground/conversations,0.000000,0.000000,0,0,0,0,0,0,0,0,0,0,0,18,0,8,9.078682219195697,5.682200659066439,20.350771956145763,38.0
1791184395,2,POST,/api/playground/conversations/{conversation_id}/chat/sse,0.000000,0.000000,0,0,0,0,0,0,0,0,0,0,0,16,0,2,2.674662508070469,1.9556707702577114,6.363210268318653,0.0
1791184395,2,POST,/api/playground/conversations/{conversation_id}/chat/{chat_id}/attachment,0.000000,0.000000,0,0,0,0,0,0,0,0,0,0,0,18,0,68,70.24164888490405,56.87077669426799,103.93795231357217,26.0
1791184395,2,TXN,multimodal_e2e,0.000000,0.000000,0,0,0,0,0,0,0,0,0,0,0,16,0,370.0,15304.933240520768,339.3788640387356,60166.864993050694,23.5625
1791184395,2,,Aggregated,0.000000,0.000000,0,0,0,0,0,0,0,0,0,0,0,68,0,20,3622.786653063753,1.9556707702577114,60166.864993050694,22.485294117647058
1791184396,2,POST,/api/playground/conversations,0.000000,0.000000,0,0,0,0,0,0,0,0,0,0,0,18,0,8,9.078682219195697,5.682200659066439,20.350771956145763,38.0
1791184396,2,POST,/api/playground/conversations/{conversation_id}/chat/sse,0.000000,0.000000,0,0,0,0,0,0,0,0,0,0,0,16,0,2,2.674662508070469,1.9556707702577114,6.363210268318653,0.0
1791184396,2,POST,/api/playground/conversations/{conversation_id}/chat/{chat_id}/attachment,0.000000,0.000000,0,0,0,0,0,0,0,0,0,0,0,18,0,68,70.24164888490405,56.87077669426799,103.93795231357217,26.0
1791184396,2,TXN,multimodal_e2e,0.000000,0.000000,0,0,0,0,0,0,0,0,0,0,0,16,0,370.0,15304.933240520768,339.3788640387356,60166.864993050694,23.5625
1791184396,2,,Aggregated,0.000000,0.000000,0,0,0,0,0,0,0,0,0,0,0,68,0,20,3622.786653063753,1.9556707702577114,60166.864993050694,22.485294117647058
1791184397,2,POST,/api/playground/conversations,0.000000,0.000000,0,0,0,0,0,0,0,0,0,0,0,18,0,8,9.078682219195697,5.682200659066439,20.350771956145763,38.0
1791184397,2,POST,/api/playground/conversations/{conversation_id}/chat/sse,0.000000,0.000000,0,0,0,0,0,0,0,0,0,0,0,16,0,2,2.674662508070469,1.9556707702577114,6.363210268318653,0.0
1791184397,2,POST,/api/playground/conversations/{conversation_id}/chat/{chat_id}/attachment,0.000000,0.000000,0,0,0,0,0,0,0,0,0,0,0,18,0,68,70.24164888490405,56.87077669426799,103.93795231357217,26.0
1791184397,2,TXN,multimodal_e2e,0.000000,0.000000,0,0,0,0,0,0,0,0,0,0,0,16,0,370.0,15304.933240520768,339.3788640387356,60166.864993050694,23.5625
1791184397,2,,Aggregated,0.000000,0.000000,0,0,0,0,0,0,0,0,0,0,0,68,0,20,3622.786653063753,1.9556707702577114,60166.864993050694,22.485294117647058
1791184398,2,POST,/api/playground/conversations,0.000000,0.000000,0,0,0,0,0,0,0,0,0,0,0,18,0,8,9.078682219195697,5.682200659066439,20.350771956145763,38.0
1791184398,2,POST,/api/playground/conversations/{conversation_id}/chat/sse,0.000000,0.000000,0,0,0,0,0,0,0,0,0,0,0,16,0,2,2.674662508070469,1.9556707702577114,6.363210268318653,0.0
1791184398,2,POST,/api/playground/conversations/{conversation_id}/chat/{chat_id}/attachment,0.000000,0.000000,0,0,0,0,0,0,0,0,0,0,0,18,0,68,70.24164888490405,56.87077669426799,103.93795231357217,26.0
1791184398,2,TXN,multimodal_e2e,0.000000,0.000000,0,0,0,0,0,0,0,0,0,0,0,16,0,370.0,15304.933240520768,339.3788640387356,60166.864993050694,23.5625
1791184398,2,,Aggregated,0.000000,0.000000,0,0,0,0,0,0,0,0,0,0,0,68,0,20,3622.786653063753,1.9556707702577114,60166.864993050694,22.485294117647058
1791184399,2,POST,/api/playground/conversations,0.000000,0.000000,0,0,0,0,0,0,0,0,0,0,0,18,0,8,9.078682219195697,5.682200659066439,20.350771956145763,38.0
1791184399,2,POST,/api/playground/conversations/{conversation_id}/chat/sse,0.000000,0.000000,0,0,0,0,0,0,0,0,0,0,0,16,0,2,2.674662508070469,1.9556707702577114,6.363210268318653,0.0
1791184399,2,POST,/api/playground/conversations/{conversation_id}/chat/{chat_id}/attachment,0.000000,0.000000,0,0,0,0,0,0,0,0,0,0,0,18,0,68,70.24164888490405,56.87077669426799,103.93795231357217,26.0
1791184399,2,TXN,multimodal_e2e,0.000000,0.000000,0,0,0,0,0,0,0,0,0,0,0,16,0,370.0,15304.933240520768,339.3788640387356,60166.864993050694,23.5625
1791184399,2,,Aggregated,0.000000,0.000000,0,0,0,0,0,0,0,0,0,0,0,68,0,20,3622.786653063753,1.9556707702577114,60166.864993050694,22.485294117647058
1791184400,2,POST,/api/playground/conversations,0.000000,0.000000,0,0,0,0,0,0,0,0,0,0,0,18,0,8,9.078682219195697,5.682200659066439,20.350771956145763,38.0
1791184400,2,POST,/api/playground/conversations/{conversation_id}/chat/sse,0.000000,0.000000,0,0,0,0,0,0,0,0,0,0,0,16,0,2,2.674662508070469,1.9556707702577114,6.363210268318653,0.0
1791184400,2,POST,/api/playground/conversations/{conversation_id}/chat/{chat_id}/attachment,0.000000,0.000000,0,0,0,0,0,0,0,0,0,0,0,18,0,68,70.24164888490405,56.87077669426799,103.93795231357217,26.0
1791184400,2,TXN,multimodal_e2e,0.000000,0.000000,0,0,0,0,0,0,0,0,0,0,0,16,0,370.0,15304.933240520768,339.3788640387356,60166.864993050694,23.5625
1791184400,2,,Aggregated,0.000000,0.000000,0,0,0,0,0,0,0,0,0,0,0,68,0,20,3622.786653063753,1.9556707702577114,60166.864993050694,22.485294117647058
1791184401,2,POST,/api/playground/conversations,0.000000,0.000000,0,0,0,0,0,0,0,0,0,0,0,18,0,8,9.078682219195697,5.682200659066439,20.350771956145763,38.0
1791184401,2,POST,/api/playground/conversations/{conversation_id}/chat/sse,0.000000,0.000000,0,0,0,0,0,0,0,0,0,0,0,16,0,2,2.674662508070469,1.9556707702577114,6.363210268318653,0.0
1791184401,2,POST,/api/playground/conversations/{conversation_id}/chat/{chat_id}/attachment,0.000000,0.000000,0,0,0,0,0,0,0,0,0,0,0,18,0,68,70.24164888490405,56.87077669426799,103.93795231357217,26.0
1791184401,2,TXN,multimodal_e2e,0.000000,0.000000,0,0,0,0,0,0,0,0,0,0,0,16,0,370.0,15304.933240520768,339.3788640387356,60166.864993050694,23.5625
1791184401,2,,Aggregated,0.000000,0.000000,0,0,0,0,0,0,0,0,0,0,0,68,0,20,3622.786653063753,1.9556707702577114,60166.864993050694,22.485294117647058
1791184402,2,POST,/api/playground/conversations,0.000000,0.000000,0,0,0,0,0,0,0,0,0,0,0,18,0,8,9.078682219195697,5.682200659066439,20.350771956145763,38.0
1791184402,2,POST,/api/playground/conversations/{conversation_id}/chat/sse,0.000000,0.000000,0,0,0,0,0,0,0,0,0,0,0,16,0,2,2.674662508070469,1.9556707702577114,6.363210268318653,0.0
1791184402,2,POST,/api/playground/conversations/{conversation_id}/chat/{chat_id}/attachment,0.000000,0.000000,0,0,0,0,0,0,0,0,0,0,0,18,0,68,70.24164888490405,56.87077669426799,103.93795231357217,26.0
1791184402,2,TXN,multimodal_e2e,0.000000,0.000000,0,0,0,0,0,0,0,0,0,0,0,16,0,370.0,15304.933240520768,339.3788640387356,60166.864993050694,23.5625
1791184402,2,,Aggregated,0.000000,0.000000,0,0,0,0,0,0,0,0,0,0,0,68,0,20,3622.786653063753,1.9556707702577114,60166.864993050694,22.485294117647058
1791184403,2,POST,/api/playground/conversations,0.000000,0.000000,0,0,0,0,0,0,0,0,0,0,0,18,0,8,9.078682219195697,5.682200659066439,20.350771956145763,38.0
1791184403,2,POST,/api/playground/conversations/{conversation_id}/chat/sse,0.000000,0.000000,0,0,0,0,0,0,0,0,0,0,0,16,0,2,2.674662508070469,1.9556707702577114,6.363210268318653,0.0
1791184403,2,POST,/api/playground/conversations/{conversation_id}/chat/{chat_id}/attachment,0.000000,0.000000,0,0,0,0,0,0,0,0,0,0,0,18,0,68,70.24164888490405,56.87077669426799,103.93795231357217,26.0
1791184403,2,TXN,multimodal_e2e,0.000000,0.000000,0,0,0,0,0,0,0,0,0,0,0,16,0,370.0,15304.933240520768,339.3788640387356,60166.864993050694,23.5625
1791184403,2,,Aggregated,0.000000,0.000000,0,0,0,0,0,0,0,0,0,0,0,68,0,20,3622.786653063753,1.9556707702577114,60166.864993050694,22.485294117647058
1791184404,2,POST,/api/playground/conversations,0.000000,0.000000,0,0,0,0,0,0,0,0,0,0,0,18,0,8,9.078682219195697,5.682200659066439,20.350771956145763,38.0
1791184404,2,POST,/api/playground/conversations/{conversation_id}/chat/sse,0.000000,0.000000,0,0,0,0,0,0,0,0,0,0,0,16,0,2,2.674662508070469,1.9556707702577114,6.363210268318653,0.0
1791184404,2,POST,/api/playground/conversations/{conversation_id}/chat/{chat_id}/attachment,0.000000,0.000000,0,0,0,0,0,0,0,0,0,0,0,18,0,68,70.24164888490405,56.87077669426799,103.93795231357217,26.0
1791184404,2,TXN,multimodal_e2e,0.000000,0.000000,0,0,0,0,0,0,0,0,0,0,0,16,0,370.0,15304.933240520768,339.3788640387356,60166.864993050694,23.5625
1791184404,2,,Aggregated,0.000000,0.000000,0,0,0,0,0,0,0,0,0,0,0,68,0,20,3622.786653063753,1.9556707702577114,60166.864993050694,22.485294117647058
1791184405,2,POST,/api/playground/conversations,0.000000,0.000000,0,0,0,0,0,0,0,0,0,0,0,18,0,8,9.078682219195697,5.682200659066439,20.350771956145763,38.0
1791184405,2,POST,/api/playground/conversations/{conversation_id}/chat/sse,0.000000,0.000000,0,0,0,0,0,0,0,0,0,0,0,16,0,2,2.674662508070469,1.9556707702577114,6.363210268318653,0.0
1791184405,2,POST,/api/playground/conversations/{conversation_id}/chat/{chat_id}/attachment,0.000000,0.000000,0,0,0,0,0,0,0,0,0,0,0,18,0,68,70.24164888490405,56.87077669426799,103.93795231357217,26.0
1791184405,2,TXN,multimodal_e2e,0.000000,0.000000,0,0,0,0,0,0,0,0,0,0,0,16,0,370.0,15304.933240520768,339.3788640387356,60166.864993050694,23.5625
1791184405,2,,Aggregated,0.000000,0.000000,0,0,0,0,0,0,0,0,0,0,0,68,0,20,3622.786653063753,1.9556707702577114,60166.864993050694,22.485294117647058
1791184406,2,POST,/api/playground/conversations,0.000000,0.000000,0,0,0,0,0,0,0,0,0,0,0,18,0,8,9.078682219195697,5.682200659066439,20.350771956145763,38.0
1791184406,2,POST,/api/playground/conversations/{conversation_id}/chat/sse,0.000000,0.000000,0,0,0,0,0,0,0,0,0,0,0,16,0,2,2.674662508070469,1.9556707702577114,6.363210268318653,0.0
1791184406,2,POST,/api/playground/conversations/{conversation_id}/chat/{chat_id}/attachment,0.000000,0.000000,0,0,0,0,0,0,0,0,0,0,0,18,0,68,70.24164888490405,56.87077669426799,103.93795231357217,26.0
1791184406,2,TXN,multimodal_e2e,0.000000,0.000000,0,0,0,0,0,0,0,0,0,0,0,16,0,370.0,15304.933240520768,339.3788640387356,60166.864993050694,23.5625
1791184406,2,,Aggregated,0.000000,0.000000,0,0,0,0,0,0,0,0,0,0,0,68,0,20,3622.786653063753,1.9556707702577114,60166.864993050694,22.485294117647058
1791184407,2,POST,/api/playground/conversations,0.000000,0.000000,0,0,0,0,0,0,0,0,0,0,0,18,0,8,9.078682219195697,5.682200659066439,20.350771956145763,38.0
1791184407,2,POST,/api/playground/conversations/{conversation_id}/chat/sse,0.000000,0.000000,0,0,0,0,0,0,0,0,0,0,0,16,0,2,2.674662508070469,1.9556707702577114,6.363210268318653,0.0
1791184407,2,POST,/api/playground/conversations/{conversation_id}/chat/{chat_id}/attachment,0.000000,0.000000,0,0,0,0,0,0,0,0,0,0,0,18,0,68,70.24164888490405,56.87077669426799,103.93795231357217,26.0
1791184407,2,TXN,multimodal_e2e,0.000000,0.000000,0,0,0,0,0,0,0,0,0,0,0,16,0,370.0,15304.933240520768,339.3788640387356,60166.864993050694,23.5625
1791184407,2,,Aggregated,0.000000,0.000000,0,0,0,0,0,0,0,0,0,0,0,68,0,20,3622.786653063753,1.9556707702577114,60166.864993050694,22.485294117647058
1791184408,2,POST,/api/playground/conversations,0.000000,0.000000,0,0,0,0,0,0,0,0,0,0,0,18,0,8,9.078682219195697,5.682200659066439,20.350771956145763,38.0
1791184408,2,POST,/api/playground/conversations/{conversation_id}/chat/sse,0.000000,0.000000,0,0,0,0,0,0,0,0,0,0,0,16,0,2,2.674662508070469,1.9556707702577114,6.363210268318653,0.0
1791184408,2,POST,/api/playground/conversations/{conversation_id}/chat/{chat_id}/attachment,0.000000,0.000000,0,0,0,0,0,0,0,0,0,0,0,18,0,68,70.24164888490405,56.87077669426799,103.93795231357217,26.0
1791184408,2,TXN,multimodal_e2e,0.000000,0.000000,0,0,0,0,0,0,0,0,0,0,0,16,0,370.0,15304.933240520768,339.3788640387356,60166.864993050694,23.5625
1791184408,2,,Aggregated,0.000000,0.000000,0,0,0,0,0,0,0,0,0,0,0,68,0,20,3622.786653063753,1.9556707702577114,60166.864993050694,22.485294117647058
1791184409,2,POST,/api/playground/conversations,0.000000,0.000000,0,0,0,0,0,0,0,0,0,0,0,18,0,8,9.078682219195697,5.682200659066439,20.350771956145763,38.0
1791184409,2,POST,/api/playground/conversations/{conversation_id}/chat/sse,0.000000,0.000000,0,0,0,0,0,0,0,0,0,0,0,16,0,2,2.674662508070469,1.9556707702577114,6.363210268318653,0.0
1791184409,2,POST,/api/playground/conversations/{conversation_id}/chat/{chat_id}/attachment,0.000000,0.000000,0,0,0,0,0,0,0,0,0,0,0,18,0,68,70.24164888490405,56.87077669426799,103.93795231357217,26.0
1791184409,2,TXN,multimodal_e2e,0.000000,0.000000,0,0,0,0,0,0,0,0,0,0,0,16,0,370.0,15304.933240520768,339.3788640387356,60166.864993050694,23.5625
1791184409,2,,Aggregated,0.000000,0.000000,0,0,0,0,0,0,0,0,0,0,0,68,0,20,3622.786653063753,1.9556707702577114,60166.864993050694,22.485294117647058
1791184410,2,POST,/api/playground/conversations,0.000000,0.000000,0,0,0,0,0,0,0,0,0,0,0,18,0,8,9.078682219195697,5.682200659066439,20.350771956145763,38.0
1791184410,2,POST,/api/playground/conversations/{conversation_id}/chat/sse,0.000000,0.000000,0,0,0,0,0,0,0,0,0,0,0,16,0,2,2.674662508070469,1.9556707702577114,6.363210268318653,0.0
1791184410,2,POST,/api/playground/conversations/{conversation_id}/chat/{chat_id}/attachment,0.000000,0.000000,0,0,0,0,0,0,0,0,0,0,0,18,0,68,70.24164888490405,56.87077669426799,103.93795231357217,26.0
1791184410,2,TXN,multimodal_e2e,0.000000,0.000000,0,0,0,0,0,0,0,0,0,0,0,16,0,370.0,15304.933240520768,339.3788640387356,60166.864993050694,23.5625
1791184410,2,,Aggregated,0.000000,0.000000,0,0,0,0,0,0,0,0,0,0,0,68,0,20,3622.786653063753,1.9556707702577114,60166.864993050694,22.485294117647058
1791184411,2,POST,/api/playground/conversations,0.000000,0.000000,0,0,0,0,0,0,0,0,0,0,0,18,0,8,9.078682219195697,5.682200659066439,20.350771956145763,38.0
1791184411,2,POST,/api/playground/conversations/{conversation_id}/chat/sse,0.000000,0.000000,0,0,0,0,0,0,0,0,0,0,0,16,0,2,2.674662508070469,1.9556707702577114,6.363210268318653,0.0
1791184411,2,POST,/api/playground/conversations/{conversation_id}/chat/{chat_id}/attachment,0.000000,0.000000,0,0,0,0,0,0,0,0,0,0,0,18,0,68,70.24164888490405,56.87077669426799,103.93795231357217,26.0
1791184411,2,TXN,multimodal_e2e,0.000000,0.000000,0,0,0,0,0,0,0,0,0,0,0,16,0,370.0,15304.933240520768,339.3788640387356,60166.864993050694,23.5625
1791184411,2,,Aggregated,0.000000,0.000000,0,0,0,0,0,0,0,0,0,0,0,68,0,20,3622.786653063753,1.9556707702577114,60166.864993050694,22.485294117647058
1791184412,2,POST,/api/playground/conversations,0.000000,0.000000,0,0,0,0,0,0,0,0,0,0,0,18,0,8,9.078682219195697,5.682200659066439,20.350771956145763,38.0
1791184412,2,POST,/api/playground/conversations/{conversation_id}/chat/sse,0.000000,0.000000,0,0,0,0,0,0,0,0,0,0,0,16,0,2,2.674662508070469,1.9556707702577114,6.363210268318653,0.0
1791184412,2,POST,/api/playground/conversations/{conversation_id}/chat/{chat_id}/attachment,0.000000,0.000000,0,0,0,0,0,0,0,0,0,0,0,18,0,68,70.24164888490405,56.87077669426799,103.93795231357217,26.0
1791184412,2,TXN,multimodal_e2e,0.000000,0.000000,0,0,0,0,0,0,0,0,0,0,0,16,0,370.0,15304.933240520768,339.3788640387356,60166.864993050694,23.5625
1791184412,2,,Aggregated,0.000000,0.000000,0,0,0,0,0,0,0,0,0,0,0,68,0,20,3622.786653063753,1.9556707702577114,60166.864993050694,22.485294117647058
1791184413,2,POST,/api/playground/conversations,0.000000,0.000000,0,0,0,0,0,0,0,0,0,0,0,18,0,8,9.078682219195697,5.682200659066439,20.350771956145763,38.0
1791184413,2,POST,/api/playground/conversations/{conversation_id}/chat/sse,0.000000,0.000000,0,0,0,0,0,0,0,0,0,0,0,16,0,2,2.674662508070469,1.9556707702577114,6.363210268318653,0.0
1791184413,2,POST,/api/playground/conversations/{conversation_id}/chat/{chat_id}/attachment,0.000000,0.000000,0,0,0,0,0,0,0,0,0,0,0,18,0,68,70.24164888490405,56.87077669426799,103.93795231357217,26.0
1791184413,2,TXN,multimodal_e2e,0.000000,0.000000,0,0,0,0,0,0,0,0,0,0,0,16,0,370.0,15304.933240520768,339.3788640387356,60166.864993050694,23.5625
1791184413,2,,Aggregated,0.000000,0.000000,0,0,0,0,0,0,0,0,0,0,0,68,0,20,3622.786653063753,1.9556707702577114,60166.864993050694,22.485294117647058
1791184414,2,POST,/api/playground/conversations,0.000000,0.000000,0,0,0,0,0,0,0,0,0,0,0,18,0,8,9.078682219195697,5.682200659066439,20.350771956145763,38.0
1791184414,2,POST,/api/playground/conversations/{conversation_id}/chat/sse,0.000000,0.000000,0,0,0,0,0,0,0,0,0,0,0,16,0,2,2.674662508070469,1.9556707702577114,6.363210268318653,0.0
1791184414,2,POST,/api/playground/conversations/{conversation_id}/chat/{chat_id}/attachment,0.000000,0.000000,0,0,0,0,0,0,0,0,0,0,0,18,0,68,70.24164888490405,56.87077669426799,103.93795231357217,26.0
1791184414,2,TXN,multimodal_e2e,0.000000,0.000000,0,0,0,0,0,0,0,0,0,0,0,16,0,370.0,15304.933240520768,339.3788640387356,60166.864993050694,23.5625
1791184414,2,,Aggregated,0.000000,0.000000,0,0,0,0,0,0,0,0,0,0,0,68,0,20,3622.786653063753,1.9556707702577114,60166.864993050694,22.485294117647058
1791184415,2,POST,/api/playground/conversations,0.000000,0.000000,0,0,0,0,0,0,0,0,0,0,0,18,0,8,9.078682219195697,5.682200659066439,20.350771956145763,38.0
1791184415,2,POST,/api/playground/conversations/{conversation_id}/chat/sse,0.000000,0.000000,0,0,0,0,0,0,0,0,0,0,0,16,0,2,2.674662508070469,1.9556707702577114,6.363210268318653,0.0
1791184415,2,POST,/api/playground/conversations/{conversation_id}/chat/{chat_id}/attachment,0.000000,0.000000,0,0,0,0,0,0,0,0,0,0,0,18,0,68,70.24164888490405,56.87077669426799,103.93795231357217,26.0
1791184415,2,TXN,multimodal_e2e,0.000000,0.000000,0,0,0,0,0,0,0,0,0,0,0,16,0,370.0,15304.933240520768,339.3788640387356,60166.864993050694,23.5625
1791184415,2,,Aggregated,0.000000,0.000000,0,0,0,0,0,0,0,0,0,0,0,68,0,20,3622.786653063753,1.9556707702577114,60166.864993050694,22.485294117647058
1791184416,2,POST,/api/playground/conversations,0.000000,0.000000,0,0,0,0,0,0,0,0,0,0,0,18,0,8,9.078682219195697,5.682200659066439,20.350771956145763,38.0
1791184416,2,POST,/api/playground/conversations/{conversation_id}/chat/sse,0.000000,0.000000,0,0,0,0,0,0,0,0,0,0,0,16,0,2,2.674662508070469,1.9556707702577114,6.363210268318653,0.0
1791184416,2,POST,/api/playground/conversations/{conversation_id}/chat/{chat_id}/attachment,0.000000,0.000000,0,0,0,0,0,0,0,0,0,0,0,18,0,68,70.24164888490405,56.87077669426799,103.93795231357217,26.0
1791184416,2,TXN,multimodal_e2e,0.000000,0.000000,0,0,0,0,0,0,0,0,0,0,0,16,0,370.0,15304.933240520768,339.3788640387356,60166.864993050694,23.5625
1791184416,2,,Aggregated,0.000000,0.000000,0,0,0,0,0,0,0,0,0,0,0,68,0,20,3622.786653063753,1.9556707702577114,60166.864993050694,22.485294117647058
1791184417,2,POST,/api/playground/conversations,0.000000,0.000000,0,0,0,0,0,0,0,0,0,0,0,18,0,8,9.078682219195697,5.682200659066439,20.350771956145763,38.0
1791184417,2,POST,/api/playground/conversations/{conversation_id}/chat/sse,0.000000,0.000000,0,0,0,0,0,0,0,0,0,0,0,16,0,2,2.674662508070469,1.9556707702577114,6.363210268318653,0.0
1791184417,2,POST,/api/playground/conversations/{conversation_id}/chat/{chat_id}/attachment,0.000000,0.000000,0,0,0,0,0,0,0,0,0,0,0,18,0,68,70.24164888490405,56.87077669426799,103.93795231357217,26.0
1791184417,2,TXN,multimodal_e2e,0.000000,0.000000,0,0,0,0,0,0,0,0,0,0,0,16,0,370.0,15304.933240520768,339.3788640387356,60166.864993050694,23.5625
1791184417,2,,Aggregated,0.000000,0.000000,0,0,0,0,0,0,0,0,0,0,0,68,0,20,3622.786653063753,1.9556707702577114,60166.864993050694,22.485294117647058
1791184418,2,POST,/api/playground/conversations,0.000000,0.000000,0,0,0,0,0,0,0,0,0,0,0,18,0,8,9.078682219195697,5.682200659066439,20.350771956145763,38.0
1791184418,2,POST,/api/playground/conversations/{conversation_id}/chat/sse,0.000000,0.000000,0,0,0,0,0,0,0,0,0,0,0,16,0,2,2.674662508070469,1.9556707702577114,6.363210268318653,0.0
1791184418,2,POST,/api/playground/conversations/{conversation_id}/chat/{chat_id}/attachment,0.000000,0.000000,0,0,0,0,0,0,0,0,0,0,0,18,0,68,70.24164888490405,56.87077669426799,103.93795231357217,26.0
1791184418,2,TXN,multimodal_e2e,0.000000,0.000000,0,0,0,0,0,0,0,0,0,0,0,16,0,370.0,15304.933240520768,339.3788640387356,60166.864993050694,23.5625
1791184418,2,,Aggregated,0.000000,0.000000,0,0,0,0,0,0,0,0,0,0,0,68,0,20,3622.786653063753,1.9556707702577114,60166.864993050694,22.485294117647058
1791184419,2,POST,/api/playground/conversations,0.000000,0.000000,0,0,0,0,0,0,0,0,0,0,0,18,0,8,9.078682219195697,5.682200659066439,20.350771956145763,38.0
1791184419,2,POST,/api/playground/conversations/{conversation_id}/chat/sse,0.000000,0.000000,0,0,0,0,0,0,0,0,0,0,0,16,0,2,2.674662508070469,1.9556707702577114,6.363210268318653,0.0
1791184419,2,POST,/api/playground/conversations/{conversation_id}/chat/{chat_id}/attachment,0.000000,0.000000,0,0,0,0,0,0,0,0,0,0,0,18,0,68,70.24164888490405,56.87077669426799,103.93795231357217,26.0
1791184419,2,TXN,multimodal_e2e,0.000000,0.000000,0,0,0,0,0,0,0,0,0,0,0,16,0,370.0,15304.933240520768,339.3788640387356,60166.864993050694,23.5625
1791184419,2,,Aggregated,0.000000,0.000000,0,0,0,0,0,0,0,0,0,0,0,68,0,20,3622.786653063753,1.9556707702577114,60166.864993050694,22.485294117647058
1791184420,2,POST,/api/playground/conversations,0.000000,0.000000,0,0,0,0,0,0,0,0,0,0,0,18,0,8,9.078682219195697,5.682200659066439,20.350771956145763,38.0
1791184420,2,POST,/api/playground/conversations/{conversation_id}/chat/sse,0.000000,0.000000,0,0,0,0,0,0,0,0,0,0,0,16,0,2,2.674662508070469,1.9556707702577114,6.363210268318653,0.0
1791184420,2,POST,/api/playground/conversations/{conversation_id}/chat/{chat_id}/attachment,0.000000,0.000000,0,0,0,0,0,0,0,0,0,0,0,18,0,68,70.24164888490405,56.87077669426799,103.93795231357217,26.0
1791184420,2,TXN,multimodal_e2e,0.000000,0.000000,0,0,0,0,0,0,0,0,0,0,0,16,0,370.0,15304.933240520768,339.3788640387356,60166.864993050694,23.5625
1791184420,2,,Aggregated,0.000000,0.000000,0,0,0,0,0,0,0,0,0,0,0,68,0,20,3622.786653063753,1.9556707702577114,60166.864993050694,22.485294117647058
1791184421,2,POST,/api/playground/conversations,0.000000,0.000000,0,0,0,0,0,0,0,0,0,0,0,18,0,8,9.078682219195697,5.682200659066439,20.350771956145763,38.0
1791184421,2,POST,/api/playground/conversations/{conversation_id}/chat/sse,0.000000,0.000000,0,0,0,0,0,0,0,0,0,0,0,16,0,2,2.674662508070469,1.9556707702577114,6.363210268318653,0.0
1791184421,2,POST,/api/playground/conversations/{conversation_id}/chat/{chat_id}/attachment,0.000000,0.000000,0,0,0,0,0,0,0,0,0,0,0,18,0,68,70.24164888490405,56.87077669426799,103.93795231357217,26.0
1791184421,2,TXN,multimodal_e2e,0.000000,0.000000,0,0,0,0,0,0,0,0,0,0,0,16,0,370.0,15304.933240520768,339.3788640387356,60166.864993050694,23.5625
1791184421,2,,Aggregated,0.000000,0.000000,0,0,0,0,0,0,0,0,0,0,0,68,0,20,3622.786653063753,1.9556707702577114,60166.864993050694,22.485294117647058
1791184422,2,POST,/api/playground/conversations,0.000000,0.000000,0,0,0,0,0,0,0,0,0,0,0,18,0,8,9.078682219195697,5.682200659066439,20.350771956145763,38.0
1791184422,2,POST,/api/playground/conversations/{conversation_id}/chat/sse,0.000000,0.000000,0,0,0,0,0,0,0,0,0,0,0,16,0,2,2.674662508070469,1.9556707702577114,6.363210268318653,0.0
1791184422,2,POST,/api/playground/conversations/{conversation_id}/chat/{chat_id}/attachment,0.000000,0.000000,0,0,0,0,0,0,0,0,0,0,0,18,0,68,70.24164888490405,56.87077669426799,103.93795231357217,26.0
1791184422,2,TXN,multimodal_e2e,0.000000,0.000000,0,0,0,0,0,0,0,0,0,0,0,16,0,370.0,15304.933240520768,339.3788640387356,60166.864993050694,23.5625
1791184422,2,,Aggregated,0.000000,0.000000,0,0,0,0,0,0,0,0,0,0,0,68,0,20,3622.786653063753,1.9556707702577114,60166.864993050694,22.485294117647058
1791184423,2,POST,/api/playground/conversations,0.000000,0.000000,0,0,0,0,0,0,0,0,0,0,0,18,0,8,9.078682219195697,5.682200659066439,20.350771956145763,38.0
1791184423,2,POST,/api/playground/conversations/{conversation_id}/chat/sse,0.000000,0.000000,0,0,0,0,0,0,0,0,0,0,0,16,0,2,2.674662508070469,1.9556707702577114,6.363210268318653,0.0
1791184423,2,POST,/api/playground/conversations/{conversation_id}/chat/{chat_id}/attachment,0.000000,0.000000,0,0,0,0,0,0,0,0,0,0,0,18,0,68,70.24164888490405,56.87077669426799,103.93795231357217,26.0
1791184423,2,TXN,multimodal_e2e,0.000000,0.000000,0,0,0,0,0,0,0,0,0,0,0,16,0,370.0,15304.933240520768,339.3788640387356,60166.864993050694,23.5625
1791184423,2,,Aggregated,0.000000,0.000000,0,0,0,0,0,0,0,0,0,0,0,68,0,20,3622.786653063753,1.9556707702577114,60166.864993050694,22.485294117647058
1791184424,2,POST,/api/playground/conversations,0.000000,0.000000,0,0,0,0,0,0,0,0,0,0,0,18,0,8,9.078682219195697,5.682200659066439,20.350771956145763,38.0
1791184424,2,POST,/api/playground/conversations/{conversation_id}/chat/sse,0.000000,0.000000,0,0,0,0,0,0,0,0,0,0,0,16,0,2,2.674662508070469,1.9556707702577114,6.363210268318653,0.0
1791184424,2,POST,/api/playground/conversations/{conversation_id}/chat/{chat_id}/attachment,0.000000,0.000000,0,0,0,0,0,0,0,0,0,0,0,18,0,68,70.24164888490405,56.87077669426799,103.93795231357217,26.0
1791184424,2,TXN,multimodal_e2e,0.000000,0.000000,0,0,0,0,0,0,0,0,0,0,0,16,0,370.0,15304.933240520768,339.3788640387356,60166.864993050694,23.5625
1791184424,2,,Aggregated,0.000000,0.000000,0,0,0,0,0,0,0,0,0,0,0,68,0,20,3622.786653063753,1.9556707702577114,60166.864993050694,22.485294117647058
1791184425,2,POST,/api/playground/conversations,0.000000,0.000000,0,0,0,0,0,0,0,0,0,0,0,18,0,8,9.078682219195697,5.682200659066439,20.350771956145763,38.0
1791184425,2,POST,/api/playground/conversations/{conversation_id}/chat/sse,0.000000,0.000000,0,0,0,0,0,0,0,0,0,0,0,16,0,2,2.674662508070469,1.9556707702577114,6.363210268318653,0.0
1791184425,2,POST,/api/playground/conversations/{conversation_id}/chat/{chat_id}/attachment,0.000000,0.000000,0,0,0,0,0,0,0,0,0,0,0,18,0,68,70.24164888490405,56.87077669426799,103.93795231357217,26.0
1791184425,2,TXN,multimodal_e2e,0.000000,0.000000,0,0,0,0,0,0,0,0,0,0,0,16,0,370.0,15304.933240520768,339.3788640387356,60166.864993050694,23.5625
1791184425,2,,Aggregated,0.000000,0.000000,0,0,0,0,0,0,0,0,0,0,0,68,0,20,3622.786653063753,1.9556707702577114,60166.864993050694,22.485294117647058
1791184426,2,POST,/api/playground/conversations,0.000000,0.000000,0,0,0,0,0,0,0,0,0,0,0,18,0,8,9.078682219195697,5.682200659066439,20.350771956145763,38.0
1791184426,2,POST,/api/playground/conversations/{conversation_id}/chat/sse,0.000000,0.000000,0,0,0,0,0,0,0,0,0,0,0,16,0,2,2.674662508070469,1.9556707702577114,6.363210268318653,0.0
1791184426,2,POST,/api/playground/conversations/{conversation_id}/chat/{chat_id}/attachment,0.000000,0.000000,0,0,0,0,0,0,0,0,0,0,0,18,0,68,70.24164888490405,56.87077669426799,103.93795231357217,26.0
1791184426,2,TXN,multimodal_e2e,0.000000,0.000000,0,0,0,0,0,0,0,0,0,0,0,16,0,370.0,15304.933240520768,339.3788640387356,60166.864993050694,23.5625
1791184426,2,,Aggregated,0.000000,0.000000,0,0,0,0,0,0,0,0,0,0,0,68,0,20,3622.786653063753,1.9556707702577114,60166.864993050694,22.485294117647058
1791184427,2,POST,/api/playground/conversations,0.000000,0.000000,0,0,0,0,0,0,0,0,0,0,0,18,0,8,9.078682219195697,5.682200659066439,20.350771956145763,38.0
1791184427,2,POST,/api/playground/conversations/{conversation_id}/chat/sse,0.000000,0.000000,0,0,0,0,0,0,0,0,0,0,0,16,0,2,2.674662508070469,1.9556707702577114,6.363210268318653,0.0
1791184427,2,POST,/api/playground/conversations/{conversation_id}/chat/{chat_id}/attachment,0.000000,0.000000,0,0,0,0,0,0,0,0,0,0,0,18,0,68,70.24164888490405,56.87077669426799,103.93795231357217,26.0
1791184427,2,TXN,multimodal_e2e,0.000000,0.000000,0,0,0,0,0,0,0,0,0,0,0,16,0,370.0,15304.933240520768,339.3788640387356,60166.864993050694,23.5625
1791184427,2,,Aggregated,0.000000,0.000000,0,0,0,0,0,0,0,0,0,0,0,68,0,20,3622.786653063753,1.9556707702577114,60166.864993050694,22.485294117647058
1791184428,2,POST,/api/playground/conversations,0.000000,0.000000,0,0,0,0,0,0,0,0,0,0,0,18,0,8,9.078682219195697,5.682200659066439,20.350771956145763,38.0
1791184428,2,POST,/api/playground/conversations/{conversation_id}/chat/sse,0.000000,0.000000,0,0,0,0,0,0,0,0,0,0,0,16,0,2,2.674662508070469,1.9556707702577114,6.363210268318653,0.0
1791184428,2,POST,/api/playground/conversations/{conversation_id}/chat/{chat_id}/attachment,0.000000,0.000000,0,0,0,0,0,0,0,0,0,0,0,18,0,68,70.24164888490405,56.87077669426799,103.93795231357217,26.0
1791184428,2,TXN,multimodal_e2e,0.000000,0.000000,0,0,0,0,0,0,0,0,0,0,0,16,0,370.0,15304.933240520768,339.3788640387356,60166.864993050694,23.5625
1791184428,2,,Aggregated,0.000000,0.000000,0,0,0,0,0,0,0,0,0,0,0,68,0,20,3622.786653063753,1.9556707702577114,60166.864993050694,22.485294117647058
1791184429,2,POST,/api/playground/conversations,0.000000,0.000000,0,0,0,0,0,0,0,0,0,0,0,18,0,8,9.078682219195697,5.682200659066439,20.350771956145763,38.0
1791184429,2,POST,/api/playground/conversations/{conversation_id}/chat/sse,0.000000,0.000000,0,0,0,0,0,0,0,0,0,0,0,16,0,2,2.674662508070469,1.9556707702577114,6.363210268318653,0.0
1791184429,2,POST,/api/playground/conversations/{conversation_id}/chat/{chat_id}/attachment,0.000000,0.000000,0,0,0,0,0,0,0,0,0,0,0,18,0,68,70.24164888490405,56.87077669426799,103.93795231357217,26.0
1791184429,2,TXN,multimodal_e2e,0.000000,0.000000,0,0,0,0,0,0,0,0,0,0,0,16,0,370.0,15304.933240520768,339.3788640387356,60166.864993050694,23.5625
1791184429,2,,Aggregated,0.000000,0.000000,0,0,0,0,0,0,0,0,0,0,0,68,0,20,3622.786653063753,1.9556707702577114,60166.864993050694,22.485294117647058
1791184430,2,POST,/api/playground/conversations,0.000000,0.000000,0,0,0,0,0,0,0,0,0,0,0,20,0,8,9.070339147001505,5.682200659066439,20.350771956145763,38.0
1791184430,2,POST,/api/playground/conversations/{conversation_id}/chat/sse,0.000000,0.000000,0,0,0,0,0,0,0,0,0,0,0,18,0,2,2.684899347109927,1.9556707702577114,6.363210268318653,0.0
1791184430,2,POST,/api/playground/conversations/{conversation_id}/chat/{chat_id}/attachment,0.000000,0.000000,0,0,0,0,0,0,0,0,0,0,0,20,0,68,69.77773255202919,56.87077669426799,103.93795231357217,26.0
1791184430,2,TXN,multimodal_e2e,0.000000,0.000000,0,0,0,0,0,0,0,0,0,0,0,18,0,370.0,16963.620330569232,339.3788640387356,60166.864993050694,24.166666666666668
1791184430,2,,Aggregated,0.000000,0.000000,0,0,0,0,0,0,0,0,0,0,0,76,0,20,4039.0849417430886,1.9556707702577114,60166.864993050694,22.56578947368421
1791184431,2,POST,/api/playground/conversations,0.000000,0.000000,10,10,12,12,12,12,12,12,12,12,12,22,0,8,8.96759401075542,5.520136095583439,20.350771956145763,38.0
1791184431,2,POST,/api/playground/conversations/{conversation_id}/chat/sse,0.000000,0.000000,3,3,3,3,3,3,3,3,3,3,3,20,0,2,2.652687137015164,1.9556707702577114,6.363210268318653,0.0
1791184431,2,POST,/api/playground/conversations/{conversation_id}/chat/{chat_id}/attachment,0.000000,0.000000,69,69,72,72,72,72,72,72,72,72,72,21,0,69,69.72861081539165,56.87077669426799,103.93795231357217,26.0
1791184431,2,TXN,multimodal_e2e,0.000000,0.000000,60000,60000,60000,60000,60000,60000,60000,60000,60000,60000,60000,20,0,370.0,18288.987146457657,332.54134887829423,60166.864993050694,23.9
1791184431,2,,Aggregated,0.000000,0.000000,12,69,330,360,60000,60000,60000,60000,60000,60000,60000,83,0,20,4427.643187557269,1.9556707702577114,60166.864993050694,22.40963855421687
1791184432,2,POST,/api/playground/conversations,0.000000,0.000000,7,10,10,12,12,12,12,12,12,12,12,23,0,8,8.896954701808484,5.520136095583439,20.350771956145763,38.0
1791184432,2,POST,/api/playground/conversations/{conversation_id}/chat/sse,0.000000,0.000000,2,3,3,3,3,3,3,3,3,3,3,21,0,2,2.634904369534481,1.9556707702577114,6.363210268318653,0.0
1791184432,2,POST,/api/playground/conversations/{conversation_id}/chat/{chat_id}/attachment,0.000000,0.000000,69,72,72,77,77,77,77,77,77,77,77,23,0,69,69.95758029591778,56.87077669426799,103.93795231357217,26.0
1791184432,2,TXN,multimodal_e2e,0.000000,0.000000,860,60000,60000,60000,60000,60000,60000,60000,60000,60000,60000,21,0,370.0,17459.06584771971,332.54134887829423,60166.864993050694,25.142857142857142
1791184432,2,,Aggregated,0.000000,0.000000,59,72,330,360,60000,60000,60000,60000,60000,60000,60000,88,0,20,4187.606478395703,1.9556707702577114,60166.864993050694,22.727272727272727
1791184433,2,POST,/api/playground/conversations,0.300000,0.000000,8,8,10,10,12,12,12,12,12,12,12,24,0,8,8.865679264999926,5.520136095583439,20.350771956145763,38.0
1791184433,2,POST,/api/playground/conversations/{conversation_id}/chat/sse,0.300000,0.000000,2,2,3,3,3,3,3,3,3,3,3,22,0,2,2.621500202539292,1.9556707702577114,6.363210268318653,0.0
1791184433,2,POST,/api/playground/conversations/{conversation_id}/chat/{chat_id}/attachment,0.300000,0.000000,72,72,75,75,77,77,77,77,77,77,77,24,0,69,70.15994136842589,56.87077669426799,103.93795231357217,26.0
1791184433,2,TXN,multimodal_e2e,0.300000,0.000000,860,860,60000,60000,60000,60000,60000,60000,60000,60000,60000,22,0,370.0,16682.764602317053,332.54134887829423,60166.864993050694,24.40909090909091
1791184433,2,,Aggregated,1.200000,0.000000,59,72,330,360,860,60000,60000,60000,60000,60000,60000,92,0,20,4010.599012506883,1.9556707702577114,60166.864993050694,22.532608695652176
1791184434,2,POST,/api/playground/conversations,0.300000,0.000000,8,8,10,10,12,12,12,12,12,12,12,24,0,8,8.865679264999926,5.520136095583439,20.350771956145763,38.0
1791184434,2,POST,/api/playground/conversations/{conversation_id}/chat/sse,0.300000,0.000000,2,2,3,3,3,3,3,3,3,3,3,22,0,2,2.621500202539292,1.9556707702577114,6.363210268318653,0.0
1791184434,2,POST,/api/playground/conversations/{conversation_id}/chat/{chat_id}/attachment,0.300000,0.000000,72,72,75,75,77,77,77,77,77,77,77,24,0,69,70.15994136842589,56.87077669426799,103.93795231357217,26.0
1791184434,2,TXN,multimodal_e2e,0.300000,0.000000,860,860,60000,60000,60000,60000,60000,60000,60000,60000,60000,22,0,370.0,16682.764602317053,332.54134887829423,60166.864993050694,24.40909090909091
1791184434,2,,Aggregated,1.200000,0.000000,59,72,330,360,860,60000,60000,60000,60000,60000,60000,92,0,20,4010.599012506883,1.9556707702577114,60166.864993050694,22.532608695652176
1791184435,2,POST,/api/playground/conversations,0.300000,0.000000,8,8,10,10,12,12,12,12,12,12,12,24,0,8,8.865679264999926,5.520136095583439,20.350771956145763,38.0
1791184435,2,POST,/api/playground/conversations/{conversation_id}/chat/sse,0.300000,0.000000,2,2,3,3,3,3,3,3,3,3,3,22,0,2,2.621500202539292,1.9556707702577114,6.363210268318653,0.0
1791184435,2,POST,/api/playground/conversations/{conversation_id}/chat/{chat_id}/attachment,0.300000,0.000000,72,72,75,75,77,77,77,77,77,77,77,24,0,69,70.15994136842589,56.87077669426799,103.93795231357217,26.0
1791184435,2,TXN,multimodal_e2e,0.300000,0.000000,860,860,60000,60000,60000,60000,60000,60000,60000,60000,60000,22,0,370.0,16682.764602317053,332.54134887829423,60166.864993050694,24.40909090909091
1791184435,2,,Aggregated,1.200000,0.000000,59,72,330,360,860,60000,60000,60000,60000,60000,60000,92,0,20,4010.599012506883,1.9556707702577114,60166.864993050694,22.532608695652176
1791184436,2,POST,/api/playground/conversations,0.300000,0.000000,8,8,10,10,12,12,12,12,12,12,12,24,0,8,8.865679264999926,5.520136095583439,20.350771956145763,38.0
1791184436,2,POST,/api/playground/conversations/{conversation_id}/chat/sse,0.300000,0.000000,2,2,3,3,3,3,3,3,3,3,3,22,0,2,2.621500202539292,1.9556707702577114,6.363210268318653,0.0
1791184436,2,POST,/api/playground/conversations/{conversation_id}/chat/{chat_id}/attachment,0.300000,0.000000,72,72,75,75,77,77,77,77,77,77,77,24,0,69,70.15994136842589,56.87077669426799,103.93795231357217,26.0
1791184436,2,TXN,multimodal_e2e,0.300000,0.000000,860,860,60000,60000,60000,60000,60000,60000,60000,60000,60000,22,0,370.0,16682.764602317053,332.54134887829423,60166.864993050694,24.40909090909091
1791184436,2,,Aggregated,1.200000,0.000000,59,72,330,360,860,60000,60000,60000,60000,60000,60000,92,0,20,4010.599012506883,1.9556707702577114,60166.864993050694,22.532608695652176
1791184437,2,POST,/api/playground/conversations,0.300000,0.000000,8,8,10,10,12,12,12,12,12,12,12,24,0,8,8.865679264999926,5.520136095583439,20.350771956145763,38.0
1791184437,2,POST,/api/playground/conversations/{conversation_id}/chat/sse,0.300000,0.000000,2,2,3,3,3,3,3,3,3,3,3,22,0,2,2.621500202539292,1.9556707702577114,6.363210268318653,0.0
1791184437,2,POST,/api/playground/conversations/{conversation_id}/chat/{chat_id}/attachment,0.300000,0.000000,72,72,75,75,77,77,77,77,77,77,77,24,0,69,70.15994136842589,56.87077669426799,103.93795231357217,26.0
1791184437,2,TXN,multimodal_e2e,0.300000,0.000000,860,860,60000,60000,60000,60000,60000,60000,60000,60000,60000,22,0,370.0,16682.764602317053,332.54134887829423,60166.864993050694,24.40909090909091
1791184437,2,,Aggregated,1.200000,0.000000,59,72,330,360,860,60000,60000,60000,60000,60000,60000,92,0,20,4010.599012506883,1.9556707702577114,60166.864993050694,22.532608695652176
1791184438,2,POST,/api/playground/conversations,0.300000,0.000000,8,8,10,10,12,12,12,12,12,12,12,24,0,8,8.865679264999926,5.520136095583439,20.350771956145763,38.0
1791184438,2,POST,/api/playground/conversations/{conversation_id}/chat/sse,0.300000,0.000000,2,2,3,3,3,3,3,3,3,3,3,22,0,2,2.621500202539292,1.9556707702577114,6.363210268318653,0.0
1791184438,2,POST,/api/playground/conversations/{conversation_id}/chat/{chat_id}/attachment,0.300000,0.000000,72,72,75,75,77,77,77,77,77,77,77,24,0,69,70.15994136842589,56.87077669426799,103.93795231357217,26.0
1791184438,2,TXN,multimodal_e2e,0.300000,0.000000,860,860,60000,60000,60000,60000,60000,60000,60000,60000,60000,22,0,370.0,16682.764602317053,332.54134887829423,60166.864993050694,24.40909090909091
1791184438,2,,Aggregated,1.200000,0.000000,59,72,330,360,860,60000,60000,60000,60000,60000,60000,92,0,20,4010.599012506883,1.9556707702577114,60166.864993050694,22.532608695652176
1791184439,2,POST,/api/playground/conversations,0.300000,0.000000,8,8,10,10,12,12,12,12,12,12,12,24,0,8,8.865679264999926,5.520136095583439,20.350771956145763,38.0
1791184439,2,POST,/api/playground/conversations/{conversation_id}/chat/sse,0.300000,0.000000,2,2,3,3,3,3,3,3,3,3,3,22,0,2,2.621500202539292,1.9556707702577114,6.363210268318653,0.0
1791184439,2,POST,/api/playground/conversations/{conversation_id}/chat/{chat_id}/attachment,0.300000,0.000000,72,72,75,75,77,77,77,77,77,77,77,24,0,69,70.15994136842589,56.87077669426799,103.93795231357217,26.0
1791184439,2,TXN,multimodal_e2e,0.300000,0.000000,860,860,60000,60000,60000,60000,60000,60000,60000,60000,60000,22,0,370.0,16682.764602317053,332.54134887829423,60166.864993050694,24.40909090909091
1791184439,2,,Aggregated,1.200000,0.000000,59,72,330,360,860,60000,60000,60000,60000,60000,60000,92,0,20,4010.599012506883,1.9556707702577114,60166.864993050694,22.532608695652176
1791184440,2,POST,/api/playground/conversations,0.300000,0.000000,8,8,10,10,10,10,10,10,10,10,10,24,0,8,8.865679264999926,5.520136095583439,20.350771956145763,38.0
1791184440,2,POST,/api/playground/conversations/{conversation_id}/chat/sse,0.300000,0.000000,2,2,2,2,2,2,2,2,2,2,2,22,0,2,2.621500202539292,1.9556707702577114,6.363210268318653,0.0
1791184440,2,POST,/api/playground/conversations/{conversation_id}/chat/{chat_id}/attachment,0.300000,0.000000,75,75,77,77,77,77,77,77,77,77,77,24,0,69,70.15994136842589,56.87077669426799,103.93795231357217,26.0
1791184440,2,TXN,multimodal_e2e,0.300000,0.000000,860,860,60000,60000,60000,60000,60000,60000,60000,60000,60000,22,0,370.0,16682.764602317053,332.54134887829423,60166.864993050694,24.40909090909091
1791184440,2,,Aggregated,1.200000,0.000000,68,75,380,380,860,60000,60000,60000,60000,60000,60000,92,0,20,4010.599012506883,1.9556707702577114,60166.864993050694,22.532608695652176
1791184441,2,POST,/api/playground/conversations,0.300000,0.000000,8,8,8,8,8,8,8,8,8,8,8,24,0,8,8.865679264999926,5.520136095583439,20.350771956145763,38.0
1791184441,2,POST,/api/playground/conversations/{conversation_id}/chat/sse,0.300000,0.000000,2,2,2,2,2,2,2,2,2,2,2,22,0,2,2.621500202539292,1.9556707702577114,6.363210268318653,0.0
1791184441,2,POST,/api/playground/conversations/{conversation_id}/chat/{chat_id}/attachment,0.300000,0.000000,75,75,75,75,75,75,75,75,75,75,75,24,0,69,70.15994136842589,56.87077669426799,103.93795231357217,26.0
1791184441,2,TXN,multimodal_e2e,0.300000,0.000000,860,860,860,860,860,860,860,860,860,860,860,22,0,370.0,16682.764602317053,332.54134887829423,60166.864993050694,24.40909090909091
1791184441,2,,Aggregated,1.200000,0.000000,68,75,380,380,860,860,860,860,860,860,860,92,0,20,4010.599012506883,1.9556707702577114,60166.864993050694,22.532608695652176
1791184442,2,POST,/api/playground/conversations,0.300000,0.000000,8,8,8,8,8,8,8,8,8,8,8,24,0,8,8.865679264999926,5.520136095583439,20.350771956145763,38.0
1791184442,2,POST,/api/playground/conversations/{conversation_id}/chat/sse,0.300000,0.000000,2,2,2,2,2,2,2,2,2,2,2,22,0,2,2.621500202539292,1.9556707702577114,6.363210268318653,0.0
1791184442,2,POST,/api/playground/conversations/{conversation_id}/chat/{chat_id}/attachment,0.300000,0.000000,75,75,75,75,75,75,75,75,75,75,75,24,0,69,70.15994136842589,56.87077669426799,103.93795231357217,26.0
1791184442,2,TXN,multimodal_e2e,0.300000,0.000000,860,860,860,860,860,860,860,860,860,860,860,22,0,370.0,16682.764602317053,332.54134887829423,60166.864993050694,24.40909090909091
1791184442,2,,Aggregated,1.200000,0.000000,75,75,75,75,75,75,75,75,75,75,75,92,0,20,4010.599012506883,1.9556707702577114,60166.864993050694,22.532608695652176
1791184443,2,POST,/api/playground/conversations,0.300000,0.000000,8,8,8,8,8,8,8,8,8,8,8,24,0,8,8.865679264999926,5.520136095583439,20.350771956145763,38.0
1791184443,2,POST,/api/playground/conversations/{conversation_id}/chat/sse,0.300000,0.000000,2,2,2,2,2,2,2,2,2,2,2,22,0,2,2.621500202539292,1.9556707702577114,6.363210268318653,0.0
1791184443,2,POST,/api/playground/conversations/{conversation_id}/chat/{chat_id}/attachment,0.300000,0.000000,75,75,75,75,75,75,75,75,75,75,75,24,0,69,70.15994136842589,56.87077669426799,103.93795231357217,26.0
1791184443,2,TXN,multimodal_e2e,0.300000,0.000000,860,860,860,860,860,860,860,860,860,860,860,22,0,370.0,16682.764602317053,332.54134887829423,60166.864993050694,24.40909090909091
1791184443,2,,Aggregated,1.200000,0.000000,75,75,75,75,75,75,75,75,75,75,75,92,0,20,4010.599012506883,1.9556707702577114,60166.864993050694,22.532608695652176
1791184444,2,POST,/api/playground/conversations,0.300000,0.000000,8,8,8,8,8,8,8,8,8,8,8,24,0,8,8.865679264999926,5.520136095583439,20.350771956145763,38.0
1791184444,2,POST,/api/playground/conversations/{conversation_id}/chat/sse,0.300000,0.000000,2,2,2,2,2,2,2,2,2,2,2,22,0,2,2.621500202539292,1.9556707702577114,6.363210268318653,0.0
1791184444,2,POST,/api/playground/conversations/{conversation_id}/chat/{chat_id}/attachment,0.300000,0.000000,75,75,75,75,75,75,75,75,75,75,75,24,0,69,70.15994136842589,56.87077669426799,103.93795231357217,26.0
1791184444,2,TXN,multimodal_e2e,0.300000,0.000000,860,860,860,860,860,860,860,860,860,860,860,22,0,370.0,16682.764602317053,332.54134887829423,60166.864993050694,24.40909090909091
1791184444,2,,Aggregated,1.200000,0.000000,75,75,75,75,75,75,75,75,75,75,75,92,0,20,4010.599012506883,1.9556707702577114,60166.864993050694,22.532608695652176
1791184445,2,POST,/api/playground/conversations,0.300000,0.000000,8,8,8,8,8,8,8,8,8,8,8,24,0,8,8.865679264999926,5.520136095583439,20.350771956145763,38.0
1791184445,2,POST,/api/playground/conversations/{conversation_id}/chat/sse,0.300000,0.000000,2,2,2,2,2,2,2,2,2,2,2,22,0,2,2.621500202539292,1.9556707702577114,6.363210268318653,0.0
1791184445,2,POST,/api/playground/conversations/{conversation_id}/chat/{chat_id}/attachment,0.300000,0.000000,75,75,75,75,75,75,75,75,75,75,75,24,0,69,70.15994136842589,56.87077669426799,103.93795231357217,26.0
1791184445,2,TXN,multimodal_e2e,0.300000,0.000000,860,860,860,860,860,860,860,860,860,860,860,22,0,370.0,16682.764602317053,332.54134887829423,60166.864993050694,24.40909090909091
1791184445,2,,Aggregated,1.200000,0.000000,75,75,75,75,75,75,75,75,75,75,75,92,0,20,4010.599012506883,1.9556707702577114,60166.864993050694,22.532608695652176
1791184446,2,POST,/api/playground/conversations,0.300000,0.000000,8,8,8,8,8,8,8,8,8,8,8,24,0,8,8.865679264999926,5.520136095583439,20.350771956145763,38.0
1791184446,2,POST,/api/playground/conversations/{conversation_id}/chat/sse,0.300000,0.000000,2,2,2,2,2,2,2,2,2,2,2,22,0,2,2.621500202539292,1.9556707702577114,6.363210268318653,0.0
1791184446,2,POST,/api/playground/conversations/{conversation_id}/chat/{chat_id}/attachment,0.300000,0.000000,75,75,75,75,75,75,75,75,75,75,75,24,0,69,70.15994136842589,56.87077669426799,103.93795231357217,26.0
1791184446,2,TXN,multimodal_e2e,0.300000,0.000000,860,860,860,860,860,860,860,860,860,860,860,22,0,370.0,16682.764602317053,332.54134887829423,60166.864993050694,24.40909090909091
1791184446,2,,Aggregated,1.200000,0.000000,75,75,75,75,75,75,75,75,75,75,75,92,0,20,4010.599012506883,1.9556707702577114,60166.864993050694,22.532608695652176
1791184447,2,POST,/api/playground/conversations,0.300000,0.000000,8,8,8,8,8,8,8,8,8,8,8,24,0,8,8.865679264999926,5.520136095583439,20.350771956145763,38.0
1791184447,2,POST,/api/playground/conversations/{conversation_id}/chat/sse,0.300000,0.000000,2,2,2,2,2,2,2,2,2,2,2,22,0,2,2.621500202539292,1.9556707702577114,6.363210268318653,0.0
1791184447,2,POST,/api/playground/conversations/{conversation_id}/chat/{chat_id}/attachment,0.300000,0.000000,75,75,75,75,75,75,75,75,75,75,75,24,0,69,70.15994136842589,56.87077669426799,103.93795231357217,26.0
1791184447,2,TXN,multimodal_e2e,0.300000,0.000000,860,860,860,860,860,860,860,860,860,860,860,22,0,370.0,16682.764602317053,332.54134887829423,60166.864993050694,24.40909090909091
1791184447,2,,Aggregated,1.200000,0.000000,75,75,75,75,75,75,75,75,75,75,75,92,0,20,4010.599012506883,1.9556707702577114,60166.864993050694,22.532608695652176
1791184448,2,POST,/api/playground/conversations,0.300000,0.000000,8,8,8,8,8,8,8,8,8,8,8,24,0,8,8.865679264999926,5.520136095583439,20.350771956145763,38.0
1791184448,2,POST,/api/playground/conversations/{conversation_id}/chat/sse,0.300000,0.000000,2,2,2,2,2,2,2,2,2,2,2,22,0,2,2.621500202539292,1.9556707702577114,6.363210268318653,0.0
1791184448,2,POST,/api/playground/conversations/{conversation_id}/chat/{chat_id}/attachment,0.300000,0.000000,75,75,75,75,75,75,75,75,75,75,75,24,0,69,70.15994136842589,56.87077669426799,103.93795231357217,26.0
1791184448,2,TXN,multimodal_e2e,0.300000,0.000000,860,860,860,860,860,860,860,860,860,860,860,22,0,370.0,16682.764602317053,332.54134887829423,60166.864993050694,24.40909090909091
1791184448,2,,Aggregated,1.200000,0.000000,75,75,75,75,75,75,75,75,75,75,75,92,0,20,4010.599012506883,1.9556707702577114,60166.864993050694,22.532608695652176
1791184449,2,POST,/api/playground/conversations,0.300000,0.000000,8,8,8,8,8,8,8,8,8,8,8,24,0,8,8.865679264999926,5.520136095583439,20.350771956145763,38.0
1791184449,2,POST,/api/playground/conversations/{conversation_id}/chat/sse,0.300000,0.000000,2,2,2,2,2,2,2,2,2,2,2,22,0,2,2.621500202539292,1.9556707702577114,6.363210268318653,0.0
1791184449,2,POST,/api/playground/conversations/{conversation_id}/chat/{chat_id}/attachment,0.300000,0.000000,75,75,75,75,75,75,75,75,75,75,75,24,0,69,70.15994136842589,56.87077669426799,103.93795231357217,26.0
1791184449,2,TXN,multimodal_e2e,0.300000,0.000000,860,860,860,860,860,860,860,860,860,860,860,22,0,370.0,16682.764602317053,332.54134887829423,60166.864993050694,24.40909090909091
1791184449,2,,Aggregated,1.200000,0.000000,75,75,75,75,75,75,75,75,75,75,75,92,0,20,4010.599012506883,1.9556707702577114,60166.864993050694,22.532608695652176
1791184450,2,POST,/api/playground/conversations,0.300000,0.000000,0,0,0,0,0,0,0,0,0,0,0,24,0,8,8.865679264999926,5.520136095583439,20.350771956145763,38.0
1791184450,2,POST,/api/playground/conversations/{conversation_id}/chat/sse,0.300000,0.000000,0,0,0,0,0,0,0,0,0,0,0,22,0,2,2.621500202539292,1.9556707702577114,6.363210268318653,0.0
1791184450,2,POST,/api/playground/conversations/{conversation_id}/chat/{chat_id}/attachment,0.300000,0.000000,75,75,75,75,75,75,75,75,75,75,75,24,0,69,70.15994136842589,56.87077669426799,103.93795231357217,26.0
1791184450,2,TXN,multimodal_e2e,0.300000,0.000000,0,0,0,0,0,0,0,0,0,0,0,22,0,370.0,16682.764602317053,332.54134887829423,60166.864993050694,24.40909090909091
1791184450,2,,Aggregated,1.200000,0.000000,75,75,75,75,75,75,75,75,75,75,75,92,0,20,4010.599012506883,1.9556707702577114,60166.864993050694,22.532608695652176
1791184451,2,POST,/api/playground/conversations,0.300000,0.000000,0,0,0,0,0,0,0,0,0,0,0,24,0,8,8.865679264999926,5.520136095583439,20.350771956145763,38.0
1791184451,2,POST,/api/playground/conversations/{conversation_id}/chat/sse,0.300000,0.000000,0,0,0,0,0,0,0,0,0,0,0,22,0,2,2.621500202539292,1.9556707702577114,6.363210268318653,0.0
1791184451,2,POST,/api/playground/conversations/{conversation_id}/chat/{chat_id}/attachment,0.300000,0.000000,0,0,0,0,0,0,0,0,0,0,0,24,0,69,70.15994136842589,56.87077669426799,103.93795231357217,26.0
1791184451,2,TXN,multimodal_e2e,0.300000,0.000000,0,0,0,0,0,0,0,0,0,0,0,22,0,370.0,16682.764602317053,332.54134887829423,60166.864993050694,24.40909090909091
1791184451,2,,Aggregated,1.200000,0.000000,0,0,0,0,0,0,0,0,0,0,0,92,0,20,4010.599012506883,1.9556707702577114,60166.864993050694,22.532608695652176
1791184452,2,POST,/api/playground/conversations,0.300000,0.000000,0,0,0,0,0,0,0,0,0,0,0,24,0,8,8.865679264999926,5.520136095583439,20.350771956145763,38.0
1791184452,2,POST,/api/playground/conversations/{conversation_id}/chat/sse,0.300000,0.000000,0,0,0,0,0,0,0,0,0,0,0,22,0,2,2.621500202539292,1.9556707702577114,6.363210268318653,0.0
1791184452,2,POST,/api/playground/conversations/{conversation_id}/chat/{chat_id}/attachment,0.300000,0.000000,0,0,0,0,0,0,0,0,0,0,0,24,0,69,70.15994136842589,56.87077669426799,103.93795231357217,26.0
1791184452,2,TXN,multimodal_e2e,0.300000,0.000000,0,0,0,0,0,0,0,0,0,0,0,22,0,370.0,16682.764602317053,332.54134887829423,60166.864993050694,24.40909090909091
1791184452,2,,Aggregated,1.200000,0.000000,0,0,0,0,0,0,0,0,0,0,0,92,0,20,4010.599012506883,1.9556707702577114,60166.864993050694,22.532608695652176
1791184453,2,POST,/api/playground/conversations,0.300000,0.000000,0,0,0,0,0,0,0,0,0,0,0,24,0,8,8.865679264999926,5.520136095583439,20.350771956145763,38.0
1791184453,2,POST,/api/playground/conversations/{conversation_id}/chat/sse,0.300000,0.000000,0,0,0,0,0,0,0,0,0,0,0,22,0,2,2.621500202539292,1.9556707702577114,6.363210268318653,0.0
1791184453,2,POST,/api/playground/conversations/{conversation_id}/chat/{chat_id}/attachment,0.300000,0.000000,0,0,0,0,0,0,0,0,0,0,0,24,0,69,70.15994136842589,56.87077669426799,103.93795231357217,26.0
1791184453,2,TXN,multimodal_e2e,0.300000,0.000000,0,0,0,0,0,0,0,0,0,0,0,22,0,370.0,16682.764602317053,332.54134887829423,60166.864993050694,24.40909090909091
1791184453,2,,Aggregated,1.200000,0.000000,0,0,0,0,0,0,0,0,0,0,0,92,0,20,4010.599012506883,1.9556707702577114,60166.864993050694,22.532608695652176
1791184454,2,POST,/api/playground/conversations,0.300000,0.000000,0,0,0,0,0,0,0,0,0,0,0,24,0,8,8.865679264999926,5.520136095583439,20.350771956145763,38.0
1791184454,2,POST,/api/playground/conversations/{conversation_id}/chat/sse,0.300000,0.000000,0,0,0,0,0,0,0,0,0,0,0,22,0,2,2.621500202539292,1.9556707702577114,6.363210268318653,0.0
1791184454,2,POST,/api/playground/conversations/{conversation_id}/chat/{chat_id}/attachment,0.300000,0.000000,0,0,0,0,0,0,0,0,0,0,0,24,0,69,70.15994136842589,56.87077669426799,103.93795231357217,26.0
1791184454,2,TXN,multimodal_e2e,0.300000,0.000000,0,0,0,0,0,0,0,0,0,0,0,22,0,370.0,16682.764602317053,332.54134887829423,60166.864993050694,24.40909090909091
1791184454,2,,Aggregated,1.200000,0.000000,0,0,0,0,0,0,0,0,0,0,0,92,0,20,4010.599012506883,1.9556707702577114,60166.864993050694,22.532608695652176
1791184455,2,POST,/api/playground/conversations,0.300000,0.000000,0,0,0,0,0,0,0,0,0,0,0,24,0,8,8.865679264999926,5.520136095583439,20.350771956145763,38.0
1791184455,2,POST,/api/playground/conversations/{conversation_id}/chat/sse,0.300000,0.000000,0,0,0,0,0,0,0,0,0,0,0,22,0,2,2.621500202539292,1.9556707702577114,6.363210268318653,0.0
1791184455,2,POST,/api/playground/conversations/{conversation_id}/chat/{chat_id}/attachment,0.300000,0.000000,0,0,0,0,0,0,0,0,0,0,0,24,0,69,70.15994136842589,56.87077669426799,103.93795231357217,26.0
1791184455,2,TXN,multimodal_e2e,0.300000,0.000000,0,0,0,0,0,0,0,0,0,0,0,22,0,370.0,16682.764602317053,332.54134887829423,60166.864993050694,24.40909090909091
1791184455,2,,Aggregated,1.200000,0.000000,0,0,0,0,0,0,0,0,0,0,0,92,0,20,4010.599012506883,1.9556707702577114,60166.864993050694,22.532608695652176
1791184456,2,POST,/api/playground/conversations,0.300000,0.000000,0,0,0,0,0,0,0,0,0,0,0,24,0,8,8.865679264999926,5.520136095583439,20.350771956145763,38.0
1791184456,2,POST,/api/playground/conversations/{conversation_id}/chat/sse,0.300000,0.000000,0,0,0,0,0,0,0,0,0,0,0,22,0,2,2.621500202539292,1.9556707702577114,6.363210268318653,0.0
1791184456,2,POST,/api/playground/conversations/{conversation_id}/chat/{chat_id}/attachment,0.300000,0.000000,0,0,0,0,0,0,0,0,0,0,0,24,0,69,70.15994136842589,56.87077669426799,103.93795231357217,26.0
1791184456,2,TXN,multimodal_e2e,0.300000,0.000000,0,0,0,0,0,0,0,0,0,0,0,22,0,370.0,16682.764602317053,332.54134887829423,60166.864993050694,24.40909090909091
1791184456,2,,Aggregated,1.200000,0.000000,0,0,0,0,0,0,0,0,0,0,0,92,0,20,4010.599012506883,1.9556707702577114,60166.864993050694,22.532608695652176
1791184457,2,POST,/api/playground/conversations,0.300000,0.000000,0,0,0,0,0,0,0,0,0,0,0,24,0,8,8.865679264999926,5.520136095583439,20.350771956145763,38.0
1791184457,2,POST,/api/playground/conversations/{conversation_id}/chat/sse,0.300000,0.000000,0,0,0,0,0,0,0,0,0,0,0,22,0,2,2.621500202539292,1.9556707702577114,6.363210268318653,0.0
1791184457,2,POST,/api/playground/conversations/{conversation_id}/chat/{chat_id}/attachment,0.300000,0.000000,0,0,0,0,0,0,0,0,0,0,0,24,0,69,70.15994136842589,56.87077669426799,103.93795231357217,26.0
1791184457,2,TXN,multimodal_e2e,0.300000,0.000000,0,0,0,0,0,0,0,0,0,0,0,22,0,370.0,16682.764602317053,332.54134887829423,60166.864993050694,24.40909090909091
1791184457,2,,Aggregated,1.200000,0.000000,0,0,0,0,0,0,0,0,0,0,0,92,0,20,4010.599012506883,1.9556707702577114,60166.864993050694,22.532608695652176
1791184458,2,POST,/api/playground/conversations,0.300000,0.000000,0,0,0,0,0,0,0,0,0,0,0,24,0,8,8.865679264999926,5.520136095583439,20.350771956145763,38.0
1791184458,2,POST,/api/playground/conversations/{conversation_id}/chat/sse,0.300000,0.000000,0,0,0,0,0,0,0,0,0,0,0,22,0,2,2.621500202539292,1.9556707702577114,6.363210268318653,0.0
1791184458,2,POST,/api/playground/conversations/{conversation_id}/chat/{chat_id}/attachment,0.300000,0.000000,0,0,0,0,0,0,0,0,0,0,0,24,0,69,70.15994136842589,56.87077669426799,103.93795231357217,26.0
1791184458,2,TXN,multimodal_e2e,0.300000,0.000000,0,0,0,0,0,0,0,0,0,0,0,22,0,370.0,16682.764602317053,332.54134887829423,60166.864993050694,24.40909090909091
1791184458,2,,Aggregated,1.200000,0.000000,0,0,0,0,0,0,0,0,0,0,0,92,0,20,4010.599012506883,1.9556707702577114,60166.864993050694,22.532608695652176
1791184459,2,POST,/api/playground/conversations,0.300000,0.000000,0,0,0,0,0,0,0,0,0,0,0,24,0,8,8.865679264999926,5.520136095583439,20.350771956145763,38.0
1791184459,2,POST,/api/playground/conversations/{conversation_id}/chat/sse,0.300000,0.000000,0,0,0,0,0,0,0,0,0,0,0,22,0,2,2.621500202539292,1.9556707702577114,6.363210268318653,0.0
1791184459,2,POST,/api/playground/conversations/{conversation_id}/chat/{chat_id}/attachment,0.300000,0.000000,0,0,0,0,0,0,0,0,0,0,0,24,0,69,70.15994136842589,56.87077669426799,103.93795231357217,26.0
1791184459,2,TXN,multimodal_e2e,0.300000,0.000000,0,0,0,0,0,0,0,0,0,0,0,22,0,370.0,16682.764602317053,332.54134887829423,60166.864993050694,24.40909090909091
1791184459,2,,Aggregated,1.200000,0.000000,0,0,0,0,0,0,0,0,0,0,0,92,0,20,4010.599012506883,1.9556707702577114,60166.864993050694,22.532608695652176
1791184460,2,POST,/api/playground/conversations,0.300000,0.000000,0,0,0,0,0,0,0,0,0,0,0,24,0,8,8.865679264999926,5.520136095583439,20.350771956145763,38.0
1791184460,2,POST,/api/playground/conversations/{conversation_id}/chat/sse,0.300000,0.000000,0,0,0,0,0,0,0,0,0,0,0,22,0,2,2.621500202539292,1.9556707702577114,6.363210268318653,0.0
1791184460,2,POST,/api/playground/conversations/{conversation_id}/chat/{chat_id}/attachment,0.300000,0.000000,0,0,0,0,0,0,0,0,0,0,0,24,0,69,70.15994136842589,56.87077669426799,103.93795231357217,26.0
1791184460,2,TXN,multimodal_e2e,0.300000,0.000000,0,0,0,0,0,0,0,0,0,0,0,22,0,370.0,16682.764602317053,332.54134887829423,60166.864993050694,24.40909090909091
1791184460,2,,Aggregated,1.200000,0.000000,0,0,0,0,0,0,0,0,0,0,0,92,0,20,4010.599012506883,1.9556707702577114,60166.864993050694,22.532608695652176
1791184461,2,POST,/api/playground/conversations,0.300000,0.000000,0,0,0,0,0,0,0,0,0,0,0,24,0,8,8.865679264999926,5.520136095583439,20.350771956145763,38.0
1791184461,2,POST,/api/playground/conversations/{conversation_id}/chat/sse,0.300000,0.000000,0,0,0,0,0,0,0,0,0,0,0,22,0,2,2.621500202539292,1.9556707702577114,6.363210268318653,0.0
1791184461,2,POST,/api/playground/conversations/{conversation_id}/chat/{chat_id}/attachment,0.300000,0.000000,0,0,0,0,0,0,0,0,0,0,0,24,0,69,70.15994136842589,56.87077669426799,103.93795231357217,26.0
1791184461,2,TXN,multimodal_e2e,0.300000,0.000000,0,0,0,0,0,0,0,0,0,0,0,22,0,370.0,16682.764602317053,332.54134887829423,60166.864993050694,24.40909090909091
1791184461,2,,Aggregated,1.200000,0.000000,0,0,0,0,0,0,0,0,0,0,0,92,0,20,4010.599012506883,1.9556707702577114,60166.864993050694,22.532608695652176
1791184462,2,POST,/api/playground/conversations,0.300000,0.000000,0,0,0,0,0,0,0,0,0,0,0,24,0,8,8.865679264999926,5.520136095583439,20.350771956145763,38.0
1791184462,2,POST,/api/playground/conversations/{conversation_id}/chat/sse,0.300000,0.000000,0,0,0,0,0,0,0,0,0,0,0,22,0,2,2.621500202539292,1.9556707702577114,6.363210268318653,0.0
1791184462,2,POST,/api/playground/conversations/{conversation_id}/chat/{chat_id}/attachment,0.300000,0.000000,0,0,0,0,0,0,0,0,0,0,0,24,0,69,70.15994136842589,56.87077669426799,103.93795231357217,26.0
1791184462,2,TXN,multimodal_e2e,0.300000,0.000000,0,0,0,0,0,0,0,0,0,0,0,22,0,370.0,16682.764602317053,332.54134887829423,60166.864993050694,24.40909090909091
1791184462,2,,Aggregated,1.200000,0.000000,0,0,0,0,0,0,0,0,0,0,0,92,0,20,4010.599012506883,1.9556707702577114,60166.864993050694,22.532608695652176
1791184463,2,POST,/api/playground/conversations,0.300000,0.000000,0,0,0,0,0,0,0,0,0,0,0,24,0,8,8.865679264999926,5.520136095583439,20.350771956145763,38.0
1791184463,2,POST,/api/playground/conversations/{conversation_id}/chat/sse,0.300000,0.000000,0,0,0,0,0,0,0,0,0,0,0,22,0,2,2.621500202539292,1.9556707702577114,6.363210268318653,0.0
1791184463,2,POST,/api/playground/conversations/{conversation_id}/chat/{chat_id}/attachment,0.300000,0.000000,0,0,0,0,0,0,0,0,0,0,0,24,0,69,70.15994136842589,56.87077669426799,103.93795231357217,26.0
1791184463,2,TXN,multimodal_e2e,0.300000,0.000000,0,0,0,0,0,0,0,0,0,0,0,22,0,370.0,16682.764602317053,332.54134887829423,60166.864993050694,24.40909090909091
1791184463,2,,Aggregated,1.200000,0.000000,0,0,0,0,0,0,0,0,0,0,0,92,0,20,4010.599012506883,1.9556707702577114,60166.864993050694,22.532608695652176
1791184464,2,POST,/api/playground/conversations,0.300000,0.000000,0,0,0,0,0,0,0,0,0,0,0,24,0,8,8.865679264999926,5.520136095583439,20.350771956145763,38.0
1791184464,2,POST,/api/playground/conversations/{conversation_id}/chat/sse,0.300000,0.000000,0,0,0,0,0,0,0,0,0,0,0,22,0,2,2.621500202539292,1.9556707702577114,6.363210268318653,0.0
1791184464,2,POST,/api/playground/conversations/{conversation_id}/chat/{chat_id}/attachment,0.300000,0.000000,0,0,0,0,0,0,0,0,0,0,0,24,0,69,70.15994136842589,56.87077669426799,103.93795231357217,26.0
1791184464,2,TXN,multimodal_e2e,0.300000,0.000000,0,0,0,0,0,0,0,0,0,0,0,22,0,370.0,16682.764602317053,332.54134887829423,60166.864993050694,24.40909090909091
1791184464,2,,Aggregated,1.200000,0.000000,0,0,0,0,0,0,0,0,0,0,0,92,0,20,4010.599012506883,1.9556707702577114,60166.864993050694,22.532608695652176
1791184465,2,POST,/api/playground/conversations,0.300000,0.000000,0,0,0,0,0,0,0,0,0,0,0,24,0,8,8.865679264999926,5.520136095583439,20.350771956145763,38.0
1791184465,2,POST,/api/playground/conversations/{conversation_id}/chat/sse,0.300000,0.000000,0,0,0,0,0,0,0,0,0,0,0,22,0,2,2.621500202539292,1.9556707702577114,6.363210268318653,0.0
1791184465,2,POST,/api/playground/conversations/{conversation_id}/chat/{chat_id}/attachment,0.300000,0.000000,0,0,0,0,0,0,0,0,0,0,0,24,0,69,70.15994136842589,56.87077669426799,103.93795231357217,26.0
1791184465,2,TXN,multimodal_e2e,0.300000,0.000000,0,0,0,0,0,0,0,0,0,0,0,22,0,370.0,16682.764602317053,332.54134887829423,60166.864993050694,24.40909090909091
1791184465,2,,Aggregated,1.200000,0.000000,0,0,0,0,0,0,0,0,0,0,0,92,0,20,4010.599012506883,1.9556707702577114,60166.864993050694,22.532608695652176
1791184466,2,POST,/api/playground/conversations,0.300000,0.000000,0,0,0,0,0,0,0,0,0,0,0,24,0,8,8.865679264999926,5.520136095583439,20.350771956145763,38.0
1791184466,2,POST,/api/playground/conversations/{conversation_id}/chat/sse,0.300000,0.000000,0,0,0,0,0,0,0,0,0,0,0,22,0,2,2.621500202539292,1.9556707702577114,6.363210268318653,0.0
1791184466,2,POST,/api/playground/conversations/{conversation_id}/chat/{chat_id}/attachment,0.300000,0.000000,0,0,0,0,0,0,0,0,0,0,0,24,0,69,70.15994136842589,56.87077669426799,103.93795231357217,26.0
1791184466,2,TXN,multimodal_e2e,0.300000,0.000000,0,0,0,0,0,0,0,0,0,0,0,22,0,370.0,16682.764602317053,332.54134887829423,60166.864993050694,24.40909090909091
1791184466,2,,Aggregated,1.200000,0.000000,0,0,0,0,0,0,0,0,0,0,0,92,0,20,4010.599012506883,1.9556707702577114,60166.864993050694,22.532608695652176
1791184467,2,POST,/api/playground/conversations,0.300000,0.000000,0,0,0,0,0,0,0,0,0,0,0,24,0,8,8.865679264999926,5.520136095583439,20.350771956145763,38.0
1791184467,2,POST,/api/playground/conversations/{conversation_id}/chat/sse,0.300000,0.000000,0,0,0,0,0,0,0,0,0,0,0,22,0,2,2.621500202539292,1.9556707702577114,6.363210268318653,0.0
1791184467,2,POST,/api/playground/conversations/{conversation_id}/chat/{chat_id}/attachment,0.300000,0.000000,0,0,0,0,0,0,0,0,0,0,0,24,0,69,70.15994136842589,56.87077669426799,103.93795231357217,26.0
1791184467,2,TXN,multimodal_e2e,0.300000,0.000000,0,0,0,0,0,0,0,0,0,0,0,22,0,370.0,16682.764602317053,332.54134887829423,60166.864993050694,24.40909090909091
1791184467,2,,Aggregated,1.200000,0.000000,0,0,0,0,0,0,0,0,0,0,0,92,0,20,4010.599012506883,1.9556707702577114,60166.864993050694,22.532608695652176
1791184468,2,POST,/api/playground/conversations,0.300000,0.000000,0,0,0,0,0,0,0,0,0,0,0,24,0,8,8.865679264999926,5.520136095583439,20.350771956145763,38.0
1791184468,2,POST,/api/playground/conversations/{conversation_id}/chat/sse,0.300000,0.000000,0,0,0,0,0,0,0,0,0,0,0,22,0,2,2.621500202539292,1.9556707702577114,6.363210268318653,0.0
1791184468,2,POST,/api/playground/conversations/{conversation_id}/chat/{chat_id}/attachment,0.300000,0.000000,0,0,0,0,0,0,0,0,0,0,0,24,0,69,70.15994136842589,56.87077669426799,103.93795231357217,26.0
1791184468,2,TXN,multimodal_e2e,0.300000,0.000000,0,0,0,0,0,0,0,0,0,0,0,22,0,370.0,16682.764602317053,332.54134887829423,60166.864993050694,24.40909090909091
1791184468,2,,Aggregated,1.200000,0.000000,0,0,0,0,0,0,0,0,0,0,0,92,0,20,4010.599012506883,1.9556707702577114,60166.864993050694,22.532608695652176
1791184469,2,POST,/api/playground/conversations,0.300000,0.000000,0,0,0,0,0,0,0,0,0,0,0,24,0,8,8.865679264999926,5.520136095583439,20.350771956145763,38.0
1791184469,2,POST,/api/playground/conversations/{conversation_id}/chat/sse,0.300000,0.000000,0,0,0,0,0,0,0,0,0,0,0,22,0,2,2.621500202539292,1.9556707702577114,6.363210268318653,0.0
1791184469,2,POST,/api/playground/conversations/{conversation_id}/chat/{chat_id}/attachment,0.300000,0.000000,0,0,0,0,0,0,0,0,0,0,0,24,0,69,70.15994136842589,56.87077669426799,103.93795231357217,26.0
1791184469,2,TXN,multimodal_e2e,0.300000,0.000000,0,0,0,0,0,0,0,0,0,0,0,22,0,370.0,16682.764602317053,332.54134887829423,60166.864993050694,24.40909090909091
1791184469,2,,Aggregated,1.200000,0.000000,0,0,0,0,0,0,0,0,0,0,0,92,0,20,4010.599012506883,1.9556707702577114,60166.864993050694,22.532608695652176
1791184470,2,POST,/api/playground/conversations,0.300000,0.000000,0,0,0,0,0,0,0,0,0,0,0,24,0,8,8.865679264999926,5.520136095583439,20.350771956145763,38.0
1791184470,2,POST,/api/playground/conversations/{conversation_id}/chat/sse,0.300000,0.000000,0,0,0,0,0,0,0,0,0,0,0,22,0,2,2.621500202539292,1.9556707702577114,6.363210268318653,0.0
1791184470,2,POST,/api/playground/conversations/{conversation_id}/chat/{chat_id}/attachment,0.300000,0.000000,0,0,0,0,0,0,0,0,0,0,0,24,0,69,70.15994136842589,56.87077669426799,103.93795231357217,26.0
1791184470,2,TXN,multimodal_e2e,0.300000,0.000000,0,0,0,0,0,0,0,0,0,0,0,22,0,370.0,16682.764602317053,332.54134887829423,60166.864993050694,24.40909090909091
1791184470,2,,Aggregated,1.200000,0.000000,0,0,0,0,0,0,0,0,0,0,0,92,0,20,4010.599012506883,1.9556707702577114,60166.864993050694,22.532608695652176
1791184471,2,POST,/api/playground/conversations,0.300000,0.000000,0,0,0,0,0,0,0,0,0,0,0,24,0,8,8.865679264999926,5.520136095583439,20.350771956145763,38.0
1791184471,2,POST,/api/playground/conversations/{conversation_id}/chat/sse,0.300000,0.000000,0,0,0,0,0,0,0,0,0,0,0,22,0,2,2.621500202539292,1.9556707702577114,6.363210268318653,0.0
1791184471,2,POST,/api/playground/conversations/{conversation_id}/chat/{chat_id}/attachment,0.300000,0.000000,0,0,0,0,0,0,0,0,0,0,0,24,0,69,70.15994136842589,56.87077669426799,103.93795231357217,26.0
1791184471,2,TXN,multimodal_e2e,0.300000,0.000000,0,0,0,0,0,0,0,0,0,0,0,22,0,370.0,16682.764602317053,332.54134887829423,60166.864993050694,24.40909090909091
1791184471,2,,Aggregated,1.200000,0.000000,0,0,0,0,0,0,0,0,0,0,0,92,0,20,4010.599012506883,1.9556707702577114,60166.864993050694,22.532608695652176
1791184472,2,POST,/api/playground/conversations,0.300000,0.000000,0,0,0,0,0,0,0,0,0,0,0,24,0,8,8.865679264999926,5.520136095583439,20.350771956145763,38.0
1791184472,2,POST,/api/playground/conversations/{conversation_id}/chat/sse,0.300000,0.000000,0,0,0,0,0,0,0,0,0,0,0,22,0,2,2.621500202539292,1.9556707702577114,6.363210268318653,0.0
1791184472,2,POST,/api/playground/conversations/{conversation_id}/chat/{chat_id}/attachment,0.300000,0.000000,0,0,0,0,0,0,0,0,0,0,0,24,0,69,70.15994136842589,56.87077669426799,103.93795231357217,26.0
1791184472,2,TXN,multimodal_e2e,0.300000,0.000000,0,0,0,0,0,0,0,0,0,0,0,22,0,370.0,16682.764602317053,332.54134887829423,60166.864993050694,24.40909090909091
1791184472,2,,Aggregated,1.200000,0.000000,0,0,0,0,0,0,0,0,0,0,0,92,0,20,4010.599012506883,1.9556707702577114,60166.864993050694,22.532608695652176
1791184473,2,POST,/api/playground/conversations,0.300000,0.000000,0,0,0,0,0,0,0,0,0,0,0,24,0,8,8.865679264999926,5.520136095583439,20.350771956145763,38.0
1791184473,2,POST,/api/playground/conversations/{conversation_id}/chat/sse,0.300000,0.000000,0,0,0,0,0,0,0,0,0,0,0,22,0,2,2.621500202539292,1.9556707702577114,6.363210268318653,0.0
1791184473,2,POST,/api/playground/conversations/{conversation_id}/chat/{chat_id}/attachment,0.300000,0.000000,0,0,0,0,0,0,0,0,0,0,0,24,0,69,70.15994136842589,56.87077669426799,103.93795231357217,26.0
1791184473,2,TXN,multimodal_e2e,0.300000,0.000000,0,0,0,0,0,0,0,0,0,0,0,22,0,370.0,16682.764602317053,332.54134887829423,60166.864993050694,24.40909090909091
1791184473,2,,Aggregated,1.200000,0.000000,0,0,0,0,0,0,0,0,0,0,0,92,0,20,4010.599012506883,1.9556707702577114,60166.864993050694,22.532608695652176
1791184474,2,POST,/api/playground/conversations,0.300000,0.000000,0,0,0,0,0,0,0,0,0,0,0,24,0,8,8.865679264999926,5.520136095583439,20.350771956145763,38.0
1791184474,2,POST,/api/playground/conversations/{conversation_id}/chat/sse,0.300000,0.000000,0,0,0,0,0,0,0,0,0,0,0,22,0,2,2.621500202539292,1.9556707702577114,6.363210268318653,0.0
1791184474,2,POST,/api/playground/conversations/{conversation_id}/chat/{chat_id}/attachment,0.300000,0.000000,0,0,0,0,0,0,0,0,0,0,0,24,0,69,70.15994136842589,56.87077669426799,103.93795231357217,26.0
1791184474,2,TXN,multimodal_e2e,0.300000,0.000000,0,0,0,0,0,0,0,0,0,0,0,22,0,370.0,16682.764602317053,332.54134887829423,60166.864993050694,24.40909090909091
1791184474,2,,Aggregated,1.200000,0.000000,0,0,0,0,0,0,0,0,0,0,0,92,0,20,4010.599012506883,1.9556707702577114,60166.864993050694,22.532608695652176
1791184475,2,POST,/api/playground/conversations,0.300000,0.000000,0,0,0,0,0,0,0,0,0,0,0,24,0,8,8.865679264999926,5.520136095583439,20.350771956145763,38.0
1791184475,2,POST,/api/playground/conversations/{conversation_id}/chat/sse,0.300000,0.000000,0,0,0,0,0,0,0,0,0,0,0,22,0,2,2.621500202539292,1.9556707702577114,6.363210268318653,0.0
1791184475,2,POST,/api/playground/conversations/{conversation_id}/chat/{chat_id}/attachment,0.300000,0.000000,0,0,0,0,0,0,0,0,0,0,0,24,0,69,70.15994136842589,56.87077669426799,103.93795231357217,26.0
1791184475,2,TXN,multimodal_e2e,0.300000,0.000000,0,0,0,0,0,0,0,0,0,0,0,22,0,370.0,16682.764602317053,332.54134887829423,60166.864993050694,24.40909090909091
1791184475,2,,Aggregated,1.200000,0.000000,0,0,0,0,0,0,0,0,0,0,0,92,0,20,4010.599012506883,1.9556707702577114,60166.864993050694,22.532608695652176
1791184476,2,POST,/api/playground/conversations,0.300000,0.000000,0,0,0,0,0,0,0,0,0,0,0,24,0,8,8.865679264999926,5.520136095583439,20.350771956145763,38.0
1791184476,2,POST,/api/playground/conversations/{conversation_id}/chat/sse,0.300000,0.000000,0,0,0,0,0,0,0,0,0,0,0,22,0,2,2.621500202539292,1.9556707702577114,6.363210268318653,0.0
1791184476,2,POST,/api/playground/conversations/{conversation_id}/chat/{chat_id}/attachment,0.300000,0.000000,0,0,0,0,0,0,0,0,0,0,0,24,0,69,70.15994136842589,56.87077669426799,103.93795231357217,26.0
1791184476,2,TXN,multimodal_e2e,0.300000,0.000000,0,0,0,0,0,0,0,0,0,0,0,22,0,370.0,16682.764602317053,332.54134887829423,60166.864993050694,24.40909090909091
1791184476,2,,Aggregated,1.200000,0.000000,0,0,0,0,0,0,0,0,0,0,0,92,0,20,4010.599012506883,1.9556707702577114,60166.864993050694,22.532608695652176
1791184477,2,POST,/api/playground/conversations,0.300000,0.000000,0,0,0,0,0,0,0,0,0,0,0,24,0,8,8.865679264999926,5.520136095583439,20.350771956145763,38.0
1791184477,2,POST,/api/playground/conversations/{conversation_id}/chat/sse,0.300000,0.000000,0,0,0,0,0,0,0,0,0,0,0,22,0,2,2.621500202539292,1.9556707702577114,6.363210268318653,0.0
1791184477,2,POST,/api/playground/conversations/{conversation_id}/chat/{chat_id}/attachment,0.300000,0.000000,0,0,0,0,0,0,0,0,0,0,0,24,0,69,70.15994136842589,56.87077669426799,103.93795231357217,26.0
1791184477,2,TXN,multimodal_e2e,0.300000,0.000000,0,0,0,0,0,0,0,0,0,0,0,22,0,370.0,16682.764602317053,332.54134887829423,60166.864993050694,24.40909090909091
1791184477,2,,Aggregated,1.200000,0.000000,0,0,0,0,0,0,0,0,0,0,0,92,0,20,4010.599012506883,1.9556707702577114,60166.864993050694,22.532608695652176
1791184478,2,POST,/api/playground/conversations,0.300000,0.000000,0,0,0,0,0,0,0,0,0,0,0,24,0,8,8.865679264999926,5.520136095583439,20.350771956145763,38.0
1791184478,2,POST,/api/playground/conversations/{conversation_id}/chat/sse,0.300000,0.000000,0,0,0,0,0,0,0,0,0,0,0,22,0,2,2.621500202539292,1.9556707702577114,6.363210268318653,0.0
1791184478,2,POST,/api/playground/conversations/{conversation_id}/chat/{chat_id}/attachment,0.300000,0.000000,0,0,0,0,0,0,0,0,0,0,0,24,0,69,70.15994136842589,56.87077669426799,103.93795231357217,26.0
1791184478,2,TXN,multimodal_e2e,0.300000,0.000000,0,0,0,0,0,0,0,0,0,0,0,22,0,370.0,16682.764602317053,332.54134887829423,60166.864993050694,24.40909090909091
1791184478,2,,Aggregated,1.200000,0.000000,0,0,0,0,0,0,0,0,0,0,0,92,0,20,4010.599012506883,1.9556707702577114,60166.864993050694,22.532608695652176
1791184479,2,POST,/api/playground/conversations,0.300000,0.000000,0,0,0,0,0,0,0,0,0,0,0,24,0,8,8.865679264999926,5.520136095583439,20.350771956145763,38.0
1791184479,2,POST,/api/playground/conversations/{conversation_id}/chat/sse,0.300000,0.000000,0,0,0,0,0,0,0,0,0,0,0,22,0,2,2.621500202539292,1.9556707702577114,6.363210268318653,0.0
1791184479,2,POST,/api/playground/conversations/{conversation_id}/chat/{chat_id}/attachment,0.300000,0.000000,0,0,0,0,0,0,0,0,0,0,0,24,0,69,70.15994136842589,56.87077669426799,103.93795231357217,26.0
1791184479,2,TXN,multimodal_e2e,0.300000,0.000000,0,0,0,0,0,0,0,0,0,0,0,22,0,370.0,16682.764602317053,332.54134887829423,60166.864993050694,24.40909090909091
1791184479,2,,Aggregated,1.200000,0.000000,0,0,0,0,0,0,0,0,0,0,0,92,0,20,4010.599012506883,1.9556707702577114,60166.864993050694,22.532608695652176
1791184480,2,POST,/api/playground/conversations,0.300000,0.000000,0,0,0,0,0,0,0,0,0,0,0,24,0,8,8.865679264999926,5.520136095583439,20.350771956145763,38.0
1791184480,2,POST,/api/playground/conversations/{conversation_id}/chat/sse,0.300000,0.000000,0,0,0,0,0,0,0,0,0,0,0,22,0,2,2.621500202539292,1.9556707702577114,6.363210268318653,0.0
1791184480,2,POST,/api/playground/conversations/{conversation_id}/chat/{chat_id}/attachment,0.300000,0.000000,0,0,0,0,0,0,0,0,0,0,0,24,0,69,70.15994136842589,56.87077669426799,103.93795231357217,26.0
1791184480,2,TXN,multimodal_e2e,0.300000,0.000000,0,0,0,0,0,0,0,0,0,0,0,22,0,370.0,16682.764602317053,332.54134887829423,60166.864993050694,24.40909090909091
1791184480,2,,Aggregated,1.200000,0.000000,0,0,0,0,0,0,0,0,0,0,0,92,0,20,4010.599012506883,1.9556707702577114,60166.864993050694,22.532608695652176
1791184481,2,POST,/api/playground/conversations,0.300000,0.000000,0,0,0,0,0,0,0,0,0,0,0,24,0,8,8.865679264999926,5.520136095583439,20.350771956145763,38.0
1791184481,2,POST,/api/playground/conversations/{conversation_id}/chat/sse,0.300000,0.000000,0,0,0,0,0,0,0,0,0,0,0,22,0,2,2.621500202539292,1.9556707702577114,6.363210268318653,0.0
1791184481,2,POST,/api/playground/conversations/{conversation_id}/chat/{chat_id}/attachment,0.300000,0.000000,0,0,0,0,0,0,0,0,0,0,0,24,0,69,70.15994136842589,56.87077669426799,103.93795231357217,26.0
1791184481,2,TXN,multimodal_e2e,0.300000,0.000000,0,0,0,0,0,0,0,0,0,0,0,22,0,370.0,16682.764602317053,332.54134887829423,60166.864993050694,24.40909090909091
1791184481,2,,Aggregated,1.200000,0.000000,0,0,0,0,0,0,0,0,0,0,0,92,0,20,4010.599012506883,1.9556707702577114,60166.864993050694,22.532608695652176
1791184482,2,POST,/api/playground/conversations,0.300000,0.000000,0,0,0,0,0,0,0,0,0,0,0,24,0,8,8.865679264999926,5.520136095583439,20.350771956145763,38.0
1791184482,2,POST,/api/playground/conversations/{conversation_id}/chat/sse,0.300000,0.000000,0,0,0,0,0,0,0,0,0,0,0,22,0,2,2.621500202539292,1.9556707702577114,6.363210268318653,0.0
1791184482,2,POST,/api/playground/conversations/{conversation_id}/chat/{chat_id}/attachment,0.300000,0.000000,0,0,0,0,0,0,0,0,0,0,0,24,0,69,70.15994136842589,56.87077669426799,103.93795231357217,26.0
1791184482,2,TXN,multimodal_e2e,0.300000,0.000000,0,0,0,0,0,0,0,0,0,0,0,22,0,370.0,16682.764602317053,332.54134887829423,60166.864993050694,24.40909090909091
1791184482,2,,Aggregated,1.200000,0.000000,0,0,0,0,0,0,0,0,0,0,0,92,0,20,4010.599012506883,1.9556707702577114,60166.864993050694,22.532608695652176
1791184483,2,POST,/api/playground/conversations,0.300000,0.000000,0,0,0,0,0,0,0,0,0,0,0,24,0,8,8.865679264999926,5.520136095583439,20.350771956145763,38.0
1791184483,2,POST,/api/playground/conversations/{conversation_id}/chat/sse,0.300000,0.000000,0,0,0,0,0,0,0,0,0,0,0,22,0,2,2.621500202539292,1.9556707702577114,6.363210268318653,0.0
1791184483,2,POST,/api/playground/conversations/{conversation_id}/chat/{chat_id}/attachment,0.300000,0.000000,0,0,0,0,0,0,0,0,0,0,0,24,0,69,70.15994136842589,56.87077669426799,103.93795231357217,26.0
1791184483,2,TXN,multimodal_e2e,0.300000,0.000000,0,0,0,0,0,0,0,0,0,0,0,22,0,370.0,16682.764602317053,332.54134887829423,60166.864993050694,24.40909090909091
1791184483,2,,Aggregated,1.200000,0.000000,0,0,0,0,0,0,0,0,0,0,0,92,0,20,4010.599012506883,1.9556707702577114,60166.864993050694,22.532608695652176
1791184484,2,POST,/api/playground/conversations,0.300000,0.000000,0,0,0,0,0,0,0,0,0,0,0,24,0,8,8.865679264999926,5.520136095583439,20.350771956145763,38.0
1791184484,2,POST,/api/playground/conversations/{conversation_id}/chat/sse,0.300000,0.000000,0,0,0,0,0,0,0,0,0,0,0,22,0,2,2.621500202539292,1.9556707702577114,6.363210268318653,0.0
1791184484,2,POST,/api/playground/conversations/{conversation_id}/chat/{chat_id}/attachment,0.300000,0.000000,0,0,0,0,0,0,0,0,0,0,0,24,0,69,70.15994136842589,56.87077669426799,103.93795231357217,26.0
1791184484,2,TXN,multimodal_e2e,0.300000,0.000000,0,0,0,0,0,0,0,0,0,0,0,22,0,370.0,16682.764602317053,332.54134887829423,60166.864993050694,24.40909090909091
1791184484,2,,Aggregated,1.200000,0.000000,0,0,0,0,0,0,0,0,0,0,0,92,0,20,4010.599012506883,1.9556707702577114,60166.864993050694,22.532608695652176
1791184485,2,POST,/api/playground/conversations,0.300000,0.000000,0,0,0,0,0,0,0,0,0,0,0,24,0,8,8.865679264999926,5.520136095583439,20.350771956145763,38.0
1791184485,2,POST,/api/playground/conversations/{conversation_id}/chat/sse,0.300000,0.000000,0,0,0,0,0,0,0,0,0,0,0,22,0,2,2.621500202539292,1.9556707702577114,6.363210268318653,0.0
1791184485,2,POST,/api/playground/conversations/{conversation_id}/chat/{chat_id}/attachment,0.300000,0.000000,0,0,0,0,0,0,0,0,0,0,0,24,0,69,70.15994136842589,56.87077669426799,103.93795231357217,26.0
1791184485,2,TXN,multimodal_e2e,0.300000,0.000000,0,0,0,0,0,0,0,0,0,0,0,22,0,370.0,16682.764602317053,332.54134887829423,60166.864993050694,24.40909090909091
1791184485,2,,Aggregated,1.200000,0.000000,0,0,0,0,0,0,0,0,0,0,0,92,0,20,4010.599012506883,1.9556707702577114,60166.864993050694,22.532608695652176
1791184486,2,POST,/api/playground/conversations,0.300000,0.000000,0,0,0,0,0,0,0,0,0,0,0,24,0,8,8.865679264999926,5.520136095583439,20.350771956145763,38.0
1791184486,2,POST,/api/playground/conversations/{conversation_id}/chat/sse,0.300000,0.000000,0,0,0,0,0,0,0,0,0,0,0,22,0,2,2.621500202539292,1.9556707702577114,6.363210268318653,0.0
1791184486,2,POST,/api/playground/conversations/{conversation_id}/chat/{chat_id}/attachment,0.300000,0.000000,0,0,0,0,0,0,0,0,0,0,0,24,0,69,70.15994136842589,56.87077669426799,103.93795231357217,26.0
1791184486,2,TXN,multimodal_e2e,0.300000,0.000000,0,0,0,0,0,0,0,0,0,0,0,22,0,370.0,16682.764602317053,332.54134887829423,60166.864993050694,24.40909090909091
1791184486,2,,Aggregated,1.200000,0.000000,0,0,0,0,0,0,0,0,0,0,0,92,0,20,4010.599012506883,1.9556707702577114,60166.864993050694,22.532608695652176
1791184487,2,POST,/api/playground/conversations,0.300000,0.000000,0,0,0,0,0,0,0,0,0,0,0,24,0,8,8.865679264999926,5.520136095583439,20.350771956145763,38.0
1791184487,2,POST,/api/playground/conversations/{conversation_id}/chat/sse,0.300000,0.000000,0,0,0,0,0,0,0,0,0,0,0,22,0,2,2.621500202539292,1.9556707702577114,6.363210268318653,0.0
1791184487,2,POST,/api/playground/conversations/{conversation_id}/chat/{chat_id}/attachment,0.300000,0.000000,0,0,0,0,0,0,0,0,0,0,0,24,0,69,70.15994136842589,56.87077669426799,103.93795231357217,26.0
1791184487,2,TXN,multimodal_e2e,0.300000,0.000000,0,0,0,0,0,0,0,0,0,0,0,22,0,370.0,16682.764602317053,332.54134887829423,60166.864993050694,24.40909090909091
1791184487,2,,Aggregated,1.200000,0.000000,0,0,0,0,0,0,0,0,0,0,0,92,0,20,4010.599012506883,1.9556707702577114,60166.864993050694,22.532608695652176
1791184488,2,POST,/api/playground/conversations,0.300000,0.000000,0,0,0,0,0,0,0,0,0,0,0,24,0,8,8.865679264999926,5.520136095583439,20.350771956145763,38.0
1791184488,2,POST,/api/playground/conversations/{conversation_id}/chat/sse,0.300000,0.000000,0,0,0,0,0,0,0,0,0,0,0,22,0,2,2.621500202539292,1.9556707702577114,6.363210268318653,0.0
1791184488,2,POST,/api/playground/conversations/{conversation_id}/chat/{chat_id}/attachment,0.300000,0.000000,0,0,0,0,0,0,0,0,0,0,0,24,0,69,70.15994136842589,56.87077669426799,103.93795231357217,26.0
1791184488,2,TXN,multimodal_e2e,0.300000,0.000000,0,0,0,0,0,0,0,0,0,0,0,22,0,370.0,16682.764602317053,332.54134887829423,60166.864993050694,24.40909090909091
1791184488,2,,Aggregated,1.200000,0.000000,0,0,0,0,0,0,0,0,0,0,0,92,0,20,4010.599012506883,1.9556707702577114,60166.864993050694,22.532608695652176
1791184489,2,POST,/api/playground/conversations,0.300000,0.000000,0,0,0,0,0,0,0,0,0,0,0,24,0,8,8.865679264999926,5.520136095583439,20.350771956145763,38.0
1791184489,2,POST,/api/playground/conversations/{conversation_id}/chat/sse,0.300000,0.000000,0,0,0,0,0,0,0,0,0,0,0,22,0,2,2.621500202539292,1.9556707702577114,6.363210268318653,0.0
1791184489,2,POST,/api/playground/conversations/{conversation_id}/chat/{chat_id}/attachment,0.300000,0.000000,0,0,0,0,0,0,0,0,0,0,0,24,0,69,70.15994136842589,56.87077669426799,103.93795231357217,26.0
1791184489,2,TXN,multimodal_e2e,0.300000,0.000000,0,0,0,0,0,0,0,0,0,0,0,22,0,370.0,16682.764602317053,332.54134887829423,60166.864993050694,24.40909090909091
1791184489,2,,Aggregated,1.200000,0.000000,0,0,0,0,0,0,0,0,0,0,0,92,0,20,4010.599012506883,1.9556707702577114,60166.864993050694,22.532608695652176
1791184490,2,POST,/api/playground/conversations,0.300000,0.000000,0,0,0,0,0,0,0,0,0,0,0,24,0,8,8.865679264999926,5.520136095583439,20.350771956145763,38.0
1791184490,2,POST,/api/playground/conversations/{conversation_id}/chat/sse,0.300000,0.000000,0,0,0,0,0,0,0,0,0,0,0,22,0,2,2.621500202539292,1.9556707702577114,6.363210268318653,0.0
1791184490,2,POST,/api/playground/conversations/{conversation_id}/chat/{chat_id}/attachment,0.300000,0.000000,0,0,0,0,0,0,0,0,0,0,0,24,0,69,70.15994136842589,56.87077669426799,103.93795231357217,26.0
1791184490,2,TXN,multimodal_e2e,0.300000,0.000000,0,0,0,0,0,0,0,0,0,0,0,22,0,370.0,16682.764602317053,332.54134887829423,60166.864993050694,24.40909090909091
1791184490,2,,Aggregated,1.200000,0.000000,0,0,0,0,0,0,0,0,0,0,0,92,0,20,4010.599012506883,1.9556707702577114,60166.864993050694,22.532608695652176
1791184491,2,POST,/api/playground/conversations,0.000000,0.000000,0,0,0,0,0,0,0,0,0,0,0,27,0,8,8.930612389964086,5.520136095583439,20.350771956145763,38.0
1791184491,2,POST,/api/playground/conversations/{conversation_id}/chat/sse,0.000000,0.000000,0,0,0,0,0,0,0,0,0,0,0,25,0,2,2.559803631156683,1.9543510861694813,6.363210268318653,0.0
1791184491,2,POST,/api/playground/conversations/{conversation_id}/chat/{chat_id}/attachment,0.000000,0.000000,0,0,0,0,0,0,0,0,0,0,0,27,0,69,69.95926486949126,54.50243316590786,103.93795231357217,26.0
1791184491,2,TXN,multimodal_e2e,0.000000,0.000000,0,0,0,0,0,0,0,0,0,0,0,25,0,380.0,17113.040774576366,324.2075461894274,60166.864993050694,24.12
1791184491,2,,Aggregated,0.000000,0.000000,0,0,0,0,0,0,0,0,0,0,0,104,0,20,4134.80808789609,1.9543510861694813,60166.864993050694,22.41346153846154
1791184492,2,POST,/api/playground/conversations,0.000000,0.000000,6,6,17,17,17,17,17,17,17,17,17,27,0,8,8.930612389964086,5.520136095583439,20.350771956145763,38.0
1791184492,2,POST,/api/playground/conversations/{conversation_id}/chat/sse,0.000000,0.000000,2,2,2,2,2,2,2,2,2,2,2,25,0,2,2.559803631156683,1.9543510861694813,6.363210268318653,0.0
1791184492,2,POST,/api/playground/conversations/{conversation_id}/chat/{chat_id}/attachment,0.000000,0.000000,68,68,82,82,82,82,82,82,82,82,82,27,0,69,69.95926486949126,54.50243316590786,103.93795231357217,26.0
1791184492,2,TXN,multimodal_e2e,0.000000,0.000000,380,380,60000,60000,60000,60000,60000,60000,60000,60000,60000,25,0,380.0,17113.040774576366,324.2075461894274,60166.864993050694,24.12
1791184492,2,,Aggregated,0.000000,0.000000,55,68,320,320,380,60000,60000,60000,60000,60000,60000,104,0,20,4134.80808789609,1.9543510861694813,60166.864993050694,22.41346153846154
1791184493,2,POST,/api/playground/conversations,0.000000,0.000000,6,10,10,17,17,17,17,17,17,17,17,29,0,8,8.844211440661859,5.520136095583439,20.350771956145763,38.0
1791184493,2,POST,/api/playground/conversations/{conversation_id}/chat/sse,0.000000,0.000000,2,2,2,3,3,3,3,3,3,3,3,27,0,2,2.557028757615222,1.9543510861694813,6.363210268318653,0.0
1791184493,2,POST,/api/playground/conversations/{conversation_id}/chat/{chat_id}/attachment,0.000000,0.000000,80,82,82,140,140,140,140,140,140,140,140,29,0,69,72.60612049942901,54.50243316590786,136.90107502043247,26.0
1791184493,2,TXN,multimodal_e2e,0.000000,0.000000,380,60000,60000,60000,60000,60000,60000,60000,60000,60000,60000,27,0,380.0,18085.16906834794,324.2075461894274,60166.864993050694,24.0
1791184493,2,,Aggregated,0.000000,0.000000,55,82,320,360,60000,60000,60000,60000,60000,60000,60000,112,0,20,4381.523787929576,1.9543510861694813,60166.864993050694,22.357142857142858
1791184494,2,POST,/api/playground/conversations,0.000000,0.000000,6,6,10,10,17,17,17,17,17,17,17,30,0,7,8.750982629135251,5.520136095583439,20.350771956145763,38.0
1791184494,2,POST,/api/playground/conversations/{conversation_id}/chat/sse,0.000000,0.000000,2,2,2,2,3,3,3,3,3,3,3,28,0,2,2.5441862443195924,1.9543510861694813,6.363210268318653,0.0
1791184494,2,POST,/api/playground/conversations/{conversation_id}/chat/{chat_id}/attachment,0.000000,0.000000,80,80,82,82,140,140,140,140,140,140,140,30,0,69,72.69864544893305,54.50243316590786,136.90107502043247,26.0
1791184494,2,TXN,multimodal_e2e,0.000000,0.000000,410,410,60000,60000,60000,60000,60000,60000,60000,60000,60000,28,0,380.0,17454.063270490482,324.2075461894274,60166.864993050694,23.714285714285715
1791184494,2,,Aggregated,0.000000,0.000000,55,80,320,360,410,60000,60000,60000,60000,60000,60000,116,0,20,4234.728427852729,1.9543510861694813,60166.864993050694,22.275862068965516
1791184495,2,POST,/api/playground/conversations,0.000000,0.000000,6,6,10,10,17,17,17,17,17,17,17,30,0,7,8.750982629135251,5.520136095583439,20.350771956145763,38.0
1791184495,2,POST,/api/playground/conversations/{conversation_id}/chat/sse,0.000000,0.000000,2,2,2,2,3,3,3,3,3,3,3,28,0,2,2.5441862443195924,1.9543510861694813,6.363210268318653,0.0
1791184495,2,POST,/api/playground/conversations/{conversation_id}/chat/{chat_id}/attachment,0.000000,0.000000,80,80,82,82,140,140,140,140,140,140,140,30,0,69,72.69864544893305,54.50243316590786,136.90107502043247,26.0
1791184495,2,TXN,multimodal_e2e,0.000000,0.000000,410,410,60000,60000,60000,60000,60000,60000,60000,60000,60000,28,0,380.0,17454.063270490482,324.2075461894274,60166.864993050694,23.714285714285715
1791184495,2,,Aggregated,0.000000,0.000000,55,80,320,360,410,60000,60000,60000,60000,60000,60000,116,0,20,4234.728427852729,1.9543510861694813,60166.864993050694,22.275862068965516
1791184496,2,POST,/api/playground/conversations,0.000000,0.000000,6,6,10,10,17,17,17,17,17,17,17,30,0,7,8.750982629135251,5.520136095583439,20.350771956145763,38.0
1791184496,2,POST,/api/playground/conversations/{conversation_id}/chat/sse,0.000000,0.000000,2,2,2,2,3,3,3,3,3,3,3,28,0,2,2.5441862443195924,1.9543510861694813,6.363210268318653,0.0
1791184496,2,POST,/api/playground/conversations/{conversation_id}/chat/{chat_id}/attachment,0.000000,0.000000,80,80,82,82,140,140,140,140,140,140,140,30,0,69,72.69864544893305,54.50243316590786,136.90107502043247,26.0
1791184496,2,TXN,multimodal_e2e,0.000000,0.000000,410,410,60000,60000,60000,60000,60000,60000,60000,60000,60000,28,0,380.0,17454.063270490482,324.2075461894274,60166.864993050694,23.714285714285715
1791184496,2,,Aggregated,0.000000,0.000000,55,80,320,360,410,60000,60000,60000,60000,60000,60000,116,0,20,4234.728427852729,1.9543510861694813,60166.864993050694,22.275862068965516
1791184497,2,POST,/api/playground/conversations,0.000000,0.000000,6,6,10,10,17,17,17,17,17,17,17,30,0,7,8.750982629135251,5.520136095583439,20.350771956145763,38.0
1791184497,2,POST,/api/playground/conversations/{conversation_id}/chat/sse,0.000000,0.000000,2,2,2,2,3,3,3,3,3,3,3,28,0,2,2.5441862443195924,1.9543510861694813,6.363210268318653,0.0
1791184497,2,POST,/api/playground/conversations/{conversation_id}/chat/{chat_id}/attachment,0.000000,0.000000,80,80,82,82,140,140,140,140,140,140,140,30,0,69,72.69864544893305,54.50243316590786,136.90107502043247,26.0
1791184497,2,TXN,multimodal_e2e,0.000000,0.000000,410,410,60000,60000,60000,60000,60000,60000,60000,60000,60000,28,0,380.0,17454.063270490482,324.2075461894274,60166.864993050694,23.714285714285715
1791184497,2,,Aggregated,0.000000,0.000000,55,80,320,360,410,60000,60000,60000,60000,60000,60000,116,0,20,4234.728427852729,1.9543510861694813,60166.864993050694,22.275862068965516
1791184498,2,POST,/api/playground/conversations,0.000000,0.000000,6,6,10,10,17,17,17,17,17,17,17,30,0,7,8.750982629135251,5.520136095583439,20.350771956145763,38.0
1791184498,2,POST,/api/playground/conversations/{conversation_id}/chat/sse,0.000000,0.000000,2,2,2,2,3,3,3,3,3,3,3,28,0,2,2.5441862443195924,1.9543510861694813,6.363210268318653,0.0
1791184498,2,POST,/api/playground/conversations/{conversation_id}/chat/{chat_id}/attachment,0.000000,0.000000,80,80,82,82,140,140,140,140,140,140,140,30,0,69,72.69864544893305,54.50243316590786,136.90107502043247,26.0
1791184498,2,TXN,multimodal_e2e,0.000000,0.000000,410,410,60000,60000,60000,60000,60000,60000,60000,60000,60000,28,0,380.0,17454.063270490482,324.2075461894274,60166.864993050694,23.714285714285715
1791184498,2,,Aggregated,0.000000,0.000000,55,80,320,360,410,60000,60000,60000,60000,60000,60000,116,0,20,4234.728427852729,1.9543510861694813,60166.864993050694,22.275862068965516
1791184499,2,POST,/api/playground/conversations,0.000000,0.000000,6,6,10,10,17,17,17,17,17,17,17,30,0,7,8.750982629135251,5.520136095583439,20.350771956145763,38.0
1791184499,2,POST,/api/playground/conversations/{conversation_id}/chat/sse,0.000000,0.000000,2,2,2,2,3,3,3,3,3,3,3,28,0,2,2.5441862443195924,1.9543510861694813,6.363210268318653,0.0
1791184499,2,POST,/api/playground/conversations/{conversation_id}/chat/{chat_id}/attachment,0.000000,0.000000,80,80,82,82,140,140,140,140,140,140,140,30,0,69,72.69864544893305,54.50243316590786,136.90107502043247,26.0
1791184499,2,TXN,multimodal_e2e,0.000000,0.000000,410,410,60000,60000,60000,60000,60000,60000,60000,60000,60000,28,0,380.0,17454.063270490482,324.2075461894274,60166.864993050694,23.714285714285715
1791184499,2,,Aggregated,0.000000,0.000000,55,80,320,360,410,60000,60000,60000,60000,60000,60000,116,0,20,4234.728427852729,1.9543510861694813,60166.864993050694,22.275862068965516
1791184500,2,POST,/api/playground/conversations,0.000000,0.000000,6,6,10,10,17,17,17,17,17,17,17,30,0,7,8.750982629135251,5.520136095583439,20.350771956145763,38.0
1791184500,2,POST,/api/playground/conversations/{conversation_id}/chat/sse,0.000000,0.000000,2,2,2,2,3,3,3,3,3,3,3,28,0,2,2.5441862443195924,1.9543510861694813,6.363210268318653,0.0
1791184500,2,POST,/api/playground/conversations/{conversation_id}/chat/{chat_id}/attachment,0.000000,0.000000,80,80,82,82,140,140,140,140,140,140,140,30,0,69,72.69864544893305,54.50243316590786,136.90107502043247,26.0
1791184500,2,TXN,multimodal_e2e,0.000000,0.000000,410,410,60000,60000,60000,60000,60000,60000,60000,60000,60000,28,0,380.0,17454.063270490482,324.2075461894274,60166.864993050694,23.714285714285715
1791184500,2,,Aggregated,0.000000,0.000000,55,80,320,360,410,60000,60000,60000,60000,60000,60000,116,0,20,4234.728427852729,1.9543510861694813,60166.864993050694,22.275862068965516
1791184501,2,POST,/api/playground/conversations,0.000000,0.000000,6,6,10,10,17,17,17,17,17,17,17,30,0,7,8.750982629135251,5.520136095583439,20.350771956145763,38.0
1791184501,2,POST,/api/playground/conversations/{conversation_id}/chat/sse,0.000000,0.000000,2,2,2,2,3,3,3,3,3,3,3,28,0,2,2.5441862443195924,1.9543510861694813,6.363210268318653,0.0
1791184501,2,POST,/api/playground/conversations/{conversation_id}/chat/{chat_id}/attachment,0.000000,0.000000,80,80,82,82,140,140,140,140,140,140,140,30,0,69,72.69864544893305,54.50243316590786,136.90107502043247,26.0
1791184501,2,TXN,multimodal_e2e,0.000000,0.000000,410,410,60000,60000,60000,60000,60000,60000,60000,60000,60000,28,0,380.0,17454.063270490482,324.2075461894274,60166.864993050694,23.714285714285715
1791184501,2,,Aggregated,0.000000,0.000000,55,80,320,360,410,60000,60000,60000,60000,60000,60000,116,0,20,4234.728427852729,1.9543510861694813,60166.864993050694,22.275862068965516
1791184502,2,POST,/api/playground/conversations,0.000000,0.000000,6,6,10,10,10,10,10,10,10,10,10,30,0,7,8.750982629135251,5.520136095583439,20.350771956145763,38.0
1791184502,2,POST,/api/playground/conversations/{conversation_id}/chat/sse,0.000000,0.000000,2,2,3,3,3,3,3,3,3,3,3,28,0,2,2.5441862443195924,1.9543510861694813,6.363210268318653,0.0
1791184502,2,POST,/api/playground/conversations/{conversation_id}/chat/{chat_id}/attachment,0.000000,0.000000,80,80,140,140,140,140,140,140,140,140,140,30,0,69,72.69864544893305,54.50243316590786,136.90107502043247,26.0
1791184502,2,TXN,multimodal_e2e,0.000000,0.000000,410,410,60000,60000,60000,60000,60000,60000,60000,60000,60000,28,0,380.0,17454.063270490482,324.2075461894274,60166.864993050694,23.714285714285715
1791184502,2,,Aggregated,0.000000,0.000000,75,80,360,360,410,60000,60000,60000,60000,60000,60000,116,0,20,4234.728427852729,1.9543510861694813,60166.864993050694,22.275862068965516
1791184503,2,POST,/api/playground/conversations,0.000000,0.000000,6,6,10,10,10,10,10,10,10,10,10,30,0,7,8.750982629135251,5.520136095583439,20.350771956145763,38.0
1791184503,2,POST,/api/playground/conversations/{conversation_id}/chat/sse,0.000000,0.000000,2,2,3,3,3,3,3,3,3,3,3,28,0,2,2.5441862443195924,1.9543510861694813,6.363210268318653,0.0
1791184503,2,POST,/api/playground/conversations/{conversation_id}/chat/{chat_id}/attachment,0.000000,0.000000,80,80,140,140,140,140,140,140,140,140,140,30,0,69,72.69864544893305,54.50243316590786,136.90107502043247,26.0
1791184503,2,TXN,multimodal_e2e,0.000000,0.000000,410,410,60000,60000,60000,60000,60000,60000,60000,60000,60000,28,0,380.0,17454.063270490482,324.2075461894274,60166.864993050694,23.714285714285715
1791184503,2,,Aggregated,0.000000,0.000000,75,80,360,360,410,60000,60000,60000,60000,60000,60000,116,0,20,4234.728427852729,1.9543510861694813,60166.864993050694,22.275862068965516
1791184504,2,POST,/api/playground/conversations,0.000000,0.000000,6,6,10,10,10,10,10,10,10,10,10,30,0,7,8.750982629135251,5.520136095583439,20.350771956145763,38.0
1791184504,2,POST,/api/playground/conversations/{conversation_id}/chat/sse,0.000000,0.000000,2,2,3,3,3,3,3,3,3,3,3,28,0,2,2.5441862443195924,1.9543510861694813,6.363210268318653,0.0
1791184504,2,POST,/api/playground/conversations/{conversation_id}/chat/{chat_id}/attachment,0.000000,0.000000,80,80,140,140,140,140,140,140,140,140,140,30,0,69,72.69864544893305,54.50243316590786,136.90107502043247,26.0
1791184504,2,TXN,multimodal_e2e,0.000000,0.000000,410,410,60000,60000,60000,60000,60000,60000,60000,60000,60000,28,0,380.0,17454.063270490482,324.2075461894274,60166.864993050694,23.714285714285715
1791184504,2,,Aggregated,0.000000,0.000000,75,80,360,360,410,60000,60000,60000,60000,60000,60000,116,0,20,4234.728427852729,1.9543510861694813,60166.864993050694,22.275862068965516
1791184505,2,POST,/api/playground/conversations,0.000000,0.000000,6,6,10,10,10,10,10,10,10,10,10,30,0,7,8.750982629135251,5.520136095583439,20.350771956145763,38.0
1791184505,2,POST,/api/playground/conversations/{conversation_id}/chat/sse,0.000000,0.000000,2,2,3,3,3,3,3,3,3,3,3,28,0,2,2.5441862443195924,1.9543510861694813,6.363210268318653,0.0
1791184505,2,POST,/api/playground/conversations/{conversation_id}/chat/{chat_id}/attachment,0.000000,0.000000,80,80,140,140,140,140,140,140,140,140,140,30,0,69,72.69864544893305,54.50243316590786,136.90107502043247,26.0
1791184505,2,TXN,multimodal_e2e,0.000000,0.000000,410,410,60000,60000,60000,60000,60000,60000,60000,60000,60000,28,0,380.0,17454.063270490482,324.2075461894274,60166.864993050694,23.714285714285715
1791184505,2,,Aggregated,0.000000,0.000000,75,80,360,360,410,60000,60000,60000,60000,60000,60000,116,0,20,4234.728427852729,1.9543510861694813,60166.864993050694,22.275862068965516
1791184506,2,POST,/api/playground/conversations,0.000000,0.000000,6,6,10,10,10,10,10,10,10,10,10,30,0,7,8.750982629135251,5.520136095583439,20.350771956145763,38.0
1791184506,2,POST,/api/playground/conversations/{conversation_id}/chat/sse,0.000000,0.000000,2,2,3,3,3,3,3,3,3,3,3,28,0,2,2.5441862443195924,1.9543510861694813,6.363210268318653,0.0
1791184506,2,POST,/api/playground/conversations/{conversation_id}/chat/{chat_id}/attachment,0.000000,0.000000,80,80,140,140,140,140,140,140,140,140,140,30,0,69,72.69864544893305,54.50243316590786,136.90107502043247,26.0
1791184506,2,TXN,multimodal_e2e,0.000000,0.000000,410,410,60000,60000,60000,60000,60000,60000,60000,60000,60000,28,0,380.0,17454.063270490482,324.2075461894274,60166.864993050694,23.714285714285715
1791184506,2,,Aggregated,0.000000,0.000000,75,80,360,360,410,60000,60000,60000,60000,60000,60000,116,0,20,4234.728427852729,1.9543510861694813,60166.864993050694,22.275862068965516
1791184507,2,POST,/api/playground/conversations,0.000000,0.000000,6,6,10,10,10,10,10,10,10,10,10,30,0,7,8.750982629135251,5.520136095583439,20.350771956145763,38.0
1791184507,2,POST,/api/playground/conversations/{conversation_id}/chat/sse,0.000000,0.000000,2,2,3,3,3,3,3,3,3,3,3,28,0,2,2.5441862443195924,1.9543510861694813,6.363210268318653,0.0
1791184507,2,POST,/api/playground/conversations/{conversation_id}/chat/{chat_id}/attachment,0.000000,0.000000,80,80,140,140,140,140,140,140,140,140,140,30,0,69,72.69864544893305,54.50243316590786,136.90107502043247,26.0
1791184507,2,TXN,multimodal_e2e,0.000000,0.000000,410,410,60000,60000,60000,60000,60000,60000,60000,60000,60000,28,0,380.0,17454.063270490482,324.2075461894274,60166.864993050694,23.714285714285715
1791184507,2,,Aggregated,0.000000,0.000000,75,80,360,360,410,60000,60000,60000,60000,60000,60000,116,0,20,4234.728427852729,1.9543510861694813,60166.864993050694,22.275862068965516
1791184508,2,POST,/api/playground/conversations,0.000000,0.000000,6,6,10,10,10,10,10,10,10,10,10,30,0,7,8.750982629135251,5.520136095583439,20.350771956145763,38.0
1791184508,2,POST,/api/playground/conversations/{conversation_id}/chat/sse,0.000000,0.000000,2,2,3,3,3,3,3,3,3,3,3,28,0,2,2.5441862443195924,1.9543510861694813,6.363210268318653,0.0
1791184508,2,POST,/api/playground/conversations/{conversation_id}/chat/{chat_id}/attachment,0.000000,0.000000,80,80,140,140,140,140,140,140,140,140,140,30,0,69,72.69864544893305,54.50243316590786,136.90107502043247,26.0
1791184508,2,TXN,multimodal_e2e,0.000000,0.000000,410,410,60000,60000,60000,60000,60000,60000,60000,60000,60000,28,0,380.0,17454.063270490482,324.2075461894274,60166.864993050694,23.714285714285715
1791184508,2,,Aggregated,0.000000,0.000000,75,80,360,360,410,60000,60000,60000,60000,60000,60000,116,0,20,4234.728427852729,1.9543510861694813,60166.864993050694,22.275862068965516
1791184509,2,POST,/api/playground/conversations,0.000000,0.000000,6,6,10,10,10,10,10,10,10,10,10,30,0,7,8.750982629135251,5.520136095583439,20.350771956145763,38.0
1791184509,2,POST,/api/playground/conversations/{conversation_id}/chat/sse,0.000000,0.000000,2,2,3,3,3,3,3,3,3,3,3,28,0,2,2.5441862443195924,1.9543510861694813,6.363210268318653,0.0
1791184509,2,POST,/api/playground/conversations/{conversation_id}/chat/{chat_id}/attachment,0.000000,0.000000,80,80,140,140,140,140,140,140,140,140,140,30,0,69,72.69864544893305,54.50243316590786,136.90107502043247,26.0
1791184509,2,TXN,multimodal_e2e,0.000000,0.000000,410,410,60000,60000,60000,60000,60000,60000,60000,60000,60000,28,0,380.0,17454.063270490482,324.2075461894274,60166.864993050694,23.714285714285715
1791184509,2,,Aggregated,0.000000,0.000000,75,80,360,360,410,60000,60000,60000,60000,60000,60000,116,0,20,4234.728427852729,1.9543510861694813,60166.864993050694,22.275862068965516
1791184510,2,POST,/api/playground/conversations,0.000000,0.000000,6,6,10,10,10,10,10,10,10,10,10,30,0,7,8.750982629135251,5.520136095583439,20.350771956145763,38.0
1791184510,2,POST,/api/playground/conversations/{conversation_id}/chat/sse,0.000000,0.000000,2,2,3,3,3,3,3,3,3,3,3,28,0,2,2.5441862443195924,1.9543510861694813,6.363210268318653,0.0
1791184510,2,POST,/api/playground/conversations/{conversation_id}/chat/{chat_id}/attachment,0.000000,0.000000,80,80,140,140,140,140,140,140,140,140,140,30,0,69,72.69864544893305,54.50243316590786,136.90107502043247,26.0
1791184510,2,TXN,multimodal_e2e,0.000000,0.000000,410,410,60000,60000,60000,60000,60000,60000,60000,60000,60000,28,0,380.0,17454.063270490482,324.2075461894274,60166.864993050694,23.714285714285715
1791184510,2,,Aggregated,0.000000,0.000000,75,80,360,360,410,60000,60000,60000,60000,60000,60000,116,0,20,4234.728427852729,1.9543510861694813,60166.864993050694,22.275862068965516
1791184511,2,POST,/api/playground/conversations,0.000000,0.000000,0,0,0,0,0,0,0,0,0,0,0,30,0,7,8.750982629135251,5.520136095583439,20.350771956145763,38.0
1791184511,2,POST,/api/playground/conversations/{conversation_id}/chat/sse,0.000000,0.000000,0,0,0,0,0,0,0,0,0,0,0,28,0,2,2.5441862443195924,1.9543510861694813,6.363210268318653,0.0
1791184511,2,POST,/api/playground/conversations/{conversation_id}/chat/{chat_id}/attachment,0.000000,0.000000,0,0,0,0,0,0,0,0,0,0,0,30,0,69,72.69864544893305,54.50243316590786,136.90107502043247,26.0
1791184511,2,TXN,multimodal_e2e,0.000000,0.000000,0,0,0,0,0,0,0,0,0,0,0,28,0,380.0,17454.063270490482,324.2075461894274,60166.864993050694,23.714285714285715
1791184511,2,,Aggregated,0.000000,0.000000,0,0,0,0,0,0,0,0,0,0,0,116,0,20,4234.728427852729,1.9543510861694813,60166.864993050694,22.275862068965516
1791184512,2,POST,/api/playground/conversations,0.000000,0.000000,0,0,0,0,0,0,0,0,0,0,0,30,0,7,8.750982629135251,5.520136095583439,20.350771956145763,38.0
1791184512,2,POST,/api/playground/conversations/{conversation_id}/chat/sse,0.000000,0.000000,0,0,0,0,0,0,0,0,0,0,0,28,0,2,2.5441862443195924,1.9543510861694813,6.363210268318653,0.0
1791184512,2,POST,/api/playground/conversations/{conversation_id}/chat/{chat_id}/attachment,0.000000,0.000000,0,0,0,0,0,0,0,0,0,0,0,30,0,69,72.69864544893305,54.50243316590786,136.90107502043247,26.0
1791184512,2,TXN,multimodal_e2e,0.000000,0.000000,0,0,0,0,0,0,0,0,0,0,0,28,0,380.0,17454.063270490482,324.2075461894274,60166.864993050694,23.714285714285715
1791184512,2,,Aggregated,0.000000,0.000000,0,0,0,0,0,0,0,0,0,0,0,116,0,20,4234.728427852729,1.9543510861694813,60166.864993050694,22.275862068965516
1791184513,2,POST,/api/playground/conversations,0.000000,0.000000,0,0,0,0,0,0,0,0,0,0,0,30,0,7,8.750982629135251,5.520136095583439,20.350771956145763,38.0
1791184513,2,POST,/api/playground/conversations/{conversation_id}/chat/sse,0.000000,0.000000,0,0,0,0,0,0,0,0,0,0,0,28,0,2,2.5441862443195924,1.9543510861694813,6.363210268318653,0.0
1791184513,2,POST,/api/playground/conversations/{conversation_id}/chat/{chat_id}/attachment,0.000000,0.000000,0,0,0,0,0,0,0,0,0,0,0,30,0,69,72.69864544893305,54.50243316590786,136.90107502043247,26.0
1791184513,2,TXN,multimodal_e2e,0.000000,0.000000,0,0,0,0,0,0,0,0,0,0,0,28,0,380.0,17454.063270490482,324.2075461894274,60166.864993050694,23.714285714285715
1791184513,2,,Aggregated,0.000000,0.000000,0,0,0,0,0,0,0,0,0,0,0,116,0,20,4234.728427852729,1.9543510861694813,60166.864993050694,22.275862068965516
1791184514,2,POST,/api/playground/conversations,0.000000,0.000000,0,0,0,0,0,0,0,0,0,0,0,30,0,7,8.750982629135251,5.520136095583439,20.350771956145763,38.0
1791184514,2,POST,/api/playground/conversations/{conversation_id}/chat/sse,0.000000,0.000000,0,0,0,0,0,0,0,0,0,0,0,28,0,2,2.5441862443195924,1.9543510861694813,6.363210268318653,0.0
1791184514,2,POST,/api/playground/conversations/{conversation_id}/chat/{chat_id}/attachment,0.000000,0.000000,0,0,0,0,0,0,0,0,0,0,0,30,0,69,72.69864544893305,54.50243316590786,136.90107502043247,26.0
1791184514,2,TXN,multimodal_e2e,0.000000,0.000000,0,0,0,0,0,0,0,0,0,0,0,28,0,380.0,17454.063270490482,324.2075461894274,60166.864993050694,23.714285714285715
1791184514,2,,Aggregated,0.000000,0.000000,0,0,0,0,0,0,0,0,0,0,0,116,0,20,4234.728427852729,1.9543510861694813,60166.864993050694,22.275862068965516
1791184515,2,POST,/api/playground/conversations,0.000000,0.000000,0,0,0,0,0,0,0,0,0,0,0,30,0,7,8.750982629135251,5.520136095583439,20.350771956145763,38.0
1791184515,2,POST,/api/playground/conversations/{conversation_id}/chat/sse,0.000000,0.000000,0,0,0,0,0,0,0,0,0,0,0,28,0,2,2.5441862443195924,1.9543510861694813,6.363210268318653,0.0
1791184515,2,POST,/api/playground/conversations/{conversation_id}/chat/{chat_id}/attachment,0.000000,0.000000,0,0,0,0,0,0,0,0,0,0,0,30,0,69,72.69864544893305,54.50243316590786,136.90107502043247,26.0
1791184515,2,TXN,multimodal_e2e,0.000000,0.000000,0,0,0,0,0,0,0,0,0,0,0,28,0,380.0,17454.063270490482,324.2075461894274,60166.864993050694,23.714285714285715
1791184515,2,,Aggregated,0.000000,0.000000,0,0,0,0,0,0,0,0,0,0,0,116,0,20,4234.728427852729,1.9543510861694813,60166.864993050694,22.275862068965516
1791184516,2,POST,/api/playground/conversations,0.000000,0.000000,0,0,0,0,0,0,0,0,0,0,0,30,0,7,8.750982629135251,5.520136095583439,20.350771956145763,38.0
1791184516,2,POST,/api/playground/conversations/{conversation_id}/chat/sse,0.000000,0.000000,0,0,0,0,0,0,0,0,0,0,0,28,0,2,2.5441862443195924,1.9543510861694813,6.363210268318653,0.0
1791184516,2,POST,/api/playground/conversations/{conversation_id}/chat/{chat_id}/attachment,0.000000,0.000000,0,0,0,0,0,0,0,0,0,0,0,30,0,69,72.69864544893305,54.50243316590786,136.90107502043247,26.0
1791184516,2,TXN,multimodal_e2e,0.000000,0.000000,0,0,0,0,0,0,0,0,0,0,0,28,0,380.0,17454.063270490482,324.2075461894274,60166.864993050694,23.714285714285715
1791184516,2,,Aggregated,0.000000,0.000000,0,0,0,0,0,0,0,0,0,0,0,116,0,20,4234.728427852729,1.9543510861694813,60166.864993050694,22.275862068965516
1791184517,2,POST,/api/playground/conversations,0.000000,0.000000,0,0,0,0,0,0,0,0,0,0,0,30,0,7,8.750982629135251,5.520136095583439,20.350771956145763,38.0
1791184517,2,POST,/api/playground/conversations/{conversation_id}/chat/sse,0.000000,0.000000,0,0,0,0,0,0,0,0,0,0,0,28,0,2,2.5441862443195924,1.9543510861694813,6.363210268318653,0.0
1791184517,2,POST,/api/playground/conversations/{conversation_id}/chat/{chat_id}/attachment,0.000000,0.000000,0,0,0,0,0,0,0,0,0,0,0,30,0,69,72.69864544893305,54.50243316590786,136.90107502043247,26.0
1791184517,2,TXN,multimodal_e2e,0.000000,0.000000,0,0,0,0,0,0,0,0,0,0,0,28,0,380.0,17454.063270490482,324.2075461894274,60166.864993050694,23.714285714285715
1791184517,2,,Aggregated,0.000000,0.000000,0,0,0,0,0,0,0,0,0,0,0,116,0,20,4234.728427852729,1.9543510861694813,60166.864993050694,22.275862068965516
1791184518,2,POST,/api/playground/conversations,0.000000,0.000000,0,0,0,0,0,0,0,0,0,0,0,30,0,7,8.750982629135251,5.520136095583439,20.350771956145763,38.0
1791184518,2,POST,/api/playground/conversations/{conversation_id}/chat/sse,0.000000,0.000000,0,0,0,0,0,0,0,0,0,0,0,28,0,2,2.5441862443195924,1.9543510861694813,6.363210268318653,0.0
1791184518,2,POST,/api/playground/conversations/{conversation_id}/chat/{chat_id}/attachment,0.000000,0.000000,0,0,0,0,0,0,0,0,0,0,0,30,0,69,72.69864544893305,54.50243316590786,136.90107502043247,26.0
1791184518,2,TXN,multimodal_e2e,0.000000,0.000000,0,0,0,0,0,0,0,0,0,0,0,28,0,380.0,17454.063270490482,324.2075461894274,60166.864993050694,23.714285714285715
1791184518,2,,Aggregated,0.000000,0.000000,0,0,0,0,0,0,0,0,0,0,0,116,0,20,4234.728427852729,1.9543510861694813,60166.864993050694,22.275862068965516
1791184519,2,POST,/api/playground/conversations,0.000000,0.000000,0,0,0,0,0,0,0,0,0,0,0,30,0,7,8.750982629135251,5.520136095583439,20.350771956145763,38.0
1791184519,2,POST,/api/playground/conversations/{conversation_id}/chat/sse,0.000000,0.000000,0,0,0,0,0,0,0,0,0,0,0,28,0,2,2.5441862443195924,1.9543510861694813,6.363210268318653,0.0
1791184519,2,POST,/api/playground/conversations/{conversation_id}/chat/{chat_id}/attachment,0.000000,0.000000,0,0,0,0,0,0,0,0,0,0,0,30,0,69,72.69864544893305,54.50243316590786,136.90107502043247,26.0
1791184519,2,TXN,multimodal_e2e,0.000000,0.000000,0,0,0,0,0,0,0,0,0,0,0,28,0,380.0,17454.063270490482,324.2075461894274,60166.864993050694,23.714285714285715
1791184519,2,,Aggregated,0.000000,0.000000,0,0,0,0,0,0,0,0,0,0,0,116,0,20,4234.728427852729,1.9543510861694813,60166.864993050694,22.275862068965516
1791184520,2,POST,/api/playground/conversations,0.000000,0.000000,0,0,0,0,0,0,0,0,0,0,0,30,0,7,8.750982629135251,5.520136095583439,20.350771956145763,38.0
1791184520,2,POST,/api/playground/conversations/{conversation_id}/chat/sse,0.000000,0.000000,0,0,0,0,0,0,0,0,0,0,0,28,0,2,2.5441862443195924,1.9543510861694813,6.363210268318653,0.0
1791184520,2,POST,/api/playground/conversations/{conversation_id}/chat/{chat_id}/attachment,0.000000,0.000000,0,0,0,0,0,0,0,0,0,0,0,30,0,69,72.69864544893305,54.50243316590786,136.90107502043247,26.0
1791184520,2,TXN,multimodal_e2e,0.000000,0.000000,0,0,0,0,0,0,0,0,0,0,0,28,0,380.0,17454.063270490482,324.2075461894274,60166.864993050694,23.714285714285715
1791184520,2,,Aggregated,0.000000,0.000000,0,0,0,0,0,0,0,0,0,0,0,116,0,20,4234.728427852729,1.9543510861694813,60166.864993050694,22.275862068965516
1791184521,2,POST,/api/playground/conversations,0.000000,0.000000,0,0,0,0,0,0,0,0,0,0,0,30,0,7,8.750982629135251,5.520136095583439,20.350771956145763,38.0
1791184521,2,POST,/api/playground/conversations/{conversation_id}/chat/sse,0.000000,0.000000,0,0,0,0,0,0,0,0,0,0,0,28,0,2,2.5441862443195924,1.9543510861694813,6.363210268318653,0.0
1791184521,2,POST,/api/playground/conversations/{conversation_id}/chat/{chat_id}/attachment,0.000000,0.000000,0,0,0,0,0,0,0,0,0,0,0,30,0,69,72.69864544893305,54.50243316590786,136.90107502043247,26.0
1791184521,2,TXN,multimodal_e2e,0.000000,0.000000,0,0,0,0,0,0,0,0,0,0,0,28,0,380.0,17454.063270490482,324.2075461894274,60166.864993050694,23.714285714285715
1791184521,2,,Aggregated,0.000000,0.000000,0,0,0,0,0,0,0,0,0,0,0,116,0,20,4234.728427852729,1.9543510861694813,60166.864993050694,22.275862068965516
1791184522,2,POST,/api/playground/conversations,0.000000,0.000000,0,0,0,0,0,0,0,0,0,0,0,30,0,7,8.750982629135251,5.520136095583439,20.350771956145763,38.0
1791184522,2,POST,/api/playground/conversations/{conversation_id}/chat/sse,0.000000,0.000000,0,0,0,0,0,0,0,0,0,0,0,28,0,2,2.5441862443195924,1.9543510861694813,6.363210268318653,0.0
1791184522,2,POST,/api/playground/conversations/{conversation_id}/chat/{chat_id}/attachment,0.000000,0.000000,0,0,0,0,0,0,0,0,0,0,0,30,0,69,72.69864544893305,54.50243316590786,136.90107502043247,26.0
1791184522,2,TXN,multimodal_e2e,0.000000,0.000000,0,0,0,0,0,0,0,0,0,0,0,28,0,380.0,17454.063270490482,324.2075461894274,60166.864993050694,23.714285714285715
1791184522,2,,Aggregated,0.000000,0.000000,0,0,0,0,0,0,0,0,0,0,0,116,0,20,4234.728427852729,1.9543510861694813,60166.864993050694,22.275862068965516
1791184523,2,POST,/api/playground/conversations,0.000000,0.000000,0,0,0,0,0,0,0,0,0,0,0,30,0,7,8.750982629135251,5.520136095583439,20.350771956145763,38.0
1791184523,2,POST,/api/playground/conversations/{conversation_id}/chat/sse,0.000000,0.000000,0,0,0,0,0,0,0,0,0,0,0,28,0,2,2.5441862443195924,1.9543510861694813,6.363210268318653,0.0
1791184523,2,POST,/api/playground/conversations/{conversation_id}/chat/{chat_id}/attachment,0.000000,0.000000,0,0,0,0,0,0,0,0,0,0,0,30,0,69,72.69864544893305,54.50243316590786,136.90107502043247,26.0
1791184523,2,TXN,multimodal_e2e,0.000000,0.000000,0,0,0,0,0,0,0,0,0,0,0,28,0,380.0,17454.063270490482,324.2075461894274,60166.864993050694,23.714285714285715
1791184523,2,,Aggregated,0.000000,0.000000,0,0,0,0,0,0,0,0,0,0,0,116,0,20,4234.728427852729,1.9543510861694813,60166.864993050694,22.275862068965516
1791184524,2,POST,/api/playground/conversations,0.000000,0.000000,0,0,0,0,0,0,0,0,0,0,0,30,0,7,8.750982629135251,5.520136095583439,20.350771956145763,38.0
1791184524,2,POST,/api/playground/conversations/{conversation_id}/chat/sse,0.000000,0.000000,0,0,0,0,0,0,0,0,0,0,0,28,0,2,2.5441862443195924,1.9543510861694813,6.363210268318653,0.0
1791184524,2,POST,/api/playground/conversations/{conversation_id}/chat/{chat_id}/attachment,0.000000,0.000000,0,0,0,0,0,0,0,0,0,0,0,30,0,69,72.69864544893305,54.50243316590786,136.90107502043247,26.0
1791184524,2,TXN,multimodal_e2e,0.000000,0.000000,0,0,0,0,0,0,0,0,0,0,0,28,0,380.0,17454.063270490482,324.2075461894274,60166.864993050694,23.714285714285715
1791184524,2,,Aggregated,0.000000,0.000000,0,0,0,0,0,0,0,0,0,0,0,116,0,20,4234.728427852729,1.9543510861694813,60166.864993050694,22.275862068965516
1791184525,2,POST,/api/playground/conversations,0.000000,0.000000,0,0,0,0,0,0,0,0,0,0,0,30,0,7,8.750982629135251,5.520136095583439,20.350771956145763,38.0
1791184525,2,POST,/api/playground/conversations/{conversation_id}/chat/sse,0.000000,0.000000,0,0,0,0,0,0,0,0,0,0,0,28,0,2,2.5441862443195924,1.9543510861694813,6.363210268318653,0.0
1791184525,2,POST,/api/playground/conversations/{conversation_id}/chat/{chat_id}/attachment,0.000000,0.000000,0,0,0,0,0,0,0,0,0,0,0,30,0,69,72.69864544893305,54.50243316590786,136.90107502043247,26.0
1791184525,2,TXN,multimodal_e2e,0.000000,0.000000,0,0,0,0,0,0,0,0,0,0,0,28,0,380.0,17454.063270490482,324.2075461894274,60166.864993050694,23.714285714285715
1791184525,2,,Aggregated,0.000000,0.000000,0,0,0,0,0,0,0,0,0,0,0,116,0,20,4234.728427852729,1.9543510861694813,60166.864993050694,22.275862068965516
1791184526,2,POST,/api/playground/conversations,0.000000,0.000000,0,0,0,0,0,0,0,0,0,0,0,30,0,7,8.750982629135251,5.520136095583439,20.350771956145763,38.0
1791184526,2,POST,/api/playground/conversations/{conversation_id}/chat/sse,0.000000,0.000000,0,0,0,0,0,0,0,0,0,0,0,28,0,2,2.5441862443195924,1.9543510861694813,6.363210268318653,0.0
1791184526,2,POST,/api/playground/conversations/{conversation_id}/chat/{chat_id}/attachment,0.000000,0.000000,0,0,0,0,0,0,0,0,0,0,0,30,0,69,72.69864544893305,54.50243316590786,136.90107502043247,26.0
1791184526,2,TXN,multimodal_e2e,0.000000,0.000000,0,0,0,0,0,0,0,0,0,0,0,28,0,380.0,17454.063270490482,324.2075461894274,60166.864993050694,23.714285714285715
1791184526,2,,Aggregated,0.000000,0.000000,0,0,0,0,0,0,0,0,0,0,0,116,0,20,4234.728427852729,1.9543510861694813,60166.864993050694,22.275862068965516
1791184527,2,POST,/api/playground/conversations,0.000000,0.000000,0,0,0,0,0,0,0,0,0,0,0,30,0,7,8.750982629135251,5.520136095583439,20.350771956145763,38.0
1791184527,2,POST,/api/playground/conversations/{conversation_id}/chat/sse,0.000000,0.000000,0,0,0,0,0,0,0,0,0,0,0,28,0,2,2.5441862443195924,1.9543510861694813,6.363210268318653,0.0
1791184527,2,POST,/api/playground/conversations/{conversation_id}/chat/{chat_id}/attachment,0.000000,0.000000,0,0,0,0,0,0,0,0,0,0,0,30,0,69,72.69864544893305,54.50243316590786,136.90107502043247,26.0
1791184527,2,TXN,multimodal_e2e,0.000000,0.000000,0,0,0,0,0,0,0,0,0,0,0,28,0,380.0,17454.063270490482,324.2075461894274,60166.864993050694,23.714285714285715
1791184527,2,,Aggregated,0.000000,0.000000,0,0,0,0,0,0,0,0,0,0,0,116,0,20,4234.728427852729,1.9543510861694813,60166.864993050694,22.275862068965516
1791184528,2,POST,/api/playground/conversations,0.000000,0.000000,0,0,0,0,0,0,0,0,0,0,0,30,0,7,8.750982629135251,5.520136095583439,20.350771956145763,38.0
1791184528,2,POST,/api/playground/conversations/{conversation_id}/chat/sse,0.000000,0.000000,0,0,0,0,0,0,0,0,0,0,0,28,0,2,2.5441862443195924,1.9543510861694813,6.363210268318653,0.0
1791184528,2,POST,/api/playground/conversations/{conversation_id}/chat/{chat_id}/attachment,0.000000,0.000000,0,0,0,0,0,0,0,0,0,0,0,30,0,69,72.69864544893305,54.50243316590786,136.90107502043247,26.0
1791184528,2,TXN,multimodal_e2e,0.000000,0.000000,0,0,0,0,0,0,0,0,0,0,0,28,0,380.0,17454.063270490482,324.2075461894274,60166.864993050694,23.714285714285715
1791184528,2,,Aggregated,0.000000,0.000000,0,0,0,0,0,0,0,0,0,0,0,116,0,20,4234.728427852729,1.9543510861694813,60166.864993050694,22.275862068965516
1791184529,2,POST,/api/playground/conversations,0.000000,0.000000,0,0,0,0,0,0,0,0,0,0,0,30,0,7,8.750982629135251,5.520136095583439,20.350771956145763,38.0
1791184529,2,POST,/api/playground/conversations/{conversation_id}/chat/sse,0.000000,0.000000,0,0,0,0,0,0,0,0,0,0,0,28,0,2,2.5441862443195924,1.9543510861694813,6.363210268318653,0.0
1791184529,2,POST,/api/playground/conversations/{conversation_id}/chat/{chat_id}/attachment,0.000000,0.000000,0,0,0,0,0,0,0,0,0,0,0,30,0,69,72.69864544893305,54.50243316590786,136.90107502043247,26.0
1791184529,2,TXN,multimodal_e2e,0.000000,0.000000,0,0,0,0,0,0,0,0,0,0,0,28,0,380.0,17454.063270490482,324.2075461894274,60166.864993050694,23.714285714285715
1791184529,2,,Aggregated,0.000000,0.000000,0,0,0,0,0,0,0,0,0,0,0,116,0,20,4234.728427852729,1.9543510861694813,60166.864993050694,22.275862068965516
1791184530,2,POST,/api/playground/conversations,0.000000,0.000000,0,0,0,0,0,0,0,0,0,0,0,30,0,7,8.750982629135251,5.520136095583439,20.350771956145763,38.0
1791184530,2,POST,/api/playground/conversations/{conversation_id}/chat/sse,0.000000,0.000000,0,0,0,0,0,0,0,0,0,0,0,28,0,2,2.5441862443195924,1.9543510861694813,6.363210268318653,0.0
1791184530,2,POST,/api/playground/conversations/{conversation_id}/chat/{chat_id}/attachment,0.000000,0.000000,0,0,0,0,0,0,0,0,0,0,0,30,0,69,72.69864544893305,54.50243316590786,136.90107502043247,26.0
1791184530,2,TXN,multimodal_e2e,0.000000,0.000000,0,0,0,0,0,0,0,0,0,0,0,28,0,380.0,17454.063270490482,324.2075461894274,60166.864993050694,23.714285714285715
1791184530,2,,Aggregated,0.000000,0.000000,0,0,0,0,0,0,0,0,0,0,0,116,0,20,4234.728427852729,1.9543510861694813,60166.864993050694,22.275862068965516
1791184531,2,POST,/api/playground/conversations,0.000000,0.000000,0,0,0,0,0,0,0,0,0,0,0,30,0,7,8.750982629135251,5.520136095583439,20.350771956145763,38.0
1791184531,2,POST,/api/playground/conversations/{conversation_id}/chat/sse,0.000000,0.000000,0,0,0,0,0,0,0,0,0,0,0,28,0,2,2.5441862443195924,1.9543510861694813,6.363210268318653,0.0
1791184531,2,POST,/api/playground/conversations/{conversation_id}/chat/{chat_id}/attachment,0.000000,0.000000,0,0,0,0,0,0,0,0,0,0,0,30,0,69,72.69864544893305,54.50243316590786,136.90107502043247,26.0
1791184531,2,TXN,multimodal_e2e,0.000000,0.000000,0,0,0,0,0,0,0,0,0,0,0,28,0,380.0,17454.063270490482,324.2075461894274,60166.864993050694,23.714285714285715
1791184531,2,,Aggregated,0.000000,0.000000,0,0,0,0,0,0,0,0,0,0,0,116,0,20,4234.728427852729,1.9543510861694813,60166.864993050694,22.275862068965516
1791184532,2,POST,/api/playground/conversations,0.000000,0.000000,0,0,0,0,0,0,0,0,0,0,0,30,0,7,8.750982629135251,5.520136095583439,20.350771956145763,38.0
1791184532,2,POST,/api/playground/conversations/{conversation_id}/chat/sse,0.000000,0.000000,0,0,0,0,0,0,0,0,0,0,0,28,0,2,2.5441862443195924,1.9543510861694813,6.363210268318653,0.0
1791184532,2,POST,/api/playground/conversations/{conversation_id}/chat/{chat_id}/attachment,0.000000,0.000000,0,0,0,0,0,0,0,0,0,0,0,30,0,69,72.69864544893305,54.50243316590786,136.90107502043247,26.0
1791184532,2,TXN,multimodal_e2e,0.000000,0.000000,0,0,0,0,0,0,0,0,0,0,0,28,0,380.0,17454.063270490482,324.2075461894274,60166.864993050694,23.714285714285715
1791184532,2,,Aggregated,0.000000,0.000000,0,0,0,0,0,0,0,0,0,0,0,116,0,20,4234.728427852729,1.9543510861694813,60166.864993050694,22.275862068965516
1791184533,2,POST,/api/playground/conversations,0.000000,0.000000,0,0,0,0,0,0,0,0,0,0,0,30,0,7,8.750982629135251,5.520136095583439,20.350771956145763,38.0
1791184533,2,POST,/api/playground/conversations/{conversation_id}/chat/sse,0.000000,0.000000,0,0,0,0,0,0,0,0,0,0,0,28,0,2,2.5441862443195924,1.9543510861694813,6.363210268318653,0.0
1791184533,2,POST,/api/playground/conversations/{conversation_id}/chat/{chat_id}/attachment,0.000000,0.000000,0,0,0,0,0,0,0,0,0,0,0,30,0,69,72.69864544893305,54.50243316590786,136.90107502043247,26.0
1791184533,2,TXN,multimodal_e2e,0.000000,0.000000,0,0,0,0,0,0,0,0,0,0,0,28,0,380.0,17454.063270490482,324.2075461894274,60166.864993050694,23.714285714285715
1791184533,2,,Aggregated,0.000000,0.000000,0,0,0,0,0,0,0,0,0,0,0,116,0,20,4234.728427852729,1.9543510861694813,60166.864993050694,22.275862068965516
1791184534,2,POST,/api/playground/conversations,0.000000,0.000000,0,0,0,0,0,0,0,0,0,0,0,30,0,7,8.750982629135251,5.520136095583439,20.350771956145763,38.0
1791184534,2,POST,/api/playground/conversations/{conversation_id}/chat/sse,0.000000,0.000000,0,0,0,0,0,0,0,0,0,0,0,28,0,2,2.5441862443195924,1.9543510861694813,6.363210268318653,0.0
1791184534,2,POST,/api/playground/conversations/{conversation_id}/chat/{chat_id}/attachment,0.000000,0.000000,0,0,0,0,0,0,0,0,0,0,0,30,0,69,72.69864544893305,54.50243316590786,136.90107502043247,26.0
1791184534,2,TXN,multimodal_e2e,0.000000,0.000000,0,0,0,0,0,0,0,0,0,0,0,28,0,380.0,17454.063270490482,324.2075461894274,60166.864993050694,23.714285714285715
1791184534,2,,Aggregated,0.000000,0.000000,0,0,0,0,0,0,0,0,0,0,0,116,0,20,4234.728427852729,1.9543510861694813,60166.864993050694,22.275862068965516
1791184535,2,POST,/api/playground/conversations,0.000000,0.000000,0,0,0,0,0,0,0,0,0,0,0,30,0,7,8.750982629135251,5.520136095583439,20.350771956145763,38.0
1791184535,2,POST,/api/playground/conversations/{conversation_id}/chat/sse,0.000000,0.000000,0,0,0,0,0,0,0,0,0,0,0,28,0,2,2.5441862443195924,1.9543510861694813,6.363210268318653,0.0
1791184535,2,POST,/api/playground/conversations/{conversation_id}/chat/{chat_id}/attachment,0.000000,0.000000,0,0,0,0,0,0,0,0,0,0,0,30,0,69,72.69864544893305,54.50243316590786,136.90107502043247,26.0
1791184535,2,TXN,multimodal_e2e,0.000000,0.000000,0,0,0,0,0,0,0,0,0,0,0,28,0,380.0,17454.063270490482,324.2075461894274,60166.864993050694,23.714285714285715
1791184535,2,,Aggregated,0.000000,0.000000,0,0,0,0,0,0,0,0,0,0,0,116,0,20,4234.728427852729,1.9543510861694813,60166.864993050694,22.275862068965516
1791184536,2,POST,/api/playground/conversations,0.000000,0.000000,0,0,0,0,0,0,0,0,0,0,0,30,0,7,8.750982629135251,5.520136095583439,20.350771956145763,38.0
1791184536,2,POST,/api/playground/conversations/{conversation_id}/chat/sse,0.000000,0.000000,0,0,0,0,0,0,0,0,0,0,0,28,0,2,2.5441862443195924,1.9543510861694813,6.363210268318653,0.0
1791184536,2,POST,/api/playground/conversations/{conversation_id}/chat/{chat_id}/attachment,0.000000,0.000000,0,0,0,0,0,0,0,0,0,0,0,30,0,69,72.69864544893305,54.50243316590786,136.90107502043247,26.0
1791184536,2,TXN,multimodal_e2e,0.000000,0.000000,0,0,0,0,0,0,0,0,0,0,0,28,0,380.0,17454.063270490482,324.2075461894274,60166.864993050694,23.714285714285715
1791184536,2,,Aggregated,0.000000,0.000000,0,0,0,0,0,0,0,0,0,0,0,116,0,20,4234.728427852729,1.9543510861694813,60166.864993050694,22.275862068965516
1791184537,2,POST,/api/playground/conversations,0.000000,0.000000,0,0,0,0,0,0,0,0,0,0,0,30,0,7,8.750982629135251,5.520136095583439,20.350771956145763,38.0
1791184537,2,POST,/api/playground/conversations/{conversation_id}/chat/sse,0.000000,0.000000,0,0,0,0,0,0,0,0,0,0,0,28,0,2,2.5441862443195924,1.9543510861694813,6.363210268318653,0.0
1791184537,2,POST,/api/playground/conversations/{conversation_id}/chat/{chat_id}/attachment,0.000000,0.000000,0,0,0,0,0,0,0,0,0,0,0,30,0,69,72.69864544893305,54.50243316590786,136.90107502043247,26.0
1791184537,2,TXN,multimodal_e2e,0.000000,0.000000,0,0,0,0,0,0,0,0,0,0,0,28,0,380.0,17454.063270490482,324.2075461894274,60166.864993050694,23.714285714285715
1791184537,2,,Aggregated,0.000000,0.000000,0,0,0,0,0,0,0,0,0,0,0,116,0,20,4234.728427852729,1.9543510861694813,60166.864993050694,22.275862068965516
1791184538,2,POST,/api/playground/conversations,0.000000,0.000000,0,0,0,0,0,0,0,0,0,0,0,30,0,7,8.750982629135251,5.520136095583439,20.350771956145763,38.0
1791184538,2,POST,/api/playground/conversations/{conversation_id}/chat/sse,0.000000,0.000000,0,0,0,0,0,0,0,0,0,0,0,28,0,2,2.5441862443195924,1.9543510861694813,6.363210268318653,0.0
1791184538,2,POST,/api/playground/conversations/{conversation_id}/chat/{chat_id}/attachment,0.000000,0.000000,0,0,0,0,0,0,0,0,0,0,0,30,0,69,72.69864544893305,54.50243316590786,136.90107502043247,26.0
1791184538,2,TXN,multimodal_e2e,0.000000,0.000000,0,0,0,0,0,0,0,0,0,0,0,28,0,380.0,17454.063270490482,324.2075461894274,60166.864993050694,23.714285714285715
1791184538,2,,Aggregated,0.000000,0.000000,0,0,0,0,0,0,0,0,0,0,0,116,0,20,4234.728427852729,1.9543510861694813,60166.864993050694,22.275862068965516
1791184539,2,POST,/api/playground/conversations,0.000000,0.000000,0,0,0,0,0,0,0,0,0,0,0,30,0,7,8.750982629135251,5.520136095583439,20.350771956145763,38.0
1791184539,2,POST,/api/playground/conversations/{conversation_id}/chat/sse,0.000000,0.000000,0,0,0,0,0,0,0,0,0,0,0,28,0,2,2.5441862443195924,1.9543510861694813,6.363210268318653,0.0
1791184539,2,POST,/api/playground/conversations/{conversation_id}/chat/{chat_id}/attachment,0.000000,0.000000,0,0,0,0,0,0,0,0,0,0,0,30,0,69,72.69864544893305,54.50243316590786,136.90107502043247,26.0
1791184539,2,TXN,multimodal_e2e,0.000000,0.000000,0,0,0,0,0,0,0,0,0,0,0,28,0,380.0,17454.063270490482,324.2075461894274,60166.864993050694,23.714285714285715
1791184539,2,,Aggregated,0.000000,0.000000,0,0,0,0,0,0,0,0,0,0,0,116,0,20,4234.728427852729,1.9543510861694813,60166.864993050694,22.275862068965516
1791184540,2,POST,/api/playground/conversations,0.000000,0.000000,0,0,0,0,0,0,0,0,0,0,0,30,0,7,8.750982629135251,5.520136095583439,20.350771956145763,38.0
1791184540,2,POST,/api/playground/conversations/{conversation_id}/chat/sse,0.000000,0.000000,0,0,0,0,0,0,0,0,0,0,0,28,0,2,2.5441862443195924,1.9543510861694813,6.363210268318653,0.0
1791184540,2,POST,/api/playground/conversations/{conversation_id}/chat/{chat_id}/attachment,0.000000,0.000000,0,0,0,0,0,0,0,0,0,0,0,30,0,69,72.69864544893305,54.50243316590786,136.90107502043247,26.0
1791184540,2,TXN,multimodal_e2e,0.000000,0.000000,0,0,0,0,0,0,0,0,0,0,0,28,0,380.0,17454.063270490482,324.2075461894274,60166.864993050694,23.714285714285715
1791184540,2,,Aggregated,0.000000,0.000000,0,0,0,0,0,0,0,0,0,0,0,116,0,20,4234.728427852729,1.9543510861694813,60166.864993050694,22.275862068965516
1791184541,2,POST,/api/playground/conversations,0.000000,0.000000,0,0,0,0,0,0,0,0,0,0,0,30,0,7,8.750982629135251,5.520136095583439,20.350771956145763,38.0
1791184541,2,POST,/api/playground/conversations/{conversation_id}/chat/sse,0.000000,0.000000,0,0,0,0,0,0,0,0,0,0,0,28,0,2,2.5441862443195924,1.9543510861694813,6.363210268318653,0.0
1791184541,2,POST,/api/playground/conversations/{conversation_id}/chat/{chat_id}/attachment,0.000000,0.000000,0,0,0,0,0,0,0,0,0,0,0,30,0,69,72.69864544893305,54.50243316590786,136.90107502043247,26.0
1791184541,2,TXN,multimodal_e2e,0.000000,0.000000,0,0,0,0,0,0,0,0,0,0,0,28,0,380.0,17454.063270490482,324.2075461894274,60166.864993050694,23.714285714285715
1791184541,2,,Aggregated,0.000000,0.000000,0,0,0,0,0,0,0,0,0,0,0,116,0,20,4234.728427852729,1.9543510861694813,60166.864993050694,22.275862068965516
1791184542,2,POST,/api/playground/conversations,0.000000,0.000000,0,0,0,0,0,0,0,0,0,0,0,30,0,7,8.750982629135251,5.520136095583439,20.350771956145763,38.0
1791184542,2,POST,/api/playground/conversations/{conversation_id}/chat/sse,0.000000,0.000000,0,0,0,0,0,0,0,0,0,0,0,28,0,2,2.5441862443195924,1.9543510861694813,6.363210268318653,0.0
1791184542,2,POST,/api/playground/conversations/{conversation_id}/chat/{chat_id}/attachment,0.000000,0.000000,0,0,0,0,0,0,0,0,0,0,0,30,0,69,72.69864544893305,54.50243316590786,136.90107502043247,26.0
1791184542,2,TXN,multimodal_e2e,0.000000,0.000000,0,0,0,0,0,0,0,0,0,0,0,28,0,380.0,17454.063270490482,324.2075461894274,60166.864993050694,23.714285714285715
1791184542,2,,Aggregated,0.000000,0.000000,0,0,0,0,0,0,0,0,0,0,0,116,0,20,4234.728427852729,1.9543510861694813,60166.864993050694,22.275862068965516
1791184543,2,POST,/api/playground/conversations,0.000000,0.000000,0,0,0,0,0,0,0,0,0,0,0,30,0,7,8.750982629135251,5.520136095583439,20.350771956145763,38.0
1791184543,2,POST,/api/playground/conversations/{conversation_id}/chat/sse,0.000000,0.000000,0,0,0,0,0,0,0,0,0,0,0,28,0,2,2.5441862443195924,1.9543510861694813,6.363210268318653,0.0
1791184543,2,POST,/api/playground/conversations/{conversation_id}/chat/{chat_id}/attachment,0.000000,0.000000,0,0,0,0,0,0,0,0,0,0,0,30,0,69,72.69864544893305,54.50243316590786,136.90107502043247,26.0
1791184543,2,TXN,multimodal_e2e,0.000000,0.000000,0,0,0,0,0,0,0,0,0,0,0,28,0,380.0,17454.063270490482,324.2075461894274,60166.864993050694,23.714285714285715
1791184543,2,,Aggregated,0.000000,0.000000,0,0,0,0,0,0,0,0,0,0,0,116,0,20,4234.728427852729,1.9543510861694813,60166.864993050694,22.275862068965516
1791184544,2,POST,/api/playground/conversations,0.000000,0.000000,0,0,0,0,0,0,0,0,0,0,0,30,0,7,8.750982629135251,5.520136095583439,20.350771956145763,38.0
1791184544,2,POST,/api/playground/conversations/{conversation_id}/chat/sse,0.000000,0.000000,0,0,0,0,0,0,0,0,0,0,0,28,0,2,2.5441862443195924,1.9543510861694813,6.363210268318653,0.0
1791184544,2,POST,/api/playground/conversations/{conversation_id}/chat/{chat_id}/attachment,0.000000,0.000000,0,0,0,0,0,0,0,0,0,0,0,30,0,69,72.69864544893305,54.50243316590786,136.90107502043247,26.0
1791184544,2,TXN,multimodal_e2e,0.000000,0.000000,0,0,0,0,0,0,0,0,0,0,0,28,0,380.0,17454.063270490482,324.2075461894274,60166.864993050694,23.714285714285715
1791184544,2,,Aggregated,0.000000,0.000000,0,0,0,0,0,0,0,0,0,0,0,116,0,20,4234.728427852729,1.9543510861694813,60166.864993050694,22.275862068965516
1791184545,2,POST,/api/playground/conversations,0.000000,0.000000,0,0,0,0,0,0,0,0,0,0,0,30,0,7,8.750982629135251,5.520136095583439,20.350771956145763,38.0
1791184545,2,POST,/api/playground/conversations/{conversation_id}/chat/sse,0.000000,0.000000,0,0,0,0,0,0,0,0,0,0,0,28,0,2,2.5441862443195924,1.9543510861694813,6.363210268318653,0.0
1791184545,2,POST,/api/playground/conversations/{conversation_id}/chat/{chat_id}/attachment,0.000000,0.000000,0,0,0,0,0,0,0,0,0,0,0,30,0,69,72.69864544893305,54.50243316590786,136.90107502043247,26.0
1791184545,2,TXN,multimodal_e2e,0.000000,0.000000,0,0,0,0,0,0,0,0,0,0,0,28,0,380.0,17454.063270490482,324.2075461894274,60166.864993050694,23.714285714285715
1791184545,2,,Aggregated,0.000000,0.000000,0,0,0,0,0,0,0,0,0,0,0,116,0,20,4234.728427852729,1.9543510861694813,60166.864993050694,22.275862068965516
1791184546,2,POST,/api/playground/conversations,0.000000,0.000000,0,0,0,0,0,0,0,0,0,0,0,30,0,7,8.750982629135251,5.520136095583439,20.350771956145763,38.0
1791184546,2,POST,/api/playground/conversations/{conversation_id}/chat/sse,0.000000,0.000000,0,0,0,0,0,0,0,0,0,0,0,28,0,2,2.5441862443195924,1.9543510861694813,6.363210268318653,0.0
1791184546,2,POST,/api/playground/conversations/{conversation_id}/chat/{chat_id}/attachment,0.000000,0.000000,0,0,0,0,0,0,0,0,0,0,0,30,0,69,72.69864544893305,54.50243316590786,136.90107502043247,26.0
1791184546,2,TXN,multimodal_e2e,0.000000,0.000000,0,0,0,0,0,0,0,0,0,0,0,28,0,380.0,17454.063270490482,324.2075461894274,60166.864993050694,23.714285714285715
1791184546,2,,Aggregated,0.000000,0.000000,0,0,0,0,0,0,0,0,0,0,0,116,0,20,4234.728427852729,1.9543510861694813,60166.864993050694,22.275862068965516
1791184547,2,POST,/api/playground/conversations,0.000000,0.000000,0,0,0,0,0,0,0,0,0,0,0,30,0,7,8.750982629135251,5.520136095583439,20.350771956145763,38.0
1791184547,2,POST,/api/playground/conversations/{conversation_id}/chat/sse,0.000000,0.000000,0,0,0,0,0,0,0,0,0,0,0,28,0,2,2.5441862443195924,1.9543510861694813,6.363210268318653,0.0
1791184547,2,POST,/api/playground/conversations/{conversation_id}/chat/{chat_id}/attachment,0.000000,0.000000,0,0,0,0,0,0,0,0,0,0,0,30,0,69,72.69864544893305,54.50243316590786,136.90107502043247,26.0
1791184547,2,TXN,multimodal_e2e,0.000000,0.000000,0,0,0,0,0,0,0,0,0,0,0,28,0,380.0,17454.063270490482,324.2075461894274,60166.864993050694,23.714285714285715
1791184547,2,,Aggregated,0.000000,0.000000,0,0,0,0,0,0,0,0,0,0,0,116,0,20,4234.728427852729,1.9543510861694813,60166.864993050694,22.275862068965516
1791184548,2,POST,/api/playground/conversations,0.000000,0.000000,0,0,0,0,0,0,0,0,0,0,0,30,0,7,8.750982629135251,5.520136095583439,20.350771956145763,38.0
1791184548,2,POST,/api/playground/conversations/{conversation_id}/chat/sse,0.000000,0.000000,0,0,0,0,0,0,0,0,0,0,0,28,0,2,2.5441862443195924,1.9543510861694813,6.363210268318653,0.0
1791184548,2,POST,/api/playground/conversations/{conversation_id}/chat/{chat_id}/attachment,0.000000,0.000000,0,0,0,0,0,0,0,0,0,0,0,30,0,69,72.69864544893305,54.50243316590786,136.90107502043247,26.0
1791184548,2,TXN,multimodal_e2e,0.000000,0.000000,0,0,0,0,0,0,0,0,0,0,0,28,0,380.0,17454.063270490482,324.2075461894274,60166.864993050694,23.714285714285715
1791184548,2,,Aggregated,0.000000,0.000000,0,0,0,0,0,0,0,0,0,0,0,116,0,20,4234.728427852729,1.9543510861694813,60166.864993050694,22.275862068965516
