Timestamp,User Count,Type,Name,Requests/s,Failures/s,50%,66%,75%,80%,90%,95%,98%,99%,99.9%,99.99%,100%,Total Request Count,Total Failure Count,Total Median Response Time,Total Average Response Time,Total Min Response Time,Total Max Response Time,Total Average Content Size
1791184554,0,,Aggregated,0.000000,0.000000,N/A,N/A,N/A,N/A,N/A,N/A,N/A,N/A,N/A,N/A,N/A,0,0,0,0.0,0,0,0
1791184555,2,POST,/api/playground/conversations,0.000000,0.000000,0,0,0,0,0,0,0,0,0,0,0,4,0,6,11.888666544109583,5.799607839435339,18.435532692819834,38.0
1791184555,2,POST,/api/playground/conversations/{conversation_id}/chat/sse,0.000000,0.000000,0,0,0,0,0,0,0,0,0,0,0,2,0,2.032182179391384,2.433587098494172,2.032182179391384,2.83499201759696,0.0
1791184555,2,POST,/api/playground/conversations/{conversation_id}/chat/{chat_id}/attachment,0.000000,0.000000,0,0,0,0,0,0,0,0,0,0,0,4,0,68,83.04452791344374,66.27387180924416,99.19388592243195,26.0
1791184555,2,TXN,multimodal_e2e,0.000000,0.000000,0,0,0,0,0,0,0,0,0,0,0,2,0,350.0,380.546479485929,346.54054092243314,414.5524180494249,15.5
1791184555,2,,Aggregated,0.000000,0.000000,0,0,0,0,0,0,0,0,0,0,0,12,0,18,95.47440924992164,2.032182179391384,414.5524180494249,23.916666666666668
1791184556,4,POST,/api/playground/conversations,0.000000,0.000000,9,9,9,9,10,10,10,10,10,10,10,9,0,9,10.025007029374441,5.799607839435339,18.435532692819834,38.0
1791184556,4,POST,/api/playground/conversations/{conversation_id}/chat/sse,0.000000,0.000000,2,2,4,4,4,4,4,4,4,4,4,5,0,2,2.5081091560423374,1.8321960233151913,3.7093330174684525,0.0
1791184556,4,POST,/api/playground/conversations/{conversation_id}/chat/{chat_id}/attachment,0.000000,0.000000,110,110,130,130,130,130,130,130,130,130,130,9,0,99,98.06850940609972,66.27387180924416,127.92078778147697,26.0
1791184556,4,TXN,multimodal_e2e,0.000000,0.000000,400,400,500,500,500,500,500,500,500,500,500,5,0,400.0,402.31003537774086,346.54054092243314,504.2657498270273,18.2
1791184556,4,,Aggregated,0.000000,0.000000,68,110,130,350,400,500,500,500,500,500,500,28,0,18,107.03329894957798,1.8321960233151913,504.2657498270273,23.821428571428573
1791184557,4,POST,/api/playground/conversations,3.000000,0.000000,8,8,9,9,10,10,10,10,10,10,10,12,0,8,9.2929636205857,5.799607839435339,18.435532692819834,38.0
1791184557,4,POST,/api/playground/conversations/{conversation_id}/chat/sse,1.000000,0.000000,3,3,4,4,4,4,4,4,4,4,4,8,0,3,2.759956114459783,1.8321960233151913,4.279410000890493,0.0
1791184557,4,POST,/api/playground/conversations/{conversation_id}/chat/{chat_id}/attachment,3.000000,0.000000,110,110,130,130,130,130,130,130,130,130,130,11,0,99,93.54979731142521,66.27387180924416,127.92078778147697,26.0
1791184557,4,TXN,multimodal_e2e,1.000000,0.000000,390,400,500,500,670,670,670,670,670,670,670,8,0,390.0,429.8670468851924,346.54054092243314,671.9650640152395,20.375
1791184557,4,,Aggregated,8.000000,0.000000,10,110,130,350,390,500,670,670,670,670,670,39,0,18,117.989214304357,1.8321960233151913,671.9650640152395,23.205128205128204
1791184558,4,POST,/api/playground/conversations,3.000000,0.000000,8,8,9,9,10,10,10,10,10,10,10,13,0,8,9.126635662351664,5.799607839435339,18.435532692819834,38.0
1791184558,4,POST,/api/playground/conversations/{conversation_id}/chat/sse,1.000000,0.000000,3,3,4,4,4,4,4,4,4,4,4,9,0,3,2.7267107636564307,1.8321960233151913,4.279410000890493,0.0
1791184558,4,POST,/api/playground/conversations/{conversation_id}/chat/{chat_id}/attachment,3.000000,0.000000,79,110,110,130,130,130,130,130,130,130,130,13,0,79,90.48279496626212,66.27387180924416,127.92078778147697,26.0
1791184558,4,TXN,multimodal_e2e,1.000000,0.000000,390,400,500,500,670,670,670,670,670,670,670,9,0,390.0,421.59108232913746,346.54054092243314,671.9650640152395,19.333333333333332
1791184558,4,,Aggregated,8.000000,0.000000,68,79,130,350,390,500,670,670,670,670,670,44,0,18,116.22233490925282,1.8321960233151913,671.9650640152395,22.863636363636363
1791184559,4,POST,/api/playground/conversations,3.000000,0.000000,8,8,9,9,10,10,10,10,10,10,10,13,0,8,9.126635662351664,5.799607839435339,18.435532692819834,38.0
1791184559,4,POST,/api/playground/conversations/{conversation_id}/chat/sse,1.000000,0.000000,3,3,4,4,4,4,4,4,4,4,4,9,0,3,2.7267107636564307,1.8321960233151913,4.279410000890493,0.0
1791184559,4,POST,/api/playground/conversations/{conversation_id}/chat/{chat_id}/attachment,3.000000,0.000000,79,110,110,130,130,130,130,130,130,130,130,13,0,79,90.48279496626212,66.27387180924416,127.92078778147697,26.0
1791184559,4,TXN,multimodal_e2e,1.000000,0.000000,390,400,500,500,670,670,670,670,670,670,670,9,0,390.0,421.59108232913746,346.54054092243314,671.9650640152395,19.333333333333332
1791184559,4,,Aggregated,8.000000,0.000000,68,79,130,350,390,500,670,670,670,670,670,44,0,18,116.22233490925282,1.8321960233151913,671.9650640152395,22.863636363636363
1791184560,4,POST,/api/playground/conversations,3.000000,0.000000,8,8,9,9,10,10,10,10,10,10,10,13,0,8,9.126635662351664,5.799607839435339,18.435532692819834,38.0
1791184560,4,POST,/api/playground/conversations/{conversation_id}/chat/sse,1.000000,0.000000,3,3,4,4,4,4,4,4,4,4,4,9,0,3,2.7267107636564307,1.8321960233151913,4.279410000890493,0.0
1791184560,4,POST,/api/playground/conversations/{conversation_id}/chat/{chat_id}/attachment,3.000000,0.000000,79,110,110,130,130,130,130,130,130,130,130,13,0,79,90.48279496626212,66.27387180924416,127.92078778147697,26.0
1791184560,4,TXN,multimodal_e2e,1.000000,0.000000,390,400,500,500,670,670,670,670,670,670,670,9,0,390.0,421.59108232913746,346.54054092243314,671.9650640152395,19.333333333333332
1791184560,4,,Aggregated,8.000000,0.000000,68,79,130,350,390,500,670,670,670,670,670,44,0,18,116.22233490925282,1.8321960233151913,671.9650640152395,22.863636363636363
1791184561,4,POST,/api/playground/conversations,3.000000,0.000000,8,8,9,9,10,10,10,10,10,10,10,13,0,8,9.126635662351664,5.799607839435339,18.435532692819834,38.0
1791184561,4,POST,/api/playground/conversations/{conversation_id}/chat/sse,1.000000,0.000000,3,3,4,4,4,4,4,4,4,4,4,9,0,3,2.7267107636564307,1.8321960233151913,4.279410000890493,0.0
1791184561,4,POST,/api/playground/conversations/{conversation_id}/chat/{chat_id}/attachment,3.000000,0.000000,79,110,110,130,130,130,130,130,130,130,130,13,0,79,90.48279496626212,66.27387180924416,127.92078778147697,26.0
1791184561,4,TXN,multimodal_e2e,1.000000,0.000000,390,400,500,500,670,670,670,670,670,670,670,9,0,390.0,421.59108232913746,346.54054092243314,671.9650640152395,19.333333333333332
1791184561,4,,Aggregated,8.000000,0.000000,68,79,130,350,390,500,670,670,670,670,670,44,0,18,116.22233490925282,1.8321960233151913,671.9650640152395,22.863636363636363
1791184562,4,POST,/api/playground/conversations,3.000000,0.000000,8,8,9,9,10,10,10,10,10,10,10,13,0,8,9.126635662351664,5.799607839435339,18.435532692819834,38.0
1791184562,4,POST,/api/playground/conversations/{conversation_id}/chat/sse,1.000000,0.000000,3,3,4,4,4,4,4,4,4,4,4,9,0,3,2.7267107636564307,1.8321960233151913,4.279410000890493,0.0
1791184562,4,POST,/api/playground/conversations/{conversation_id}/chat/{chat_id}/attachment,3.000000,0.000000,79,110,110,130,130,130,130,130,130,130,130,13,0,79,90.48279496626212,66.27387180924416,127.92078778147697,26.0
1791184562,4,TXN,multimodal_e2e,1.000000,0.000000,390,400,500,500,670,670,670,670,670,670,670,9,0,390.0,421.59108232913746,346.54054092243314,671.9650640152395,19.333333333333332
1791184562,4,,Aggregated,8.000000,0.000000,68,79,130,350,390,500,670,670,670,670,670,44,0,18,116.22233490925282,1.8321960233151913,671.9650640152395,22.863636363636363
1791184563,4,POST,/api/playground/conversations,3.000000,0.000000,8,8,9,9,10,10,10,10,10,10,10,13,0,8,9.126635662351664,5.799607839435339,18.435532692819834,38.0
1791184563,4,POST,/api/playground/conversations/{conversation_id}/chat/sse,1.000000,0.000000,3,3,4,4,4,4,4,4,4,4,4,9,0,3,2.7267107636564307,1.8321960233151913,4.279410000890493,0.0
1791184563,4,POST,/api/playground/conversations/{conversation_id}/chat/{chat_id}/attachment,3.000000,0.000000,79,110,110,130,130,130,130,130,130,130,130,13,0,79,90.48279496626212,66.27387180924416,127.92078778147697,26.0
1791184563,4,TXN,multimodal_e2e,1.000000,0.000000,390,400,500,500,670,670,670,670,670,670,670,9,0,390.0,421.59108232913746,346.54054092243314,671.9650640152395,19.333333333333332
1791184563,4,,Aggregated,8.000000,0.000000,68,79,130,350,390,500,670,670,670,670,670,44,0,18,116.22233490925282,1.8321960233151913,671.9650640152395,22.863636363636363
1791184564,4,POST,/api/playground/conversations,3.000000,0.000000,8,8,9,9,10,10,10,10,10,10,10,13,0,8,9.126635662351664,5.799607839435339,18.435532692819834,38.0
1791184564,4,POST,/api/playground/conversations/{conversation_id}/chat/sse,1.000000,0.000000,3,3,4,4,4,4,4,4,4,4,4,9,0,3,2.7267107636564307,1.8321960233151913,4.279410000890493,0.0
1791184564,4,POST,/api/playground/conversations/{conversation_id}/chat/{chat_id}/attachment,3.000000,0.000000,79,110,110,130,130,130,130,130,130,130,130,13,0,79,90.48279496626212,66.27387180924416,127.92078778147697,26.0
1791184564,4,TXN,multimodal_e2e,1.000000,0.000000,390,400,500,500,670,670,670,670,670,670,670,9,0,390.0,421.59108232913746,346.54054092243314,671.9650640152395,19.333333333333332
1791184564,4,,Aggregated,8.000000,0.000000,68,79,130,350,390,500,670,670,670,670,670,44,0,18,116.22233490925282,1.8321960233151913,671.9650640152395,22.863636363636363
1791184565,4,POST,/api/playground/conversations,3.000000,0.000000,7,7,7,7,7,7,7,7,7,7,7,13,0,8,9.126635662351664,5.799607839435339,18.435532692819834,38.0
1791184565,4,POST,/api/playground/conversations/{conversation_id}/chat/sse,1.000000,0.000000,3,3,4,4,4,4,4,4,4,4,4,9,0,3,2.7267107636564307,1.8321960233151913,4.279410000890493,0.0
1791184565,4,POST,/api/playground/conversations/{conversation_id}/chat/{chat_id}/attachment,3.000000,0.000000,77,77,130,130,130,130,130,130,130,130,130,13,0,79,90.48279496626212,66.27387180924416,127.92078778147697,26.0
1791184565,4,TXN,multimodal_e2e,1.000000,0.000000,390,390,670,670,670,670,670,670,670,670,670,9,0,390.0,421.59108232913746,346.54054092243314,671.9650640152395,19.333333333333332
1791184565,4,,Aggregated,8.000000,0.000000,72,77,130,360,390,670,670,670,670,670,670,44,0,18,116.22233490925282,1.8321960233151913,671.9650640152395,22.863636363636363
1791184566,4,POST,/api/playground/conversations,3.000000,0.000000,7,7,7,7,7,7,7,7,7,7,7,13,0,8,9.126635662351664,5.799607839435339,18.435532692819834,38.0
1791184566,4,POST,/api/playground/conversations/{conversation_id}/chat/sse,1.000000,0.000000,3,3,3,3,3,3,3,3,3,3,3,9,0,3,2.7267107636564307,1.8321960233151913,4.279410000890493,0.0
1791184566,4,POST,/api/playground/conversations/{conversation_id}/chat/{chat_id}/attachment,3.000000,0.000000,72,72,75,75,75,75,75,75,75,75,75,13,0,79,90.48279496626212,66.27387180924416,127.92078778147697,26.0
1791184566,4,TXN,multimodal_e2e,1.000000,0.000000,370,370,370,370,370,370,370,370,370,370,370,9,0,390.0,421.59108232913746,346.54054092243314,671.9650640152395,19.333333333333332
1791184566,4,,Aggregated,8.000000,0.000000,70,72,75,360,370,370,370,370,370,370,370,44,0,18,116.22233490925282,1.8321960233151913,671.9650640152395,22.863636363636363
1791184567,4,POST,/api/playground/conversations,3.000000,0.000000,7,7,7,7,7,7,7,7,7,7,7,13,0,8,9.126635662351664,5.799607839435339,18.435532692819834,38.0
1791184567,4,POST,/api/playground/conversations/{conversation_id}/chat/sse,1.000000,0.000000,3,3,3,3,3,3,3,3,3,3,3,9,0,3,2.7267107636564307,1.8321960233151913,4.279410000890493,0.0
1791184567,4,POST,/api/playground/conversations/{conversation_id}/chat/{chat_id}/attachment,3.000000,0.000000,72,72,75,75,75,75,75,75,75,75,75,13,0,79,90.48279496626212,66.27387180924416,127.92078778147697,26.0
1791184567,4,TXN,multimodal_e2e,1.000000,0.000000,370,370,370,370,370,370,370,370,370,370,370,9,0,390.0,421.59108232913746,346.54054092243314,671.9650640152395,19.333333333333332
1791184567,4,,Aggregated,8.000000,0.000000,70,72,75,360,370,370,370,370,370,370,370,44,0,18,116.22233490925282,1.8321960233151913,671.9650640152395,22.863636363636363
1791184568,4,POST,/api/playground/conversations,3.000000,0.000000,7,7,7,7,7,7,7,7,7,7,7,13,0,8,9.126635662351664,5.799607839435339,18.435532692819834,38.0
1791184568,4,POST,/api/playground/conversations/{conversation_id}/chat/sse,1.000000,0.000000,3,3,3,3,3,3,3,3,3,3,3,9,0,3,2.7267107636564307,1.8321960233151913,4.279410000890493,0.0
1791184568,4,POST,/api/playground/conversations/{conversation_id}/chat/{chat_id}/attachment,3.000000,0.000000,72,72,75,75,75,75,75,75,75,75,75,13,0,79,90.48279496626212,66.27387180924416,127.92078778147697,26.0
1791184568,4,TXN,multimodal_e2e,1.000000,0.000000,370,370,370,370,370,370,370,370,370,370,370,9,0,390.0,421.59108232913746,346.54054092243314,671.9650640152395,19.333333333333332
1791184568,4,,Aggregated,8.000000,0.000000,70,72,75,360,370,370,370,370,370,370,370,44,0,18,116.22233490925282,1.8321960233151913,671.9650640152395,22.863636363636363
1791184569,4,POST,/api/playground/conversations,3.000000,0.000000,7,7,7,7,7,7,7,7,7,7,7,13,0,8,9.126635662351664,5.799607839435339,18.435532692819834,38.0
1791184569,4,POST,/api/playground/conversations/{conversation_id}/chat/sse,1.000000,0.000000,3,3,3,3,3,3,3,3,3,3,3,9,0,3,2.7267107636564307,1.8321960233151913,4.279410000890493,0.0
1791184569,4,POST,/api/playground/conversations/{conversation_id}/chat/{chat_id}/attachment,3.000000,0.000000,72,72,75,75,75,75,75,75,75,75,75,13,0,79,90.48279496626212,66.27387180924416,127.92078778147697,26.0
1791184569,4,TXN,multimodal_e2e,1.000000,0.000000,370,370,370,370,370,370,370,370,370,370,370,9,0,390.0,421.59108232913746,346.54054092243314,671.9650640152395,19.333333333333332
1791184569,4,,Aggregated,8.000000,0.000000,70,72,75,360,370,370,370,370,370,370,370,44,0,18,116.22233490925282,1.8321960233151913,671.9650640152395,22.863636363636363
1791184570,4,POST,/api/playground/conversations,3.000000,0.000000,7,7,7,7,7,7,7,7,7,7,7,13,0,8,9.126635662351664,5.799607839435339,18.435532692819834,38.0
1791184570,4,POST,/api/playground/conversations/{conversation_id}/chat/sse,1.000000,0.000000,3,3,3,3,3,3,3,3,3,3,3,9,0,3,2.7267107636564307,1.8321960233151913,4.279410000890493,0.0
1791184570,4,POST,/api/playground/conversations/{conversation_id}/chat/{chat_id}/attachment,3.000000,0.000000,72,72,75,75,75,75,75,75,75,75,75,13,0,79,90.48279496626212,66.27387180924416,127.92078778147697,26.0
1791184570,4,TXN,multimodal_e2e,1.000000,0.000000,370,370,370,370,370,370,370,370,370,370,370,9,0,390.0,421.59108232913746,346.54054092243314,671.9650640152395,19.333333333333332
1791184570,4,,Aggregated,8.000000,0.000000,70,72,75,360,370,370,370,370,370,370,370,44,0,18,116.22233490925282,1.8321960233151913,671.9650640152395,22.863636363636363
1791184571,4,POST,/api/playground/conversations,3.000000,0.000000,7,7,7,7,7,7,7,7,7,7,7,13,0,8,9.126635662351664,5.799607839435339,18.435532692819834,38.0
1791184571,4,POST,/api/playground/conversations/{conversation_id}/chat/sse,1.000000,0.000000,3,3,3,3,3,3,3,3,3,3,3,9,0,3,2.7267107636564307,1.8321960233151913,4.279410000890493,0.0
1791184571,4,POST,/api/playground/conversations/{conversation_id}/chat/{chat_id}/attachment,3.000000,0.000000,72,72,75,75,75,75,75,75,75,75,75,13,0,79,90.48279496626212,66.27387180924416,127.92078778147697,26.0
1791184571,4,TXN,multimodal_e2e,1.000000,0.000000,370,370,370,370,370,370,370,370,370,370,370,9,0,390.0,421.59108232913746,346.54054092243314,671.9650640152395,19.333333333333332
1791184571,4,,Aggregated,8.000000,0.000000,70,72,75,360,370,370,370,370,370,370,370,44,0,18,116.22233490925282,1.8321960233151913,671.9650640152395,22.863636363636363
1791184572,4,POST,/api/playground/conversations,3.000000,0.000000,7,7,7,7,7,7,7,7,7,7,7,13,0,8,9.126635662351664,5.799607839435339,18.435532692819834,38.0
1791184572,4,POST,/api/playground/conversations/{conversation_id}/chat/sse,1.000000,0.000000,3,3,3,3,3,3,3,3,3,3,3,9,0,3,2.7267107636564307,1.8321960233151913,4.279410000890493,0.0
1791184572,4,POST,/api/playground/conversations/{conversation_id}/chat/{chat_id}/attachment,3.000000,0.000000,72,72,75,75,75,75,75,75,75,75,75,13,0,79,90.48279496626212,66.27387180924416,127.92078778147697,26.0
1791184572,4,TXN,multimodal_e2e,1.000000,0.000000,370,370,370,370,370,370,370,370,370,370,370,9,0,390.0,421.59108232913746,346.54054092243314,671.9650640152395,19.333333333333332
1791184572,4,,Aggregated,8.000000,0.000000,70,72,75,360,370,370,370,370,370,370,370,44,0,18,116.22233490925282,1.8321960233151913,671.9650640152395,22.863636363636363
1791184573,4,POST,/api/playground/conversations,3.000000,0.000000,7,7,7,7,7,7,7,7,7,7,7,13,0,8,9.126635662351664,5.799607839435339,18.435532692819834,38.0
1791184573,4,POST,/api/playground/conversations/{conversation_id}/chat/sse,1.000000,0.000000,3,3,3,3,3,3,3,3,3,3,3,9,0,3,2.7267107636564307,1.8321960233151913,4.279410000890493,0.0
1791184573,4,POST,/api/playground/conversations/{conversation_id}/chat/{chat_id}/attachment,3.000000,0.000000,72,72,75,75,75,75,75,75,75,75,75,13,0,79,90.48279496626212,66.27387180924416,127.92078778147697,26.0
1791184573,4,TXN,multimodal_e2e,1.000000,0.000000,370,370,370,370,370,370,370,370,370,370,370,9,0,390.0,421.59108232913746,346.54054092243314,671.9650640152395,19.333333333333332
1791184573,4,,Aggregated,8.000000,0.000000,70,72,75,360,370,370,370,370,370,370,370,44,0,18,116.22233490925282,1.8321960233151913,671.9650640152395,22.863636363636363
1791184574,4,POST,/api/playground/conversations,3.000000,0.000000,7,7,7,7,7,7,7,7,7,7,7,13,0,8,9.126635662351664,5.799607839435339,18.435532692819834,38.0
1791184574,4,POST,/api/playground/conversations/{conversation_id}/chat/sse,1.000000,0.000000,3,3,3,3,3,3,3,3,3,3,3,9,0,3,2.7267107636564307,1.8321960233151913,4.279410000890493,0.0
1791184574,4,POST,/api/playground/conversations/{conversation_id}/chat/{chat_id}/attachment,3.000000,0.000000,72,72,75,75,75,75,75,75,75,75,75,13,0,79,90.48279496626212,66.27387180924416,127.92078778147697,26.0
1791184574,4,TXN,multimodal_e2e,1.000000,0.000000,370,370,370,370,370,370,370,370,370,370,370,9,0,390.0,421.59108232913746,346.54054092243314,671.9650640152395,19.333333333333332
1791184574,4,,Aggregated,8.000000,0.000000,70,72,75,360,370,370,370,370,370,370,370,44,0,18,116.22233490925282,1.8321960233151913,671.9650640152395,22.863636363636363
1791184575,4,POST,/api/playground/conversations,3.000000,0.000000,0,0,0,0,0,0,0,0,0,0,0,13,0,8,9.126635662351664,5.799607839435339,18.435532692819834,38.0
1791184575,4,POST,/api/playground/conversations/{conversation_id}/chat/sse,1.000000,0.000000,0,0,0,0,0,0,0,0,0,0,0,9,0,3,2.7267107636564307,1.8321960233151913,4.279410000890493,0.0
1791184575,4,POST,/api/playground/conversations/{conversation_id}/chat/{chat_id}/attachment,3.000000,0.000000,0,0,0,0,0,0,0,0,0,0,0,13,0,79,90.48279496626212,66.27387180924416,127.92078778147697,26.0
1791184575,4,TXN,multimodal_e2e,1.000000,0.000000,0,0,0,0,0,0,0,0,0,0,0,9,0,390.0,421.59108232913746,346.54054092243314,671.9650640152395,19.333333333333332
1791184575,4,,Aggregated,8.000000,0.000000,0,0,0,0,0,0,0,0,0,0,0,44,0,18,116.22233490925282,1.8321960233151913,671.9650640152395,22.863636363636363
1791184576,4,POST,/api/playground/conversations,3.000000,0.000000,0,0,0,0,0,0,0,0,0,0,0,13,0,8,9.126635662351664,5.799607839435339,18.435532692819834,38.0
1791184576,4,POST,/api/playground/conversations/{conversation_id}/chat/sse,1.000000,0.000000,0,0,0,0,0,0,0,0,0,0,0,9,0,3,2.7267107636564307,1.8321960233151913,4.279410000890493,0.0
1791184576,4,POST,/api/playground/conversations/{conversation_id}/chat/{chat_id}/attachment,3.000000,0.000000,0,0,0,0,0,0,0,0,0,0,0,13,0,79,90.48279496626212,66.27387180924416,127.92078778147697,26.0
1791184576,4,TXN,multimodal_e2e,1.000000,0.000000,0,0,0,0,0,0,0,0,0,0,0,9,0,390.0,421.59108232913746,346.54054092243314,671.9650640152395,19.333333333333332
1791184576,4,,Aggregated,8.000000,0.000000,0,0,0,0,0,0,0,0,0,0,0,44,0,18,116.22233490925282,1.8321960233151913,671.9650640152395,22.863636363636363
1791184577,4,POST,/api/playground/conversations,3.000000,0.000000,0,0,0,0,0,0,0,0,0,0,0,13,0,8,9.126635662351664,5.799607839435339,18.435532692819834,38.0
1791184577,4,POST,/api/playground/conversations/{conversation_id}/chat/sse,1.000000,0.000000,0,0,0,0,0,0,0,0,0,0,0,9,0,3,2.7267107636564307,1.8321960233151913,4.279410000890493,0.0
1791184577,4,POST,/api/playground/conversations/{conversation_id}/chat/{chat_id}/attachment,3.000000,0.000000,0,0,0,0,0,0,0,0,0,0,0,13,0,79,90.48279496626212,66.27387180924416,127.92078778147697,26.0
1791184577,4,TXN,multimodal_e2e,1.000000,0.000000,0,0,0,0,0,0,0,0,0,0,0,9,0,390.0,421.59108232913746,346.54054092243314,671.9650640152395,19.333333333333332
1791184577,4,,Aggregated,8.000000,0.000000,0,0,0,0,0,0,0,0,0,0,0,44,0,18,116.22233490925282,1.8321960233151913,671.9650640152395,22.863636363636363
1791184578,4,POST,/api/playground/conversations,3.000000,0.000000,0,0,0,0,0,0,0,0,0,0,0,13,0,8,9.126635662351664,5.799607839435339,18.435532692819834,38.0
1791184578,4,POST,/api/playground/conversations/{conversation_id}/chat/sse,1.000000,0.000000,0,0,0,0,0,0,0,0,0,0,0,9,0,3,2.7267107636564307,1.8321960233151913,4.279410000890493,0.0
1791184578,4,POST,/api/playground/conversations/{conversation_id}/chat/{chat_id}/attachment,3.000000,0.000000,0,0,0,0,0,0,0,0,0,0,0,13,0,79,90.48279496626212,66.27387180924416,127.92078778147697,26.0
1791184578,4,TXN,multimodal_e2e,1.000000,0.000000,0,0,0,0,0,0,0,0,0,0,0,9,0,390.0,421.59108232913746,346.54054092243314,671.9650640152395,19.333333333333332
1791184578,4,,Aggregated,8.000000,0.000000,0,0,0,0,0,0,0,0,0,0,0,44,0,18,116.22233490925282,1.8321960233151913,671.9650640152395,22.863636363636363
1791184579,4,POST,/api/playground/conversations,3.000000,0.000000,0,0,0,0,0,0,0,0,0,0,0,13,0,8,9.126635662351664,5.799607839435339,18.435532692819834,38.0
1791184579,4,POST,/api/playground/conversations/{conversation_id}/chat/sse,1.000000,0.000000,0,0,0,0,0,0,0,0,0,0,0,9,0,3,2.7267107636564307,1.8321960233151913,4.279410000890493,0.0
1791184579,4,POST,/api/playground/conversations/{conversation_id}/chat/{chat_id}/attachment,3.000000,0.000000,0,0,0,0,0,0,0,0,0,0,0,13,0,79,90.48279496626212,66.27387180924416,127.92078778147697,26.0
1791184579,4,TXN,multimodal_e2e,1.000000,0.000000,0,0,0,0,0,0,0,0,0,0,0,9,0,390.0,421.59108232913746,346.54054092243314,671.9650640152395,19.333333333333332
1791184579,4,,Aggregated,8.000000,0.000000,0,0,0,0,0,0,0,0,0,0,0,44,0,18,116.22233490925282,1.8321960233151913,671.9650640152395,22.863636363636363
1791184580,4,POST,/api/playground/conversations,3.000000,0.000000,0,0,0,0,0,0,0,0,0,0,0,13,0,8,9.126635662351664,5.799607839435339,18.435532692819834,38.0
1791184580,4,POST,/api/playground/conversations/{conversation_id}/chat/sse,1.000000,0.000000,0,0,0,0,0,0,0,0,0,0,0,9,0,3,2.7267107636564307,1.8321960233151913,4.279410000890493,0.0
1791184580,4,POST,/api/playground/conversations/{conversation_id}/chat/{chat_id}/attachment,3.000000,0.000000,0,0,0,0,0,0,0,0,0,0,0,13,0,79,90.48279496626212,66.27387180924416,127.92078778147697,26.0
1791184580,4,TXN,multimodal_e2e,1.000000,0.000000,0,0,0,0,0,0,0,0,0,0,0,9,0,390.0,421.59108232913746,346.54054092243314,671.9650640152395,19.333333333333332
1791184580,4,,Aggregated,8.000000,0.000000,0,0,0,0,0,0,0,0,0,0,0,44,0,18,116.22233490925282,1.8321960233151913,671.9650640152395,22.863636363636363
1791184581,4,POST,/api/playground/conversations,3.000000,0.000000,0,0,0,0,0,0,0,0,0,0,0,13,0,8,9.126635662351664,5.799607839435339,18.435532692819834,38.0
1791184581,4,POST,/api/playground/conversations/{conversation_id}/chat/sse,1.000000,0.000000,0,0,0,0,0,0,0,0,0,0,0,9,0,3,2.7267107636564307,1.8321960233151913,4.279410000890493,0.0
1791184581,4,POST,/api/playground/conversations/{conversation_id}/chat/{chat_id}/attachment,3.000000,0.000000,0,0,0,0,0,0,0,0,0,0,0,13,0,79,90.48279496626212,66.27387180924416,127.92078778147697,26.0
1791184581,4,TXN,multimodal_e2e,1.000000,0.000000,0,0,0,0,0,0,0,0,0,0,0,9,0,390.0,421.59108232913746,346.54054092243314,671.9650640152395,19.333333333333332
1791184581,4,,Aggregated,8.000000,0.000000,0,0,0,0,0,0,0,0,0,0,0,44,0,18,116.22233490925282,1.8321960233151913,671.9650640152395,22.863636363636363
1791184582,4,POST,/api/playground/conversations,3.000000,0.000000,0,0,0,0,0,0,0,0,0,0,0,13,0,8,9.126635662351664,5.799607839435339,18.435532692819834,38.0
1791184582,4,POST,/api/playground/conversations/{conversation_id}/chat/sse,1.000000,0.000000,0,0,0,0,0,0,0,0,0,0,0,9,0,3,2.7267107636564307,1.8321960233151913,4.279410000890493,0.0
1791184582,4,POST,/api/playground/conversations/{conversation_id}/chat/{chat_id}/attachment,3.000000,0.000000,0,0,0,0,0,0,0,0,0,0,0,13,0,79,90.48279496626212,66.27387180924416,127.92078778147697,26.0
1791184582,4,TXN,multimodal_e2e,1.000000,0.000000,0,0,0,0,0,0,0,0,0,0,0,9,0,390.0,421.59108232913746,346.54054092243314,671.9650640152395,19.333333333333332
1791184582,4,,Aggregated,8.000000,0.000000,0,0,0,0,0,0,0,0,0,0,0,44,0,18,116.22233490925282,1.8321960233151913,671.9650640152395,22.863636363636363
1791184583,4,POST,/api/playground/conversations,3.000000,0.000000,0,0,0,0,0,0,0,0,0,0,0,13,0,8,9.126635662351664,5.799607839435339,18.435532692819834,38.0
1791184583,4,POST,/api/playground/conversations/{conversation_id}/chat/sse,1.000000,0.000000,0,0,0,0,0,0,0,0,0,0,0,9,0,3,2.7267107636564307,1.8321960233151913,4.279410000890493,0.0
1791184583,4,POST,/api/playground/conversations/{conversation_id}/chat/{chat_id}/attachment,3.000000,0.000000,0,0,0,0,0,0,0,0,0,0,0,13,0,79,90.48279496626212,66.27387180924416,127.92078778147697,26.0
1791184583,4,TXN,multimodal_e2e,1.000000,0.000000,0,0,0,0,0,0,0,0,0,0,0,9,0,390.0,421.59108232913746,346.54054092243314,671.9650640152395,19.333333333333332
1791184583,4,,Aggregated,8.000000,0.000000,0,0,0,0,0,0,0,0,0,0,0,44,0,18,116.22233490925282,1.8321960233151913,671.9650640152395,22.863636363636363
1791184584,4,POST,/api/playground/conversations,3.000000,0.000000,0,0,0,0,0,0,0,0,0,0,0,13,0,8,9.126635662351664,5.799607839435339,18.435532692819834,38.0
1791184584,4,POST,/api/playground/conversations/{conversation_id}/chat/sse,1.000000,0.000000,0,0,0,0,0,0,0,0,0,0,0,9,0,3,2.7267107636564307,1.8321960233151913,4.279410000890493,0.0
1791184584,4,POST,/api/playground/conversations/{conversation_id}/chat/{chat_id}/attachment,3.000000,0.000000,0,0,0,0,0,0,0,0,0,0,0,13,0,79,90.48279496626212,66.27387180924416,127.92078778147697,26.0
1791184584,4,TXN,multimodal_e2e,1.000000,0.000000,0,0,0,0,0,0,0,0,0,0,0,9,0,390.0,421.59108232913746,346.54054092243314,671.9650640152395,19.333333333333332
1791184584,4,,Aggregated,8.000000,0.000000,0,0,0,0,0,0,0,0,0,0,0,44,0,18,116.22233490925282,1.8321960233151913,671.9650640152395,22.863636363636363
1791184585,4,POST,/api/playground/conversations,3.000000,0.000000,0,0,0,0,0,0,0,0,0,0,0,13,0,8,9.126635662351664,5.799607839435339,18.435532692819834,38.0
1791184585,4,POST,/api/playground/conversations/{conversation_id}/chat/sse,1.000000,0.000000,0,0,0,0,0,0,0,0,0,0,0,9,0,3,2.7267107636564307,1.8321960233151913,4.279410000890493,0.0
1791184585,4,POST,/api/playground/conversations/{conversation_id}/chat/{chat_id}/attachment,3.000000,0.000000,0,0,0,0,0,0,0,0,0,0,0,13,0,79,90.48279496626212,66.27387180924416,127.92078778147697,26.0
1791184585,4,TXN,multimodal_e2e,1.000000,0.000000,0,0,0,0,0,0,0,0,0,0,0,9,0,390.0,421.59108232913746,346.54054092243314,671.9650640152395,19.333333333333332
1791184585,4,,Aggregated,8.000000,0.000000,0,0,0,0,0,0,0,0,0,0,0,44,0,18,116.22233490925282,1.8321960233151913,671.9650640152395,22.863636363636363
1791184586,4,POST,/api/playground/conversations,3.000000,0.000000,0,0,0,0,0,0,0,0,0,0,0,13,0,8,9.126635662351664,5.799607839435339,18.435532692819834,38.0
1791184586,4,POST,/api/playground/conversations/{conversation_id}/chat/sse,1.000000,0.000000,0,0,0,0,0,0,0,0,0,0,0,9,0,3,2.7267107636564307,1.8321960233151913,4.279410000890493,0.0
1791184586,4,POST,/api/playground/conversations/{conversation_id}/chat/{chat_id}/attachment,3.000000,0.000000,0,0,0,0,0,0,0,0,0,0,0,13,0,79,90.48279496626212,66.27387180924416,127.92078778147697,26.0
1791184586,4,TXN,multimodal_e2e,1.000000,0.000000,0,0,0,0,0,0,0,0,0,0,0,9,0,390.0,421.59108232913746,346.54054092243314,671.9650640152395,19.333333333333332
1791184586,4,,Aggregated,8.000000,0.000000,0,0,0,0,0,0,0,0,0,0,0,44,0,18,116.22233490925282,1.8321960233151913,671.9650640152395,22.863636363636363
1791184587,4,POST,/api/playground/conversations,3.000000,0.000000,0,0,0,0,0,0,0,0,0,0,0,13,0,8,9.126635662351664,5.799607839435339,18.435532692819834,38.0
1791184587,4,POST,/api/playground/conversations/{conversation_id}/chat/sse,1.000000,0.000000,0,0,0,0,0,0,0,0,0,0,0,9,0,3,2.7267107636564307,1.8321960233151913,4.279410000890493,0.0
1791184587,4,POST,/api/playground/conversations/{conversation_id}/chat/{chat_id}/attachment,3.000000,0.000000,0,0,0,0,0,0,0,0,0,0,0,13,0,79,90.48279496626212,66.27387180924416,127.92078778147697,26.0
1791184587,4,TXN,multimodal_e2e,1.000000,0.000000,0,0,0,0,0,0,0,0,0,0,0,9,0,390.0,421.59108232913746,346.54054092243314,671.9650640152395,19.333333333333332
1791184587,4,,Aggregated,8.000000,0.000000,0,0,0,0,0,0,0,0,0,0,0,44,0,18,116.22233490925282,1.8321960233151913,671.9650640152395,22.863636363636363
1791184588,4,POST,/api/playground/conversations,3.000000,0.000000,0,0,0,0,0,0,0,0,0,0,0,13,0,8,9.126635662351664,5.799607839435339,18.435532692819834,38.0
1791184588,4,POST,/api/playground/conversations/{conversation_id}/chat/sse,1.000000,0.000000,0,0,0,0,0,0,0,0,0,0,0,9,0,3,2.7267107636564307,1.8321960233151913,4.279410000890493,0.0
1791184588,4,POST,/api/playground/conversations/{conversation_id}/chat/{chat_id}/attachment,3.000000,0.000000,0,0,0,0,0,0,0,0,0,0,0,13,0,79,90.48279496626212,66.27387180924416,127.92078778147697,26.0
1791184588,4,TXN,multimodal_e2e,1.000000,0.000000,0,0,0,0,0,0,0,0,0,0,0,9,0,390.0,421.59108232913746,346.54054092243314,671.9650640152395,19.333333333333332
1791184588,4,,Aggregated,8.000000,0.000000,0,0,0,0,0,0,0,0,0,0,0,44,0,18,116.22233490925282,1.8321960233151913,671.9650640152395,22.863636363636363
1791184589,4,POST,/api/playground/conversations,3.000000,0.000000,0,0,0,0,0,0,0,0,0,0,0,13,0,8,9.126635662351664,5.799607839435339,18.435532692819834,38.0
1791184589,4,POST,/api/playground/conversations/{conversation_id}/chat/sse,1.000000,0.000000,0,0,0,0,0,0,0,0,0,0,0,9,0,3,2.7267107636564307,1.8321960233151913,4.279410000890493,0.0
1791184589,4,POST,/api/playground/conversations/{conversation_id}/chat/{chat_id}/attachment,3.000000,0.000000,0,0,0,0,0,0,0,0,0,0,0,13,0,79,90.48279496626212,66.27387180924416,127.92078778147697,26.0
1791184589,4,TXN,multimodal_e2e,1.000000,0.000000,0,0,0,0,0,0,0,0,0,0,0,9,0,390.0,421.59108232913746,346.54054092243314,671.9650640152395,19.333333333333332
1791184589,4,,Aggregated,8.000000,0.000000,0,0,0,0,0,0,0,0,0,0,0,44,0,18,116.22233490925282,1.8321960233151913,671.9650640152395,22.863636363636363
1791184590,4,POST,/api/playground/conversations,3.000000,0.000000,0,0,0,0,0,0,0,0,0,0,0,13,0,8,9.126635662351664,5.799607839435339,18.435532692819834,38.0
1791184590,4,POST,/api/playground/conversations/{conversation_id}/chat/sse,1.000000,0.000000,0,0,0,0,0,0,0,0,0,0,0,9,0,3,2.7267107636564307,1.8321960233151913,4.279410000890493,0.0
1791184590,4,POST,/api/playground/conversations/{conversation_id}/chat/{chat_id}/attachment,3.000000,0.000000,0,0,0,0,0,0,0,0,0,0,0,13,0,79,90.48279496626212,66.27387180924416,127.92078778147697,26.0
1791184590,4,TXN,multimodal_e2e,1.000000,0.000000,0,0,0,0,0,0,0,0,0,0,0,9,0,390.0,421.59108232913746,346.54054092243314,671.9650640152395,19.333333333333332
1791184590,4,,Aggregated,8.000000,0.000000,0,0,0,0,0,0,0,0,0,0,0,44,0,18,116.22233490925282,1.8321960233151913,671.9650640152395,22.863636363636363
1791184591,4,POST,/api/playground/conversations,3.000000,0.000000,0,0,0,0,0,0,0,0,0,0,0,13,0,8,9.126635662351664,5.799607839435339,18.435532692819834,38.0
1791184591,4,POST,/api/playground/conversations/{conversation_id}/chat/sse,1.000000,0.000000,0,0,0,0,0,0,0,0,0,0,0,9,0,3,2.7267107636564307,1.8321960233151913,4.279410000890493,0.0
1791184591,4,POST,/api/playground/conversations/{conversation_id}/chat/{chat_id}/attachment,3.000000,0.000000,0,0,0,0,0,0,0,0,0,0,0,13,0,79,90.48279496626212,66.27387180924416,127.92078778147697,26.0
1791184591,4,TXN,multimodal_e2e,1.000000,0.000000,0,0,0,0,0,0,0,0,0,0,0,9,0,390.0,421.59108232913746,346.54054092243314,671.9650640152395,19.333333333333332
1791184591,4,,Aggregated,8.000000,0.000000,0,0,0,0,0,0,0,0,0,0,0,44,0,18,116.22233490925282,1.8321960233151913,671.9650640152395,22.863636363636363
1791184592,4,POST,/api/playground/conversations,3.000000,0.000000,0,0,0,0,0,0,0,0,0,0,0,13,0,8,9.126635662351664,5.799607839435339,18.435532692819834,38.0
1791184592,4,POST,/api/playground/conversations/{conversation_id}/chat/sse,1.000000,0.000000,0,0,0,0,0,0,0,0,0,0,0,9,0,3,2.7267107636564307,1.8321960233151913,4.279410000890493,0.0
1791184592,4,POST,/api/playground/conversations/{conversation_id}/chat/{chat_id}/attachment,3.000000,0.000000,0,0,0,0,0,0,0,0,0,0,0,13,0,79,90.48279496626212,66.27387180924416,127.92078778147697,26.0
1791184592,4,TXN,multimodal_e2e,1.000000,0.000000,0,0,0,0,0,0,0,0,0,0,0,9,0,390.0,421.59108232913746,346.54054092243314,671.9650640152395,19.333333333333332
1791184592,4,,Aggregated,8.000000,0.000000,0,0,0,0,0,0,0,0,0,0,0,44,0,18,116.22233490925282,1.8321960233151913,671.9650640152395,22.863636363636363
1791184593,4,POST,/api/playground/conversations,3.000000,0.000000,0,0,0,0,0,0,0,0,0,0,0,13,0,8,9.126635662351664,5.799607839435339,18.435532692819834,38.0
1791184593,4,POST,/api/playground/conversations/{conversation_id}/chat/sse,1.000000,0.000000,0,0,0,0,0,0,0,0,0,0,0,9,0,3,2.7267107636564307,1.8321960233151913,4.279410000890493,0.0
1791184593,4,POST,/api/playground/conversations/{conversation_id}/chat/{chat_id}/attachment,3.000000,0.000000,0,0,0,0,0,0,0,0,0,0,0,13,0,79,90.48279496626212,66.27387180924416,127.92078778147697,26.0
1791184593,4,TXN,multimodal_e2e,1.000000,0.000000,0,0,0,0,0,0,0,0,0,0,0,9,0,390.0,421.59108232913746,346.54054092243314,671.9650640152395,19.333333333333332
1791184593,4,,Aggregated,8.000000,0.000000,0,0,0,0,0,0,0,0,0,0,0,44,0,18,116.22233490925282,1.8321960233151913,671.9650640152395,22.863636363636363
1791184594,4,POST,/api/playground/conversations,3.000000,0.000000,0,0,0,0,0,0,0,0,0,0,0,13,0,8,9.126635662351664,5.799607839435339,18.435532692819834,38.0
1791184594,4,POST,/api/playground/conversations/{conversation_id}/chat/sse,1.000000,0.000000,0,0,0,0,0,0,0,0,0,0,0,9,0,3,2.7267107636564307,1.8321960233151913,4.279410000890493,0.0
1791184594,4,POST,/api/playground/conversations/{conversation_id}/chat/{chat_id}/attachment,3.000000,0.000000,0,0,0,0,0,0,0,0,0,0,0,13,0,79,90.48279496626212,66.27387180924416,127.92078778147697,26.0
1791184594,4,TXN,multimodal_e2e,1.000000,0.000000,0,0,0,0,0,0,0,0,0,0,0,9,0,390.0,421.59108232913746,346.54054092243314,671.9650640152395,19.333333333333332
1791184594,4,,Aggregated,8.000000,0.000000,0,0,0,0,0,0,0,0,0,0,0,44,0,18,116.22233490925282,1.8321960233151913,671.9650640152395,22.863636363636363
1791184595,4,POST,/api/playground/conversations,3.000000,0.000000,0,0,0,0,0,0,0,0,0,0,0,13,0,8,9.126635662351664,5.799607839435339,18.435532692819834,38.0
1791184595,4,POST,/api/playground/conversations/{conversation_id}/chat/sse,1.000000,0.000000,0,0,0,0,0,0,0,0,0,0,0,9,0,3,2.7267107636564307,1.8321960233151913,4.279410000890493,0.0
1791184595,4,POST,/api/playground/conversations/{conversation_id}/chat/{chat_id}/attachment,3.000000,0.000000,0,0,0,0,0,0,0,0,0,0,0,13,0,79,90.48279496626212,66.27387180924416,127.92078778147697,26.0
1791184595,4,TXN,multimodal_e2e,1.000000,0.000000,0,0,0,0,0,0,0,0,0,0,0,9,0,390.0,421.59108232913746,346.54054092243314,671.9650640152395,19.333333333333332
1791184595,4,,Aggregated,8.000000,0.000000,0,0,0,0,0,0,0,0,0,0,0,44,0,18,116.22233490925282,1.8321960233151913,671.9650640152395,22.863636363636363
1791184596,4,POST,/api/playground/conversations,3.000000,0.000000,0,0,0,0,0,0,0,0,0,0,0,13,0,8,9.126635662351664,5.799607839435339,18.435532692819834,38.0
1791184596,4,POST,/api/playground/conversations/{conversation_id}/chat/sse,1.000000,0.000000,0,0,0,0,0,0,0,0,0,0,0,9,0,3,2.7267107636564307,1.8321960233151913,4.279410000890493,0.0
1791184596,4,POST,/api/playground/conversations/{conversation_id}/chat/{chat_id}/attachment,3.000000,0.000000,0,0,0,0,0,0,0,0,0,0,0,13,0,79,90.48279496626212,66.27387180924416,127.92078778147697,26.0
1791184596,4,TXN,multimodal_e2e,1.000000,0.000000,0,0,0,0,0,0,0,0,0,0,0,9,0,390.0,421.59108232913746,346.54054092243314,671.9650640152395,19.333333333333332
1791184596,4,,Aggregated,8.000000,0.000000,0,0,0,0,0,0,0,0,0,0,0,44,0,18,116.22233490925282,1.8321960233151913,671.9650640152395,22.863636363636363
1791184597,4,POST,/api/playground/conversations,3.000000,0.000000,0,0,0,0,0,0,0,0,0,0,0,13,0,8,9.126635662351664,5.799607839435339,18.435532692819834,38.0
1791184597,4,POST,/api/playground/conversations/{conversation_id}/chat/sse,1.000000,0.000000,0,0,0,0,0,0,0,0,0,0,0,9,0,3,2.7267107636564307,1.8321960233151913,4.279410000890493,0.0
1791184597,4,POST,/api/playground/conversations/{conversation_id}/chat/{chat_id}/attachment,3.000000,0.000000,0,0,0,0,0,0,0,0,0,0,0,13,0,79,90.48279496626212,66.27387180924416,127.92078778147697,26.0
1791184597,4,TXN,multimodal_e2e,1.000000,0.000000,0,0,0,0,0,0,0,0,0,0,0,9,0,390.0,421.59108232913746,346.54054092243314,671.9650640152395,19.333333333333332
1791184597,4,,Aggregated,8.000000,0.000000,0,0,0,0,0,0,0,0,0,0,0,44,0,18,116.22233490925282,1.8321960233151913,671.9650640152395,22.863636363636363
1791184598,4,POST,/api/playground/conversations,3.000000,0.000000,0,0,0,0,0,0,0,0,0,0,0,13,0,8,9.126635662351664,5.799607839435339,18.435532692819834,38.0
1791184598,4,POST,/api/playground/conversations/{conversation_id}/chat/sse,1.000000,0.000000,0,0,0,0,0,0,0,0,0,0,0,9,0,3,2.7267107636564307,1.8321960233151913,4.279410000890493,0.0
1791184598,4,POST,/api/playground/conversations/{conversation_id}/chat/{chat_id}/attachment,3.000000,0.000000,0,0,0,0,0,0,0,0,0,0,0,13,0,79,90.48279496626212,66.27387180924416,127.92078778147697,26.0
1791184598,4,TXN,multimodal_e2e,1.000000,0.000000,0,0,0,0,0,0,0,0,0,0,0,9,0,390.0,421.59108232913746,346.54054092243314,671.9650640152395,19.333333333333332
1791184598,4,,Aggregated,8.000000,0.000000,0,0,0,0,0,0,0,0,0,0,0,44,0,18,116.22233490925282,1.8321960233151913,671.9650640152395,22.863636363636363
1791184599,4,POST,/api/playground/conversations,3.000000,0.000000,0,0,0,0,0,0,0,0,0,0,0,13,0,8,9.126635662351664,5.799607839435339,18.435532692819834,38.0
1791184599,4,POST,/api/playground/conversations/{conversation_id}/chat/sse,1.000000,0.000000,0,0,0,0,0,0,0,0,0,0,0,9,0,3,2.7267107636564307,1.8321960233151913,4.279410000890493,0.0
1791184599,4,POST,/api/playground/conversations/{conversation_id}/chat/{chat_id}/attachment,3.000000,0.000000,0,0,0,0,0,0,0,0,0,0,0,13,0,79,90.48279496626212,66.27387180924416,127.92078778147697,26.0
1791184599,4,TXN,multimodal_e2e,1.000000,0.000000,0,0,0,0,0,0,0,0,0,0,0,9,0,390.0,421.59108232913746,346.54054092243314,671.9650640152395,19.333333333333332
1791184599,4,,Aggregated,8.000000,0.000000,0,0,0,0,0,0,0,0,0,0,0,44,0,18,116.22233490925282,1.8321960233151913,671.9650640152395,22.863636363636363
1791184600,4,POST,/api/playground/conversations,3.000000,0.000000,0,0,0,0,0,0,0,0,0,0,0,13,0,8,9.126635662351664,5.799607839435339,18.435532692819834,38.0
1791184600,4,POST,/api/playground/conversations/{conversation_id}/chat/sse,1.000000,0.000000,0,0,0,0,0,0,0,0,0,0,0,9,0,3,2.7267107636564307,1.8321960233151913,4.279410000890493,0.0
1791184600,4,POST,/api/playground/conversations/{conversation_id}/chat/{chat_id}/attachment,3.000000,0.000000,0,0,0,0,0,0,0,0,0,0,0,13,0,79,90.48279496626212,66.27387180924416,127.92078778147697,26.0
1791184600,4,TXN,multimodal_e2e,1.000000,0.000000,0,0,0,0,0,0,0,0,0,0,0,9,0,390.0,421.59108232913746,346.54054092243314,671.9650640152395,19.333333333333332
1791184600,4,,Aggregated,8.000000,0.000000,0,0,0,0,0,0,0,0,0,0,0,44,0,18,116.22233490925282,1.8321960233151913,671.9650640152395,22.863636363636363
1791184601,4,POST,/api/playground/conversations,3.000000,0.000000,0,0,0,0,0,0,0,0,0,0,0,13,0,8,9.126635662351664,5.799607839435339,18.435532692819834,38.0
1791184601,4,POST,/api/playground/conversations/{conversation_id}/chat/sse,1.000000,0.000000,0,0,0,0,0,0,0,0,0,0,0,9,0,3,2.7267107636564307,1.8321960233151913,4.279410000890493,0.0
1791184601,4,POST,/api/playground/conversations/{conversation_id}/chat/{chat_id}/attachment,3.000000,0.000000,0,0,0,0,0,0,0,0,0,0,0,13,0,79,90.48279496626212,66.27387180924416,127.92078778147697,26.0
1791184601,4,TXN,multimodal_e2e,1.000000,0.000000,0,0,0,0,0,0,0,0,0,0,0,9,0,390.0,421.59108232913746,346.54054092243314,671.9650640152395,19.333333333333332
1791184601,4,,Aggregated,8.000000,0.000000,0,0,0,0,0,0,0,0,0,0,0,44,0,18,116.22233490925282,1.8321960233151913,671.9650640152395,22.863636363636363
1791184602,4,POST,/api/playground/conversations,3.000000,0.000000,0,0,0,0,0,0,0,0,0,0,0,13,0,8,9.126635662351664,5.799607839435339,18.435532692819834,38.0
1791184602,4,POST,/api/playground/conversations/{conversation_id}/chat/sse,1.000000,0.000000,0,0,0,0,0,0,0,0,0,0,0,9,0,3,2.7267107636564307,1.8321960233151913,4.279410000890493,0.0
1791184602,4,POST,/api/playground/conversations/{conversation_id}/chat/{chat_id}/attachment,3.000000,0.000000,0,0,0,0,0,0,0,0,0,0,0,13,0,79,90.48279496626212,66.27387180924416,127.92078778147697,26.0
1791184602,4,TXN,multimodal_e2e,1.000000,0.000000,0,0,0,0,0,0,0,0,0,0,0,9,0,390.0,421.59108232913746,346.54054092243314,671.9650640152395,19.333333333333332
1791184602,4,,Aggregated,8.000000,0.000000,0,0,0,0,0,0,0,0,0,0,0,44,0,18,116.22233490925282,1.8321960233151913,671.9650640152395,22.863636363636363
1791184603,4,POST,/api/playground/conversations,3.000000,0.000000,0,0,0,0,0,0,0,0,0,0,0,13,0,8,9.126635662351664,5.799607839435339,18.435532692819834,38.0
1791184603,4,POST,/api/playground/conversations/{conversation_id}/chat/sse,1.000000,0.000000,0,0,0,0,0,0,0,0,0,0,0,9,0,3,2.7267107636564307,1.8321960233151913,4.279410000890493,0.0
1791184603,4,POST,/api/playground/conversations/{conversation_id}/chat/{chat_id}/attachment,3.000000,0.000000,0,0,0,0,0,0,0,0,0,0,0,13,0,79,90.48279496626212,66.27387180924416,127.92078778147697,26.0
1791184603,4,TXN,multimodal_e2e,1.000000,0.000000,0,0,0,0,0,0,0,0,0,0,0,9,0,390.0,421.59108232913746,346.54054092243314,671.9650640152395,19.333333333333332
1791184603,4,,Aggregated,8.000000,0.000000,0,0,0,0,0,0,0,0,0,0,0,44,0,18,116.22233490925282,1.8321960233151913,671.9650640152395,22.863636363636363
1791184604,4,POST,/api/playground/conversations,3.000000,0.000000,0,0,0,0,0,0,0,0,0,0,0,13,0,8,9.126635662351664,5.799607839435339,18.435532692819834,38.0
1791184604,4,POST,/api/playground/conversations/{conversation_id}/chat/sse,1.000000,0.000000,0,0,0,0,0,0,0,0,0,0,0,9,0,3,2.7267107636564307,1.8321960233151913,4.279410000890493,0.0
1791184604,4,POST,/api/playground/conversations/{conversation_id}/chat/{chat_id}/attachment,3.000000,0.000000,0,0,0,0,0,0,0,0,0,0,0,13,0,79,90.48279496626212,66.27387180924416,127.92078778147697,26.0
1791184604,4,TXN,multimodal_e2e,1.000000,0.000000,0,0,0,0,0,0,0,0,0,0,0,9,0,390.0,421.59108232913746,346.54054092243314,671.9650640152395,19.333333333333332
1791184604,4,,Aggregated,8.000000,0.000000,0,0,0,0,0,0,0,0,0,0,0,44,0,18,116.22233490925282,1.8321960233151913,671.9650640152395,22.863636363636363
1791184605,4,POST,/api/playground/conversations,3.000000,0.000000,0,0,0,0,0,0,0,0,0,0,0,13,0,8,9.126635662351664,5.799607839435339,18.435532692819834,38.0
1791184605,4,POST,/api/playground/conversations/{conversation_id}/chat/sse,1.000000,0.000000,0,0,0,0,0,0,0,0,0,0,0,9,0,3,2.7267107636564307,1.8321960233151913,4.279410000890493,0.0
1791184605,4,POST,/api/playground/conversations/{conversation_id}/chat/{chat_id}/attachment,3.000000,0.000000,0,0,0,0,0,0,0,0,0,0,0,13,0,79,90.48279496626212,66.27387180924416,127.92078778147697,26.0
1791184605,4,TXN,multimodal_e2e,1.000000,0.000000,0,0,0,0,0,0,0,0,0,0,0,9,0,390.0,421.59108232913746,346.54054092243314,671.9650640152395,19.333333333333332
1791184605,4,,Aggregated,8.000000,0.000000,0,0,0,0,0,0,0,0,0,0,0,44,0,18,116.22233490925282,1.8321960233151913,671.9650640152395,22.863636363636363
1791184606,4,POST,/api/playground/conversations,3.000000,0.000000,0,0,0,0,0,0,0,0,0,0,0,13,0,8,9.126635662351664,5.799607839435339,18.435532692819834,38.0
1791184606,4,POST,/api/playground/conversations/{conversation_id}/chat/sse,1.000000,0.000000,0,0,0,0,0,0,0,0,0,0,0,9,0,3,2.7267107636564307,1.8321960233151913,4.279410000890493,0.0
1791184606,4,POST,/api/playground/conversations/{conversation_id}/chat/{chat_id}/attachment,3.000000,0.000000,0,0,0,0,0,0,0,0,0,0,0,13,0,79,90.48279496626212,66.27387180924416,127.92078778147697,26.0
1791184606,4,TXN,multimodal_e2e,1.000000,0.000000,0,0,0,0,0,0,0,0,0,0,0,9,0,390.0,421.59108232913746,346.54054092243314,671.9650640152395,19.333333333333332
1791184606,4,,Aggregated,8.000000,0.000000,0,0,0,0,0,0,0,0,0,0,0,44,0,18,116.22233490925282,1.8321960233151913,671.9650640152395,22.863636363636363
1791184607,4,POST,/api/playground/conversations,3.000000,0.000000,0,0,0,0,0,0,0,0,0,0,0,13,0,8,9.126635662351664,5.799607839435339,18.435532692819834,38.0
1791184607,4,POST,/api/playground/conversations/{conversation_id}/chat/sse,1.000000,0.000000,0,0,0,0,0,0,0,0,0,0,0,9,0,3,2.7267107636564307,1.8321960233151913,4.279410000890493,0.0
1791184607,4,POST,/api/playground/conversations/{conversation_id}/chat/{chat_id}/attachment,3.000000,0.000000,0,0,0,0,0,0,0,0,0,0,0,13,0,79,90.48279496626212,66.27387180924416,127.92078778147697,26.0
1791184607,4,TXN,multimodal_e2e,1.000000,0.000000,0,0,0,0,0,0,0,0,0,0,0,9,0,390.0,421.59108232913746,346.54054092243314,671.9650640152395,19.333333333333332
1791184607,4,,Aggregated,8.000000,0.000000,0,0,0,0,0,0,0,0,0,0,0,44,0,18,116.22233490925282,1.8321960233151913,671.9650640152395,22.863636363636363
1791184608,4,POST,/api/playground/conversations,3.000000,0.000000,0,0,0,0,0,0,0,0,0,0,0,13,0,8,9.126635662351664,5.799607839435339,18.435532692819834,38.0
1791184608,4,POST,/api/playground/conversations/{conversation_id}/chat/sse,1.000000,0.000000,0,0,0,0,0,0,0,0,0,0,0,9,0,3,2.7267107636564307,1.8321960233151913,4.279410000890493,0.0
1791184608,4,POST,/api/playground/conversations/{conversation_id}/chat/{chat_id}/attachment,3.000000,0.000000,0,0,0,0,0,0,0,0,0,0,0,13,0,79,90.48279496626212,66.27387180924416,127.92078778147697,26.0
1791184608,4,TXN,multimodal_e2e,1.000000,0.000000,0,0,0,0,0,0,0,0,0,0,0,9,0,390.0,421.59108232913746,346.54054092243314,671.9650640152395,19.333333333333332
1791184608,4,,Aggregated,8.000000,0.000000,0,0,0,0,0,0,0,0,0,0,0,44,0,18,116.22233490925282,1.8321960233151913,671.9650640152395,22.863636363636363
1791184609,4,POST,/api/playground/conversations,3.000000,0.000000,0,0,0,0,0,0,0,0,0,0,0,13,0,8,9.126635662351664,5.799607839435339,18.435532692819834,38.0
1791184609,4,POST,/api/playground/conversations/{conversation_id}/chat/sse,1.000000,0.000000,0,0,0,0,0,0,0,0,0,0,0,9,0,3,2.7267107636564307,1.8321960233151913,4.279410000890493,0.0
1791184609,4,POST,/api/playground/conversations/{conversation_id}/chat/{chat_id}/attachment,3.000000,0.000000,0,0,0,0,0,0,0,0,0,0,0,13,0,79,90.48279496626212,66.27387180924416,127.92078778147697,26.0
1791184609,4,TXN,multimodal_e2e,1.000000,0.000000,0,0,0,0,0,0,0,0,0,0,0,9,0,390.0,421.59108232913746,346.54054092243314,671.9650640152395,19.333333333333332
1791184609,4,,Aggregated,8.000000,0.000000,0,0,0,0,0,0,0,0,0,0,0,44,0,18,116.22233490925282,1.8321960233151913,671.9650640152395,22.863636363636363
1791184610,4,POST,/api/playground/conversations,3.000000,0.000000,0,0,0,0,0,0,0,0,0,0,0,13,0,8,9.126635662351664,5.799607839435339,18.435532692819834,38.0
1791184610,4,POST,/api/playground/conversations/{conversation_id}/chat/sse,1.000000,0.000000,0,0,0,0,0,0,0,0,0,0,0,9,0,3,2.7267107636564307,1.8321960233151913,4.279410000890493,0.0
1791184610,4,POST,/api/playground/conversations/{conversation_id}/chat/{chat_id}/attachment,3.000000,0.000000,0,0,0,0,0,0,0,0,0,0,0,13,0,79,90.48279496626212,66.27387180924416,127.92078778147697,26.0
1791184610,4,TXN,multimodal_e2e,1.000000,0.000000,0,0,0,0,0,0,0,0,0,0,0,9,0,390.0,421.59108232913746,346.54054092243314,671.9650640152395,19.333333333333332
1791184610,4,,Aggregated,8.000000,0.000000,0,0,0,0,0,0,0,0,0,0,0,44,0,18,116.22233490925282,1.8321960233151913,671.9650640152395,22.863636363636363
1791184611,4,POST,/api/playground/conversations,3.000000,0.000000,0,0,0,0,0,0,0,0,0,0,0,13,0,8,9.126635662351664,5.799607839435339,18.435532692819834,38.0
1791184611,4,POST,/api/playground/conversations/{conversation_id}/chat/sse,1.000000,0.000000,0,0,0,0,0,0,0,0,0,0,0,9,0,3,2.7267107636564307,1.8321960233151913,4.279410000890493,0.0
1791184611,4,POST,/api/playground/conversations/{conversation_id}/chat/{chat_id}/attachment,3.000000,0.000000,0,0,0,0,0,0,0,0,0,0,0,13,0,79,90.48279496626212,66.27387180924416,127.92078778147697,26.0
1791184611,4,TXN,multimodal_e2e,1.000000,0.000000,0,0,0,0,0,0,0,0,0,0,0,9,0,390.0,421.59108232913746,346.54054092243314,671.9650640152395,19.333333333333332
1791184611,4,,Aggregated,8.000000,0.000000,0,0,0,0,0,0,0,0,0,0,0,44,0,18,116.22233490925282,1.8321960233151913,671.9650640152395,22.863636363636363
1791184612,4,POST,/api/playground/conversations,3.000000,0.000000,0,0,0,0,0,0,0,0,0,0,0,13,0,8,9.126635662351664,5.799607839435339,18.435532692819834,38.0
1791184612,4,POST,/api/playground/conversations/{conversation_id}/chat/sse,1.000000,0.000000,0,0,0,0,0,0,0,0,0,0,0,9,0,3,2.7267107636564307,1.8321960233151913,4.279410000890493,0.0
1791184612,4,POST,/api/playground/conversations/{conversation_id}/chat/{chat_id}/attachment,3.000000,0.000000,0,0,0,0,0,0,0,0,0,0,0,13,0,79,90.48279496626212,66.27387180924416,127.92078778147697,26.0
1791184612,4,TXN,multimodal_e2e,1.000000,0.000000,0,0,0,0,0,0,0,0,0,0,0,9,0,390.0,421.59108232913746,346.54054092243314,671.9650640152395,19.333333333333332
1791184612,4,,Aggregated,8.000000,0.000000,0,0,0,0,0,0,0,0,0,0,0,44,0,18,116.22233490925282,1.8321960233151913,671.9650640152395,22.863636363636363
1791184613,4,POST,/api/playground/conversations,3.000000,0.000000,0,0,0,0,0,0,0,0,0,0,0,13,0,8,9.126635662351664,5.799607839435339,18.435532692819834,38.0
1791184613,4,POST,/api/playground/conversations/{conversation_id}/chat/sse,1.000000,0.000000,0,0,0,0,0,0,0,0,0,0,0,9,0,3,2.7267107636564307,1.8321960233151913,4.279410000890493,0.0
1791184613,4,POST,/api/playground/conversations/{conversation_id}/chat/{chat_id}/attachment,3.000000,0.000000,0,0,0,0,0,0,0,0,0,0,0,13,0,79,90.48279496626212,66.27387180924416,127.92078778147697,26.0
1791184613,4,TXN,multimodal_e2e,1.000000,0.000000,0,0,0,0,0,0,0,0,0,0,0,9,0,390.0,421.59108232913746,346.54054092243314,671.9650640152395,19.333333333333332
1791184613,4,,Aggregated,8.000000,0.000000,0,0,0,0,0,0,0,0,0,0,0,44,0,18,116.22233490925282,1.8321960233151913,671.9650640152395,22.863636363636363
1791184614,4,POST,/api/playground/conversations,3.000000,0.000000,0,0,0,0,0,0,0,0,0,0,0,13,0,8,9.126635662351664,5.799607839435339,18.435532692819834,38.0
1791184614,4,POST,/api/playground/conversations/{conversation_id}/chat/sse,1.000000,0.000000,0,0,0,0,0,0,0,0,0,0,0,9,0,3,2.7267107636564307,1.8321960233151913,4.279410000890493,0.0
1791184614,4,POST,/api/playground/conversations/{conversation_id}/chat/{chat_id}/attachment,3.000000,0.000000,0,0,0,0,0,0,0,0,0,0,0,13,0,79,90.48279496626212,66.27387180924416,127.92078778147697,26.0
1791184614,4,TXN,multimodal_e2e,1.000000,0.000000,0,0,0,0,0,0,0,0,0,0,0,9,0,390.0,421.59108232913746,346.54054092243314,671.9650640152395,19.333333333333332
1791184614,4,,Aggregated,8.000000,0.000000,0,0,0,0,0,0,0,0,0,0,0,44,0,18,116.22233490925282,1.8321960233151913,671.9650640152395,22.863636363636363
1791184615,4,POST,/api/playground/conversations,0.000000,0.000000,6,6,26,26,26,26,26,26,26,26,26,17,1,7,9.298272102194673,1.1881878599524498,25.70396615192294,35.76470588235294
1791184615,4,POST,/api/playground/conversations/{conversation_id}/chat/sse,0.000000,0.000000,4,4,7,7,7,7,7,7,7,7,7,12,0,3,3.1262587678308287,1.8321960233151913,6.529446225613356,0.0
1791184615,4,POST,/api/playground/conversations/{conversation_id}/chat/{chat_id}/attachment,0.000000,0.000000,76,76,78,78,78,78,78,78,78,78,78,16,0,77,87.31891203206033,66.27387180924416,127.92078778147697,26.0
1791184615,4,TXN,multimodal_e2e,0.000000,0.000000,380,380,60000,60000,60000,60000,60000,60000,60000,60000,60000,13,1,380.0,4975.792229068107,1.3340236619114876,60154.643167275935,17.76923076923077
1791184615,4,,Aggregated,0.000000,0.000000,26,76,78,360,380,60000,60000,60000,60000,60000,60000,58,2,18,1142.7239189887869,1.1881878599524498,60154.643167275935,21.637931034482758
1791184616,4,POST,/api/playground/conversations,0.000000,0.000000,6,7,9,9,26,26,26,26,26,26,26,21,1,7,8.820390062672752,1.1881878599524498,25.70396615192294,36.19047619047619
1791184616,4,POST,/api/playground/conversations/{conversation_id}/chat/sse,0.000000,0.000000,4,6,7,7,7,7,7,7,7,7,7,16,0,3,3.412777150515467,1.8321960233151913,6.74001919105649,0.0
1791184616,4,POST,/api/playground/conversations/{conversation_id}/chat/{chat_id}/attachment,0.000000,0.000000,75,76,78,78,78,78,78,78,78,78,78,20,0,76,84.33122669812292,66.27387180924416,127.92078778147697,26.0
1791184616,4,TXN,multimodal_e2e,0.000000,0.000000,380,60000,60000,60000,60000,60000,60000,60000,60000,60000,60000,17,1,380.0,10927.37760372898,1.3340236619114876,60195.639027282596,19.235294117647058
1791184616,4,,Aggregated,0.000000,0.000000,26,75,78,360,60000,60000,60000,60000,60000,60000,60000,74,2,18,2536.3767084199935,1.1881878599524498,60195.639027282596,21.716216216216218
1791184617,4,POST,/api/playground/conversations,0.300000,0.100000,6,7,8,8,9,26,26,26,26,26,26,24,1,7,8.55821161530912,1.1881878599524498,25.70396615192294,36.416666666666664
1791184617,4,POST,/api/playground/conversations/{conversation_id}/chat/sse,0.200000,0.000000,3,4,6,7,7,7,7,7,7,7,7,19,0,3,3.2215185316377566,1.8321960233151913,6.74001919105649,0.0
1791184617,4,POST,/api/playground/conversations/{conversation_id}/chat/{chat_id}/attachment,0.200000,0.000000,76,78,78,78,80,80,80,80,80,80,80,23,0,77,83.41940158330227,66.27387180924416,127.92078778147697,26.0
1791184617,4,TXN,multimodal_e2e,0.300000,0.100000,360,380,60000,60000,60000,60000,60000,60000,60000,60000,60000,20,1,360.0,9341.93259717431,1.3340236619114876,60195.639027282596,18.45
1791184617,4,,Aggregated,1.000000,0.200000,26,76,80,350,360,60000,60000,60000,60000,60000,60000,86,2,18,2197.9523733810543,1.1881878599524498,60195.639027282596,21.406976744186046
1791184618,4,POST,/api/playground/conversations,0.600000,0.100000,6,7,8,9,10,26,26,26,26,26,26,27,2,7,8.290933565823016,1.1881878599524498,25.70396615192294,35.18518518518518
1791184618,4,POST,/api/playground/conversations/{conversation_id}/chat/sse,0.500000,0.000000,3,4,6,6,7,7,7,7,7,7,7,21,0,3,3.273194877519494,1.8321960233151913,6.74001919105649,0.0
1791184618,4,POST,/api/playground/conversations/{conversation_id}/chat/{chat_id}/attachment,0.500000,0.000000,76,78,78,78,79,80,80,80,80,80,80,25,0,77,82.84719234332442,66.27387180924416,127.92078778147697,26.0
1791184618,4,TXN,multimodal_e2e,0.600000,0.100000,360,380,60000,60000,60000,60000,60000,60000,60000,60000,60000,23,2,370.0,10753.126652081213,1.3340236619114876,60195.639027282596,18.391304347826086
1791184618,4,,Aggregated,2.200000,0.200000,10,76,80,350,370,60000,60000,60000,60000,60000,60000,96,4,17,2600.89255317871,1.1881878599524498,60195.639027282596,21.072916666666668
1791184619,4,POST,/api/playground/conversations,0.600000,0.100000,6,6,8,9,10,26,26,26,26,26,26,28,2,7,8.216338481621019,1.1881878599524498,25.70396615192294,35.285714285714285
1791184619,4,POST,/api/playground/conversations/{conversation_id}/chat/sse,0.500000,0.000000,3,4,4,6,7,7,7,7,7,7,7,22,0,3,3.215475431220098,1.8321960233151913,6.74001919105649,0.0
1791184619,4,POST,/api/playground/conversations/{conversation_id}/chat/{chat_id}/attachment,0.500000,0.000000,75,78,78,78,79,80,80,80,80,80,80,26,0,76,82.50948005857376,66.27387180924416,127.92078778147697,26.0
1791184619,4,TXN,multimodal_e2e,0.600000,0.100000,360,370,60000,60000,60000,60000,60000,60000,60000,60000,60000,24,2,360.0,10319.79146875286,1.3340236619114876,60195.639027282596,18.416666666666668
1791184619,4,,Aggregated,2.200000,0.200000,10,75,80,350,370,60000,60000,60000,60000,60000,60000,100,4,17,2501.2103966856375,1.1881878599524498,60195.639027282596,21.06
1791184620,4,POST,/api/playground/conversations,0.600000,0.100000,6,6,8,9,10,26,26,26,26,26,26,28,2,7,8.216338481621019,1.1881878599524498,25.70396615192294,35.285714285714285
1791184620,4,POST,/api/playground/conversations/{conversation_id}/chat/sse,0.500000,0.000000,3,4,4,6,7,7,7,7,7,7,7,22,0,3,3.215475431220098,1.8321960233151913,6.74001919105649,0.0
1791184620,4,POST,/api/playground/conversations/{conversation_id}/chat/{chat_id}/attachment,0.500000,0.000000,75,78,78,78,79,80,80,80,80,80,80,26,0,76,82.50948005857376,66.27387180924416,127.92078778147697,26.0
1791184620,4,TXN,multimodal_e2e,0.600000,0.100000,360,370,60000,60000,60000,60000,60000,60000,60000,60000,60000,24,2,360.0,10319.79146875286,1.3340236619114876,60195.639027282596,18.416666666666668
1791184620,4,,Aggregated,2.200000,0.200000,10,75,80,350,370,60000,60000,60000,60000,60000,60000,100,4,17,2501.2103966856375,1.1881878599524498,60195.639027282596,21.06
1791184621,4,POST,/api/playground/conversations,0.600000,0.100000,6,6,8,9,10,26,26,26,26,26,26,28,2,7,8.216338481621019,1.1881878599524498,25.70396615192294,35.285714285714285
1791184621,4,POST,/api/playground/conversations/{conversation_id}/chat/sse,0.500000,0.000000,3,4,4,6,7,7,7,7,7,7,7,22,0,3,3.215475431220098,1.8321960233151913,6.74001919105649,0.0
1791184621,4,POST,/api/playground/conversations/{conversation_id}/chat/{chat_id}/attachment,0.500000,0.000000,75,78,78,78,79,80,80,80,80,80,80,26,0,76,82.50948005857376,66.27387180924416,127.92078778147697,26.0
1791184621,4,TXN,multimodal_e2e,0.600000,0.100000,360,370,60000,60000,60000,60000,60000,60000,60000,60000,60000,24,2,360.0,10319.79146875286,1.3340236619114876,60195.639027282596,18.416666666666668
1791184621,4,,Aggregated,2.200000,0.200000,10,75,80,350,370,60000,60000,60000,60000,60000,60000,100,4,17,2501.2103966856375,1.1881878599524498,60195.639027282596,21.06
1791184622,4,POST,/api/playground/conversations,0.600000,0.100000,6,6,8,9,10,26,26,26,26,26,26,28,2,7,8.216338481621019,1.1881878599524498,25.70396615192294,35.285714285714285
1791184622,4,POST,/api/playground/conversations/{conversation_id}/chat/sse,0.500000,0.000000,3,4,4,6,7,7,7,7,7,7,7,22,0,3,3.215475431220098,1.8321960233151913,6.74001919105649,0.0
1791184622,4,POST,/api/playground/conversations/{conversation_id}/chat/{chat_id}/attachment,0.500000,0.000000,75,78,78,78,79,80,80,80,80,80,80,26,0,76,82.50948005857376,66.27387180924416,127.92078778147697,26.0
1791184622,4,TXN,multimodal_e2e,0.600000,0.100000,360,370,60000,60000,60000,60000,60000,60000,60000,60000,60000,24,2,360.0,10319.79146875286,1.3340236619114876,60195.639027282596,18.416666666666668
1791184622,4,,Aggregated,2.200000,0.200000,10,75,80,350,370,60000,60000,60000,60000,60000,60000,100,4,17,2501.2103966856375,1.1881878599524498,60195.639027282596,21.06
1791184623,4,POST,/api/playground/conversations,0.600000,0.100000,6,6,8,9,10,26,26,26,26,26,26,28,2,7,8.216338481621019,1.1881878599524498,25.70396615192294,35.285714285714285
1791184623,4,POST,/api/playground/conversations/{conversation_id}/chat/sse,0.500000,0.000000,3,4,4,6,7,7,7,7,7,7,7,22,0,3,3.215475431220098,1.8321960233151913,6.74001919105649,0.0
1791184623,4,POST,/api/playground/conversations/{conversation_id}/chat/{chat_id}/attachment,0.500000,0.000000,75,78,78,78,79,80,80,80,80,80,80,26,0,76,82.50948005857376,66.27387180924416,127.92078778147697,26.0
1791184623,4,TXN,multimodal_e2e,0.600000,0.100000,360,370,60000,60000,60000,60000,60000,60000,60000,60000,60000,24,2,360.0,10319.79146875286,1.3340236619114876,60195.639027282596,18.416666666666668
1791184623,4,,Aggregated,2.200000,0.200000,10,75,80,350,370,60000,60000,60000,60000,60000,60000,100,4,17,2501.2103966856375,1.1881878599524498,60195.639027282596,21.06
1791184624,4,POST,/api/playground/conversations,0.600000,0.100000,6,6,8,8,9,10,10,10,10,10,10,28,2,7,8.216338481621019,1.1881878599524498,25.70396615192294,35.285714285714285
1791184624,4,POST,/api/playground/conversations/{conversation_id}/chat/sse,0.500000,0.000000,2,3,4,4,6,7,7,7,7,7,7,22,0,3,3.215475431220098,1.8321960233151913,6.74001919105649,0.0
1791184624,4,POST,/api/playground/conversations/{conversation_id}/chat/{chat_id}/attachment,0.500000,0.000000,75,78,78,78,79,80,80,80,80,80,80,26,0,76,82.50948005857376,66.27387180924416,127.92078778147697,26.0
1791184624,4,TXN,multimodal_e2e,0.600000,0.100000,360,360,60000,60000,60000,60000,60000,60000,60000,60000,60000,24,2,360.0,10319.79146875286,1.3340236619114876,60195.639027282596,18.416666666666668
1791184624,4,,Aggregated,2.200000,0.200000,10,76,80,350,360,60000,60000,60000,60000,60000,60000,100,4,17,2501.2103966856375,1.1881878599524498,60195.639027282596,21.06
1791184625,4,POST,/api/playground/conversations,0.600000,0.100000,6,6,6,8,10,10,10,10,10,10,10,28,2,7,8.216338481621019,1.1881878599524498,25.70396615192294,35.285714285714285
1791184625,4,POST,/api/playground/conversations/{conversation_id}/chat/sse,0.500000,0.000000,3,3,4,4,7,7,7,7,7,7,7,22,0,3,3.215475431220098,1.8321960233151913,6.74001919105649,0.0
1791184625,4,POST,/api/playground/conversations/{conversation_id}/chat/{chat_id}/attachment,0.500000,0.000000,78,78,79,79,80,80,80,80,80,80,80,26,0,76,82.50948005857376,66.27387180924416,127.92078778147697,26.0
1791184625,4,TXN,multimodal_e2e,0.600000,0.100000,360,360,370,60000,60000,60000,60000,60000,60000,60000,60000,24,2,360.0,10319.79146875286,1.3340236619114876,60195.639027282596,18.416666666666668
1791184625,4,,Aggregated,2.200000,0.200000,10,78,80,350,360,60000,60000,60000,60000,60000,60000,100,4,17,2501.2103966856375,1.1881878599524498,60195.639027282596,21.06
1791184626,4,POST,/api/playground/conversations,0.600000,0.100000,6,6,6,10,10,10,10,10,10,10,10,28,2,7,8.216338481621019,1.1881878599524498,25.70396615192294,35.285714285714285
1791184626,4,POST,/api/playground/conversations/{conversation_id}/chat/sse,0.500000,0.000000,3,3,4,4,4,4,4,4,4,4,4,22,0,3,3.215475431220098,1.8321960233151913,6.74001919105649,0.0
1791184626,4,POST,/api/playground/conversations/{conversation_id}/chat/{chat_id}/attachment,0.500000,0.000000,74,78,78,79,79,79,79,79,79,79,79,26,0,76,82.50948005857376,66.27387180924416,127.92078778147697,26.0
1791184626,4,TXN,multimodal_e2e,0.600000,0.100000,360,370,370,60000,60000,60000,60000,60000,60000,60000,60000,24,2,360.0,10319.79146875286,1.3340236619114876,60195.639027282596,18.416666666666668
1791184626,4,,Aggregated,2.200000,0.200000,10,74,79,350,370,60000,60000,60000,60000,60000,60000,100,4,17,2501.2103966856375,1.1881878599524498,60195.639027282596,21.06
1791184627,4,POST,/api/playground/conversations,0.600000,0.100000,6,6,6,6,6,6,6,6,6,6,6,28,2,7,8.216338481621019,1.1881878599524498,25.70396615192294,35.285714285714285
1791184627,4,POST,/api/playground/conversations/{conversation_id}/chat/sse,0.500000,0.000000,3,3,3,3,3,3,3,3,3,3,3,22,0,3,3.215475431220098,1.8321960233151913,6.74001919105649,0.0
1791184627,4,POST,/api/playground/conversations/{conversation_id}/chat/{chat_id}/attachment,0.500000,0.000000,74,74,74,74,74,74,74,74,74,74,74,26,0,76,82.50948005857376,66.27387180924416,127.92078778147697,26.0
1791184627,4,TXN,multimodal_e2e,0.600000,0.100000,370,370,370,370,370,370,370,370,370,370,370,24,2,360.0,10319.79146875286,1.3340236619114876,60195.639027282596,18.416666666666668
1791184627,4,,Aggregated,2.200000,0.200000,73,74,350,350,370,370,370,370,370,370,370,100,4,17,2501.2103966856375,1.1881878599524498,60195.639027282596,21.06
1791184628,4,POST,/api/playground/conversations,0.600000,0.100000,6,6,6,6,6,6,6,6,6,6,6,28,2,7,8.216338481621019,1.1881878599524498,25.70396615192294,35.285714285714285
1791184628,4,POST,/api/playground/conversations/{conversation_id}/chat/sse,0.500000,0.000000,3,3,3,3,3,3,3,3,3,3,3,22,0,3,3.215475431220098,1.8321960233151913,6.74001919105649,0.0
1791184628,4,POST,/api/playground/conversations/{conversation_id}/chat/{chat_id}/attachment,0.500000,0.000000,74,74,74,74,74,74,74,74,74,74,74,26,0,76,82.50948005857376,66.27387180924416,127.92078778147697,26.0
1791184628,4,TXN,multimodal_e2e,0.600000,0.100000,370,370,370,370,370,370,370,370,370,370,370,24,2,360.0,10319.79146875286,1.3340236619114876,60195.639027282596,18.416666666666668
1791184628,4,,Aggregated,2.200000,0.200000,73,74,350,350,370,370,370,370,370,370,370,100,4,17,2501.2103966856375,1.1881878599524498,60195.639027282596,21.06
1791184629,4,POST,/api/playground/conversations,0.600000,0.100000,6,6,6,6,6,6,6,6,6,6,6,28,2,7,8.216338481621019,1.1881878599524498,25.70396615192294,35.285714285714285
1791184629,4,POST,/api/playground/conversations/{conversation_id}/chat/sse,0.500000,0.000000,3,3,3,3,3,3,3,3,3,3,3,22,0,3,3.215475431220098,1.8321960233151913,6.74001919105649,0.0
1791184629,4,POST,/api/playground/conversations/{conversation_id}/chat/{chat_id}/attachment,0.500000,0.000000,74,74,74,74,74,74,74,74,74,74,74,26,0,76,82.50948005857376,66.27387180924416,127.92078778147697,26.0
1791184629,4,TXN,multimodal_e2e,0.600000,0.100000,370,370,370,370,370,370,370,370,370,370,370,24,2,360.0,10319.79146875286,1.3340236619114876,60195.639027282596,18.416666666666668
1791184629,4,,Aggregated,2.200000,0.200000,73,74,350,350,370,370,370,370,370,370,370,100,4,17,2501.2103966856375,1.1881878599524498,60195.639027282596,21.06
1791184630,4,POST,/api/playground/conversations,0.600000,0.100000,6,6,6,6,6,6,6,6,6,6,6,28,2,7,8.216338481621019,1.1881878599524498,25.70396615192294,35.285714285714285
1791184630,4,POST,/api/playground/conversations/{conversation_id}/chat/sse,0.500000,0.000000,3,3,3,3,3,3,3,3,3,3,3,22,0,3,3.215475431220098,1.8321960233151913,6.74001919105649,0.0
1791184630,4,POST,/api/playground/conversations/{conversation_id}/chat/{chat_id}/attachment,0.500000,0.000000,74,74,74,74,74,74,74,74,74,74,74,26,0,76,82.50948005857376,66.27387180924416,127.92078778147697,26.0
1791184630,4,TXN,multimodal_e2e,0.600000,0.100000,370,370,370,370,370,370,370,370,370,370,370,24,2,360.0,10319.79146875286,1.3340236619114876,60195.639027282596,18.416666666666668
1791184630,4,,Aggregated,2.200000,0.200000,73,74,350,350,370,370,370,370,370,370,370,100,4,17,2501.2103966856375,1.1881878599524498,60195.639027282596,21.06
1791184631,4,POST,/api/playground/conversations,0.600000,0.100000,6,6,6,6,6,6,6,6,6,6,6,28,2,7,8.216338481621019,1.1881878599524498,25.70396615192294,35.285714285714285
1791184631,4,POST,/api/playground/conversations/{conversation_id}/chat/sse,0.500000,0.000000,3,3,3,3,3,3,3,3,3,3,3,22,0,3,3.215475431220098,1.8321960233151913,6.74001919105649,0.0
1791184631,4,POST,/api/playground/conversations/{conversation_id}/chat/{chat_id}/attachment,0.500000,0.000000,74,74,74,74,74,74,74,74,74,74,74,26,0,76,82.50948005857376,66.27387180924416,127.92078778147697,26.0
1791184631,4,TXN,multimodal_e2e,0.600000,0.100000,370,370,370,370,370,370,370,370,370,370,370,24,2,360.0,10319.79146875286,1.3340236619114876,60195.639027282596,18.416666666666668
1791184631,4,,Aggregated,2.200000,0.200000,73,74,350,350,370,370,370,370,370,370,370,100,4,17,2501.2103966856375,1.1881878599524498,60195.639027282596,21.06
1791184632,4,POST,/api/playground/conversations,0.600000,0.100000,6,6,6,6,6,6,6,6,6,6,6,28,2,7,8.216338481621019,1.1881878599524498,25.70396615192294,35.285714285714285
1791184632,4,POST,/api/playground/conversations/{conversation_id}/chat/sse,0.500000,0.000000,3,3,3,3,3,3,3,3,3,3,3,22,0,3,3.215475431220098,1.8321960233151913,6.74001919105649,0.0
1791184632,4,POST,/api/playground/conversations/{conversation_id}/chat/{chat_id}/attachment,0.500000,0.000000,74,74,74,74,74,74,74,74,74,74,74,26,0,76,82.50948005857376,66.27387180924416,127.92078778147697,26.0
1791184632,4,TXN,multimodal_e2e,0.600000,0.100000,370,370,370,370,370,370,370,370,370,370,370,24,2,360.0,10319.79146875286,1.3340236619114876,60195.639027282596,18.416666666666668
1791184632,4,,Aggregated,2.200000,0.200000,73,74,350,350,370,370,370,370,370,370,370,100,4,17,2501.2103966856375,1.1881878599524498,60195.639027282596,21.06
1791184633,4,POST,/api/playground/conversations,0.600000,0.100000,6,6,6,6,6,6,6,6,6,6,6,28,2,7,8.216338481621019,1.1881878599524498,25.70396615192294,35.285714285714285
1791184633,4,POST,/api/playground/conversations/{conversation_id}/chat/sse,0.500000,0.000000,3,3,3,3,3,3,3,3,3,3,3,22,0,3,3.215475431220098,1.8321960233151913,6.74001919105649,0.0
1791184633,4,POST,/api/playground/conversations/{conversation_id}/chat/{chat_id}/attachment,0.500000,0.000000,74,74,74,74,74,74,74,74,74,74,74,26,0,76,82.50948005857376,66.27387180924416,127.92078778147697,26.0
1791184633,4,TXN,multimodal_e2e,0.600000,0.100000,370,370,370,370,370,370,370,370,370,370,370,24,2,360.0,10319.79146875286,1.3340236619114876,60195.639027282596,18.416666666666668
1791184633,4,,Aggregated,2.200000,0.200000,73,74,350,350,370,370,370,370,370,370,370,100,4,17,2501.2103966856375,1.1881878599524498,60195.639027282596,21.06
1791184634,4,POST,/api/playground/conversations,0.600000,0.100000,6,6,6,6,6,6,6,6,6,6,6,28,2,7,8.216338481621019,1.1881878599524498,25.70396615192294,35.285714285714285
1791184634,4,POST,/api/playground/conversations/{conversation_id}/chat/sse,0.500000,0.000000,3,3,3,3,3,3,3,3,3,3,3,22,0,3,3.215475431220098,1.8321960233151913,6.74001919105649,0.0
1791184634,4,POST,/api/playground/conversations/{conversation_id}/chat/{chat_id}/attachment,0.500000,0.000000,74,74,74,74,74,74,74,74,74,74,74,26,0,76,82.50948005857376,66.27387180924416,127.92078778147697,26.0
1791184634,4,TXN,multimodal_e2e,0.600000,0.100000,370,370,370,370,370,370,370,370,370,370,370,24,2,360.0,10319.79146875286,1.3340236619114876,60195.639027282596,18.416666666666668
1791184634,4,,Aggregated,2.200000,0.200000,73,74,350,350,370,370,370,370,370,370,370,100,4,17,2501.2103966856375,1.1881878599524498,60195.639027282596,21.06
1791184635,4,POST,/api/playground/conversations,0.600000,0.100000,6,6,6,6,6,6,6,6,6,6,6,28,2,7,8.216338481621019,1.1881878599524498,25.70396615192294,35.285714285714285
1791184635,4,POST,/api/playground/conversations/{conversation_id}/chat/sse,0.500000,0.000000,3,3,3,3,3,3,3,3,3,3,3,22,0,3,3.215475431220098,1.8321960233151913,6.74001919105649,0.0
1791184635,4,POST,/api/playground/conversations/{conversation_id}/chat/{chat_id}/attachment,0.500000,0.000000,74,74,74,74,74,74,74,74,74,74,74,26,0,76,82.50948005857376,66.27387180924416,127.92078778147697,26.0
1791184635,4,TXN,multimodal_e2e,0.600000,0.100000,370,370,370,370,370,370,370,370,370,370,370,24,2,360.0,10319.79146875286,1.3340236619114876,60195.639027282596,18.416666666666668
1791184635,4,,Aggregated,2.200000,0.200000,73,74,350,350,370,370,370,370,370,370,370,100,4,17,2501.2103966856375,1.1881878599524498,60195.639027282596,21.06
1791184636,4,POST,/api/playground/conversations,0.600000,0.100000,0,0,0,0,0,0,0,0,0,0,0,28,2,7,8.216338481621019,1.1881878599524498,25.70396615192294,35.285714285714285
1791184636,4,POST,/api/playground/conversations/{conversation_id}/chat/sse,0.500000,0.000000,0,0,0,0,0,0,0,0,0,0,0,22,0,3,3.215475431220098,1.8321960233151913,6.74001919105649,0.0
1791184636,4,POST,/api/playground/conversations/{conversation_id}/chat/{chat_id}/attachment,0.500000,0.000000,0,0,0,0,0,0,0,0,0,0,0,26,0,76,82.50948005857376,66.27387180924416,127.92078778147697,26.0
1791184636,4,TXN,multimodal_e2e,0.600000,0.100000,0,0,0,0,0,0,0,0,0,0,0,24,2,360.0,10319.79146875286,1.3340236619114876,60195.639027282596,18.416666666666668
1791184636,4,,Aggregated,2.200000,0.200000,0,0,0,0,0,0,0,0,0,0,0,100,4,17,2501.2103966856375,1.1881878599524498,60195.639027282596,21.06
1791184637,4,POST,/api/playground/conversations,0.600000,0.100000,0,0,0,0,0,0,0,0,0,0,0,28,2,7,8.216338481621019,1.1881878599524498,25.70396615192294,35.285714285714285
1791184637,4,POST,/api/playground/conversations/{conversation_id}/chat/sse,0.500000,0.000000,0,0,0,0,0,0,0,0,0,0,0,22,0,3,3.215475431220098,1.8321960233151913,6.74001919105649,0.0
1791184637,4,POST,/api/playground/conversations/{conversation_id}/chat/{chat_id}/attachment,0.500000,0.000000,0,0,0,0,0,0,0,0,0,0,0,26,0,76,82.50948005857376,66.27387180924416,127.92078778147697,26.0
1791184637,4,TXN,multimodal_e2e,0.600000,0.100000,0,0,0,0,0,0,0,0,0,0,0,24,2,360.0,10319.79146875286,1.3340236619114876,60195.639027282596,18.416666666666668
1791184637,4,,Aggregated,2.200000,0.200000,0,0,0,0,0,0,0,0,0,0,0,100,4,17,2501.2103966856375,1.1881878599524498,60195.639027282596,21.06
1791184638,4,POST,/api/playground/conversations,0.600000,0.100000,0,0,0,0,0,0,0,0,0,0,0,28,2,7,8.216338481621019,1.1881878599524498,25.70396615192294,35.285714285714285
1791184638,4,POST,/api/playground/conversations/{conversation_id}/chat/sse,0.500000,0.000000,0,0,0,0,0,0,0,0,0,0,0,22,0,3,3.215475431220098,1.8321960233151913,6.74001919105649,0.0
1791184638,4,POST,/api/playground/conversations/{conversation_id}/chat/{chat_id}/attachment,0.500000,0.000000,0,0,0,0,0,0,0,0,0,0,0,26,0,76,82.50948005857376,66.27387180924416,127.92078778147697,26.0
1791184638,4,TXN,multimodal_e2e,0.600000,0.100000,0,0,0,0,0,0,0,0,0,0,0,24,2,360.0,10319.79146875286,1.3340236619114876,60195.639027282596,18.416666666666668
1791184638,4,,Aggregated,2.200000,0.200000,0,0,0,0,0,0,0,0,0,0,0,100,4,17,2501.2103966856375,1.1881878599524498,60195.639027282596,21.06
1791184639,4,POST,/api/playground/conversations,0.600000,0.100000,0,0,0,0,0,0,0,0,0,0,0,28,2,7,8.216338481621019,1.1881878599524498,25.70396615192294,35.285714285714285
1791184639,4,POST,/api/playground/conversations/{conversation_id}/chat/sse,0.500000,0.000000,0,0,0,0,0,0,0,0,0,0,0,22,0,3,3.215475431220098,1.8321960233151913,6.74001919105649,0.0
1791184639,4,POST,/api/playground/conversations/{conversation_id}/chat/{chat_id}/attachment,0.500000,0.000000,0,0,0,0,0,0,0,0,0,0,0,26,0,76,82.50948005857376,66.27387180924416,127.92078778147697,26.0
1791184639,4,TXN,multimodal_e2e,0.600000,0.100000,0,0,0,0,0,0,0,0,0,0,0,24,2,360.0,10319.79146875286,1.3340236619114876,60195.639027282596,18.416666666666668
1791184639,4,,Aggregated,2.200000,0.200000,0,0,0,0,0,0,0,0,0,0,0,100,4,17,2501.2103966856375,1.1881878599524498,60195.639027282596,21.06
1791184640,4,POST,/api/playground/conversations,0.600000,0.100000,0,0,0,0,0,0,0,0,0,0,0,28,2,7,8.216338481621019,1.1881878599524498,25.70396615192294,35.285714285714285
1791184640,4,POST,/api/playground/conversations/{conversation_id}/chat/sse,0.500000,0.000000,0,0,0,0,0,0,0,0,0,0,0,22,0,3,3.215475431220098,1.8321960233151913,6.74001919105649,0.0
1791184640,4,POST,/api/playground/conversations/{conversation_id}/chat/{chat_id}/attachment,0.500000,0.000000,0,0,0,0,0,0,0,0,0,0,0,26,0,76,82.50948005857376,66.27387180924416,127.92078778147697,26.0
1791184640,4,TXN,multimodal_e2e,0.600000,0.100000,0,0,0,0,0,0,0,0,0,0,0,24,2,360.0,10319.79146875286,1.3340236619114876,60195.639027282596,18.416666666666668
1791184640,4,,Aggregated,2.200000,0.200000,0,0,0,0,0,0,0,0,0,0,0,100,4,17,2501.2103966856375,1.1881878599524498,60195.639027282596,21.06
1791184641,4,POST,/api/playground/conversations,0.600000,0.100000,0,0,0,0,0,0,0,0,0,0,0,28,2,7,8.216338481621019,1.1881878599524498,25.70396615192294,35.285714285714285
1791184641,4,POST,/api/playground/conversations/{conversation_id}/chat/sse,0.500000,0.000000,0,0,0,0,0,0,0,0,0,0,0,22,0,3,3.215475431220098,1.8321960233151913,6.74001919105649,0.0
1791184641,4,POST,/api/playground/conversations/{conversation_id}/chat/{chat_id}/attachment,0.500000,0.000000,0,0,0,0,0,0,0,0,0,0,0,26,0,76,82.50948005857376,66.27387180924416,127.92078778147697,26.0
1791184641,4,TXN,multimodal_e2e,0.600000,0.100000,0,0,0,0,0,0,0,0,0,0,0,24,2,360.0,10319.79146875286,1.3340236619114876,60195.639027282596,18.416666666666668
1791184641,4,,Aggregated,2.200000,0.200000,0,0,0,0,0,0,0,0,0,0,0,100,4,17,2501.2103966856375,1.1881878599524498,60195.639027282596,21.06
1791184642,4,POST,/api/playground/conversations,0.600000,0.100000,0,0,0,0,0,0,0,0,0,0,0,28,2,7,8.216338481621019,1.1881878599524498,25.70396615192294,35.285714285714285
1791184642,4,POST,/api/playground/conversations/{conversation_id}/chat/sse,0.500000,0.000000,0,0,0,0,0,0,0,0,0,0,0,22,0,3,3.215475431220098,1.8321960233151913,6.74001919105649,0.0
1791184642,4,POST,/api/playground/conversations/{conversation_id}/chat/{chat_id}/attachment,0.500000,0.000000,0,0,0,0,0,0,0,0,0,0,0,26,0,76,82.50948005857376,66.27387180924416,127.92078778147697,26.0
1791184642,4,TXN,multimodal_e2e,0.600000,0.100000,0,0,0,0,0,0,0,0,0,0,0,24,2,360.0,10319.79146875286,1.3340236619114876,60195.639027282596,18.416666666666668
1791184642,4,,Aggregated,2.200000,0.200000,0,0,0,0,0,0,0,0,0,0,0,100,4,17,2501.2103966856375,1.1881878599524498,60195.639027282596,21.06
1791184643,4,POST,/api/playground/conversations,0.600000,0.100000,0,0,0,0,0,0,0,0,0,0,0,28,2,7,8.216338481621019,1.1881878599524498,25.70396615192294,35.285714285714285
1791184643,4,POST,/api/playground/conversations/{conversation_id}/chat/sse,0.500000,0.000000,0,0,0,0,0,0,0,0,0,0,0,22,0,3,3.215475431220098,1.8321960233151913,6.74001919105649,0.0
1791184643,4,POST,/api/playground/conversations/{conversation_id}/chat/{chat_id}/attachment,0.500000,0.000000,0,0,0,0,0,0,0,0,0,0,0,26,0,76,82.50948005857376,66.27387180924416,127.92078778147697,26.0
1791184643,4,TXN,multimodal_e2e,0.600000,0.100000,0,0,0,0,0,0,0,0,0,0,0,24,2,360.0,10319.79146875286,1.3340236619114876,60195.639027282596,18.416666666666668
1791184643,4,,Aggregated,2.200000,0.200000,0,0,0,0,0,0,0,0,0,0,0,100,4,17,2501.2103966856375,1.1881878599524498,60195.639027282596,21.06
1791184644,4,POST,/api/playground/conversations,0.600000,0.100000,0,0,0,0,0,0,0,0,0,0,0,28,2,7,8.216338481621019,1.1881878599524498,25.70396615192294,35.285714285714285
1791184644,4,POST,/api/playground/conversations/{conversation_id}/chat/sse,0.500000,0.000000,0,0,0,0,0,0,0,0,0,0,0,22,0,3,3.215475431220098,1.8321960233151913,6.74001919105649,0.0
1791184644,4,POST,/api/playground/conversations/{conversation_id}/chat/{chat_id}/attachment,0.500000,0.000000,0,0,0,0,0,0,0,0,0,0,0,26,0,76,82.50948005857376,66.27387180924416,127.92078778147697,26.0
1791184644,4,TXN,multimodal_e2e,0.600000,0.100000,0,0,0,0,0,0,0,0,0,0,0,24,2,360.0,10319.79146875286,1.3340236619114876,60195.639027282596,18.416666666666668
1791184644,4,,Aggregated,2.200000,0.200000,0,0,0,0,0,0,0,0,0,0,0,100,4,17,2501.2103966856375,1.1881878599524498,60195.639027282596,21.06
1791184645,4,POST,/api/playground/conversations,0.600000,0.100000,0,0,0,0,0,0,0,0,0,0,0,28,2,7,8.216338481621019,1.1881878599524498,25.70396615192294,35.285714285714285
1791184645,4,POST,/api/playground/conversations/{conversation_id}/chat/sse,0.500000,0.000000,0,0,0,0,0,0,0,0,0,0,0,22,0,3,3.215475431220098,1.8321960233151913,6.74001919105649,0.0
1791184645,4,POST,/api/playground/conversations/{conversation_id}/chat/{chat_id}/attachment,0.500000,0.000000,0,0,0,0,0,0,0,0,0,0,0,26,0,76,82.50948005857376,66.27387180924416,127.92078778147697,26.0
1791184645,4,TXN,multimodal_e2e,0.600000,0.100000,0,0,0,0,0,0,0,0,0,0,0,24,2,360.0,10319.79146875286,1.3340236619114876,60195.639027282596,18.416666666666668
1791184645,4,,Aggregated,2.200000,0.200000,0,0,0,0,0,0,0,0,0,0,0,100,4,17,2501.2103966856375,1.1881878599524498,60195.639027282596,21.06
1791184646,4,POST,/api/playground/conversations,0.600000,0.100000,0,0,0,0,0,0,0,0,0,0,0,28,2,7,8.216338481621019,1.1881878599524498,25.70396615192294,35.285714285714285
1791184646,4,POST,/api/playground/conversations/{conversation_id}/chat/sse,0.500000,0.000000,0,0,0,0,0,0,0,0,0,0,0,22,0,3,3.215475431220098,1.8321960233151913,6.74001919105649,0.0
1791184646,4,POST,/api/playground/conversations/{conversation_id}/chat/{chat_id}/attachment,0.500000,0.000000,0,0,0,0,0,0,0,0,0,0,0,26,0,76,82.50948005857376,66.27387180924416,127.92078778147697,26.0
1791184646,4,TXN,multimodal_e2e,0.600000,0.100000,0,0,0,0,0,0,0,0,0,0,0,24,2,360.0,10319.79146875286,1.3340236619114876,60195.639027282596,18.416666666666668
1791184646,4,,Aggregated,2.200000,0.200000,0,0,0,0,0,0,0,0,0,0,0,100,4,17,2501.2103966856375,1.1881878599524498,60195.639027282596,21.06
1791184647,4,POST,/api/playground/conversations,0.600000,0.100000,0,0,0,0,0,0,0,0,0,0,0,28,2,7,8.216338481621019,1.1881878599524498,25.70396615192294,35.285714285714285
1791184647,4,POST,/api/playground/conversations/{conversation_id}/chat/sse,0.500000,0.000000,0,0,0,0,0,0,0,0,0,0,0,22,0,3,3.215475431220098,1.8321960233151913,6.74001919105649,0.0
1791184647,4,POST,/api/playground/conversations/{conversation_id}/chat/{chat_id}/attachment,0.500000,0.000000,0,0,0,0,0,0,0,0,0,0,0,26,0,76,82.50948005857376,66.27387180924416,127.92078778147697,26.0
1791184647,4,TXN,multimodal_e2e,0.600000,0.100000,0,0,0,0,0,0,0,0,0,0,0,24,2,360.0,10319.79146875286,1.3340236619114876,60195.639027282596,18.416666666666668
1791184647,4,,Aggregated,2.200000,0.200000,0,0,0,0,0,0,0,0,0,0,0,100,4,17,2501.2103966856375,1.1881878599524498,60195.639027282596,21.06
1791184648,4,POST,/api/playground/conversations,0.600000,0.100000,0,0,0,0,0,0,0,0,0,0,0,28,2,7,8.216338481621019,1.1881878599524498,25.70396615192294,35.285714285714285
1791184648,4,POST,/api/playground/conversations/{conversation_id}/chat/sse,0.500000,0.000000,0,0,0,0,0,0,0,0,0,0,0,22,0,3,3.215475431220098,1.8321960233151913,6.74001919105649,0.0
1791184648,4,POST,/api/playground/conversations/{conversation_id}/chat/{chat_id}/attachment,0.500000,0.000000,0,0,0,0,0,0,0,0,0,0,0,26,0,76,82.50948005857376,66.27387180924416,127.92078778147697,26.0
1791184648,4,TXN,multimodal_e2e,0.600000,0.100000,0,0,0,0,0,0,0,0,0,0,0,24,2,360.0,10319.79146875286,1.3340236619114876,60195.639027282596,18.416666666666668
1791184648,4,,Aggregated,2.200000,0.200000,0,0,0,0,0,0,0,0,0,0,0,100,4,17,2501.2103966856375,1.1881878599524498,60195.639027282596,21.06
1791184649,4,POST,/api/playground/conversations,0.600000,0.100000,0,0,0,0,0,0,0,0,0,0,0,28,2,7,8.216338481621019,1.1881878599524498,25.70396615192294,35.285714285714285
1791184649,4,POST,/api/playground/conversations/{conversation_id}/chat/sse,0.500000,0.000000,0,0,0,0,0,0,0,0,0,0,0,22,0,3,3.215475431220098,1.8321960233151913,6.74001919105649,0.0
1791184649,4,POST,/api/playground/conversations/{conversation_id}/chat/{chat_id}/attachment,0.500000,0.000000,0,0,0,0,0,0,0,0,0,0,0,26,0,76,82.50948005857376,66.27387180924416,127.92078778147697,26.0
1791184649,4,TXN,multimodal_e2e,0.600000,0.100000,0,0,0,0,0,0,0,0,0,0,0,24,2,360.0,10319.79146875286,1.3340236619114876,60195.639027282596,18.416666666666668
1791184649,4,,Aggregated,2.200000,0.200000,0,0,0,0,0,0,0,0,0,0,0,100,4,17,2501.2103966856375,1.1881878599524498,60195.639027282596,21.06
1791184650,4,POST,/api/playground/conversations,0.600000,0.100000,0,0,0,0,0,0,0,0,0,0,0,28,2,7,8.216338481621019,1.1881878599524498,25.70396615192294,35.285714285714285
1791184650,4,POST,/api/playground/conversations/{conversation_id}/chat/sse,0.500000,0.000000,0,0,0,0,0,0,0,0,0,0,0,22,0,3,3.215475431220098,1.8321960233151913,6.74001919105649,0.0
1791184650,4,POST,/api/playground/conversations/{conversation_id}/chat/{chat_id}/attachment,0.500000,0.000000,0,0,0,0,0,0,0,0,0,0,0,26,0,76,82.50948005857376,66.27387180924416,127.92078778147697,26.0
1791184650,4,TXN,multimodal_e2e,0.600000,0.100000,0,0,0,0,0,0,0,0,0,0,0,24,2,360.0,10319.79146875286,1.3340236619114876,60195.639027282596,18.416666666666668
1791184650,4,,Aggregated,2.200000,0.200000,0,0,0,0,0,0,0,0,0,0,0,100,4,17,2501.2103966856375,1.1881878599524498,60195.639027282596,21.06
1791184651,4,POST,/api/playground/conversations,0.600000,0.100000,0,0,0,0,0,0,0,0,0,0,0,28,2,7,8.216338481621019,1.1881878599524498,25.70396615192294,35.285714285714285
1791184651,4,POST,/api/playground/conversations/{conversation_id}/chat/sse,0.500000,0.000000,0,0,0,0,0,0,0,0,0,0,0,22,0,3,3.215475431220098,1.8321960233151913,6.74001919105649,0.0
1791184651,4,POST,/api/playground/conversations/{conversation_id}/chat/{chat_id}/attachment,0.500000,0.000000,0,0,0,0,0,0,0,0,0,0,0,26,0,76,82.50948005857376,66.27387180924416,127.92078778147697,26.0
1791184651,4,TXN,multimodal_e2e,0.600000,0.100000,0,0,0,0,0,0,0,0,0,0,0,24,2,360.0,10319.79146875286,1.3340236619114876,60195.639027282596,18.416666666666668
1791184651,4,,Aggregated,2.200000,0.200000,0,0,0,0,0,0,0,0,0,0,0,100,4,17,2501.2103966856375,1.1881878599524498,60195.639027282596,21.06
1791184652,4,POST,/api/playground/conversations,0.600000,0.100000,0,0,0,0,0,0,0,0,0,0,0,28,2,7,8.216338481621019,1.1881878599524498,25.70396615192294,35.285714285714285
1791184652,4,POST,/api/playground/conversations/{conversation_id}/chat/sse,0.500000,0.000000,0,0,0,0,0,0,0,0,0,0,0,22,0,3,3.215475431220098,1.8321960233151913,6.74001919105649,0.0
1791184652,4,POST,/api/playground/conversations/{conversation_id}/chat/{chat_id}/attachment,0.500000,0.000000,0,0,0,0,0,0,0,0,0,0,0,26,0,76,82.50948005857376,66.27387180924416,127.92078778147697,26.0
1791184652,4,TXN,multimodal_e2e,0.600000,0.100000,0,0,0,0,0,0,0,0,0,0,0,24,2,360.0,10319.79146875286,1.3340236619114876,60195.639027282596,18.416666666666668
1791184652,4,,Aggregated,2.200000,0.200000,0,0,0,0,0,0,0,0,0,0,0,100,4,17,2501.2103966856375,1.1881878599524498,60195.639027282596,21.06
1791184653,4,POST,/api/playground/conversations,0.600000,0.100000,0,0,0,0,0,0,0,0,0,0,0,28,2,7,8.216338481621019,1.1881878599524498,25.70396615192294,35.285714285714285
1791184653,4,POST,/api/playground/conversations/{conversation_id}/chat/sse,0.500000,0.000000,0,0,0,0,0,0,0,0,0,0,0,22,0,3,3.215475431220098,1.8321960233151913,6.74001919105649,0.0
1791184653,4,POST,/api/playground/conversations/{conversation_id}/chat/{chat_id}/attachment,0.500000,0.000000,0,0,0,0,0,0,0,0,0,0,0,26,0,76,82.50948005857376,66.27387180924416,127.92078778147697,26.0
1791184653,4,TXN,multimodal_e2e,0.600000,0.100000,0,0,0,0,0,0,0,0,0,0,0,24,2,360.0,10319.79146875286,1.3340236619114876,60195.639027282596,18.416666666666668
1791184653,4,,Aggregated,2.200000,0.200000,0,0,0,0,0,0,0,0,0,0,0,100,4,17,2501.2103966856375,1.1881878599524498,60195.639027282596,21.06
1791184654,4,POST,/api/playground/conversations,0.600000,0.100000,0,0,0,0,0,0,0,0,0,0,0,28,2,7,8.216338481621019,1.1881878599524498,25.70396615192294,35.285714285714285
1791184654,4,POST,/api/playground/conversations/{conversation_id}/chat/sse,0.500000,0.000000,0,0,0,0,0,0,0,0,0,0,0,22,0,3,3.215475431220098,1.8321960233151913,6.74001919105649,0.0
1791184654,4,POST,/api/playground/conversations/{conversation_id}/chat/{chat_id}/attachment,0.500000,0.000000,0,0,0,0,0,0,0,0,0,0,0,26,0,76,82.50948005857376,66.27387180924416,127.92078778147697,26.0
1791184654,4,TXN,multimodal_e2e,0.600000,0.100000,0,0,0,0,0,0,0,0,0,0,0,24,2,360.0,10319.79146875286,1.3340236619114876,60195.639027282596,18.416666666666668
1791184654,4,,Aggregated,2.200000,0.200000,0,0,0,0,0,0,0,0,0,0,0,100,4,17,2501.2103966856375,1.1881878599524498,60195.639027282596,21.06
1791184655,4,POST,/api/playground/conversations,0.600000,0.100000,0,0,0,0,0,0,0,0,0,0,0,28,2,7,8.216338481621019,1.1881878599524498,25.70396615192294,35.285714285714285
1791184655,4,POST,/api/playground/conversations/{conversation_id}/chat/sse,0.500000,0.000000,0,0,0,0,0,0,0,0,0,0,0,22,0,3,3.215475431220098,1.8321960233151913,6.74001919105649,0.0
1791184655,4,POST,/api/playground/conversations/{conversation_id}/chat/{chat_id}/attachment,0.500000,0.000000,0,0,0,0,0,0,0,0,0,0,0,26,0,76,82.50948005857376,66.27387180924416,127.92078778147697,26.0
1791184655,4,TXN,multimodal_e2e,0.600000,0.100000,0,0,0,0,0,0,0,0,0,0,0,24,2,360.0,10319.79146875286,1.3340236619114876,60195.639027282596,18.416666666666668
1791184655,4,,Aggregated,2.200000,0.200000,0,0,0,0,0,0,0,0,0,0,0,100,4,17,2501.2103966856375,1.1881878599524498,60195.639027282596,21.06
1791184656,4,POST,/api/playground/conversations,0.600000,0.100000,0,0,0,0,0,0,0,0,0,0,0,28,2,7,8.216338481621019,1.1881878599524498,25.70396615192294,35.285714285714285
1791184656,4,POST,/api/playground/conversations/{conversation_id}/chat/sse,0.500000,0.000000,0,0,0,0,0,0,0,0,0,0,0,22,0,3,3.215475431220098,1.8321960233151913,6.74001919105649,0.0
1791184656,4,POST,/api/playground/conversations/{conversation_id}/chat/{chat_id}/attachment,0.500000,0.000000,0,0,0,0,0,0,0,0,0,0,0,26,0,76,82.50948005857376,66.27387180924416,127.92078778147697,26.0
1791184656,4,TXN,multimodal_e2e,0.600000,0.100000,0,0,0,0,0,0,0,0,0,0,0,24,2,360.0,10319.79146875286,1.3340236619114876,60195.639027282596,18.416666666666668
1791184656,4,,Aggregated,2.200000,0.200000,0,0,0,0,0,0,0,0,0,0,0,100,4,17,2501.2103966856375,1.1881878599524498,60195.639027282596,21.06
1791184657,4,POST,/api/playground/conversations,0.600000,0.100000,0,0,0,0,0,0,0,0,0,0,0,28,2,7,8.216338481621019,1.1881878599524498,25.70396615192294,35.285714285714285
1791184657,4,POST,/api/playground/conversations/{conversation_id}/chat/sse,0.500000,0.000000,0,0,0,0,0,0,0,0,0,0,0,22,0,3,3.215475431220098,1.8321960233151913,6.74001919105649,0.0
1791184657,4,POST,/api/playground/conversations/{conversation_id}/chat/{chat_id}/attachment,0.500000,0.000000,0,0,0,0,0,0,0,0,0,0,0,26,0,76,82.50948005857376,66.27387180924416,127.92078778147697,26.0
1791184657,4,TXN,multimodal_e2e,0.600000,0.100000,0,0,0,0,0,0,0,0,0,0,0,24,2,360.0,10319.79146875286,1.3340236619114876,60195.639027282596,18.416666666666668
1791184657,4,,Aggregated,2.200000,0.200000,0,0,0,0,0,0,0,0,0,0,0,100,4,17,2501.2103966856375,1.1881878599524498,60195.639027282596,21.06
1791184658,4,POST,/api/playground/conversations,0.600000,0.100000,0,0,0,0,0,0,0,0,0,0,0,28,2,7,8.216338481621019,1.1881878599524498,25.70396615192294,35.285714285714285
1791184658,4,POST,/api/playground/conversations/{conversation_id}/chat/sse,0.500000,0.000000,0,0,0,0,0,0,0,0,0,0,0,22,0,3,3.215475431220098,1.8321960233151913,6.74001919105649,0.0
1791184658,4,POST,/api/playground/conversations/{conversation_id}/chat/{chat_id}/attachment,0.500000,0.000000,0,0,0,0,0,0,0,0,0,0,0,26,0,76,82.50948005857376,66.27387180924416,127.92078778147697,26.0
1791184658,4,TXN,multimodal_e2e,0.600000,0.100000,0,0,0,0,0,0,0,0,0,0,0,24,2,360.0,10319.79146875286,1.3340236619114876,60195.639027282596,18.416666666666668
1791184658,4,,Aggregated,2.200000,0.200000,0,0,0,0,0,0,0,0,0,0,0,100,4,17,2501.2103966856375,1.1881878599524498,60195.639027282596,21.06
1791184659,4,POST,/api/playground/conversations,0.600000,0.100000,0,0,0,0,0,0,0,0,0,0,0,28,2,7,8.216338481621019,1.1881878599524498,25.70396615192294,35.285714285714285
1791184659,4,POST,/api/playground/conversations/{conversation_id}/chat/sse,0.500000,0.000000,0,0,0,0,0,0,0,0,0,0,0,22,0,3,3.215475431220098,1.8321960233151913,6.74001919105649,0.0
1791184659,4,POST,/api/playground/conversations/{conversation_id}/chat/{chat_id}/attachment,0.500000,0.000000,0,0,0,0,0,0,0,0,0,0,0,26,0,76,82.50948005857376,66.27387180924416,127.92078778147697,26.0
1791184659,4,TXN,multimodal_e2e,0.600000,0.100000,0,0,0,0,0,0,0,0,0,0,0,24,2,360.0,10319.79146875286,1.3340236619114876,60195.639027282596,18.416666666666668
1791184659,4,,Aggregated,2.200000,0.200000,0,0,0,0,0,0,0,0,0,0,0,100,4,17,2501.2103966856375,1.1881878599524498,60195.639027282596,21.06
1791184660,4,POST,/api/playground/conversations,0.600000,0.100000,0,0,0,0,0,0,0,0,0,0,0,28,2,7,8.216338481621019,1.1881878599524498,25.70396615192294,35.285714285714285
1791184660,4,POST,/api/playground/conversations/{conversation_id}/chat/sse,0.500000,0.000000,0,0,0,0,0,0,0,0,0,0,0,22,0,3,3.215475431220098,1.8321960233151913,6.74001919105649,0.0
1791184660,4,POST,/api/playground/conversations/{conversation_id}/chat/{chat_id}/attachment,0.500000,0.000000,0,0,0,0,0,0,0,0,0,0,0,26,0,76,82.50948005857376,66.27387180924416,127.92078778147697,26.0
1791184660,4,TXN,multimodal_e2e,0.600000,0.100000,0,0,0,0,0,0,0,0,0,0,0,24,2,360.0,10319.79146875286,1.3340236619114876,60195.639027282596,18.416666666666668
1791184660,4,,Aggregated,2.200000,0.200000,0,0,0,0,0,0,0,0,0,0,0,100,4,17,2501.2103966856375,1.1881878599524498,60195.639027282596,21.06
1791184661,4,POST,/api/playground/conversations,0.600000,0.100000,0,0,0,0,0,0,0,0,0,0,0,28,2,7,8.216338481621019,1.1881878599524498,25.70396615192294,35.285714285714285
1791184661,4,POST,/api/playground/conversations/{conversation_id}/chat/sse,0.500000,0.000000,0,0,0,0,0,0,0,0,0,0,0,22,0,3,3.215475431220098,1.8321960233151913,6.74001919105649,0.0
1791184661,4,POST,/api/playground/conversations/{conversation_id}/chat/{chat_id}/attachment,0.500000,0.000000,0,0,0,0,0,0,0,0,0,0,0,26,0,76,82.50948005857376,66.27387180924416,127.92078778147697,26.0
1791184661,4,TXN,multimodal_e2e,0.600000,0.100000,0,0,0,0,0,0,0,0,0,0,0,24,2,360.0,10319.79146875286,1.3340236619114876,60195.639027282596,18.416666666666668
1791184661,4,,Aggregated,2.200000,0.200000,0,0,0,0,0,0,0,0,0,0,0,100,4,17,2501.2103966856375,1.1881878599524498,60195.639027282596,21.06
1791184662,4,POST,/api/playground/conversations,0.600000,0.100000,0,0,0,0,0,0,0,0,0,0,0,28,2,7,8.216338481621019,1.1881878599524498,25.70396615192294,35.285714285714285
1791184662,4,POST,/api/playground/conversations/{conversation_id}/chat/sse,0.500000,0.000000,0,0,0,0,0,0,0,0,0,0,0,22,0,3,3.215475431220098,1.8321960233151913,6.74001919105649,0.0
1791184662,4,POST,/api/playground/conversations/{conversation_id}/chat/{chat_id}/attachment,0.500000,0.000000,0,0,0,0,0,0,0,0,0,0,0,26,0,76,82.50948005857376,66.27387180924416,127.92078778147697,26.0
1791184662,4,TXN,multimodal_e2e,0.600000,0.100000,0,0,0,0,0,0,0,0,0,0,0,24,2,360.0,10319.79146875286,1.3340236619114876,60195.639027282596,18.416666666666668
1791184662,4,,Aggregated,2.200000,0.200000,0,0,0,0,0,0,0,0,0,0,0,100,4,17,2501.2103966856375,1.1881878599524498,60195.639027282596,21.06
1791184663,4,POST,/api/playground/conversations,0.600000,0.100000,0,0,0,0,0,0,0,0,0,0,0,28,2,7,8.216338481621019,1.1881878599524498,25.70396615192294,35.285714285714285
1791184663,4,POST,/api/playground/conversations/{conversation_id}/chat/sse,0.500000,0.000000,0,0,0,0,0,0,0,0,0,0,0,22,0,3,3.215475431220098,1.8321960233151913,6.74001919105649,0.0
1791184663,4,POST,/api/playground/conversations/{conversation_id}/chat/{chat_id}/attachment,0.500000,0.000000,0,0,0,0,0,0,0,0,0,0,0,26,0,76,82.50948005857376,66.27387180924416,127.92078778147697,26.0
1791184663,4,TXN,multimodal_e2e,0.600000,0.100000,0,0,0,0,0,0,0,0,0,0,0,24,2,360.0,10319.79146875286,1.3340236619114876,60195.639027282596,18.416666666666668
1791184663,4,,Aggregated,2.200000,0.200000,0,0,0,0,0,0,0,0,0,0,0,100,4,17,2501.2103966856375,1.1881878599524498,60195.639027282596,21.06
1791184664,4,POST,/api/playground/conversations,0.600000,0.100000,0,0,0,0,0,0,0,0,0,0,0,28,2,7,8.216338481621019,1.1881878599524498,25.70396615192294,35.285714285714285
1791184664,4,POST,/api/playground/conversations/{conversation_id}/chat/sse,0.500000,0.000000,0,0,0,0,0,0,0,0,0,0,0,22,0,3,3.215475431220098,1.8321960233151913,6.74001919105649,0.0
1791184664,4,POST,/api/playground/conversations/{conversation_id}/chat/{chat_id}/attachment,0.500000,0.000000,0,0,0,0,0,0,0,0,0,0,0,26,0,76,82.50948005857376,66.27387180924416,127.92078778147697,26.0
1791184664,4,TXN,multimodal_e2e,0.600000,0.100000,0,0,0,0,0,0,0,0,0,0,0,24,2,360.0,10319.79146875286,1.3340236619114876,60195.639027282596,18.416666666666668
1791184664,4,,Aggregated,2.200000,0.200000,0,0,0,0,0,0,0,0,0,0,0,100,4,17,2501.2103966856375,1.1881878599524498,60195.639027282596,21.06
1791184665,4,POST,/api/playground/conversations,0.600000,0.100000,0,0,0,0,0,0,0,0,0,0,0,28,2,7,8.216338481621019,1.1881878599524498,25.70396615192294,35.285714285714285
1791184665,4,POST,/api/playground/conversations/{conversation_id}/chat/sse,0.500000,0.000000,0,0,0,0,0,0,0,0,0,0,0,22,0,3,3.215475431220098,1.8321960233151913,6.74001919105649,0.0
1791184665,4,POST,/api/playground/conversations/{conversation_id}/chat/{chat_id}/attachment,0.500000,0.000000,0,0,0,0,0,0,0,0,0,0,0,26,0,76,82.50948005857376,66.27387180924416,127.92078778147697,26.0
1791184665,4,TXN,multimodal_e2e,0.600000,0.100000,0,0,0,0,0,0,0,0,0,0,0,24,2,360.0,10319.79146875286,1.3340236619114876,60195.639027282596,18.416666666666668
1791184665,4,,Aggregated,2.200000,0.200000,0,0,0,0,0,0,0,0,0,0,0,100,4,17,2501.2103966856375,1.1881878599524498,60195.639027282596,21.06
1791184666,4,POST,/api/playground/conversations,0.600000,0.100000,0,0,0,0,0,0,0,0,0,0,0,28,2,7,8.216338481621019,1.1881878599524498,25.70396615192294,35.285714285714285
1791184666,4,POST,/api/playground/conversations/{conversation_id}/chat/sse,0.500000,0.000000,0,0,0,0,0,0,0,0,0,0,0,22,0,3,3.215475431220098,1.8321960233151913,6.74001919105649,0.0
1791184666,4,POST,/api/playground/conversations/{conversation_id}/chat/{chat_id}/attachment,0.500000,0.000000,0,0,0,0,0,0,0,0,0,0,0,26,0,76,82.50948005857376,66.27387180924416,127.92078778147697,26.0
1791184666,4,TXN,multimodal_e2e,0.600000,0.100000,0,0,0,0,0,0,0,0,0,0,0,24,2,360.0,10319.79146875286,1.3340236619114876,60195.639027282596,18.416666666666668
1791184666,4,,Aggregated,2.200000,0.200000,0,0,0,0,0,0,0,0,0,0,0,100,4,17,2501.2103966856375,1.1881878599524498,60195.639027282596,21.06
1791184667,4,POST,/api/playground/conversations,0.600000,0.100000,0,0,0,0,0,0,0,0,0,0,0,28,2,7,8.216338481621019,1.1881878599524498,25.70396615192294,35.285714285714285
1791184667,4,POST,/api/playground/conversations/{conversation_id}/chat/sse,0.500000,0.000000,0,0,0,0,0,0,0,0,0,0,0,22,0,3,3.215475431220098,1.8321960233151913,6.74001919105649,0.0
1791184667,4,POST,/api/playground/conversations/{conversation_id}/chat/{chat_id}/attachment,0.500000,0.000000,0,0,0,0,0,0,0,0,0,0,0,26,0,76,82.50948005857376,66.27387180924416,127.92078778147697,26.0
1791184667,4,TXN,multimodal_e2e,0.600000,0.100000,0,0,0,0,0,0,0,0,0,0,0,24,2,360.0,10319.79146875286,1.3340236619114876,60195.639027282596,18.416666666666668
1791184667,4,,Aggregated,2.200000,0.200000,0,0,0,0,0,0,0,0,0,0,0,100,4,17,2501.2103966856375,1.1881878599524498,60195.639027282596,21.06
1791184668,4,POST,/api/playground/conversations,0.600000,0.100000,0,0,0,0,0,0,0,0,0,0,0,28,2,7,8.216338481621019,1.1881878599524498,25.70396615192294,35.285714285714285
1791184668,4,POST,/api/playground/conversations/{conversation_id}/chat/sse,0.500000,0.000000,0,0,0,0,0,0,0,0,0,0,0,22,0,3,3.215475431220098,1.8321960233151913,6.74001919105649,0.0
1791184668,4,POST,/api/playground/conversations/{conversation_id}/chat/{chat_id}/attachment,0.500000,0.000000,0,0,0,0,0,0,0,0,0,0,0,26,0,76,82.50948005857376,66.27387180924416,127.92078778147697,26.0
1791184668,4,TXN,multimodal_e2e,0.600000,0.100000,0,0,0,0,0,0,0,0,0,0,0,24,2,360.0,10319.79146875286,1.3340236619114876,60195.639027282596,18.416666666666668
1791184668,4,,Aggregated,2.200000,0.200000,0,0,0,0,0,0,0,0,0,0,0,100,4,17,2501.2103966856375,1.1881878599524498,60195.639027282596,21.06
1791184669,4,POST,/api/playground/conversations,0.600000,0.100000,0,0,0,0,0,0,0,0,0,0,0,28,2,7,8.216338481621019,1.1881878599524498,25.70396615192294,35.285714285714285
1791184669,4,POST,/api/playground/conversations/{conversation_id}/chat/sse,0.500000,0.000000,0,0,0,0,0,0,0,0,0,0,0,22,0,3,3.215475431220098,1.8321960233151913,6.74001919105649,0.0
1791184669,4,POST,/api/playground/conversations/{conversation_id}/chat/{chat_id}/attachment,0.500000,0.000000,0,0,0,0,0,0,0,0,0,0,0,26,0,76,82.50948005857376,66.27387180924416,127.92078778147697,26.0
1791184669,4,TXN,multimodal_e2e,0.600000,0.100000,0,0,0,0,0,0,0,0,0,0,0,24,2,360.0,10319.79146875286,1.3340236619114876,60195.639027282596,18.416666666666668
1791184669,4,,Aggregated,2.200000,0.200000,0,0,0,0,0,0,0,0,0,0,0,100,4,17,2501.2103966856375,1.1881878599524498,60195.639027282596,21.06
1791184670,4,POST,/api/playground/conversations,0.600000,0.100000,0,0,0,0,0,0,0,0,0,0,0,28,2,7,8.216338481621019,1.1881878599524498,25.70396615192294,35.285714285714285
1791184670,4,POST,/api/playground/conversations/{conversation_id}/chat/sse,0.500000,0.000000,0,0,0,0,0,0,0,0,0,0,0,22,0,3,3.215475431220098,1.8321960233151913,6.74001919105649,0.0
1791184670,4,POST,/api/playground/conversations/{conversation_id}/chat/{chat_id}/attachment,0.500000,0.000000,0,0,0,0,0,0,0,0,0,0,0,26,0,76,82.50948005857376,66.27387180924416,127.92078778147697,26.0
1791184670,4,TXN,multimodal_e2e,0.600000,0.100000,0,0,0,0,0,0,0,0,0,0,0,24,2,360.0,10319.79146875286,1.3340236619114876,60195.639027282596,18.416666666666668
1791184670,4,,Aggregated,2.200000,0.200000,0,0,0,0,0,0,0,0,0,0,0,100,4,17,2501.2103966856375,1.1881878599524498,60195.639027282596,21.06
1791184671,4,POST,/api/playground/conversations,0.600000,0.100000,0,0,0,0,0,0,0,0,0,0,0,28,2,7,8.216338481621019,1.1881878599524498,25.70396615192294,35.285714285714285
1791184671,4,POST,/api/playground/conversations/{conversation_id}/chat/sse,0.500000,0.000000,0,0,0,0,0,0,0,0,0,0,0,22,0,3,3.215475431220098,1.8321960233151913,6.74001919105649,0.0
1791184671,4,POST,/api/playground/conversations/{conversation_id}/chat/{chat_id}/attachment,0.500000,0.000000,0,0,0,0,0,0,0,0,0,0,0,26,0,76,82.50948005857376,66.27387180924416,127.92078778147697,26.0
1791184671,4,TXN,multimodal_e2e,0.600000,0.100000,0,0,0,0,0,0,0,0,0,0,0,24,2,360.0,10319.79146875286,1.3340236619114876,60195.639027282596,18.416666666666668
1791184671,4,,Aggregated,2.200000,0.200000,0,0,0,0,0,0,0,0,0,0,0,100,4,17,2501.2103966856375,1.1881878599524498,60195.639027282596,21.06
1791184672,4,POST,/api/playground/conversations,0.600000,0.100000,0,0,0,0,0,0,0,0,0,0,0,28,2,7,8.216338481621019,1.1881878599524498,25.70396615192294,35.285714285714285
1791184672,4,POST,/api/playground/conversations/{conversation_id}/chat/sse,0.500000,0.000000,0,0,0,0,0,0,0,0,0,0,0,22,0,3,3.215475431220098,1.8321960233151913,6.74001919105649,0.0
1791184672,4,POST,/api/playground/conversations/{conversation_id}/chat/{chat_id}/attachment,0.500000,0.000000,0,0,0,0,0,0,0,0,0,0,0,26,0,76,82.50948005857376,66.27387180924416,127.92078778147697,26.0
1791184672,4,TXN,multimodal_e2e,0.600000,0.100000,0,0,0,0,0,0,0,0,0,0,0,24,2,360.0,10319.79146875286,1.3340236619114876,60195.639027282596,18.416666666666668
1791184672,4,,Aggregated,2.200000,0.200000,0,0,0,0,0,0,0,0,0,0,0,100,4,17,2501.2103966856375,1.1881878599524498,60195.639027282596,21.06
1791184673,4,POST,/api/playground/conversations,0.600000,0.100000,0,0,0,0,0,0,0,0,0,0,0,28,2,7,8.216338481621019,1.1881878599524498,25.70396615192294,35.285714285714285
1791184673,4,POST,/api/playground/conversations/{conversation_id}/chat/sse,0.500000,0.000000,0,0,0,0,0,0,0,0,0,0,0,22,0,3,3.215475431220098,1.8321960233151913,6.74001919105649,0.0
1791184673,4,POST,/api/playground/conversations/{conversation_id}/chat/{chat_id}/attachment,0.500000,0.000000,0,0,0,0,0,0,0,0,0,0,0,26,0,76,82.50948005857376,66.27387180924416,127.92078778147697,26.0
1791184673,4,TXN,multimodal_e2e,0.600000,0.100000,0,0,0,0,0,0,0,0,0,0,0,24,2,360.0,10319.79146875286,1.3340236619114876,60195.639027282596,18.416666666666668
1791184673,4,,Aggregated,2.200000,0.200000,0,0,0,0,0,0,0,0,0,0,0,100,4,17,2501.2103966856375,1.1881878599524498,60195.639027282596,21.06
1791184674,4,POST,/api/playground/conversations,0.600000,0.100000,0,0,0,0,0,0,0,0,0,0,0,28,2,7,8.216338481621019,1.1881878599524498,25.70396615192294,35.285714285714285
1791184674,4,POST,/api/playground/conversations/{conversation_id}/chat/sse,0.500000,0.000000,0,0,0,0,0,0,0,0,0,0,0,22,0,3,3.215475431220098,1.8321960233151913,6.74001919105649,0.0
1791184674,4,POST,/api/playground/conversations/{conversation_id}/chat/{chat_id}/attachment,0.500000,0.000000,0,0,0,0,0,0,0,0,0,0,0,26,0,76,82.50948005857376,66.27387180924416,127.92078778147697,26.0
1791184674,4,TXN,multimodal_e2e,0.600000,0.100000,0,0,0,0,0,0,0,0,0,0,0,24,2,360.0,10319.79146875286,1.3340236619114876,60195.639027282596,18.416666666666668
1791184674,4,,Aggregated,2.200000,0.200000,0,0,0,0,0,0,0,0,0,0,0,100,4,17,2501.2103966856375,1.1881878599524498,60195.639027282596,21.06
1791184675,4,POST,/api/playground/conversations,0.000000,0.000000,0,0,0,0,0,0,0,0,0,0,0,29,2,7,8.308938527800914,1.1881878599524498,25.70396615192294,35.37931034482759
1791184675,4,POST,/api/playground/conversations/{conversation_id}/chat/sse,0.000000,0.000000,0,0,0,0,0,0,0,0,0,0,0,23,0,3,3.181172231131274,1.8321960233151913,6.74001919105649,0.0
1791184675,4,POST,/api/playground/conversations/{conversation_id}/chat/{chat_id}/attachment,0.000000,0.000000,0,0,0,0,0,0,0,0,0,0,0,27,0,77,82.42833117643993,66.27387180924416,127.92078778147697,26.0
1791184675,4,TXN,multimodal_e2e,0.000000,0.000000,0,0,0,0,0,0,0,0,0,0,0,25,2,370.0,12311.387218553573,1.3340236619114876,60195.639027282596,19.36
1791184675,4,,Aggregated,0.000000,0.000000,0,0,0,0,0,0,0,0,0,0,0,104,4,17,2983.88818830986,1.1881878599524498,60195.639027282596,21.26923076923077
1791184676,4,POST,/api/playground/conversations,0.000000,0.000000,6,6,6,11,11,11,11,11,11,11,11,33,3,7,7.832378106699749,0.9728008881211281,25.70396615192294,34.54545454545455
1791184676,4,POST,/api/playground/conversations/{conversation_id}/chat/sse,0.000000,0.000000,2,2,2,2,2,2,2,2,2,2,2,26,0,2,3.058469227443521,1.8321960233151913,6.74001919105649,0.0
1791184676,4,POST,/api/playground/conversations/{conversation_id}/chat/{chat_id}/attachment,0.000000,0.000000,79,79,80,80,80,80,80,80,80,80,80,30,0,76,81.67791021987796,66.27387180924416,127.92078778147697,26.0
1791184676,4,TXN,multimodal_e2e,0.000000,0.000000,370,60000,60000,60000,60000,60000,60000,60000,60000,60000,60000,29,3,370.0,12712.385798836576,1.0763020254671574,60195.639027282596,18.724137931034484
1791184676,4,,Aggregated,0.000000,0.000000,11,75,80,360,60000,60000,60000,60000,60000,60000,60000,118,6,11,3147.8602894092514,0.9728008881211281,60195.639027282596,20.872881355932204
1791184677,4,POST,/api/playground/conversations,0.000000,0.000000,6,6,9,9,11,11,11,11,11,11,11,36,3,6,7.758899695343441,0.9728008881211281,25.70396615192294,34.833333333333336
1791184677,4,POST,/api/playground/conversations/{conversation_id}/chat/sse,0.000000,0.000000,2,2,2,2,2,2,2,2,2,2,2,29,0,2,2.942022433954066,1.8031978979706764,6.74001919105649,0.0
1791184677,4,POST,/api/playground/conversations/{conversation_id}/chat/{chat_id}/attachment,0.000000,0.000000,76,76,79,79,80,80,80,80,80,80,80,33,0,76,81.07223797758871,66.27387180924416,127.92078778147697,26.0
1791184677,4,TXN,multimodal_e2e,0.000000,0.000000,370,60000,60000,60000,60000,60000,60000,60000,60000,60000,60000,32,3,360.0,13421.39209571178,1.0763020254671574,60195.639027282596,19.28125
1791184677,4,,Aggregated,0.000000,0.000000,11,76,80,360,60000,60000,60000,60000,60000,60000,60000,130,6,11,3327.1120765819574,0.9728008881211281,60195.639027282596,20.99230769230769
1791184678,4,POST,/api/playground/conversations,0.200000,0.000000,6,6,6,9,11,11,11,11,11,11,11,38,3,6,7.66811761269836,0.9728008881211281,25.70396615192294,35.0
1791184678,4,POST,/api/playground/conversations/{conversation_id}/chat/sse,0.200000,0.000000,2,2,2,2,2,2,2,2,2,2,2,31,0,2,2.8950996366479704,1.8031978979706764,6.74001919105649,0.0
1791184678,4,POST,/api/playground/conversations/{conversation_id}/chat/{chat_id}/attachment,0.200000,0.000000,76,76,79,80,80,80,80,80,80,80,80,35,0,76,80.71113883384636,66.27387180924416,127.92078778147697,26.0
1791184678,4,TXN,multimodal_e2e,0.200000,0.000000,360,370,60000,60000,60000,60000,60000,60000,60000,60000,60000,34,3,360.0,12652.84717584248,1.0763020254671574,60195.639027282596,19.058823529411764
1791184678,4,,Aggregated,0.800000,0.000000,11,76,80,360,370,60000,60000,60000,60000,60000,60000,138,6,11,3140.600220259765,0.9728008881211281,60195.639027282596,20.92753623188406
1791184679,4,POST,/api/playground/conversations,0.700000,0.100000,6,6,6,8,9,11,11,11,11,11,11,41,3,6,7.614748984030107,0.9728008881211281,25.70396615192294,35.21951219512195
1791184679,4,POST,/api/playground/conversations/{conversation_id}/chat/sse,0.600000,0.000000,2,2,2,2,2,4,4,4,4,4,4,34,0,2,2.868271117810817,1.8031978979706764,6.74001919105649,0.0
1791184679,4,POST,/api/playground/conversations/{conversation_id}/chat/{chat_id}/attachment,0.600000,0.000000,76,79,80,80,91,130,130,130,130,130,130,38,0,76,82.25509042753593,66.27387180924416,133.99836979806423,26.0
1791184679,4,TXN,multimodal_e2e,0.700000,0.100000,370,440,60000,60000,60000,60000,60000,60000,60000,60000,60000,37,3,370.0,13275.10192564915,1.0763020254671574,60195.639027282596,19.513513513513512
1791184679,4,,Aggregated,2.600000,0.200000,11,79,130,360,440,60000,60000,60000,60000,60000,60000,150,6,11,3298.0946040774384,0.9728008881211281,60195.639027282596,21.026666666666667
1791184680,4,POST,/api/playground/conversations,0.700000,0.100000,6,6,6,8,9,11,11,11,11,11,11,41,3,6,7.614748984030107,0.9728008881211281,25.70396615192294,35.21951219512195
1791184680,4,POST,/api/playground/conversations/{conversation_id}/chat/sse,0.600000,0.000000,2,2,2,2,2,4,4,4,4,4,4,34,0,2,2.868271117810817,1.8031978979706764,6.74001919105649,0.0
1791184680,4,POST,/api/playground/conversations/{conversation_id}/chat/{chat_id}/attachment,0.600000,0.000000,76,79,80,80,91,130,130,130,130,130,130,38,0,76,82.25509042753593,66.27387180924416,133.99836979806423,26.0
1791184680,4,TXN,multimodal_e2e,0.700000,0.100000,370,440,60000,60000,60000,60000,60000,60000,60000,60000,60000,37,3,370.0,13275.10192564915,1.0763020254671574,60195.639027282596,19.513513513513512
1791184680,4,,Aggregated,2.600000,0.200000,11,79,130,360,440,60000,60000,60000,60000,60000,60000,150,6,11,3298.0946040774384,0.9728008881211281,60195.639027282596,21.026666666666667
1791184681,4,POST,/api/playground/conversations,0.700000,0.100000,6,6,6,8,9,11,11,11,11,11,11,41,3,6,7.614748984030107,0.9728008881211281,25.70396615192294,35.21951219512195
1791184681,4,POST,/api/playground/conversations/{conversation_id}/chat/sse,0.600000,0.000000,2,2,2,2,2,4,4,4,4,4,4,34,0,2,2.868271117810817,1.8031978979706764,6.74001919105649,0.0
1791184681,4,POST,/api/playground/conversations/{conversation_id}/chat/{chat_id}/attachment,0.600000,0.000000,76,79,80,80,91,130,130,130,130,130,130,38,0,76,82.25509042753593,66.27387180924416,133.99836979806423,26.0
1791184681,4,TXN,multimodal_e2e,0.700000,0.100000,370,440,60000,60000,60000,60000,60000,60000,60000,60000,60000,37,3,370.0,13275.10192564915,1.0763020254671574,60195.639027282596,19.513513513513512
1791184681,4,,Aggregated,2.600000,0.200000,11,79,130,360,440,60000,60000,60000,60000,60000,60000,150,6,11,3298.0946040774384,0.9728008881211281,60195.639027282596,21.026666666666667
1791184682,4,POST,/api/playground/conversations,0.700000,0.100000,6,6,6,8,9,11,11,11,11,11,11,41,3,6,7.614748984030107,0.9728008881211281,25.70396615192294,35.21951219512195
1791184682,4,POST,/api/playground/conversations/{conversation_id}/chat/sse,0.600000,0.000000,2,2,2,2,2,4,4,4,4,4,4,34,0,2,2.868271117810817,1.8031978979706764,6.74001919105649,0.0
1791184682,4,POST,/api/playground/conversations/{conversation_id}/chat/{chat_id}/attachment,0.600000,0.000000,76,79,80,80,91,130,130,130,130,130,130,38,0,76,82.25509042753593,66.27387180924416,133.99836979806423,26.0
1791184682,4,TXN,multimodal_e2e,0.700000,0.100000,370,440,60000,60000,60000,60000,60000,60000,60000,60000,60000,37,3,370.0,13275.10192564915,1.0763020254671574,60195.639027282596,19.513513513513512
1791184682,4,,Aggregated,2.600000,0.200000,11,79,130,360,440,60000,60000,60000,60000,60000,60000,150,6,11,3298.0946040774384,0.9728008881211281,60195.639027282596,21.026666666666667
1791184683,4,POST,/api/playground/conversations,0.700000,0.100000,6,6,6,8,9,11,11,11,11,11,11,41,3,6,7.614748984030107,0.9728008881211281,25.70396615192294,35.21951219512195
1791184683,4,POST,/api/playground/conversations/{conversation_id}/chat/sse,0.600000,0.000000,2,2,2,2,2,4,4,4,4,4,4,34,0,2,2.868271117810817,1.8031978979706764,6.74001919105649,0.0
1791184683,4,POST,/api/playground/conversations/{conversation_id}/chat/{chat_id}/attachment,0.600000,0.000000,76,79,80,80,91,130,130,130,130,130,130,38,0,76,82.25509042753593,66.27387180924416,133.99836979806423,26.0
1791184683,4,TXN,multimodal_e2e,0.700000,0.100000,370,440,60000,60000,60000,60000,60000,60000,60000,60000,60000,37,3,370.0,13275.10192564915,1.0763020254671574,60195.639027282596,19.513513513513512
1791184683,4,,Aggregated,2.600000,0.200000,11,79,130,360,440,60000,60000,60000,60000,60000,60000,150,6,11,3298.0946040774384,0.9728008881211281,60195.639027282596,21.026666666666667
1791184684,4,POST,/api/playground/conversations,0.700000,0.100000,6,6,6,8,9,11,11,11,11,11,11,41,3,6,7.614748984030107,0.9728008881211281,25.70396615192294,35.21951219512195
1791184684,4,POST,/api/playground/conversations/{conversation_id}/chat/sse,0.600000,0.000000,2,2,2,2,2,4,4,4,4,4,4,34,0,2,2.868271117810817,1.8031978979706764,6.74001919105649,0.0
1791184684,4,POST,/api/playground/conversations/{conversation_id}/chat/{chat_id}/attachment,0.600000,0.000000,76,79,80,80,91,130,130,130,130,130,130,38,0,76,82.25509042753593,66.27387180924416,133.99836979806423,26.0
1791184684,4,TXN,multimodal_e2e,0.700000,0.100000,370,440,60000,60000,60000,60000,60000,60000,60000,60000,60000,37,3,370.0,13275.10192564915,1.0763020254671574,60195.639027282596,19.513513513513512
1791184684,4,,Aggregated,2.600000,0.200000,11,79,130,360,440,60000,60000,60000,60000,60000,60000,150,6,11,3298.0946040774384,0.9728008881211281,60195.639027282596,21.026666666666667
1791184685,4,POST,/api/playground/conversations,0.700000,0.100000,6,6,6,6,8,9,9,9,9,9,9,41,3,6,7.614748984030107,0.9728008881211281,25.70396615192294,35.21951219512195
1791184685,4,POST,/api/playground/conversations/{conversation_id}/chat/sse,0.600000,0.000000,2,2,2,2,4,4,4,4,4,4,4,34,0,2,2.868271117810817,1.8031978979706764,6.74001919105649,0.0
1791184685,4,POST,/api/playground/conversations/{conversation_id}/chat/{chat_id}/attachment,0.600000,0.000000,76,76,80,91,130,130,130,130,130,130,130,38,0,76,82.25509042753593,66.27387180924416,133.99836979806423,26.0
1791184685,4,TXN,multimodal_e2e,0.700000,0.100000,360,440,60000,60000,60000,60000,60000,60000,60000,60000,60000,37,3,370.0,13275.10192564915,1.0763020254671574,60195.639027282596,19.513513513513512
1791184685,4,,Aggregated,2.600000,0.200000,9,76,130,360,430,60000,60000,60000,60000,60000,60000,150,6,11,3298.0946040774384,0.9728008881211281,60195.639027282596,21.026666666666667
1791184686,4,POST,/api/playground/conversations,0.700000,0.100000,6,6,8,8,9,9,9,9,9,9,9,41,3,6,7.614748984030107,0.9728008881211281,25.70396615192294,35.21951219512195
1791184686,4,POST,/api/playground/conversations/{conversation_id}/chat/sse,0.600000,0.000000,2,2,2,2,4,4,4,4,4,4,4,34,0,2,2.868271117810817,1.8031978979706764,6.74001919105649,0.0
1791184686,4,POST,/api/playground/conversations/{conversation_id}/chat/{chat_id}/attachment,0.600000,0.000000,80,80,91,91,130,130,130,130,130,130,130,38,0,76,82.25509042753593,66.27387180924416,133.99836979806423,26.0
1791184686,4,TXN,multimodal_e2e,0.700000,0.100000,440,440,60000,60000,60000,60000,60000,60000,60000,60000,60000,37,3,370.0,13275.10192564915,1.0763020254671574,60195.639027282596,19.513513513513512
1791184686,4,,Aggregated,2.600000,0.200000,69,80,350,360,440,60000,60000,60000,60000,60000,60000,150,6,11,3298.0946040774384,0.9728008881211281,60195.639027282596,21.026666666666667
1791184687,4,POST,/api/playground/conversations,0.700000,0.100000,6,6,8,8,8,8,8,8,8,8,8,41,3,6,7.614748984030107,0.9728008881211281,25.70396615192294,35.21951219512195
1791184687,4,POST,/api/playground/conversations/{conversation_id}/chat/sse,0.600000,0.000000,2,2,4,4,4,4,4,4,4,4,4,34,0,2,2.868271117810817,1.8031978979706764,6.74001919105649,0.0
1791184687,4,POST,/api/playground/conversations/{conversation_id}/chat/{chat_id}/attachment,0.600000,0.000000,91,91,130,130,130,130,130,130,130,130,130,38,0,76,82.25509042753593,66.27387180924416,133.99836979806423,26.0
1791184687,4,TXN,multimodal_e2e,0.700000,0.100000,440,440,60000,60000,60000,60000,60000,60000,60000,60000,60000,37,3,370.0,13275.10192564915,1.0763020254671574,60195.639027282596,19.513513513513512
1791184687,4,,Aggregated,2.600000,0.200000,76,91,350,350,440,60000,60000,60000,60000,60000,60000,150,6,11,3298.0946040774384,0.9728008881211281,60195.639027282596,21.026666666666667
1791184688,4,POST,/api/playground/conversations,0.700000,0.100000,6,6,6,6,6,6,6,6,6,6,6,41,3,6,7.614748984030107,0.9728008881211281,25.70396615192294,35.21951219512195
1791184688,4,POST,/api/playground/conversations/{conversation_id}/chat/sse,0.600000,0.000000,4,4,4,4,4,4,4,4,4,4,4,34,0,2,2.868271117810817,1.8031978979706764,6.74001919105649,0.0
1791184688,4,POST,/api/playground/conversations/{conversation_id}/chat/{chat_id}/attachment,0.600000,0.000000,91,91,91,91,91,91,91,91,91,91,91,38,0,76,82.25509042753593,66.27387180924416,133.99836979806423,26.0
1791184688,4,TXN,multimodal_e2e,0.700000,0.100000,440,440,440,440,440,440,440,440,440,440,440,37,3,370.0,13275.10192564915,1.0763020254671574,60195.639027282596,19.513513513513512
1791184688,4,,Aggregated,2.600000,0.200000,76,91,430,430,440,440,440,440,440,440,440,150,6,11,3298.0946040774384,0.9728008881211281,60195.639027282596,21.026666666666667
1791184689,4,POST,/api/playground/conversations,0.700000,0.100000,6,6,6,6,6,6,6,6,6,6,6,41,3,6,7.614748984030107,0.9728008881211281,25.70396615192294,35.21951219512195
1791184689,4,POST,/api/playground/conversations/{conversation_id}/chat/sse,0.600000,0.000000,4,4,4,4,4,4,4,4,4,4,4,34,0,2,2.868271117810817,1.8031978979706764,6.74001919105649,0.0
1791184689,4,POST,/api/playground/conversations/{conversation_id}/chat/{chat_id}/attachment,0.600000,0.000000,91,91,91,91,91,91,91,91,91,91,91,38,0,76,82.25509042753593,66.27387180924416,133.99836979806423,26.0
1791184689,4,TXN,multimodal_e2e,0.700000,0.100000,440,440,440,440,440,440,440,440,440,440,440,37,3,370.0,13275.10192564915,1.0763020254671574,60195.639027282596,19.513513513513512
1791184689,4,,Aggregated,2.600000,0.200000,76,91,430,430,440,440,440,440,440,440,440,150,6,11,3298.0946040774384,0.9728008881211281,60195.639027282596,21.026666666666667
1791184690,4,POST,/api/playground/conversations,0.700000,0.100000,6,6,6,6,6,6,6,6,6,6,6,41,3,6,7.614748984030107,0.9728008881211281,25.70396615192294,35.21951219512195
1791184690,4,POST,/api/playground/conversations/{conversation_id}/chat/sse,0.600000,0.000000,4,4,4,4,4,4,4,4,4,4,4,34,0,2,2.868271117810817,1.8031978979706764,6.74001919105649,0.0
1791184690,4,POST,/api/playground/conversations/{conversation_id}/chat/{chat_id}/attachment,0.600000,0.000000,91,91,91,91,91,91,91,91,91,91,91,38,0,76,82.25509042753593,66.27387180924416,133.99836979806423,26.0
1791184690,4,TXN,multimodal_e2e,0.700000,0.100000,440,440,440,440,440,440,440,440,440,440,440,37,3,370.0,13275.10192564915,1.0763020254671574,60195.639027282596,19.513513513513512
1791184690,4,,Aggregated,2.600000,0.200000,76,91,430,430,440,440,440,440,440,440,440,150,6,11,3298.0946040774384,0.9728008881211281,60195.639027282596,21.026666666666667
1791184691,4,POST,/api/playground/conversations,0.700000,0.100000,6,6,6,6,6,6,6,6,6,6,6,41,3,6,7.614748984030107,0.9728008881211281,25.70396615192294,35.21951219512195
1791184691,4,POST,/api/playground/conversations/{conversation_id}/chat/sse,0.600000,0.000000,4,4,4,4,4,4,4,4,4,4,4,34,0,2,2.868271117810817,1.8031978979706764,6.74001919105649,0.0
1791184691,4,POST,/api/playground/conversations/{conversation_id}/chat/{chat_id}/attachment,0.600000,0.000000,91,91,91,91,91,91,91,91,91,91,91,38,0,76,82.25509042753593,66.27387180924416,133.99836979806423,26.0
1791184691,4,TXN,multimodal_e2e,0.700000,0.100000,440,440,440,440,440,440,440,440,440,440,440,37,3,370.0,13275.10192564915,1.0763020254671574,60195.639027282596,19.513513513513512
1791184691,4,,Aggregated,2.600000,0.200000,76,91,430,430,440,440,440,440,440,440,440,150,6,11,3298.0946040774384,0.9728008881211281,60195.639027282596,21.026666666666667
1791184692,4,POST,/api/playground/conversations,0.700000,0.100000,6,6,6,6,6,6,6,6,6,6,6,41,3,6,7.614748984030107,0.9728008881211281,25.70396615192294,35.21951219512195
1791184692,4,POST,/api/playground/conversations/{conversation_id}/chat/sse,0.600000,0.000000,4,4,4,4,4,4,4,4,4,4,4,34,0,2,2.868271117810817,1.8031978979706764,6.74001919105649,0.0
1791184692,4,POST,/api/playground/conversations/{conversation_id}/chat/{chat_id}/attachment,0.600000,0.000000,91,91,91,91,91,91,91,91,91,91,91,38,0,76,82.25509042753593,66.27387180924416,133.99836979806423,26.0
1791184692,4,TXN,multimodal_e2e,0.700000,0.100000,440,440,440,440,440,440,440,440,440,440,440,37,3,370.0,13275.10192564915,1.0763020254671574,60195.639027282596,19.513513513513512
1791184692,4,,Aggregated,2.600000,0.200000,76,91,430,430,440,440,440,440,440,440,440,150,6,11,3298.0946040774384,0.9728008881211281,60195.639027282596,21.026666666666667
1791184693,4,POST,/api/playground/conversations,0.700000,0.100000,6,6,6,6,6,6,6,6,6,6,6,41,3,6,7.614748984030107,0.9728008881211281,25.70396615192294,35.21951219512195
1791184693,4,POST,/api/playground/conversations/{conversation_id}/chat/sse,0.600000,0.000000,4,4,4,4,4,4,4,4,4,4,4,34,0,2,2.868271117810817,1.8031978979706764,6.74001919105649,0.0
1791184693,4,POST,/api/playground/conversations/{conversation_id}/chat/{chat_id}/attachment,0.600000,0.000000,91,91,91,91,91,91,91,91,91,91,91,38,0,76,82.25509042753593,66.27387180924416,133.99836979806423,26.0
1791184693,4,TXN,multimodal_e2e,0.700000,0.100000,440,440,440,440,440,440,440,440,440,440,440,37,3,370.0,13275.10192564915,1.0763020254671574,60195.639027282596,19.513513513513512
1791184693,4,,Aggregated,2.600000,0.200000,76,91,430,430,440,440,440,440,440,440,440,150,6,11,3298.0946040774384,0.9728008881211281,60195.639027282596,21.026666666666667
1791184694,4,POST,/api/playground/conversations,0.700000,0.100000,6,6,6,6,6,6,6,6,6,6,6,41,3,6,7.614748984030107,0.9728008881211281,25.70396615192294,35.21951219512195
1791184694,4,POST,/api/playground/conversations/{conversation_id}/chat/sse,0.600000,0.000000,4,4,4,4,4,4,4,4,4,4,4,34,0,2,2.868271117810817,1.8031978979706764,6.74001919105649,0.0
1791184694,4,POST,/api/playground/conversations/{conversation_id}/chat/{chat_id}/attachment,0.600000,0.000000,91,91,91,91,91,91,91,91,91,91,91,38,0,76,82.25509042753593,66.27387180924416,133.99836979806423,26.0
1791184694,4,TXN,multimodal_e2e,0.700000,0.100000,440,440,440,440,440,440,440,440,440,440,440,37,3,370.0,13275.10192564915,1.0763020254671574,60195.639027282596,19.513513513513512
1791184694,4,,Aggregated,2.600000,0.200000,76,91,430,430,440,440,440,440,440,440,440,150,6,11,3298.0946040774384,0.9728008881211281,60195.639027282596,21.026666666666667
1791184695,4,POST,/api/playground/conversations,0.700000,0.100000,6,6,6,6,6,6,6,6,6,6,6,41,3,6,7.614748984030107,0.9728008881211281,25.70396615192294,35.21951219512195
1791184695,4,POST,/api/playground/conversations/{conversation_id}/chat/sse,0.600000,0.000000,4,4,4,4,4,4,4,4,4,4,4,34,0,2,2.868271117810817,1.8031978979706764,6.74001919105649,0.0
1791184695,4,POST,/api/playground/conversations/{conversation_id}/chat/{chat_id}/attachment,0.600000,0.000000,91,91,91,91,91,91,91,91,91,91,91,38,0,76,82.25509042753593,66.27387180924416,133.99836979806423,26.0
1791184695,4,TXN,multimodal_e2e,0.700000,0.100000,440,440,440,440,440,440,440,440,440,440,440,37,3,370.0,13275.10192564915,1.0763020254671574,60195.639027282596,19.513513513513512
1791184695,4,,Aggregated,2.600000,0.200000,76,91,430,430,440,440,440,440,440,440,440,150,6,11,3298.0946040774384,0.9728008881211281,60195.639027282596,21.026666666666667
1791184696,4,POST,/api/playground/conversations,0.700000,0.100000,6,6,6,6,6,6,6,6,6,6,6,41,3,6,7.614748984030107,0.9728008881211281,25.70396615192294,35.21951219512195
1791184696,4,POST,/api/playground/conversations/{conversation_id}/chat/sse,0.600000,0.000000,4,4,4,4,4,4,4,4,4,4,4,34,0,2,2.868271117810817,1.8031978979706764,6.74001919105649,0.0
1791184696,4,POST,/api/playground/conversations/{conversation_id}/chat/{chat_id}/attachment,0.600000,0.000000,91,91,91,91,91,91,91,91,91,91,91,38,0,76,82.25509042753593,66.27387180924416,133.99836979806423,26.0
1791184696,4,TXN,multimodal_e2e,0.700000,0.100000,440,440,440,440,440,440,440,440,440,440,440,37,3,370.0,13275.10192564915,1.0763020254671574,60195.639027282596,19.513513513513512
1791184696,4,,Aggregated,2.600000,0.200000,76,91,430,430,440,440,440,440,440,440,440,150,6,11,3298.0946040774384,0.9728008881211281,60195.639027282596,21.026666666666667
1791184697,4,POST,/api/playground/conversations,0.700000,0.100000,0,0,0,0,0,0,0,0,0,0,0,41,3,6,7.614748984030107,0.9728008881211281,25.70396615192294,35.21951219512195
1791184697,4,POST,/api/playground/conversations/{conversation_id}/chat/sse,0.600000,0.000000,0,0,0,0,0,0,0,0,0,0,0,34,0,2,2.868271117810817,1.8031978979706764,6.74001919105649,0.0
1791184697,4,POST,/api/playground/conversations/{conversation_id}/chat/{chat_id}/attachment,0.600000,0.000000,0,0,0,0,0,0,0,0,0,0,0,38,0,76,82.25509042753593,66.27387180924416,133.99836979806423,26.0
1791184697,4,TXN,multimodal_e2e,0.700000,0.100000,0,0,0,0,0,0,0,0,0,0,0,37,3,370.0,13275.10192564915,1.0763020254671574,60195.639027282596,19.513513513513512
1791184697,4,,Aggregated,2.600000,0.200000,0,0,0,0,0,0,0,0,0,0,0,150,6,11,3298.0946040774384,0.9728008881211281,60195.639027282596,21.026666666666667
1791184698,4,POST,/api/playground/conversations,0.700000,0.100000,0,0,0,0,0,0,0,0,0,0,0,41,3,6,7.614748984030107,0.9728008881211281,25.70396615192294,35.21951219512195
1791184698,4,POST,/api/playground/conversations/{conversation_id}/chat/sse,0.600000,0.000000,0,0,0,0,0,0,0,0,0,0,0,34,0,2,2.868271117810817,1.8031978979706764,6.74001919105649,0.0
1791184698,4,POST,/api/playground/conversations/{conversation_id}/chat/{chat_id}/attachment,0.600000,0.000000,0,0,0,0,0,0,0,0,0,0,0,38,0,76,82.25509042753593,66.27387180924416,133.99836979806423,26.0
1791184698,4,TXN,multimodal_e2e,0.700000,0.100000,0,0,0,0,0,0,0,0,0,0,0,37,3,370.0,13275.10192564915,1.0763020254671574,60195.639027282596,19.513513513513512
1791184698,4,,Aggregated,2.600000,0.200000,0,0,0,0,0,0,0,0,0,0,0,150,6,11,3298.0946040774384,0.9728008881211281,60195.639027282596,21.026666666666667
1791184699,4,POST,/api/playground/conversations,0.700000,0.100000,0,0,0,0,0,0,0,0,0,0,0,41,3,6,7.614748984030107,0.9728008881211281,25.70396615192294,35.21951219512195
1791184699,4,POST,/api/playground/conversations/{conversation_id}/chat/sse,0.600000,0.000000,0,0,0,0,0,0,0,0,0,0,0,34,0,2,2.868271117810817,1.8031978979706764,6.74001919105649,0.0
1791184699,4,POST,/api/playground/conversations/{conversation_id}/chat/{chat_id}/attachment,0.600000,0.000000,0,0,0,0,0,0,0,0,0,0,0,38,0,76,82.25509042753593,66.27387180924416,133.99836979806423,26.0
1791184699,4,TXN,multimodal_e2e,0.700000,0.100000,0,0,0,0,0,0,0,0,0,0,0,37,3,370.0,13275.10192564915,1.0763020254671574,60195.639027282596,19.513513513513512
1791184699,4,,Aggregated,2.600000,0.200000,0,0,0,0,0,0,0,0,0,0,0,150,6,11,3298.0946040774384,0.9728008881211281,60195.639027282596,21.026666666666667
1791184700,4,POST,/api/playground/conversations,0.700000,0.100000,0,0,0,0,0,0,0,0,0,0,0,41,3,6,7.614748984030107,0.9728008881211281,25.70396615192294,35.21951219512195
1791184700,4,POST,/api/playground/conversations/{conversation_id}/chat/sse,0.600000,0.000000,0,0,0,0,0,0,0,0,0,0,0,34,0,2,2.868271117810817,1.8031978979706764,6.74001919105649,0.0
1791184700,4,POST,/api/playground/conversations/{conversation_id}/chat/{chat_id}/attachment,0.600000,0.000000,0,0,0,0,0,0,0,0,0,0,0,38,0,76,82.25509042753593,66.27387180924416,133.99836979806423,26.0
1791184700,4,TXN,multimodal_e2e,0.700000,0.100000,0,0,0,0,0,0,0,0,0,0,0,37,3,370.0,13275.10192564915,1.0763020254671574,60195.639027282596,19.513513513513512
1791184700,4,,Aggregated,2.600000,0.200000,0,0,0,0,0,0,0,0,0,0,0,150,6,11,3298.0946040774384,0.9728008881211281,60195.639027282596,21.026666666666667
1791184701,4,POST,/api/playground/conversations,0.700000,0.100000,0,0,0,0,0,0,0,0,0,0,0,41,3,6,7.614748984030107,0.9728008881211281,25.70396615192294,35.21951219512195
1791184701,4,POST,/api/playground/conversations/{conversation_id}/chat/sse,0.600000,0.000000,0,0,0,0,0,0,0,0,0,0,0,34,0,2,2.868271117810817,1.8031978979706764,6.74001919105649,0.0
1791184701,4,POST,/api/playground/conversations/{conversation_id}/chat/{chat_id}/attachment,0.600000,0.000000,0,0,0,0,0,0,0,0,0,0,0,38,0,76,82.25509042753593,66.27387180924416,133.99836979806423,26.0
1791184701,4,TXN,multimodal_e2e,0.700000,0.100000,0,0,0,0,0,0,0,0,0,0,0,37,3,370.0,13275.10192564915,1.0763020254671574,60195.639027282596,19.513513513513512
1791184701,4,,Aggregated,2.600000,0.200000,0,0,0,0,0,0,0,0,0,0,0,150,6,11,3298.0946040774384,0.9728008881211281,60195.639027282596,21.026666666666667
1791184702,4,POST,/api/playground/conversations,0.700000,0.100000,0,0,0,0,0,0,0,0,0,0,0,41,3,6,7.614748984030107,0.9728008881211281,25.70396615192294,35.21951219512195
1791184702,4,POST,/api/playground/conversations/{conversation_id}/chat/sse,0.600000,0.000000,0,0,0,0,0,0,0,0,0,0,0,34,0,2,2.868271117810817,1.8031978979706764,6.74001919105649,0.0
1791184702,4,POST,/api/playground/conversations/{conversation_id}/chat/{chat_id}/attachment,0.600000,0.000000,0,0,0,0,0,0,0,0,0,0,0,38,0,76,82.25509042753593,66.27387180924416,133.99836979806423,26.0
1791184702,4,TXN,multimodal_e2e,0.700000,0.100000,0,0,0,0,0,0,0,0,0,0,0,37,3,370.0,13275.10192564915,1.0763020254671574,60195.639027282596,19.513513513513512
1791184702,4,,Aggregated,2.600000,0.200000,0,0,0,0,0,0,0,0,0,0,0,150,6,11,3298.0946040774384,0.9728008881211281,60195.639027282596,21.026666666666667
1791184703,4,POST,/api/playground/conversations,0.700000,0.100000,0,0,0,0,0,0,0,0,0,0,0,41,3,6,7.614748984030107,0.9728008881211281,25.70396615192294,35.21951219512195
1791184703,4,POST,/api/playground/conversations/{conversation_id}/chat/sse,0.600000,0.000000,0,0,0,0,0,0,0,0,0,0,0,34,0,2,2.868271117810817,1.8031978979706764,6.74001919105649,0.0
1791184703,4,POST,/api/playground/conversations/{conversation_id}/chat/{chat_id}/attachment,0.600000,0.000000,0,0,0,0,0,0,0,0,0,0,0,38,0,76,82.25509042753593,66.27387180924416,133.99836979806423,26.0
1791184703,4,TXN,multimodal_e2e,0.700000,0.100000,0,0,0,0,0,0,0,0,0,0,0,37,3,370.0,13275.10192564915,1.0763020254671574,60195.639027282596,19.513513513513512
1791184703,4,,Aggregated,2.600000,0.200000,0,0,0,0,0,0,0,0,0,0,0,150,6,11,3298.0946040774384,0.9728008881211281,60195.639027282596,21.026666666666667
1791184704,4,POST,/api/playground/conversations,0.700000,0.100000,0,0,0,0,0,0,0,0,0,0,0,41,3,6,7.614748984030107,0.9728008881211281,25.70396615192294,35.21951219512195
1791184704,4,POST,/api/playground/conversations/{conversation_id}/chat/sse,0.600000,0.000000,0,0,0,0,0,0,0,0,0,0,0,34,0,2,2.868271117810817,1.8031978979706764,6.74001919105649,0.0
1791184704,4,POST,/api/playground/conversations/{conversation_id}/chat/{chat_id}/attachment,0.600000,0.000000,0,0,0,0,0,0,0,0,0,0,0,38,0,76,82.25509042753593,66.27387180924416,133.99836979806423,26.0
1791184704,4,TXN,multimodal_e2e,0.700000,0.100000,0,0,0,0,0,0,0,0,0,0,0,37,3,370.0,13275.10192564915,1.0763020254671574,60195.639027282596,19.513513513513512
1791184704,4,,Aggregated,2.600000,0.200000,0,0,0,0,0,0,0,0,0,0,0,150,6,11,3298.0946040774384,0.9728008881211281,60195.639027282596,21.026666666666667
1791184705,4,POST,/api/playground/conversations,0.700000,0.100000,0,0,0,0,0,0,0,0,0,0,0,41,3,6,7.614748984030107,0.9728008881211281,25.70396615192294,35.21951219512195
1791184705,4,POST,/api/playground/conversations/{conversation_id}/chat/sse,0.600000,0.000000,0,0,0,0,0,0,0,0,0,0,0,34,0,2,2.868271117810817,1.8031978979706764,6.74001919105649,0.0
1791184705,4,POST,/api/playground/conversations/{conversation_id}/chat/{chat_id}/attachment,0.600000,0.000000,0,0,0,0,0,0,0,0,0,0,0,38,0,76,82.25509042753593,66.27387180924416,133.99836979806423,26.0
1791184705,4,TXN,multimodal_e2e,0.700000,0.100000,0,0,0,0,0,0,0,0,0,0,0,37,3,370.0,13275.10192564915,1.0763020254671574,60195.639027282596,19.513513513513512
1791184705,4,,Aggregated,2.600000,0.200000,0,0,0,0,0,0,0,0,0,0,0,150,6,11,3298.0946040774384,0.9728008881211281,60195.639027282596,21.026666666666667
1791184706,4,POST,/api/playground/conversations,0.700000,0.100000,0,0,0,0,0,0,0,0,0,0,0,41,3,6,7.614748984030107,0.9728008881211281,25.70396615192294,35.21951219512195
1791184706,4,POST,/api/playground/conversations/{conversation_id}/chat/sse,0.600000,0.000000,0,0,0,0,0,0,0,0,0,0,0,34,0,2,2.868271117810817,1.8031978979706764,6.74001919105649,0.0
1791184706,4,POST,/api/playground/conversations/{conversation_id}/chat/{chat_id}/attachment,0.600000,0.000000,0,0,0,0,0,0,0,0,0,0,0,38,0,76,82.25509042753593,66.27387180924416,133.99836979806423,26.0
1791184706,4,TXN,multimodal_e2e,0.700000,0.100000,0,0,0,0,0,0,0,0,0,0,0,37,3,370.0,13275.10192564915,1.0763020254671574,60195.639027282596,19.513513513513512
1791184706,4,,Aggregated,2.600000,0.200000,0,0,0,0,0,0,0,0,0,0,0,150,6,11,3298.0946040774384,0.9728008881211281,60195.639027282596,21.026666666666667
1791184707,4,POST,/api/playground/conversations,0.700000,0.100000,0,0,0,0,0,0,0,0,0,0,0,41,3,6,7.614748984030107,0.9728008881211281,25.70396615192294,35.21951219512195
1791184707,4,POST,/api/playground/conversations/{conversation_id}/chat/sse,0.600000,0.000000,0,0,0,0,0,0,0,0,0,0,0,34,0,2,2.868271117810817,1.8031978979706764,6.74001919105649,0.0
1791184707,4,POST,/api/playground/conversations/{conversation_id}/chat/{chat_id}/attachment,0.600000,0.000000,0,0,0,0,0,0,0,0,0,0,0,38,0,76,82.25509042753593,66.27387180924416,133.99836979806423,26.0
1791184707,4,TXN,multimodal_e2e,0.700000,0.100000,0,0,0,0,0,0,0,0,0,0,0,37,3,370.0,13275.10192564915,1.0763020254671574,60195.639027282596,19.513513513513512
1791184707,4,,Aggregated,2.600000,0.200000,0,0,0,0,0,0,0,0,0,0,0,150,6,11,3298.0946040774384,0.9728008881211281,60195.639027282596,21.026666666666667
1791184708,4,POST,/api/playground/conversations,0.700000,0.100000,0,0,0,0,0,0,0,0,0,0,0,41,3,6,7.614748984030107,0.9728008881211281,25.70396615192294,35.21951219512195
1791184708,4,POST,/api/playground/conversations/{conversation_id}/chat/sse,0.600000,0.000000,0,0,0,0,0,0,0,0,0,0,0,34,0,2,2.868271117810817,1.8031978979706764,6.74001919105649,0.0
1791184708,4,POST,/api/playground/conversations/{conversation_id}/chat/{chat_id}/attachment,0.600000,0.000000,0,0,0,0,0,0,0,0,0,0,0,38,0,76,82.25509042753593,66.27387180924416,133.99836979806423,26.0
1791184708,4,TXN,multimodal_e2e,0.700000,0.100000,0,0,0,0,0,0,0,0,0,0,0,37,3,370.0,13275.10192564915,1.0763020254671574,60195.639027282596,19.513513513513512
1791184708,4,,Aggregated,2.600000,0.200000,0,0,0,0,0,0,0,0,0,0,0,150,6,11,3298.0946040774384,0.9728008881211281,60195.639027282596,21.026666666666667
1791184709,4,POST,/api/playground/conversations,0.700000,0.100000,0,0,0,0,0,0,0,0,0,0,0,41,3,6,7.614748984030107,0.9728008881211281,25.70396615192294,35.21951219512195
1791184709,4,POST,/api/playground/conversations/{conversation_id}/chat/sse,0.600000,0.000000,0,0,0,0,0,0,0,0,0,0,0,34,0,2,2.868271117810817,1.8031978979706764,6.74001919105649,0.0
1791184709,4,POST,/api/playground/conversations/{conversation_id}/chat/{chat_id}/attachment,0.600000,0.000000,0,0,0,0,0,0,0,0,0,0,0,38,0,76,82.25509042753593,66.27387180924416,133.99836979806423,26.0
1791184709,4,TXN,multimodal_e2e,0.700000,0.100000,0,0,0,0,0,0,0,0,0,0,0,37,3,370.0,13275.10192564915,1.0763020254671574,60195.639027282596,19.513513513513512
1791184709,4,,Aggregated,2.600000,0.200000,0,0,0,0,0,0,0,0,0,0,0,150,6,11,3298.0946040774384,0.9728008881211281,60195.639027282596,21.026666666666667
1791184710,4,POST,/api/playground/conversations,0.700000,0.100000,0,0,0,0,0,0,0,0,0,0,0,41,3,6,7.614748984030107,0.9728008881211281,25.70396615192294,35.21951219512195
1791184710,4,POST,/api/playground/conversations/{conversation_id}/chat/sse,0.600000,0.000000,0,0,0,0,0,0,0,0,0,0,0,34,0,2,2.868271117810817,1.8031978979706764,6.74001919105649,0.0
1791184710,4,POST,/api/playground/conversations/{conversation_id}/chat/{chat_id}/attachment,0.600000,0.000000,0,0,0,0,0,0,0,0,0,0,0,38,0,76,82.25509042753593,66.27387180924416,133.99836979806423,26.0
1791184710,4,TXN,multimodal_e2e,0.700000,0.100000,0,0,0,0,0,0,0,0,0,0,0,37,3,370.0,13275.10192564915,1.0763020254671574,60195.639027282596,19.513513513513512
1791184710,4,,Aggregated,2.600000,0.200000,0,0,0,0,0,0,0,0,0,0,0,150,6,11,3298.0946040774384,0.9728008881211281,60195.639027282596,21.026666666666667
1791184711,4,POST,/api/playground/conversations,0.700000,0.100000,0,0,0,0,0,0,0,0,0,0,0,41,3,6,7.614748984030107,0.9728008881211281,25.70396615192294,35.21951219512195
1791184711,4,POST,/api/playground/conversations/{conversation_id}/chat/sse,0.600000,0.000000,0,0,0,0,0,0,0,0,0,0,0,34,0,2,2.868271117810817,1.8031978979706764,6.74001919105649,0.0
1791184711,4,POST,/api/playground/conversations/{conversation_id}/chat/{chat_id}/attachment,0.600000,0.000000,0,0,0,0,0,0,0,0,0,0,0,38,0,76,82.25509042753593,66.27387180924416,133.99836979806423,26.0
1791184711,4,TXN,multimodal_e2e,0.700000,0.100000,0,0,0,0,0,0,0,0,0,0,0,37,3,370.0,13275.10192564915,1.0763020254671574,60195.639027282596,19.513513513513512
1791184711,4,,Aggregated,2.600000,0.200000,0,0,0,0,0,0,0,0,0,0,0,150,6,11,3298.0946040774384,0.9728008881211281,60195.639027282596,21.026666666666667
1791184712,4,POST,/api/playground/conversations,0.700000,0.100000,0,0,0,0,0,0,0,0,0,0,0,41,3,6,7.614748984030107,0.9728008881211281,25.70396615192294,35.21951219512195
1791184712,4,POST,/api/playground/conversations/{conversation_id}/chat/sse,0.600000,0.000000,0,0,0,0,0,0,0,0,0,0,0,34,0,2,2.868271117810817,1.8031978979706764,6.74001919105649,0.0
1791184712,4,POST,/api/playground/conversations/{conversation_id}/chat/{chat_id}/attachment,0.600000,0.000000,0,0,0,0,0,0,0,0,0,0,0,38,0,76,82.25509042753593,66.27387180924416,133.99836979806423,26.0
1791184712,4,TXN,multimodal_e2e,0.700000,0.100000,0,0,0,0,0,0,0,0,0,0,0,37,3,370.0,13275.10192564915,1.0763020254671574,60195.639027282596,19.513513513513512
1791184712,4,,Aggregated,2.600000,0.200000,0,0,0,0,0,0,0,0,0,0,0,150,6,11,3298.0946040774384,0.9728008881211281,60195.639027282596,21.026666666666667
1791184713,4,POST,/api/playground/conversations,0.700000,0.100000,0,0,0,0,0,0,0,0,0,0,0,41,3,6,7.614748984030107,0.9728008881211281,25.70396615192294,35.21951219512195
1791184713,4,POST,/api/playground/conversations/{conversation_id}/chat/sse,0.600000,0.000000,0,0,0,0,0,0,0,0,0,0,0,34,0,2,2.868271117810817,1.8031978979706764,6.74001919105649,0.0
1791184713,4,POST,/api/playground/conversations/{conversation_id}/chat/{chat_id}/attachment,0.600000,0.000000,0,0,0,0,0,0,0,0,0,0,0,38,0,76,82.25509042753593,66.27387180924416,133.99836979806423,26.0
1791184713,4,TXN,multimodal_e2e,0.700000,0.100000,0,0,0,0,0,0,0,0,0,0,0,37,3,370.0,13275.10192564915,1.0763020254671574,60195.639027282596,19.513513513513512
1791184713,4,,Aggregated,2.600000,0.200000,0,0,0,0,0,0,0,0,0,0,0,150,6,11,3298.0946040774384,0.9728008881211281,60195.639027282596,21.026666666666667
1791184714,4,POST,/api/playground/conversations,0.700000,0.100000,0,0,0,0,0,0,0,0,0,0,0,41,3,6,7.614748984030107,0.9728008881211281,25.70396615192294,35.21951219512195
1791184714,4,POST,/api/playground/conversations/{conversation_id}/chat/sse,0.600000,0.000000,0,0,0,0,0,0,0,0,0,0,0,34,0,2,2.868271117810817,1.8031978979706764,6.74001919105649,0.0
1791184714,4,POST,/api/playground/conversations/{conversation_id}/chat/{chat_id}/attachment,0.600000,0.000000,0,0,0,0,0,0,0,0,0,0,0,38,0,76,82.25509042753593,66.27387180924416,133.99836979806423,26.0
1791184714,4,TXN,multimodal_e2e,0.700000,0.100000,0,0,0,0,0,0,0,0,0,0,0,37,3,370.0,13275.10192564915,1.0763020254671574,60195.639027282596,19.513513513513512
1791184714,4,,Aggregated,2.600000,0.200000,0,0,0,0,0,0,0,0,0,0,0,150,6,11,3298.0946040774384,0.9728008881211281,60195.639027282596,21.026666666666667
1791184715,4,POST,/api/playground/conversations,0.700000,0.100000,0,0,0,0,0,0,0,0,0,0,0,41,3,6,7.614748984030107,0.9728008881211281,25.70396615192294,35.21951219512195
1791184715,4,POST,/api/playground/conversations/{conversation_id}/chat/sse,0.600000,0.000000,0,0,0,0,0,0,0,0,0,0,0,34,0,2,2.868271117810817,1.8031978979706764,6.74001919105649,0.0
1791184715,4,POST,/api/playground/conversations/{conversation_id}/chat/{chat_id}/attachment,0.600000,0.000000,0,0,0,0,0,0,0,0,0,0,0,38,0,76,82.25509042753593,66.27387180924416,133.99836979806423,26.0
1791184715,4,TXN,multimodal_e2e,0.700000,0.100000,0,0,0,0,0,0,0,0,0,0,0,37,3,370.0,13275.10192564915,1.0763020254671574,60195.639027282596,19.513513513513512
1791184715,4,,Aggregated,2.600000,0.200000,0,0,0,0,0,0,0,0,0,0,0,150,6,11,3298.0946040774384,0.9728008881211281,60195.639027282596,21.026666666666667
1791184716,4,POST,/api/playground/conversations,0.700000,0.100000,0,0,0,0,0,0,0,0,0,0,0,41,3,6,7.614748984030107,0.9728008881211281,25.70396615192294,35.21951219512195
1791184716,4,POST,/api/playground/conversations/{conversation_id}/chat/sse,0.600000,0.000000,0,0,0,0,0,0,0,0,0,0,0,34,0,2,2.868271117810817,1.8031978979706764,6.74001919105649,0.0
1791184716,4,POST,/api/playground/conversations/{conversation_id}/chat/{chat_id}/attachment,0.600000,0.000000,0,0,0,0,0,0,0,0,0,0,0,38,0,76,82.25509042753593,66.27387180924416,133.99836979806423,26.0
1791184716,4,TXN,multimodal_e2e,0.700000,0.100000,0,0,0,0,0,0,0,0,0,0,0,37,3,370.0,13275.10192564915,1.0763020254671574,60195.639027282596,19.513513513513512
1791184716,4,,Aggregated,2.600000,0.200000,0,0,0,0,0,0,0,0,0,0,0,150,6,11,3298.0946040774384,0.9728008881211281,60195.639027282596,21.026666666666667
1791184717,4,POST,/api/playground/conversations,0.700000,0.100000,0,0,0,0,0,0,0,0,0,0,0,41,3,6,7.614748984030107,0.9728008881211281,25.70396615192294,35.21951219512195
1791184717,4,POST,/api/playground/conversations/{conversation_id}/chat/sse,0.600000,0.000000,0,0,0,0,0,0,0,0,0,0,0,34,0,2,2.868271117810817,1.8031978979706764,6.74001919105649,0.0
1791184717,4,POST,/api/playground/conversations/{conversation_id}/chat/{chat_id}/attachment,0.600000,0.000000,0,0,0,0,0,0,0,0,0,0,0,38,0,76,82.25509042753593,66.27387180924416,133.99836979806423,26.0
1791184717,4,TXN,multimodal_e2e,0.700000,0.100000,0,0,0,0,0,0,0,0,0,0,0,37,3,370.0,13275.10192564915,1.0763020254671574,60195.639027282596,19.513513513513512
1791184717,4,,Aggregated,2.600000,0.200000,0,0,0,0,0,0,0,0,0,0,0,150,6,11,3298.0946040774384,0.9728008881211281,60195.639027282596,21.026666666666667
1791184718,4,POST,/api/playground/conversations,0.700000,0.100000,0,0,0,0,0,0,0,0,0,0,0,41,3,6,7.614748984030107,0.9728008881211281,25.70396615192294,35.21951219512195
1791184718,4,POST,/api/playground/conversations/{conversation_id}/chat/sse,0.600000,0.000000,0,0,0,0,0,0,0,0,0,0,0,34,0,2,2.868271117810817,1.8031978979706764,6.74001919105649,0.0
1791184718,4,POST,/api/playground/conversations/{conversation_id}/chat/{chat_id}/attachment,0.600000,0.000000,0,0,0,0,0,0,0,0,0,0,0,38,0,76,82.25509042753593,66.27387180924416,133.99836979806423,26.0
1791184718,4,TXN,multimodal_e2e,0.700000,0.100000,0,0,0,0,0,0,0,0,0,0,0,37,3,370.0,13275.10192564915,1.0763020254671574,60195.639027282596,19.513513513513512
1791184718,4,,Aggregated,2.600000,0.200000,0,0,0,0,0,0,0,0,0,0,0,150,6,11,3298.0946040774384,0.9728008881211281,60195.639027282596,21.026666666666667
1791184719,4,POST,/api/playground/conversations,0.700000,0.100000,0,0,0,0,0,0,0,0,0,0,0,41,3,6,7.614748984030107,0.9728008881211281,25.70396615192294,35.21951219512195
1791184719,4,POST,/api/playground/conversations/{conversation_id}/chat/sse,0.600000,0.000000,0,0,0,0,0,0,0,0,0,0,0,34,0,2,2.868271117810817,1.8031978979706764,6.74001919105649,0.0
1791184719,4,POST,/api/playground/conversations/{conversation_id}/chat/{chat_id}/attachment,0.600000,0.000000,0,0,0,0,0,0,0,0,0,0,0,38,0,76,82.25509042753593,66.27387180924416,133.99836979806423,26.0
1791184719,4,TXN,multimodal_e2e,0.700000,0.100000,0,0,0,0,0,0,0,0,0,0,0,37,3,370.0,13275.10192564915,1.0763020254671574,60195.639027282596,19.513513513513512
1791184719,4,,Aggregated,2.600000,0.200000,0,0,0,0,0,0,0,0,0,0,0,150,6,11,3298.0946040774384,0.9728008881211281,60195.639027282596,21.026666666666667
1791184720,4,POST,/api/playground/conversations,0.700000,0.100000,0,0,0,0,0,0,0,0,0,0,0,41,3,6,7.614748984030107,0.9728008881211281,25.70396615192294,35.21951219512195
1791184720,4,POST,/api/playground/conversations/{conversation_id}/chat/sse,0.600000,0.000000,0,0,0,0,0,0,0,0,0,0,0,34,0,2,2.868271117810817,1.8031978979706764,6.74001919105649,0.0
1791184720,4,POST,/api/playground/conversations/{conversation_id}/chat/{chat_id}/attachment,0.600000,0.000000,0,0,0,0,0,0,0,0,0,0,0,38,0,76,82.25509042753593,66.27387180924416,133.99836979806423,26.0
1791184720,4,TXN,multimodal_e2e,0.700000,0.100000,0,0,0,0,0,0,0,0,0,0,0,37,3,370.0,13275.10192564915,1.0763020254671574,60195.639027282596,19.513513513513512
1791184720,4,,Aggregated,2.600000,0.200000,0,0,0,0,0,0,0,0,0,0,0,150,6,11,3298.0946040774384,0.9728008881211281,60195.639027282596,21.026666666666667
1791184721,4,POST,/api/playground/conversations,0.700000,0.100000,0,0,0,0,0,0,0,0,0,0,0,41,3,6,7.614748984030107,0.9728008881211281,25.70396615192294,35.21951219512195
1791184721,4,POST,/api/playground/conversations/{conversation_id}/chat/sse,0.600000,0.000000,0,0,0,0,0,0,0,0,0,0,0,34,0,2,2.868271117810817,1.8031978979706764,6.74001919105649,0.0
1791184721,4,POST,/api/playground/conversations/{conversation_id}/chat/{chat_id}/attachment,0.600000,0.000000,0,0,0,0,0,0,0,0,0,0,0,38,0,76,82.25509042753593,66.27387180924416,133.99836979806423,26.0
1791184721,4,TXN,multimodal_e2e,0.700000,0.100000,0,0,0,0,0,0,0,0,0,0,0,37,3,370.0,13275.10192564915,1.0763020254671574,60195.639027282596,19.513513513513512
1791184721,4,,Aggregated,2.600000,0.200000,0,0,0,0,0,0,0,0,0,0,0,150,6,11,3298.0946040774384,0.9728008881211281,60195.639027282596,21.026666666666667
1791184722,4,POST,/api/playground/conversations,0.700000,0.100000,0,0,0,0,0,0,0,0,0,0,0,41,3,6,7.614748984030107,0.9728008881211281,25.70396615192294,35.21951219512195
1791184722,4,POST,/api/playground/conversations/{conversation_id}/chat/sse,0.600000,0.000000,0,0,0,0,0,0,0,0,0,0,0,34,0,2,2.868271117810817,1.8031978979706764,6.74001919105649,0.0
1791184722,4,POST,/api/playground/conversations/{conversation_id}/chat/{chat_id}/attachment,0.600000,0.000000,0,0,0,0,0,0,0,0,0,0,0,38,0,76,82.25509042753593,66.27387180924416,133.99836979806423,26.0
1791184722,4,TXN,multimodal_e2e,0.700000,0.100000,0,0,0,0,0,0,0,0,0,0,0,37,3,370.0,13275.10192564915,1.0763020254671574,60195.639027282596,19.513513513513512
1791184722,4,,Aggregated,2.600000,0.200000,0,0,0,0,0,0,0,0,0,0,0,150,6,11,3298.0946040774384,0.9728008881211281,60195.639027282596,21.026666666666667
1791184723,4,POST,/api/playground/conversations,0.700000,0.100000,0,0,0,0,0,0,0,0,0,0,0,41,3,6,7.614748984030107,0.9728008881211281,25.70396615192294,35.21951219512195
1791184723,4,POST,/api/playground/conversations/{conversation_id}/chat/sse,0.600000,0.000000,0,0,0,0,0,0,0,0,0,0,0,34,0,2,2.868271117810817,1.8031978979706764,6.74001919105649,0.0
1791184723,4,POST,/api/playground/conversations/{conversation_id}/chat/{chat_id}/attachment,0.600000,0.000000,0,0,0,0,0,0,0,0,0,0,0,38,0,76,82.25509042753593,66.27387180924416,133.99836979806423,26.0
1791184723,4,TXN,multimodal_e2e,0.700000,0.100000,0,0,0,0,0,0,0,0,0,0,0,37,3,370.0,13275.10192564915,1.0763020254671574,60195.639027282596,19.513513513513512
1791184723,4,,Aggregated,2.600000,0.200000,0,0,0,0,0,0,0,0,0,0,0,150,6,11,3298.0946040774384,0.9728008881211281,60195.639027282596,21.026666666666667
1791184724,4,POST,/api/playground/conversations,0.700000,0.100000,0,0,0,0,0,0,0,0,0,0,0,41,3,6,7.614748984030107,0.9728008881211281,25.70396615192294,35.21951219512195
1791184724,4,POST,/api/playground/conversations/{conversation_id}/chat/sse,0.600000,0.000000,0,0,0,0,0,0,0,0,0,0,0,34,0,2,2.868271117810817,1.8031978979706764,6.74001919105649,0.0
1791184724,4,POST,/api/playground/conversations/{conversation_id}/chat/{chat_id}/attachment,0.600000,0.000000,0,0,0,0,0,0,0,0,0,0,0,38,0,76,82.25509042753593,66.27387180924416,133.99836979806423,26.0
1791184724,4,TXN,multimodal_e2e,0.700000,0.100000,0,0,0,0,0,0,0,0,0,0,0,37,3,370.0,13275.10192564915,1.0763020254671574,60195.639027282596,19.513513513513512
1791184724,4,,Aggregated,2.600000,0.200000,0,0,0,0,0,0,0,0,0,0,0,150,6,11,3298.0946040774384,0.9728008881211281,60195.639027282596,21.026666666666667
1791184725,4,POST,/api/playground/conversations,0.700000,0.100000,0,0,0,0,0,0,0,0,0,0,0,41,3,6,7.614748984030107,0.9728008881211281,25.70396615192294,35.21951219512195
1791184725,4,POST,/api/playground/conversations/{conversation_id}/chat/sse,0.600000,0.000000,0,0,0,0,0,0,0,0,0,0,0,34,0,2,2.868271117810817,1.8031978979706764,6.74001919105649,0.0
1791184725,4,POST,/api/playground/conversations/{conversation_id}/chat/{chat_id}/attachment,0.600000,0.000000,0,0,0,0,0,0,0,0,0,0,0,38,0,76,82.25509042753593,66.27387180924416,133.99836979806423,26.0
1791184725,4,TXN,multimodal_e2e,0.700000,0.100000,0,0,0,0,0,0,0,0,0,0,0,37,3,370.0,13275.10192564915,1.0763020254671574,60195.639027282596,19.513513513513512
1791184725,4,,Aggregated,2.600000,0.200000,0,0,0,0,0,0,0,0,0,0,0,150,6,11,3298.0946040774384,0.9728008881211281,60195.639027282596,21.026666666666667
1791184726,4,POST,/api/playground/conversations,0.700000,0.100000,0,0,0,0,0,0,0,0,0,0,0,41,3,6,7.614748984030107,0.9728008881211281,25.70396615192294,35.21951219512195
1791184726,4,POST,/api/playground/conversations/{conversation_id}/chat/sse,0.600000,0.000000,0,0,0,0,0,0,0,0,0,0,0,34,0,2,2.868271117810817,1.8031978979706764,6.74001919105649,0.0
1791184726,4,POST,/api/playground/conversations/{conversation_id}/chat/{chat_id}/attachment,0.600000,0.000000,0,0,0,0,0,0,0,0,0,0,0,38,0,76,82.25509042753593,66.27387180924416,133.99836979806423,26.0
1791184726,4,TXN,multimodal_e2e,0.700000,0.100000,0,0,0,0,0,0,0,0,0,0,0,37,3,370.0,13275.10192564915,1.0763020254671574,60195.639027282596,19.513513513513512
1791184726,4,,Aggregated,2.600000,0.200000,0,0,0,0,0,0,0,0,0,0,0,150,6,11,3298.0946040774384,0.9728008881211281,60195.639027282596,21.026666666666667
1791184727,4,POST,/api/playground/conversations,0.700000,0.100000,0,0,0,0,0,0,0,0,0,0,0,41,3,6,7.614748984030107,0.9728008881211281,25.70396615192294,35.21951219512195
1791184727,4,POST,/api/playground/conversations/{conversation_id}/chat/sse,0.600000,0.000000,0,0,0,0,0,0,0,0,0,0,0,34,0,2,2.868271117810817,1.8031978979706764,6.74001919105649,0.0
1791184727,4,POST,/api/playground/conversations/{conversation_id}/chat/{chat_id}/attachment,0.600000,0.000000,0,0,0,0,0,0,0,0,0,0,0,38,0,76,82.25509042753593,66.27387180924416,133.99836979806423,26.0
1791184727,4,TXN,multimodal_e2e,0.700000,0.100000,0,0,0,0,0,0,0,0,0,0,0,37,3,370.0,13275.10192564915,1.0763020254671574,60195.639027282596,19.513513513513512
1791184727,4,,Aggregated,2.600000,0.200000,0,0,0,0,0,0,0,0,0,0,0,150,6,11,3298.0946040774384,0.9728008881211281,60195.639027282596,21.026666666666667
1791184728,4,POST,/api/playground/conversations,0.700000,0.100000,0,0,0,0,0,0,0,0,0,0,0,41,3,6,7.614748984030107,0.9728008881211281,25.70396615192294,35.21951219512195
1791184728,4,POST,/api/playground/conversations/{conversation_id}/chat/sse,0.600000,0.000000,0,0,0,0,0,0,0,0,0,0,0,34,0,2,2.868271117810817,1.8031978979706764,6.74001919105649,0.0
1791184728,4,POST,/api/playground/conversations/{conversation_id}/chat/{chat_id}/attachment,0.600000,0.000000,0,0,0,0,0,0,0,0,0,0,0,38,0,76,82.25509042753593,66.27387180924416,133.99836979806423,26.0
1791184728,4,TXN,multimodal_e2e,0.700000,0.100000,0,0,0,0,0,0,0,0,0,0,0,37,3,370.0,13275.10192564915,1.0763020254671574,60195.639027282596,19.513513513513512
1791184728,4,,Aggregated,2.600000,0.200000,0,0,0,0,0,0,0,0,0,0,0,150,6,11,3298.0946040774384,0.9728008881211281,60195.639027282596,21.026666666666667
1791184729,4,POST,/api/playground/conversations,0.700000,0.100000,0,0,0,0,0,0,0,0,0,0,0,41,3,6,7.614748984030107,0.9728008881211281,25.70396615192294,35.21951219512195
1791184729,4,POST,/api/playground/conversations/{conversation_id}/chat/sse,0.600000,0.000000,0,0,0,0,0,0,0,0,0,0,0,34,0,2,2.868271117810817,1.8031978979706764,6.74001919105649,0.0
1791184729,4,POST,/api/playground/conversations/{conversation_id}/chat/{chat_id}/attachment,0.600000,0.000000,0,0,0,0,0,0,0,0,0,0,0,38,0,76,82.25509042753593,66.27387180924416,133.99836979806423,26.0
1791184729,4,TXN,multimodal_e2e,0.700000,0.100000,0,0,0,0,0,0,0,0,0,0,0,37,3,370.0,13275.10192564915,1.0763020254671574,60195.639027282596,19.513513513513512
1791184729,4,,Aggregated,2.600000,0.200000,0,0,0,0,0,0,0,0,0,0,0,150,6,11,3298.0946040774384,0.9728008881211281,60195.639027282596,21.026666666666667
1791184730,4,POST,/api/playground/conversations,0.700000,0.100000,0,0,0,0,0,0,0,0,0,0,0,41,3,6,7.614748984030107,0.9728008881211281,25.70396615192294,35.21951219512195
1791184730,4,POST,/api/playground/conversations/{conversation_id}/chat/sse,0.600000,0.000000,0,0,0,0,0,0,0,0,0,0,0,34,0,2,2.868271117810817,1.8031978979706764,6.74001919105649,0.0
1791184730,4,POST,/api/playground/conversations/{conversation_id}/chat/{chat_id}/attachment,0.600000,0.000000,0,0,0,0,0,0,0,0,0,0,0,38,0,76,82.25509042753593,66.27387180924416,133.99836979806423,26.0
1791184730,4,TXN,multimodal_e2e,0.700000,0.100000,0,0,0,0,0,0,0,0,0,0,0,37,3,370.0,13275.10192564915,1.0763020254671574,60195.639027282596,19.513513513513512
1791184730,4,,Aggregated,2.600000,0.200000,0,0,0,0,0,0,0,0,0,0,0,150,6,11,3298.0946040774384,0.9728008881211281,60195.639027282596,21.026666666666667
1791184731,4,POST,/api/playground/conversations,0.700000,0.100000,0,0,0,0,0,0,0,0,0,0,0,41,3,6,7.614748984030107,0.9728008881211281,25.70396615192294,35.21951219512195
1791184731,4,POST,/api/playground/conversations/{conversation_id}/chat/sse,0.600000,0.000000,0,0,0,0,0,0,0,0,0,0,0,34,0,2,2.868271117810817,1.8031978979706764,6.74001919105649,0.0
1791184731,4,POST,/api/playground/conversations/{conversation_id}/chat/{chat_id}/attachment,0.600000,0.000000,0,0,0,0,0,0,0,0,0,0,0,38,0,76,82.25509042753593,66.27387180924416,133.99836979806423,26.0
1791184731,4,TXN,multimodal_e2e,0.700000,0.100000,0,0,0,0,0,0,0,0,0,0,0,37,3,370.0,13275.10192564915,1.0763020254671574,60195.639027282596,19.513513513513512
1791184731,4,,Aggregated,2.600000,0.200000,0,0,0,0,0,0,0,0,0,0,0,150,6,11,3298.0946040774384,0.9728008881211281,60195.639027282596,21.026666666666667
1791184732,4,POST,/api/playground/conversations,0.700000,0.100000,0,0,0,0,0,0,0,0,0,0,0,41,3,6,7.614748984030107,0.9728008881211281,25.70396615192294,35.21951219512195
1791184732,4,POST,/api/playground/conversations/{conversation_id}/chat/sse,0.600000,0.000000,0,0,0,0,0,0,0,0,0,0,0,34,0,2,2.868271117810817,1.8031978979706764,6.74001919105649,0.0
1791184732,4,POST,/api/playground/conversations/{conversation_id}/chat/{chat_id}/attachment,0.600000,0.000000,0,0,0,0,0,0,0,0,0,0,0,38,0,76,82.25509042753593,66.27387180924416,133.99836979806423,26.0
1791184732,4,TXN,multimodal_e2e,0.700000,0.100000,0,0,0,0,0,0,0,0,0,0,0,37,3,370.0,13275.10192564915,1.0763020254671574,60195.639027282596,19.513513513513512
1791184732,4,,Aggregated,2.600000,0.200000,0,0,0,0,0,0,0,0,0,0,0,150,6,11,3298.0946040774384,0.9728008881211281,60195.639027282596,21.026666666666667
1791184733,4,POST,/api/playground/conversations,0.700000,0.100000,0,0,0,0,0,0,0,0,0,0,0,41,3,6,7.614748984030107,0.9728008881211281,25.70396615192294,35.21951219512195
1791184733,4,POST,/api/playground/conversations/{conversation_id}/chat/sse,0.600000,0.000000,0,0,0,0,0,0,0,0,0,0,0,34,0,2,2.868271117810817,1.8031978979706764,6.74001919105649,0.0
1791184733,4,POST,/api/playground/conversations/{conversation_id}/chat/{chat_id}/attachment,0.600000,0.000000,0,0,0,0,0,0,0,0,0,0,0,38,0,76,82.25509042753593,66.27387180924416,133.99836979806423,26.0
1791184733,4,TXN,multimodal_e2e,0.700000,0.100000,0,0,0,0,0,0,0,0,0,0,0,37,3,370.0,13275.10192564915,1.0763020254671574,60195.639027282596,19.513513513513512
1791184733,4,,Aggregated,2.600000,0.200000,0,0,0,0,0,0,0,0,0,0,0,150,6,11,3298.0946040774384,0.9728008881211281,60195.639027282596,21.026666666666667
1791184734,4,POST,/api/playground/conversations,0.700000,0.100000,0,0,0,0,0,0,0,0,0,0,0,41,3,6,7.614748984030107,0.9728008881211281,25.70396615192294,35.21951219512195
1791184734,4,POST,/api/playground/conversations/{conversation_id}/chat/sse,0.600000,0.000000,0,0,0,0,0,0,0,0,0,0,0,34,0,2,2.868271117810817,1.8031978979706764,6.74001919105649,0.0
1791184734,4,POST,/api/playground/conversations/{conversation_id}/chat/{chat_id}/attachment,0.600000,0.000000,0,0,0,0,0,0,0,0,0,0,0,38,0,76,82.25509042753593,66.27387180924416,133.99836979806423,26.0
1791184734,4,TXN,multimodal_e2e,0.700000,0.100000,0,0,0,0,0,0,0,0,0,0,0,37,3,370.0,13275.10192564915,1.0763020254671574,60195.639027282596,19.513513513513512
1791184734,4,,Aggregated,2.600000,0.200000,0,0,0,0,0,0,0,0,0,0,0,150,6,11,3298.0946040774384,0.9728008881211281,60195.639027282596,21.026666666666667
1791184735,4,POST,/api/playground/conversations,0.700000,0.100000,0,0,0,0,0,0,0,0,0,0,0,41,3,6,7.614748984030107,0.9728008881211281,25.70396615192294,35.21951219512195
1791184735,4,POST,/api/playground/conversations/{conversation_id}/chat/sse,0.600000,0.000000,0,0,0,0,0,0,0,0,0,0,0,34,0,2,2.868271117810817,1.8031978979706764,6.74001919105649,0.0
1791184735,4,POST,/api/playground/conversations/{conversation_id}/chat/{chat_id}/attachment,0.600000,0.000000,0,0,0,0,0,0,0,0,0,0,0,38,0,76,82.25509042753593,66.27387180924416,133.99836979806423,26.0
1791184735,4,TXN,multimodal_e2e,0.700000,0.100000,0,0,0,0,0,0,0,0,0,0,0,37,3,370.0,13275.10192564915,1.0763020254671574,60195.639027282596,19.513513513513512
1791184735,4,,Aggregated,2.600000,0.200000,0,0,0,0,0,0,0,0,0,0,0,150,6,11,3298.0946040774384,0.9728008881211281,60195.639027282596,21.026666666666667
1791184736,4,POST,/api/playground/conversations,0.000000,0.000000,0,0,0,0,0,0,0,0,0,0,0,43,3,6,7.651197886484307,0.9728008881211281,25.70396615192294,35.348837209302324
1791184736,4,POST,/api/playground/conversations/{conversation_id}/chat/sse,0.000000,0.000000,0,0,0,0,0,0,0,0,0,0,0,36,0,2,2.8250880875728197,1.8031978979706764,6.74001919105649,0.0
1791184736,4,POST,/api/playground/conversations/{conversation_id}/chat/{chat_id}/attachment,0.000000,0.000000,0,0,0,0,0,0,0,0,0,0,0,39,0,76,82.45034502723661,66.27387180924416,133.99836979806423,26.0
1791184736,4,TXN,multimodal_e2e,0.000000,0.000000,0,0,0,0,0,0,0,0,0,0,0,39,3,370.0,14145.32548431546,1.0763020254671574,60195.639027282596,19.71794871794872
1791184736,4,,Aggregated,0.000000,0.000000,0,0,0,0,0,0,0,0,0,0,0,157,6,11,3537.031605252462,0.9728008881211281,60195.639027282596,21.038216560509554
1791184737,4,POST,/api/playground/conversations,0.000000,0.000000,7,7,11,11,30,30,30,30,30,30,30,47,4,6,7.916783755447002,0.7875231094658375,30.08681070059538,34.765957446808514
1791184737,4,POST,/api/playground/conversations/{conversation_id}/chat/sse,0.000000,0.000000,2,2,2,2,2,2,2,2,2,2,2,39,0,2,2.7474091292764897,1.7269239760935307,6.74001919105649,0.0
1791184737,4,POST,/api/playground/conversations/{conversation_id}/chat/{chat_id}/attachment,0.000000,0.000000,80,90,90,97,97,97,97,97,97,97,97,43,0,77,82.50193911886146,66.27387180924416,133.99836979806423,26.0
1791184737,4,TXN,multimodal_e2e,0.000000,0.000000,470,470,60000,60000,60000,60000,60000,60000,60000,60000,60000,43,4,370.0,14246.80268678944,0.8987719193100929,60195.639027282596,19.6046511627907
1791184737,4,,Aggregated,0.000000,0.000000,30,80,97,370,470,60000,60000,60000,60000,60000,60000,172,8,11,3585.1124227128184,0.7875231094658375,60195.639027282596,20.901162790697676
1791184738,4,POST,/api/playground/conversations,0.000000,0.000000,6,6,7,11,30,30,30,30,30,30,30,50,4,6,7.80299412086606,0.7875231094658375,30.08681070059538,34.96
1791184738,4,POST,/api/playground/conversations/{conversation_id}/chat/sse,0.000000,0.000000,2,2,2,2,2,2,2,2,2,2,2,42,0,2,2.6900158041999456,1.7269239760935307,6.74001919105649,0.0
1791184738,4,POST,/api/playground/conversations/{conversation_id}/chat/{chat_id}/attachment,0.000000,0.000000,80,90,92,92,97,97,97,97,97,97,97,45,0,77,82.58375458212362,66.27387180924416,133.99836979806423,26.0
1791184738,4,TXN,multimodal_e2e,0.000000,0.000000,380,470,60000,60000,60000,60000,60000,60000,60000,60000,60000,46,4,370.0,14640.356378761404,0.8987719193100929,60195.639027282596,20.08695652173913
1791184738,4,,Aggregated,0.000000,0.000000,11,80,97,370,470,60000,60000,60000,60000,60000,60000,183,8,11,3703.1464084646987,0.7875231094658375,60195.639027282596,20.994535519125684
1791184739,4,POST,/api/playground/conversations,0.300000,0.000000,6,7,8,8,11,30,30,30,30,30,30,52,4,6,7.780396021329439,0.7875231094658375,30.08681070059538,35.07692307692308
1791184739,4,POST,/api/playground/conversations/{conversation_id}/chat/sse,0.300000,0.000000,2,2,2,2,3,3,3,3,3,3,3,44,0,2,2.681806979870254,1.7269239760935307,6.74001919105649,0.0
1791184739,4,POST,/api/playground/conversations/{conversation_id}/chat/{chat_id}/attachment,0.200000,0.000000,79,80,90,92,97,97,97,97,97,97,97,47,0,77,82.32349189037973,66.27387180924416,133.99836979806423,26.0
1791184739,4,TXN,multimodal_e2e,0.300000,0.000000,390,60000,60000,60000,60000,60000,60000,60000,60000,60000,60000,48,4,370.0,15290.619949752,0.8987719193100929,60195.639027282596,20.5625
1791184739,4,,Aggregated,1.100000,0.000000,11,80,97,370,470,60000,60000,60000,60000,60000,60000,191,8,11,3865.6625225506136,0.7875231094658375,60195.639027282596,21.115183246073297
1791184740,4,POST,/api/playground/conversations,0.700000,0.100000,6,6,7,8,11,30,30,30,30,30,30,54,4,6,7.711894430772022,0.7875231094658375,30.08681070059538,35.18518518518518
1791184740,4,POST,/api/playground/conversations/{conversation_id}/chat/sse,0.600000,0.000000,2,2,2,2,2,3,3,3,3,3,3,46,0,2,2.660548527036672,1.7269239760935307,6.74001919105649,0.0
1791184740,4,POST,/api/playground/conversations/{conversation_id}/chat/{chat_id}/attachment,0.600000,0.000000,79,80,90,90,92,97,97,97,97,97,97,50,0,77,81.8735867086798,61.915853060781956,133.99836979806423,26.0
1791184740,4,TXN,multimodal_e2e,0.700000,0.100000,380,470,60000,60000,60000,60000,60000,60000,60000,60000,60000,50,4,370.0,14693.468951573595,0.8987719193100929,60195.639027282596,20.5
1791184740,4,,Aggregated,2.600000,0.200000,30,80,97,370,470,60000,60000,60000,60000,60000,60000,200,8,11,3696.5297722280957,0.7875231094658375,60195.639027282596,21.125
1791184741,4,POST,/api/playground/conversations,0.700000,0.100000,6,6,7,8,11,30,30,30,30,30,30,54,4,6,7.711894430772022,0.7875231094658375,30.08681070059538,35.18518518518518
1791184741,4,POST,/api/playground/conversations/{conversation_id}/chat/sse,0.600000,0.000000,2,2,2,2,2,3,3,3,3,3,3,46,0,2,2.660548527036672,1.7269239760935307,6.74001919105649,0.0
1791184741,4,POST,/api/playground/conversations/{conversation_id}/chat/{chat_id}/attachment,0.600000,0.000000,79,80,90,90,92,97,97,97,97,97,97,50,0,77,81.8735867086798,61.915853060781956,133.99836979806423,26.0
1791184741,4,TXN,multimodal_e2e,0.700000,0.100000,380,470,60000,60000,60000,60000,60000,60000,60000,60000,60000,50,4,370.0,14693.468951573595,0.8987719193100929,60195.639027282596,20.5
1791184741,4,,Aggregated,2.600000,0.200000,30,80,97,370,470,60000,60000,60000,60000,60000,60000,200,8,11,3696.5297722280957,0.7875231094658375,60195.639027282596,21.125
1791184742,4,POST,/api/playground/conversations,0.700000,0.100000,6,6,7,8,11,30,30,30,30,30,30,54,4,6,7.711894430772022,0.7875231094658375,30.08681070059538,35.18518518518518
1791184742,4,POST,/api/playground/conversations/{conversation_id}/chat/sse,0.600000,0.000000,2,2,2,2,2,3,3,3,3,3,3,46,0,2,2.660548527036672,1.7269239760935307,6.74001919105649,0.0
1791184742,4,POST,/api/playground/conversations/{conversation_id}/chat/{chat_id}/attachment,0.600000,0.000000,79,80,90,90,92,97,97,97,97,97,97,50,0,77,81.8735867086798,61.915853060781956,133.99836979806423,26.0
1791184742,4,TXN,multimodal_e2e,0.700000,0.100000,380,470,60000,60000,60000,60000,60000,60000,60000,60000,60000,50,4,370.0,14693.468951573595,0.8987719193100929,60195.639027282596,20.5
1791184742,4,,Aggregated,2.600000,0.200000,30,80,97,370,470,60000,60000,60000,60000,60000,60000,200,8,11,3696.5297722280957,0.7875231094658375,60195.639027282596,21.125
1791184743,4,POST,/api/playground/conversations,0.700000,0.100000,6,6,7,8,11,30,30,30,30,30,30,54,4,6,7.711894430772022,0.7875231094658375,30.08681070059538,35.18518518518518
1791184743,4,POST,/api/playground/conversations/{conversation_id}/chat/sse,0.600000,0.000000,2,2,2,2,2,3,3,3,3,3,3,46,0,2,2.660548527036672,1.7269239760935307,6.74001919105649,0.0
1791184743,4,POST,/api/playground/conversations/{conversation_id}/chat/{chat_id}/attachment,0.600000,0.000000,79,80,90,90,92,97,97,97,97,97,97,50,0,77,81.8735867086798,61.915853060781956,133.99836979806423,26.0
1791184743,4,TXN,multimodal_e2e,0.700000,0.100000,380,470,60000,60000,60000,60000,60000,60000,60000,60000,60000,50,4,370.0,14693.468951573595,0.8987719193100929,60195.639027282596,20.5
1791184743,4,,Aggregated,2.600000,0.200000,30,80,97,370,470,60000,60000,60000,60000,60000,60000,200,8,11,3696.5297722280957,0.7875231094658375,60195.639027282596,21.125
1791184744,4,POST,/api/playground/conversations,0.700000,0.100000,6,6,7,8,11,30,30,30,30,30,30,54,4,6,7.711894430772022,0.7875231094658375,30.08681070059538,35.18518518518518
1791184744,4,POST,/api/playground/conversations/{conversation_id}/chat/sse,0.600000,0.000000,2,2,2,2,2,3,3,3,3,3,3,46,0,2,2.660548527036672,1.7269239760935307,6.74001919105649,0.0
1791184744,4,POST,/api/playground/conversations/{conversation_id}/chat/{chat_id}/attachment,0.600000,0.000000,79,80,90,90,92,97,97,97,97,97,97,50,0,77,81.8735867086798,61.915853060781956,133.99836979806423,26.0
1791184744,4,TXN,multimodal_e2e,0.700000,0.100000,380,470,60000,60000,60000,60000,60000,60000,60000,60000,60000,50,4,370.0,14693.468951573595,0.8987719193100929,60195.639027282596,20.5
1791184744,4,,Aggregated,2.600000,0.200000,30,80,97,370,470,60000,60000,60000,60000,60000,60000,200,8,11,3696.5297722280957,0.7875231094658375,60195.639027282596,21.125
1791184745,4,POST,/api/playground/conversations,0.700000,0.100000,6,6,7,8,11,30,30,30,30,30,30,54,4,6,7.711894430772022,0.7875231094658375,30.08681070059538,35.18518518518518
1791184745,4,POST,/api/playground/conversations/{conversation_id}/chat/sse,0.600000,0.000000,2,2,2,2,2,3,3,3,3,3,3,46,0,2,2.660548527036672,1.7269239760935307,6.74001919105649,0.0
1791184745,4,POST,/api/playground/conversations/{conversation_id}/chat/{chat_id}/attachment,0.600000,0.000000,79,80,90,90,92,97,97,97,97,97,97,50,0,77,81.8735867086798,61.915853060781956,133.99836979806423,26.0
1791184745,4,TXN,multimodal_e2e,0.700000,0.100000,380,470,60000,60000,60000,60000,60000,60000,60000,60000,60000,50,4,370.0,14693.468951573595,0.8987719193100929,60195.639027282596,20.5
1791184745,4,,Aggregated,2.600000,0.200000,30,80,97,370,470,60000,60000,60000,60000,60000,60000,200,8,11,3696.5297722280957,0.7875231094658375,60195.639027282596,21.125
1791184746,4,POST,/api/playground/conversations,0.700000,0.100000,6,6,6,8,30,30,30,30,30,30,30,54,4,6,7.711894430772022,0.7875231094658375,30.08681070059538,35.18518518518518
1791184746,4,POST,/api/playground/conversations/{conversation_id}/chat/sse,0.600000,0.000000,2,2,2,2,3,3,3,3,3,3,3,46,0,2,2.660548527036672,1.7269239760935307,6.74001919105649,0.0
1791184746,4,POST,/api/playground/conversations/{conversation_id}/chat/{chat_id}/attachment,0.600000,0.000000,79,80,85,92,97,97,97,97,97,97,97,50,0,77,81.8735867086798,61.915853060781956,133.99836979806423,26.0
1791184746,4,TXN,multimodal_e2e,0.700000,0.100000,390,470,60000,60000,60000,60000,60000,60000,60000,60000,60000,50,4,370.0,14693.468951573595,0.8987719193100929,60195.639027282596,20.5
1791184746,4,,Aggregated,2.600000,0.200000,30,79,97,360,470,60000,60000,60000,60000,60000,60000,200,8,11,3696.5297722280957,0.7875231094658375,60195.639027282596,21.125
1791184747,4,POST,/api/playground/conversations,0.700000,0.100000,6,6,6,6,8,8,8,8,8,8,8,54,4,6,7.711894430772022,0.7875231094658375,30.08681070059538,35.18518518518518
1791184747,4,POST,/api/playground/conversations/{conversation_id}/chat/sse,0.600000,0.000000,2,2,2,2,3,3,3,3,3,3,3,46,0,2,2.660548527036672,1.7269239760935307,6.74001919105649,0.0
1791184747,4,POST,/api/playground/conversations/{conversation_id}/chat/{chat_id}/attachment,0.600000,0.000000,79,79,85,85,92,92,92,92,92,92,92,50,0,77,81.8735867086798,61.915853060781956,133.99836979806423,26.0
1791184747,4,TXN,multimodal_e2e,0.700000,0.100000,390,390,60000,60000,60000,60000,60000,60000,60000,60000,60000,50,4,370.0,14693.468951573595,0.8987719193100929,60195.639027282596,20.5
1791184747,4,,Aggregated,2.600000,0.200000,62,79,360,370,390,60000,60000,60000,60000,60000,60000,200,8,11,3696.5297722280957,0.7875231094658375,60195.639027282596,21.125
1791184748,4,POST,/api/playground/conversations,0.700000,0.100000,6,6,8,8,8,8,8,8,8,8,8,54,4,6,7.711894430772022,0.7875231094658375,30.08681070059538,35.18518518518518
1791184748,4,POST,/api/playground/conversations/{conversation_id}/chat/sse,0.600000,0.000000,2,2,3,3,3,3,3,3,3,3,3,46,0,2,2.660548527036672,1.7269239760935307,6.74001919105649,0.0
1791184748,4,POST,/api/playground/conversations/{conversation_id}/chat/{chat_id}/attachment,0.600000,0.000000,79,79,85,85,85,85,85,85,85,85,85,50,0,77,81.8735867086798,61.915853060781956,133.99836979806423,26.0
1791184748,4,TXN,multimodal_e2e,0.700000,0.100000,390,390,60000,60000,60000,60000,60000,60000,60000,60000,60000,50,4,370.0,14693.468951573595,0.8987719193100929,60195.639027282596,20.5
1791184748,4,,Aggregated,2.600000,0.200000,62,79,360,360,390,60000,60000,60000,60000,60000,60000,200,8,11,3696.5297722280957,0.7875231094658375,60195.639027282596,21.125
1791184749,4,POST,/api/playground/conversations,0.700000,0.100000,6,6,6,6,6,6,6,6,6,6,6,54,4,6,7.711894430772022,0.7875231094658375,30.08681070059538,35.18518518518518
1791184749,4,POST,/api/playground/conversations/{conversation_id}/chat/sse,0.600000,0.000000,2,2,2,2,2,2,2,2,2,2,2,46,0,2,2.660548527036672,1.7269239760935307,6.74001919105649,0.0
1791184749,4,POST,/api/playground/conversations/{conversation_id}/chat/{chat_id}/attachment,0.600000,0.000000,78,78,78,78,78,78,78,78,78,78,78,50,0,77,81.8735867086798,61.915853060781956,133.99836979806423,26.0
1791184749,4,TXN,multimodal_e2e,0.700000,0.100000,360,360,360,360,360,360,360,360,360,360,360,50,4,370.0,14693.468951573595,0.8987719193100929,60195.639027282596,20.5
1791184749,4,,Aggregated,2.600000,0.200000,62,78,78,360,360,360,360,360,360,360,360,200,8,11,3696.5297722280957,0.7875231094658375,60195.639027282596,21.125
1791184750,4,POST,/api/playground/conversations,0.700000,0.100000,6,6,6,6,6,6,6,6,6,6,6,54,4,6,7.711894430772022,0.7875231094658375,30.08681070059538,35.18518518518518
1791184750,4,POST,/api/playground/conversations/{conversation_id}/chat/sse,0.600000,0.000000,2,2,2,2,2,2,2,2,2,2,2,46,0,2,2.660548527036672,1.7269239760935307,6.74001919105649,0.0
1791184750,4,POST,/api/playground/conversations/{conversation_id}/chat/{chat_id}/attachment,0.600000,0.000000,78,78,78,78,78,78,78,78,78,78,78,50,0,77,81.8735867086798,61.915853060781956,133.99836979806423,26.0
1791184750,4,TXN,multimodal_e2e,0.700000,0.100000,360,360,360,360,360,360,360,360,360,360,360,50,4,370.0,14693.468951573595,0.8987719193100929,60195.639027282596,20.5
1791184750,4,,Aggregated,2.600000,0.200000,62,78,78,360,360,360,360,360,360,360,360,200,8,11,3696.5297722280957,0.7875231094658375,60195.639027282596,21.125
1791184751,4,POST,/api/playground/conversations,0.700000,0.100000,6,6,6,6,6,6,6,6,6,6,6,54,4,6,7.711894430772022,0.7875231094658375,30.08681070059538,35.18518518518518
1791184751,4,POST,/api/playground/conversations/{conversation_id}/chat/sse,0.600000,0.000000,2,2,2,2,2,2,2,2,2,2,2,46,0,2,2.660548527036672,1.7269239760935307,6.74001919105649,0.0
1791184751,4,POST,/api/playground/conversations/{conversation_id}/chat/{chat_id}/attachment,0.600000,0.000000,78,78,78,78,78,78,78,78,78,78,78,50,0,77,81.8735867086798,61.915853060781956,133.99836979806423,26.0
1791184751,4,TXN,multimodal_e2e,0.700000,0.100000,360,360,360,360,360,360,360,360,360,360,360,50,4,370.0,14693.468951573595,0.8987719193100929,60195.639027282596,20.5
1791184751,4,,Aggregated,2.600000,0.200000,62,78,78,360,360,360,360,360,360,360,360,200,8,11,3696.5297722280957,0.7875231094658375,60195.639027282596,21.125
1791184752,4,POST,/api/playground/conversations,0.700000,0.100000,6,6,6,6,6,6,6,6,6,6,6,54,4,6,7.711894430772022,0.7875231094658375,30.08681070059538,35.18518518518518
1791184752,4,POST,/api/playground/conversations/{conversation_id}/chat/sse,0.600000,0.000000,2,2,2,2,2,2,2,2,2,2,2,46,0,2,2.660548527036672,1.7269239760935307,6.74001919105649,0.0
1791184752,4,POST,/api/playground/conversations/{conversation_id}/chat/{chat_id}/attachment,0.600000,0.000000,78,78,78,78,78,78,78,78,78,78,78,50,0,77,81.8735867086798,61.915853060781956,133.99836979806423,26.0
1791184752,4,TXN,multimodal_e2e,0.700000,0.100000,360,360,360,360,360,360,360,360,360,360,360,50,4,370.0,14693.468951573595,0.8987719193100929,60195.639027282596,20.5
1791184752,4,,Aggregated,2.600000,0.200000,62,78,78,360,360,360,360,360,360,360,360,200,8,11,3696.5297722280957,0.7875231094658375,60195.639027282596,21.125
1791184753,4,POST,/api/playground/conversations,0.700000,0.100000,6,6,6,6,6,6,6,6,6,6,6,54,4,6,7.711894430772022,0.7875231094658375,30.08681070059538,35.18518518518518
1791184753,4,POST,/api/playground/conversations/{conversation_id}/chat/sse,0.600000,0.000000,2,2,2,2,2,2,2,2,2,2,2,46,0,2,2.660548527036672,1.7269239760935307,6.74001919105649,0.0
1791184753,4,POST,/api/playground/conversations/{conversation_id}/chat/{chat_id}/attachment,0.600000,0.000000,78,78,78,78,78,78,78,78,78,78,78,50,0,77,81.8735867086798,61.915853060781956,133.99836979806423,26.0
1791184753,4,TXN,multimodal_e2e,0.700000,0.100000,360,360,360,360,360,360,360,360,360,360,360,50,4,370.0,14693.468951573595,0.8987719193100929,60195.639027282596,20.5
1791184753,4,,Aggregated,2.600000,0.200000,62,78,78,360,360,360,360,360,360,360,360,200,8,11,3696.5297722280957,0.7875231094658375,60195.639027282596,21.125
1791184754,4,POST,/api/playground/conversations,0.700000,0.100000,6,6,6,6,6,6,6,6,6,6,6,54,4,6,7.711894430772022,0.7875231094658375,30.08681070059538,35.18518518518518
1791184754,4,POST,/api/playground/conversations/{conversation_id}/chat/sse,0.600000,0.000000,2,2,2,2,2,2,2,2,2,2,2,46,0,2,2.660548527036672,1.7269239760935307,6.74001919105649,0.0
1791184754,4,POST,/api/playground/conversations/{conversation_id}/chat/{chat_id}/attachment,0.600000,0.000000,78,78,78,78,78,78,78,78,78,78,78,50,0,77,81.8735867086798,61.915853060781956,133.99836979806423,26.0
1791184754,4,TXN,multimodal_e2e,0.700000,0.100000,360,360,360,360,360,360,360,360,360,360,360,50,4,370.0,14693.468951573595,0.8987719193100929,60195.639027282596,20.5
1791184754,4,,Aggregated,2.600000,0.200000,62,78,78,360,360,360,360,360,360,360,360,200,8,11,3696.5297722280957,0.7875231094658375,60195.639027282596,21.125
1791184755,4,POST,/api/playground/conversations,0.700000,0.100000,6,6,6,6,6,6,6,6,6,6,6,54,4,6,7.711894430772022,0.7875231094658375,30.08681070059538,35.18518518518518
1791184755,4,POST,/api/playground/conversations/{conversation_id}/chat/sse,0.600000,0.000000,2,2,2,2,2,2,2,2,2,2,2,46,0,2,2.660548527036672,1.7269239760935307,6.74001919105649,0.0
1791184755,4,POST,/api/playground/conversations/{conversation_id}/chat/{chat_id}/attachment,0.600000,0.000000,78,78,78,78,78,78,78,78,78,78,78,50,0,77,81.8735867086798,61.915853060781956,133.99836979806423,26.0
1791184755,4,TXN,multimodal_e2e,0.700000,0.100000,360,360,360,360,360,360,360,360,360,360,360,50,4,370.0,14693.468951573595,0.8987719193100929,60195.639027282596,20.5
1791184755,4,,Aggregated,2.600000,0.200000,62,78,78,360,360,360,360,360,360,360,360,200,8,11,3696.5297722280957,0.7875231094658375,60195.639027282596,21.125
1791184756,4,POST,/api/playground/conversations,0.700000,0.100000,6,6,6,6,6,6,6,6,6,6,6,54,4,6,7.711894430772022,0.7875231094658375,30.08681070059538,35.18518518518518
1791184756,4,POST,/api/playground/conversations/{conversation_id}/chat/sse,0.600000,0.000000,2,2,2,2,2,2,2,2,2,2,2,46,0,2,2.660548527036672,1.7269239760935307,6.74001919105649,0.0
1791184756,4,POST,/api/playground/conversations/{conversation_id}/chat/{chat_id}/attachment,0.600000,0.000000,78,78,78,78,78,78,78,78,78,78,78,50,0,77,81.8735867086798,61.915853060781956,133.99836979806423,26.0
1791184756,4,TXN,multimodal_e2e,0.700000,0.100000,360,360,360,360,360,360,360,360,360,360,360,50,4,370.0,14693.468951573595,0.8987719193100929,60195.639027282596,20.5
1791184756,4,,Aggregated,2.600000,0.200000,62,78,78,360,360,360,360,360,360,360,360,200,8,11,3696.5297722280957,0.7875231094658375,60195.639027282596,21.125
1791184757,4,POST,/api/playground/conversations,0.700000,0.100000,6,6,6,6,6,6,6,6,6,6,6,54,4,6,7.711894430772022,0.7875231094658375,30.08681070059538,35.18518518518518
1791184757,4,POST,/api/playground/conversations/{conversation_id}/chat/sse,0.600000,0.000000,2,2,2,2,2,2,2,2,2,2,2,46,0,2,2.660548527036672,1.7269239760935307,6.74001919105649,0.0
1791184757,4,POST,/api/playground/conversations/{conversation_id}/chat/{chat_id}/attachment,0.600000,0.000000,78,78,78,78,78,78,78,78,78,78,78,50,0,77,81.8735867086798,61.915853060781956,133.99836979806423,26.0
1791184757,4,TXN,multimodal_e2e,0.700000,0.100000,360,360,360,360,360,360,360,360,360,360,360,50,4,370.0,14693.468951573595,0.8987719193100929,60195.639027282596,20.5
1791184757,4,,Aggregated,2.600000,0.200000,62,78,78,360,360,360,360,360,360,360,360,200,8,11,3696.5297722280957,0.7875231094658375,60195.639027282596,21.125
1791184758,4,POST,/api/playground/conversations,0.700000,0.100000,0,0,0,0,0,0,0,0,0,0,0,54,4,6,7.711894430772022,0.7875231094658375,30.08681070059538,35.18518518518518
1791184758,4,POST,/api/playground/conversations/{conversation_id}/chat/sse,0.600000,0.000000,0,0,0,0,0,0,0,0,0,0,0,46,0,2,2.660548527036672,1.7269239760935307,6.74001919105649,0.0
1791184758,4,POST,/api/playground/conversations/{conversation_id}/chat/{chat_id}/attachment,0.600000,0.000000,0,0,0,0,0,0,0,0,0,0,0,50,0,77,81.8735867086798,61.915853060781956,133.99836979806423,26.0
1791184758,4,TXN,multimodal_e2e,0.700000,0.100000,0,0,0,0,0,0,0,0,0,0,0,50,4,370.0,14693.468951573595,0.8987719193100929,60195.639027282596,20.5
1791184758,4,,Aggregated,2.600000,0.200000,0,0,0,0,0,0,0,0,0,0,0,200,8,11,3696.5297722280957,0.7875231094658375,60195.639027282596,21.125
1791184759,4,POST,/api/playground/conversations,0.700000,0.100000,0,0,0,0,0,0,0,0,0,0,0,54,4,6,7.711894430772022,0.7875231094658375,30.08681070059538,35.18518518518518
1791184759,4,POST,/api/playground/conversations/{conversation_id}/chat/sse,0.600000,0.000000,0,0,0,0,0,0,0,0,0,0,0,46,0,2,2.660548527036672,1.7269239760935307,6.74001919105649,0.0
1791184759,4,POST,/api/playground/conversations/{conversation_id}/chat/{chat_id}/attachment,0.600000,0.000000,0,0,0,0,0,0,0,0,0,0,0,50,0,77,81.8735867086798,61.915853060781956,133.99836979806423,26.0
1791184759,4,TXN,multimodal_e2e,0.700000,0.100000,0,0,0,0,0,0,0,0,0,0,0,50,4,370.0,14693.468951573595,0.8987719193100929,60195.639027282596,20.5
1791184759,4,,Aggregated,2.600000,0.200000,0,0,0,0,0,0,0,0,0,0,0,200,8,11,3696.5297722280957,0.7875231094658375,60195.639027282596,21.125
1791184760,4,POST,/api/playground/conversations,0.700000,0.100000,0,0,0,0,0,0,0,0,0,0,0,54,4,6,7.711894430772022,0.7875231094658375,30.08681070059538,35.18518518518518
1791184760,4,POST,/api/playground/conversations/{conversation_id}/chat/sse,0.600000,0.000000,0,0,0,0,0,0,0,0,0,0,0,46,0,2,2.660548527036672,1.7269239760935307,6.74001919105649,0.0
1791184760,4,POST,/api/playground/conversations/{conversation_id}/chat/{chat_id}/attachment,0.600000,0.000000,0,0,0,0,0,0,0,0,0,0,0,50,0,77,81.8735867086798,61.915853060781956,133.99836979806423,26.0
1791184760,4,TXN,multimodal_e2e,0.700000,0.100000,0,0,0,0,0,0,0,0,0,0,0,50,4,370.0,14693.468951573595,0.8987719193100929,60195.639027282596,20.5
1791184760,4,,Aggregated,2.600000,0.200000,0,0,0,0,0,0,0,0,0,0,0,200,8,11,3696.5297722280957,0.7875231094658375,60195.639027282596,21.125
1791184761,4,POST,/api/playground/conversations,0.700000,0.100000,0,0,0,0,0,0,0,0,0,0,0,54,4,6,7.711894430772022,0.7875231094658375,30.08681070059538,35.18518518518518
1791184761,4,POST,/api/playground/conversations/{conversation_id}/chat/sse,0.600000,0.000000,0,0,0,0,0,0,0,0,0,0,0,46,0,2,2.660548527036672,1.7269239760935307,6.74001919105649,0.0
1791184761,4,POST,/api/playground/conversations/{conversation_id}/chat/{chat_id}/attachment,0.600000,0.000000,0,0,0,0,0,0,0,0,0,0,0,50,0,77,81.8735867086798,61.915853060781956,133.99836979806423,26.0
1791184761,4,TXN,multimodal_e2e,0.700000,0.100000,0,0,0,0,0,0,0,0,0,0,0,50,4,370.0,14693.468951573595,0.8987719193100929,60195.639027282596,20.5
1791184761,4,,Aggregated,2.600000,0.200000,0,0,0,0,0,0,0,0,0,0,0,200,8,11,3696.5297722280957,0.7875231094658375,60195.639027282596,21.125
1791184762,4,POST,/api/playground/conversations,0.700000,0.100000,0,0,0,0,0,0,0,0,0,0,0,54,4,6,7.711894430772022,0.7875231094658375,30.08681070059538,35.18518518518518
1791184762,4,POST,/api/playground/conversations/{conversation_id}/chat/sse,0.600000,0.000000,0,0,0,0,0,0,0,0,0,0,0,46,0,2,2.660548527036672,1.7269239760935307,6.74001919105649,0.0
1791184762,4,POST,/api/playground/conversations/{conversation_id}/chat/{chat_id}/attachment,0.600000,0.000000,0,0,0,0,0,0,0,0,0,0,0,50,0,77,81.8735867086798,61.915853060781956,133.99836979806423,26.0
1791184762,4,TXN,multimodal_e2e,0.700000,0.100000,0,0,0,0,0,0,0,0,0,0,0,50,4,370.0,14693.468951573595,0.8987719193100929,60195.639027282596,20.5
1791184762,4,,Aggregated,2.600000,0.200000,0,0,0,0,0,0,0,0,0,0,0,200,8,11,3696.5297722280957,0.7875231094658375,60195.639027282596,21.125
1791184763,4,POST,/api/playground/conversations,0.700000,0.100000,0,0,0,0,0,0,0,0,0,0,0,54,4,6,7.711894430772022,0.7875231094658375,30.08681070059538,35.18518518518518
1791184763,4,POST,/api/playground/conversations/{conversation_id}/chat/sse,0.600000,0.000000,0,0,0,0,0,0,0,0,0,0,0,46,0,2,2.660548527036672,1.7269239760935307,6.74001919105649,0.0
1791184763,4,POST,/api/playground/conversations/{conversation_id}/chat/{chat_id}/attachment,0.600000,0.000000,0,0,0,0,0,0,0,0,0,0,0,50,0,77,81.8735867086798,61.915853060781956,133.99836979806423,26.0
1791184763,4,TXN,multimodal_e2e,0.700000,0.100000,0,0,0,0,0,0,0,0,0,0,0,50,4,370.0,14693.468951573595,0.8987719193100929,60195.639027282596,20.5
1791184763,4,,Aggregated,2.600000,0.200000,0,0,0,0,0,0,0,0,0,0,0,200,8,11,3696.5297722280957,0.7875231094658375,60195.639027282596,21.125
1791184764,4,POST,/api/playground/conversations,0.700000,0.100000,0,0,0,0,0,0,0,0,0,0,0,54,4,6,7.711894430772022,0.7875231094658375,30.08681070059538,35.18518518518518
1791184764,4,POST,/api/playground/conversations/{conversation_id}/chat/sse,0.600000,0.000000,0,0,0,0,0,0,0,0,0,0,0,46,0,2,2.660548527036672,1.7269239760935307,6.74001919105649,0.0
1791184764,4,POST,/api/playground/conversations/{conversation_id}/chat/{chat_id}/attachment,0.600000,0.000000,0,0,0,0,0,0,0,0,0,0,0,50,0,77,81.8735867086798,61.915853060781956,133.99836979806423,26.0
1791184764,4,TXN,multimodal_e2e,0.700000,0.100000,0,0,0,0,0,0,0,0,0,0,0,50,4,370.0,14693.468951573595,0.8987719193100929,60195.639027282596,20.5
1791184764,4,,Aggregated,2.600000,0.200000,0,0,0,0,0,0,0,0,0,0,0,200,8,11,3696.5297722280957,0.7875231094658375,60195.639027282596,21.125
1791184765,4,POST,/api/playground/conversations,0.700000,0.100000,0,0,0,0,0,0,0,0,0,0,0,54,4,6,7.711894430772022,0.7875231094658375,30.08681070059538,35.18518518518518
1791184765,4,POST,/api/playground/conversations/{conversation_id}/chat/sse,0.600000,0.000000,0,0,0,0,0,0,0,0,0,0,0,46,0,2,2.660548527036672,1.7269239760935307,6.74001919105649,0.0
1791184765,4,POST,/api/playground/conversations/{conversation_id}/chat/{chat_id}/attachment,0.600000,0.000000,0,0,0,0,0,0,0,0,0,0,0,50,0,77,81.8735867086798,61.915853060781956,133.99836979806423,26.0
1791184765,4,TXN,multimodal_e2e,0.700000,0.100000,0,0,0,0,0,0,0,0,0,0,0,50,4,370.0,14693.468951573595,0.8987719193100929,60195.639027282596,20.5
1791184765,4,,Aggregated,2.600000,0.200000,0,0,0,0,0,0,0,0,0,0,0,200,8,11,3696.5297722280957,0.7875231094658375,60195.639027282596,21.125
1791184766,4,POST,/api/playground/conversations,0.700000,0.100000,0,0,0,0,0,0,0,0,0,0,0,54,4,6,7.711894430772022,0.7875231094658375,30.08681070059538,35.18518518518518
1791184766,4,POST,/api/playground/conversations/{conversation_id}/chat/sse,0.600000,0.000000,0,0,0,0,0,0,0,0,0,0,0,46,0,2,2.660548527036672,1.7269239760935307,6.74001919105649,0.0
1791184766,4,POST,/api/playground/conversations/{conversation_id}/chat/{chat_id}/attachment,0.600000,0.000000,0,0,0,0,0,0,0,0,0,0,0,50,0,77,81.8735867086798,61.915853060781956,133.99836979806423,26.0
1791184766,4,TXN,multimodal_e2e,0.700000,0.100000,0,0,0,0,0,0,0,0,0,0,0,50,4,370.0,14693.468951573595,0.8987719193100929,60195.639027282596,20.5
1791184766,4,,Aggregated,2.600000,0.200000,0,0,0,0,0,0,0,0,0,0,0,200,8,11,3696.5297722280957,0.7875231094658375,60195.639027282596,21.125
1791184767,4,POST,/api/playground/conversations,0.700000,0.100000,0,0,0,0,0,0,0,0,0,0,0,54,4,6,7.711894430772022,0.7875231094658375,30.08681070059538,35.18518518518518
1791184767,4,POST,/api/playground/conversations/{conversation_id}/chat/sse,0.600000,0.000000,0,0,0,0,0,0,0,0,0,0,0,46,0,2,2.660548527036672,1.7269239760935307,6.74001919105649,0.0
1791184767,4,POST,/api/playground/conversations/{conversation_id}/chat/{chat_id}/attachment,0.600000,0.000000,0,0,0,0,0,0,0,0,0,0,0,50,0,77,81.8735867086798,61.915853060781956,133.99836979806423,26.0
1791184767,4,TXN,multimodal_e2e,0.700000,0.100000,0,0,0,0,0,0,0,0,0,0,0,50,4,370.0,14693.468951573595,0.8987719193100929,60195.639027282596,20.5
1791184767,4,,Aggregated,2.600000,0.200000,0,0,0,0,0,0,0,0,0,0,0,200,8,11,3696.5297722280957,0.7875231094658375,60195.639027282596,21.125
1791184768,4,POST,/api/playground/conversations,0.700000,0.100000,0,0,0,0,0,0,0,0,0,0,0,54,4,6,7.711894430772022,0.7875231094658375,30.08681070059538,35.18518518518518
1791184768,4,POST,/api/playground/conversations/{conversation_id}/chat/sse,0.600000,0.000000,0,0,0,0,0,0,0,0,0,0,0,46,0,2,2.660548527036672,1.7269239760935307,6.74001919105649,0.0
1791184768,4,POST,/api/playground/conversations/{conversation_id}/chat/{chat_id}/attachment,0.600000,0.000000,0,0,0,0,0,0,0,0,0,0,0,50,0,77,81.8735867086798,61.915853060781956,133.99836979806423,26.0
1791184768,4,TXN,multimodal_e2e,0.700000,0.100000,0,0,0,0,0,0,0,0,0,0,0,50,4,370.0,14693.468951573595,0.8987719193100929,60195.639027282596,20.5
1791184768,4,,Aggregated,2.600000,0.200000,0,0,0,0,0,0,0,0,0,0,0,200,8,11,3696.5297722280957,0.7875231094658375,60195.639027282596,21.125
1791184769,4,POST,/api/playground/conversations,0.700000,0.100000,0,0,0,0,0,0,0,0,0,0,0,54,4,6,7.711894430772022,0.7875231094658375,30.08681070059538,35.18518518518518
1791184769,4,POST,/api/playground/conversations/{conversation_id}/chat/sse,0.600000,0.000000,0,0,0,0,0,0,0,0,0,0,0,46,0,2,2.660548527036672,1.7269239760935307,6.74001919105649,0.0
1791184769,4,POST,/api/playground/conversations/{conversation_id}/chat/{chat_id}/attachment,0.600000,0.000000,0,0,0,0,0,0,0,0,0,0,0,50,0,77,81.8735867086798,61.915853060781956,133.99836979806423,26.0
1791184769,4,TXN,multimodal_e2e,0.700000,0.100000,0,0,0,0,0,0,0,0,0,0,0,50,4,370.0,14693.468951573595,0.8987719193100929,60195.639027282596,20.5
1791184769,4,,Aggregated,2.600000,0.200000,0,0,0,0,0,0,0,0,0,0,0,200,8,11,3696.5297722280957,0.7875231094658375,60195.639027282596,21.125
1791184770,4,POST,/api/playground/conversations,0.700000,0.100000,0,0,0,0,0,0,0,0,0,0,0,54,4,6,7.711894430772022,0.7875231094658375,30.08681070059538,35.18518518518518
1791184770,4,POST,/api/playground/conversations/{conversation_id}/chat/sse,0.600000,0.000000,0,0,0,0,0,0,0,0,0,0,0,46,0,2,2.660548527036672,1.7269239760935307,6.74001919105649,0.0
1791184770,4,POST,/api/playground/conversations/{conversation_id}/chat/{chat_id}/attachment,0.600000,0.000000,0,0,0,0,0,0,0,0,0,0,0,50,0,77,81.8735867086798,61.915853060781956,133.99836979806423,26.0
1791184770,4,TXN,multimodal_e2e,0.700000,0.100000,0,0,0,0,0,0,0,0,0,0,0,50,4,370.0,14693.468951573595,0.8987719193100929,60195.639027282596,20.5
1791184770,4,,Aggregated,2.600000,0.200000,0,0,0,0,0,0,0,0,0,0,0,200,8,11,3696.5297722280957,0.7875231094658375,60195.639027282596,21.125
1791184771,4,POST,/api/playground/conversations,0.700000,0.100000,0,0,0,0,0,0,0,0,0,0,0,54,4,6,7.711894430772022,0.7875231094658375,30.08681070059538,35.18518518518518
1791184771,4,POST,/api/playground/conversations/{conversation_id}/chat/sse,0.600000,0.000000,0,0,0,0,0,0,0,0,0,0,0,46,0,2,2.660548527036672,1.7269239760935307,6.74001919105649,0.0
1791184771,4,POST,/api/playground/conversations/{conversation_id}/chat/{chat_id}/attachment,0.600000,0.000000,0,0,0,0,0,0,0,0,0,0,0,50,0,77,81.8735867086798,61.915853060781956,133.99836979806423,26.0
1791184771,4,TXN,multimodal_e2e,0.700000,0.100000,0,0,0,0,0,0,0,0,0,0,0,50,4,370.0,14693.468951573595,0.8987719193100929,60195.639027282596,20.5
1791184771,4,,Aggregated,2.600000,0.200000,0,0,0,0,0,0,0,0,0,0,0,200,8,11,3696.5297722280957,0.7875231094658375,60195.639027282596,21.125
1791184772,4,POST,/api/playground/conversations,0.700000,0.100000,0,0,0,0,0,0,0,0,0,0,0,54,4,6,7.711894430772022,0.7875231094658375,30.08681070059538,35.18518518518518
1791184772,4,POST,/api/playground/conversations/{conversation_id}/chat/sse,0.600000,0.000000,0,0,0,0,0,0,0,0,0,0,0,46,0,2,2.660548527036672,1.7269239760935307,6.74001919105649,0.0
1791184772,4,POST,/api/playground/conversations/{conversation_id}/chat/{chat_id}/attachment,0.600000,0.000000,0,0,0,0,0,0,0,0,0,0,0,50,0,77,81.8735867086798,61.915853060781956,133.99836979806423,26.0
1791184772,4,TXN,multimodal_e2e,0.700000,0.100000,0,0,0,0,0,0,0,0,0,0,0,50,4,370.0,14693.468951573595,0.8987719193100929,60195.639027282596,20.5
1791184772,4,,Aggregated,2.600000,0.200000,0,0,0,0,0,0,0,0,0,0,0,200,8,11,3696.5297722280957,0.7875231094658375,60195.639027282596,21.125
1791184773,4,POST,/api/playground/conversations,0.700000,0.100000,0,0,0,0,0,0,0,0,0,0,0,54,4,6,7.711894430772022,0.7875231094658375,30.08681070059538,35.18518518518518
1791184773,4,POST,/api/playground/conversations/{conversation_id}/chat/sse,0.600000,0.000000,0,0,0,0,0,0,0,0,0,0,0,46,0,2,2.660548527036672,1.7269239760935307,6.74001919105649,0.0
1791184773,4,POST,/api/playground/conversations/{conversation_id}/chat/{chat_id}/attachment,0.600000,0.000000,0,0,0,0,0,0,0,0,0,0,0,50,0,77,81.8735867086798,61.915853060781956,133.99836979806423,26.0
1791184773,4,TXN,multimodal_e2e,0.700000,0.100000,0,0,0,0,0,0,0,0,0,0,0,50,4,370.0,14693.468951573595,0.8987719193100929,60195.639027282596,20.5
1791184773,4,,Aggregated,2.600000,0.200000,0,0,0,0,0,0,0,0,0,0,0,200,8,11,3696.5297722280957,0.7875231094658375,60195.639027282596,21.125
1791184774,4,POST,/api/playground/conversations,0.700000,0.100000,0,0,0,0,0,0,0,0,0,0,0,54,4,6,7.711894430772022,0.7875231094658375,30.08681070059538,35.18518518518518
1791184774,4,POST,/api/playground/conversations/{conversation_id}/chat/sse,0.600000,0.000000,0,0,0,0,0,0,0,0,0,0,0,46,0,2,2.660548527036672,1.7269239760935307,6.74001919105649,0.0
1791184774,4,POST,/api/playground/conversations/{conversation_id}/chat/{chat_id}/attachment,0.600000,0.000000,0,0,0,0,0,0,0,0,0,0,0,50,0,77,81.8735867086798,61.915853060781956,133.99836979806423,26.0
1791184774,4,TXN,multimodal_e2e,0.700000,0.100000,0,0,0,0,0,0,0,0,0,0,0,50,4,370.0,14693.468951573595,0.8987719193100929,60195.639027282596,20.5
1791184774,4,,Aggregated,2.600000,0.200000,0,0,0,0,0,0,0,0,0,0,0,200,8,11,3696.5297722280957,0.7875231094658375,60195.639027282596,21.125
1791184775,4,POST,/api/playground/conversations,0.700000,0.100000,0,0,0,0,0,0,0,0,0,0,0,54,4,6,7.711894430772022,0.7875231094658375,30.08681070059538,35.18518518518518
1791184775,4,POST,/api/playground/conversations/{conversation_id}/chat/sse,0.600000,0.000000,0,0,0,0,0,0,0,0,0,0,0,46,0,2,2.660548527036672,1.7269239760935307,6.74001919105649,0.0
1791184775,4,POST,/api/playground/conversations/{conversation_id}/chat/{chat_id}/attachment,0.600000,0.000000,0,0,0,0,0,0,0,0,0,0,0,50,0,77,81.8735867086798,61.915853060781956,133.99836979806423,26.0
1791184775,4,TXN,multimodal_e2e,0.700000,0.100000,0,0,0,0,0,0,0,0,0,0,0,50,4,370.0,14693.468951573595,0.8987719193100929,60195.639027282596,20.5
1791184775,4,,Aggregated,2.600000,0.200000,0,0,0,0,0,0,0,0,0,0,0,200,8,11,3696.5297722280957,0.7875231094658375,60195.639027282596,21.125
1791184776,4,POST,/api/playground/conversations,0.700000,0.100000,0,0,0,0,0,0,0,0,0,0,0,54,4,6,7.711894430772022,0.7875231094658375,30.08681070059538,35.18518518518518
1791184776,4,POST,/api/playground/conversations/{conversation_id}/chat/sse,0.600000,0.000000,0,0,0,0,0,0,0,0,0,0,0,46,0,2,2.660548527036672,1.7269239760935307,6.74001919105649,0.0
1791184776,4,POST,/api/playground/conversations/{conversation_id}/chat/{chat_id}/attachment,0.600000,0.000000,0,0,0,0,0,0,0,0,0,0,0,50,0,77,81.8735867086798,61.915853060781956,133.99836979806423,26.0
1791184776,4,TXN,multimodal_e2e,0.700000,0.100000,0,0,0,0,0,0,0,0,0,0,0,50,4,370.0,14693.468951573595,0.8987719193100929,60195.639027282596,20.5
1791184776,4,,Aggregated,2.600000,0.200000,0,0,0,0,0,0,0,0,0,0,0,200,8,11,3696.5297722280957,0.7875231094658375,60195.639027282596,21.125
1791184777,4,POST,/api/playground/conversations,0.700000,0.100000,0,0,0,0,0,0,0,0,0,0,0,54,4,6,7.711894430772022,0.7875231094658375,30.08681070059538,35.18518518518518
1791184777,4,POST,/api/playground/conversations/{conversation_id}/chat/sse,0.600000,0.000000,0,0,0,0,0,0,0,0,0,0,0,46,0,2,2.660548527036672,1.7269239760935307,6.74001919105649,0.0
1791184777,4,POST,/api/playground/conversations/{conversation_id}/chat/{chat_id}/attachment,0.600000,0.000000,0,0,0,0,0,0,0,0,0,0,0,50,0,77,81.8735867086798,61.915853060781956,133.99836979806423,26.0
1791184777,4,TXN,multimodal_e2e,0.700000,0.100000,0,0,0,0,0,0,0,0,0,0,0,50,4,370.0,14693.468951573595,0.8987719193100929,60195.639027282596,20.5
1791184777,4,,Aggregated,2.600000,0.200000,0,0,0,0,0,0,0,0,0,0,0,200,8,11,3696.5297722280957,0.7875231094658375,60195.639027282596,21.125
1791184778,4,POST,/api/playground/conversations,0.700000,0.100000,0,0,0,0,0,0,0,0,0,0,0,54,4,6,7.711894430772022,0.7875231094658375,30.08681070059538,35.18518518518518
1791184778,4,POST,/api/playground/conversations/{conversation_id}/chat/sse,0.600000,0.000000,0,0,0,0,0,0,0,0,0,0,0,46,0,2,2.660548527036672,1.7269239760935307,6.74001919105649,0.0
1791184778,4,POST,/api/playground/conversations/{conversation_id}/chat/{chat_id}/attachment,0.600000,0.000000,0,0,0,0,0,0,0,0,0,0,0,50,0,77,81.8735867086798,61.915853060781956,133.99836979806423,26.0
1791184778,4,TXN,multimodal_e2e,0.700000,0.100000,0,0,0,0,0,0,0,0,0,0,0,50,4,370.0,14693.468951573595,0.8987719193100929,60195.639027282596,20.5
1791184778,4,,Aggregated,2.600000,0.200000,0,0,0,0,0,0,0,0,0,0,0,200,8,11,3696.5297722280957,0.7875231094658375,60195.639027282596,21.125
1791184779,4,POST,/api/playground/conversations,0.700000,0.100000,0,0,0,0,0,0,0,0,0,0,0,54,4,6,7.711894430772022,0.7875231094658375,30.08681070059538,35.18518518518518
1791184779,4,POST,/api/playground/conversations/{conversation_id}/chat/sse,0.600000,0.000000,0,0,0,0,0,0,0,0,0,0,0,46,0,2,2.660548527036672,1.7269239760935307,6.74001919105649,0.0
1791184779,4,POST,/api/playground/conversations/{conversation_id}/chat/{chat_id}/attachment,0.600000,0.000000,0,0,0,0,0,0,0,0,0,0,0,50,0,77,81.8735867086798,61.915853060781956,133.99836979806423,26.0
1791184779,4,TXN,multimodal_e2e,0.700000,0.100000,0,0,0,0,0,0,0,0,0,0,0,50,4,370.0,14693.468951573595,0.8987719193100929,60195.639027282596,20.5
1791184779,4,,Aggregated,2.600000,0.200000,0,0,0,0,0,0,0,0,0,0,0,200,8,11,3696.5297722280957,0.7875231094658375,60195.639027282596,21.125
1791184780,4,POST,/api/playground/conversations,0.700000,0.100000,0,0,0,0,0,0,0,0,0,0,0,54,4,6,7.711894430772022,0.7875231094658375,30.08681070059538,35.18518518518518
1791184780,4,POST,/api/playground/conversations/{conversation_id}/chat/sse,0.600000,0.000000,0,0,0,0,0,0,0,0,0,0,0,46,0,2,2.660548527036672,1.7269239760935307,6.74001919105649,0.0
1791184780,4,POST,/api/playground/conversations/{conversation_id}/chat/{chat_id}/attachment,0.600000,0.000000,0,0,0,0,0,0,0,0,0,0,0,50,0,77,81.8735867086798,61.915853060781956,133.99836979806423,26.0
1791184780,4,TXN,multimodal_e2e,0.700000,0.100000,0,0,0,0,0,0,0,0,0,0,0,50,4,370.0,14693.468951573595,0.8987719193100929,60195.639027282596,20.5
1791184780,4,,Aggregated,2.600000,0.200000,0,0,0,0,0,0,0,0,0,0,0,200,8,11,3696.5297722280957,0.7875231094658375,60195.639027282596,21.125
1791184781,4,POST,/api/playground/conversations,0.700000,0.100000,0,0,0,0,0,0,0,0,0,0,0,54,4,6,7.711894430772022,0.7875231094658375,30.08681070059538,35.18518518518518
1791184781,4,POST,/api/playground/conversations/{conversation_id}/chat/sse,0.600000,0.000000,0,0,0,0,0,0,0,0,0,0,0,46,0,2,2.660548527036672,1.7269239760935307,6.74001919105649,0.0
1791184781,4,POST,/api/playground/conversations/{conversation_id}/chat/{chat_id}/attachment,0.600000,0.000000,0,0,0,0,0,0,0,0,0,0,0,50,0,77,81.8735867086798,61.915853060781956,133.99836979806423,26.0
1791184781,4,TXN,multimodal_e2e,0.700000,0.100000,0,0,0,0,0,0,0,0,0,0,0,50,4,370.0,14693.468951573595,0.8987719193100929,60195.639027282596,20.5
1791184781,4,,Aggregated,2.600000,0.200000,0,0,0,0,0,0,0,0,0,0,0,200,8,11,3696.5297722280957,0.7875231094658375,60195.639027282596,21.125
1791184782,4,POST,/api/playground/conversations,0.700000,0.100000,0,0,0,0,0,0,0,0,0,0,0,54,4,6,7.711894430772022,0.7875231094658375,30.08681070059538,35.18518518518518
1791184782,4,POST,/api/playground/conversations/{conversation_id}/chat/sse,0.600000,0.000000,0,0,0,0,0,0,0,0,0,0,0,46,0,2,2.660548527036672,1.7269239760935307,6.74001919105649,0.0
1791184782,4,POST,/api/playground/conversations/{conversation_id}/chat/{chat_id}/attachment,0.600000,0.000000,0,0,0,0,0,0,0,0,0,0,0,50,0,77,81.8735867086798,61.915853060781956,133.99836979806423,26.0
1791184782,4,TXN,multimodal_e2e,0.700000,0.100000,0,0,0,0,0,0,0,0,0,0,0,50,4,370.0,14693.468951573595,0.8987719193100929,60195.639027282596,20.5
1791184782,4,,Aggregated,2.600000,0.200000,0,0,0,0,0,0,0,0,0,0,0,200,8,11,3696.5297722280957,0.7875231094658375,60195.639027282596,21.125
1791184783,4,POST,/api/playground/conversations,0.700000,0.100000,0,0,0,0,0,0,0,0,0,0,0,54,4,6,7.711894430772022,0.7875231094658375,30.08681070059538,35.18518518518518
1791184783,4,POST,/api/playground/conversations/{conversation_id}/chat/sse,0.600000,0.000000,0,0,0,0,0,0,0,0,0,0,0,46,0,2,2.660548527036672,1.7269239760935307,6.74001919105649,0.0
1791184783,4,POST,/api/playground/conversations/{conversation_id}/chat/{chat_id}/attachment,0.600000,0.000000,0,0,0,0,0,0,0,0,0,0,0,50,0,77,81.8735867086798,61.915853060781956,133.99836979806423,26.0
1791184783,4,TXN,multimodal_e2e,0.700000,0.100000,0,0,0,0,0,0,0,0,0,0,0,50,4,370.0,14693.468951573595,0.8987719193100929,60195.639027282596,20.5
1791184783,4,,Aggregated,2.600000,0.200000,0,0,0,0,0,0,0,0,0,0,0,200,8,11,3696.5297722280957,0.7875231094658375,60195.639027282596,21.125
1791184784,4,POST,/api/playground/conversations,0.700000,0.100000,0,0,0,0,0,0,0,0,0,0,0,54,4,6,7.711894430772022,0.7875231094658375,30.08681070059538,35.18518518518518
1791184784,4,POST,/api/playground/conversations/{conversation_id}/chat/sse,0.600000,0.000000,0,0,0,0,0,0,0,0,0,0,0,46,0,2,2.660548527036672,1.7269239760935307,6.74001919105649,0.0
1791184784,4,POST,/api/playground/conversations/{conversation_id}/chat/{chat_id}/attachment,0.600000,0.000000,0,0,0,0,0,0,0,0,0,0,0,50,0,77,81.8735867086798,61.915853060781956,133.99836979806423,26.0
1791184784,4,TXN,multimodal_e2e,0.700000,0.100000,0,0,0,0,0,0,0,0,0,0,0,50,4,370.0,14693.468951573595,0.8987719193100929,60195.639027282596,20.5
1791184784,4,,Aggregated,2.600000,0.200000,0,0,0,0,0,0,0,0,0,0,0,200,8,11,3696.5297722280957,0.7875231094658375,60195.639027282596,21.125
1791184785,4,POST,/api/playground/conversations,0.700000,0.100000,0,0,0,0,0,0,0,0,0,0,0,54,4,6,7.711894430772022,0.7875231094658375,30.08681070059538,35.18518518518518
1791184785,4,POST,/api/playground/conversations/{conversation_id}/chat/sse,0.600000,0.000000,0,0,0,0,0,0,0,0,0,0,0,46,0,2,2.660548527036672,1.7269239760935307,6.74001919105649,0.0
1791184785,4,POST,/api/playground/conversations/{conversation_id}/chat/{chat_id}/attachment,0.600000,0.000000,0,0,0,0,0,0,0,0,0,0,0,50,0,77,81.8735867086798,61.915853060781956,133.99836979806423,26.0
1791184785,4,TXN,multimodal_e2e,0.700000,0.100000,0,0,0,0,0,0,0,0,0,0,0,50,4,370.0,14693.468951573595,0.8987719193100929,60195.639027282596,20.5
1791184785,4,,Aggregated,2.600000,0.200000,0,0,0,0,0,0,0,0,0,0,0,200,8,11,3696.5297722280957,0.7875231094658375,60195.639027282596,21.125
1791184786,4,POST,/api/playground/conversations,0.700000,0.100000,0,0,0,0,0,0,0,0,0,0,0,54,4,6,7.711894430772022,0.7875231094658375,30.08681070059538,35.18518518518518
1791184786,4,POST,/api/playground/conversations/{conversation_id}/chat/sse,0.600000,0.000000,0,0,0,0,0,0,0,0,0,0,0,46,0,2,2.660548527036672,1.7269239760935307,6.74001919105649,0.0
1791184786,4,POST,/api/playground/conversations/{conversation_id}/chat/{chat_id}/attachment,0.600000,0.000000,0,0,0,0,0,0,0,0,0,0,0,50,0,77,81.8735867086798,61.915853060781956,133.99836979806423,26.0
1791184786,4,TXN,multimodal_e2e,0.700000,0.100000,0,0,0,0,0,0,0,0,0,0,0,50,4,370.0,14693.468951573595,0.8987719193100929,60195.639027282596,20.5
1791184786,4,,Aggregated,2.600000,0.200000,0,0,0,0,0,0,0,0,0,0,0,200,8,11,3696.5297722280957,0.7875231094658375,60195.639027282596,21.125
1791184787,4,POST,/api/playground/conversations,0.700000,0.100000,0,0,0,0,0,0,0,0,0,0,0,54,4,6,7.711894430772022,0.7875231094658375,30.08681070059538,35.18518518518518
1791184787,4,POST,/api/playground/conversations/{conversation_id}/chat/sse,0.600000,0.000000,0,0,0,0,0,0,0,0,0,0,0,46,0,2,2.660548527036672,1.7269239760935307,6.74001919105649,0.0
1791184787,4,POST,/api/playground/conversations/{conversation_id}/chat/{chat_id}/attachment,0.600000,0.000000,0,0,0,0,0,0,0,0,0,0,0,50,0,77,81.8735867086798,61.915853060781956,133.99836979806423,26.0
1791184787,4,TXN,multimodal_e2e,0.700000,0.100000,0,0,0,0,0,0,0,0,0,0,0,50,4,370.0,14693.468951573595,0.8987719193100929,60195.639027282596,20.5
1791184787,4,,Aggregated,2.600000,0.200000,0,0,0,0,0,0,0,0,0,0,0,200,8,11,3696.5297722280957,0.7875231094658375,60195.639027282596,21.125
1791184788,4,POST,/api/playground/conversations,0.700000,0.100000,0,0,0,0,0,0,0,0,0,0,0,54,4,6,7.711894430772022,0.7875231094658375,30.08681070059538,35.18518518518518
1791184788,4,POST,/api/playground/conversations/{conversation_id}/chat/sse,0.600000,0.000000,0,0,0,0,0,0,0,0,0,0,0,46,0,2,2.660548527036672,1.7269239760935307,6.74001919105649,0.0
1791184788,4,POST,/api/playground/conversations/{conversation_id}/chat/{chat_id}/attachment,0.600000,0.000000,0,0,0,0,0,0,0,0,0,0,0,50,0,77,81.8735867086798,61.915853060781956,133.99836979806423,26.0
1791184788,4,TXN,multimodal_e2e,0.700000,0.100000,0,0,0,0,0,0,0,0,0,0,0,50,4,370.0,14693.468951573595,0.8987719193100929,60195.639027282596,20.5
1791184788,4,,Aggregated,2.600000,0.200000,0,0,0,0,0,0,0,0,0,0,0,200,8,11,3696.5297722280957,0.7875231094658375,60195.639027282596,21.125
1791184789,4,POST,/api/playground/conversations,0.700000,0.100000,0,0,0,0,0,0,0,0,0,0,0,54,4,6,7.711894430772022,0.7875231094658375,30.08681070059538,35.18518518518518
1791184789,4,POST,/api/playground/conversations/{conversation_id}/chat/sse,0.600000,0.000000,0,0,0,0,0,0,0,0,0,0,0,46,0,2,2.660548527036672,1.7269239760935307,6.74001919105649,0.0
1791184789,4,POST,/api/playground/conversations/{conversation_id}/chat/{chat_id}/attachment,0.600000,0.000000,0,0,0,0,0,0,0,0,0,0,0,50,0,77,81.8735867086798,61.915853060781956,133.99836979806423,26.0
1791184789,4,TXN,multimodal_e2e,0.700000,0.100000,0,0,0,0,0,0,0,0,0,0,0,50,4,370.0,14693.468951573595,0.8987719193100929,60195.639027282596,20.5
1791184789,4,,Aggregated,2.600000,0.200000,0,0,0,0,0,0,0,0,0,0,0,200,8,11,3696.5297722280957,0.7875231094658375,60195.639027282596,21.125
1791184790,4,POST,/api/playground/conversations,0.700000,0.100000,0,0,0,0,0,0,0,0,0,0,0,54,4,6,7.711894430772022,0.7875231094658375,30.08681070059538,35.18518518518518
1791184790,4,POST,/api/playground/conversations/{conversation_id}/chat/sse,0.600000,0.000000,0,0,0,0,0,0,0,0,0,0,0,46,0,2,2.660548527036672,1.7269239760935307,6.74001919105649,0.0
1791184790,4,POST,/api/playground/conversations/{conversation_id}/chat/{chat_id}/attachment,0.600000,0.000000,0,0,0,0,0,0,0,0,0,0,0,50,0,77,81.8735867086798,61.915853060781956,133.99836979806423,26.0
1791184790,4,TXN,multimodal_e2e,0.700000,0.100000,0,0,0,0,0,0,0,0,0,0,0,50,4,370.0,14693.468951573595,0.8987719193100929,60195.639027282596,20.5
1791184790,4,,Aggregated,2.600000,0.200000,0,0,0,0,0,0,0,0,0,0,0,200,8,11,3696.5297722280957,0.7875231094658375,60195.639027282596,21.125
1791184791,4,POST,/api/playground/conversations,0.700000,0.100000,0,0,0,0,0,0,0,0,0,0,0,54,4,6,7.711894430772022,0.7875231094658375,30.08681070059538,35.18518518518518
1791184791,4,POST,/api/playground/conversations/{conversation_id}/chat/sse,0.600000,0.000000,0,0,0,0,0,0,0,0,0,0,0,46,0,2,2.660548527036672,1.7269239760935307,6.74001919105649,0.0
1791184791,4,POST,/api/playground/conversations/{conversation_id}/chat/{chat_id}/attachment,0.600000,0.000000,0,0,0,0,0,0,0,0,0,0,0,50,0,77,81.8735867086798,61.915853060781956,133.99836979806423,26.0
1791184791,4,TXN,multimodal_e2e,0.700000,0.100000,0,0,0,0,0,0,0,0,0,0,0,50,4,370.0,14693.468951573595,0.8987719193100929,60195.639027282596,20.5
1791184791,4,,Aggregated,2.600000,0.200000,0,0,0,0,0,0,0,0,0,0,0,200,8,11,3696.5297722280957,0.7875231094658375,60195.639027282596,21.125
1791184792,4,POST,/api/playground/conversations,0.700000,0.100000,0,0,0,0,0,0,0,0,0,0,0,54,4,6,7.711894430772022,0.7875231094658375,30.08681070059538,35.18518518518518
1791184792,4,POST,/api/playground/conversations/{conversation_id}/chat/sse,0.600000,0.000000,0,0,0,0,0,0,0,0,0,0,0,46,0,2,2.660548527036672,1.7269239760935307,6.74001919105649,0.0
1791184792,4,POST,/api/playground/conversations/{conversation_id}/chat/{chat_id}/attachment,0.600000,0.000000,0,0,0,0,0,0,0,0,0,0,0,50,0,77,81.8735867086798,61.915853060781956,133.99836979806423,26.0
1791184792,4,TXN,multimodal_e2e,0.700000,0.100000,0,0,0,0,0,0,0,0,0,0,0,50,4,370.0,14693.468951573595,0.8987719193100929,60195.639027282596,20.5
1791184792,4,,Aggregated,2.600000,0.200000,0,0,0,0,0,0,0,0,0,0,0,200,8,11,3696.5297722280957,0.7875231094658375,60195.639027282596,21.125
1791184793,4,POST,/api/playground/conversations,0.700000,0.100000,0,0,0,0,0,0,0,0,0,0,0,54,4,6,7.711894430772022,0.7875231094658375,30.08681070059538,35.18518518518518
1791184793,4,POST,/api/playground/conversations/{conversation_id}/chat/sse,0.600000,0.000000,0,0,0,0,0,0,0,0,0,0,0,46,0,2,2.660548527036672,1.7269239760935307,6.74001919105649,0.0
1791184793,4,POST,/api/playground/conversations/{conversation_id}/chat/{chat_id}/attachment,0.600000,0.000000,0,0,0,0,0,0,0,0,0,0,0,50,0,77,81.8735867086798,61.915853060781956,133.99836979806423,26.0
1791184793,4,TXN,multimodal_e2e,0.700000,0.100000,0,0,0,0,0,0,0,0,0,0,0,50,4,370.0,14693.468951573595,0.8987719193100929,60195.639027282596,20.5
1791184793,4,,Aggregated,2.600000,0.200000,0,0,0,0,0,0,0,0,0,0,0,200,8,11,3696.5297722280957,0.7875231094658375,60195.639027282596,21.125
1791184794,4,POST,/api/playground/conversations,0.700000,0.100000,0,0,0,0,0,0,0,0,0,0,0,54,4,6,7.711894430772022,0.7875231094658375,30.08681070059538,35.18518518518518
1791184794,4,POST,/api/playground/conversations/{conversation_id}/chat/sse,0.600000,0.000000,0,0,0,0,0,0,0,0,0,0,0,46,0,2,2.660548527036672,1.7269239760935307,6.74001919105649,0.0
1791184794,4,POST,/api/playground/conversations/{conversation_id}/chat/{chat_id}/attachment,0.600000,0.000000,0,0,0,0,0,0,0,0,0,0,0,50,0,77,81.8735867086798,61.915853060781956,133.99836979806423,26.0
1791184794,4,TXN,multimodal_e2e,0.700000,0.100000,0,0,0,0,0,0,0,0,0,0,0,50,4,370.0,14693.468951573595,0.8987719193100929,60195.639027282596,20.5
1791184794,4,,Aggregated,2.600000,0.200000,0,0,0,0,0,0,0,0,0,0,0,200,8,11,3696.5297722280957,0.7875231094658375,60195.639027282596,21.125
1791184795,4,POST,/api/playground/conversations,0.700000,0.100000,0,0,0,0,0,0,0,0,0,0,0,54,4,6,7.711894430772022,0.7875231094658375,30.08681070059538,35.18518518518518
1791184795,4,POST,/api/playground/conversations/{conversation_id}/chat/sse,0.600000,0.000000,0,0,0,0,0,0,0,0,0,0,0,46,0,2,2.660548527036672,1.7269239760935307,6.74001919105649,0.0
1791184795,4,POST,/api/playground/conversations/{conversation_id}/chat/{chat_id}/attachment,0.600000,0.000000,0,0,0,0,0,0,0,0,0,0,0,50,0,77,81.8735867086798,61.915853060781956,133.99836979806423,26.0
1791184795,4,TXN,multimodal_e2e,0.700000,0.100000,0,0,0,0,0,0,0,0,0,0,0,50,4,370.0,14693.468951573595,0.8987719193100929,60195.639027282596,20.5
1791184795,4,,Aggregated,2.600000,0.200000,0,0,0,0,0,0,0,0,0,0,0,200,8,11,3696.5297722280957,0.7875231094658375,60195.639027282596,21.125
1791184796,4,POST,/api/playground/conversations,0.700000,0.100000,0,0,0,0,0,0,0,0,0,0,0,54,4,6,7.711894430772022,0.7875231094658375,30.08681070059538,35.18518518518518
1791184796,4,POST,/api/playground/conversations/{conversation_id}/chat/sse,0.600000,0.000000,0,0,0,0,0,0,0,0,0,0,0,46,0,2,2.660548527036672,1.7269239760935307,6.74001919105649,0.0
1791184796,4,POST,/api/playground/conversations/{conversation_id}/chat/{chat_id}/attachment,0.600000,0.000000,0,0,0,0,0,0,0,0,0,0,0,50,0,77,81.8735867086798,61.915853060781956,133.99836979806423,26.0
1791184796,4,TXN,multimodal_e2e,0.700000,0.100000,0,0,0,0,0,0,0,0,0,0,0,50,4,370.0,14693.468951573595,0.8987719193100929,60195.639027282596,20.5
1791184796,4,,Aggregated,2.600000,0.200000,0,0,0,0,0,0,0,0,0,0,0,200,8,11,3696.5297722280957,0.7875231094658375,60195.639027282596,21.125
1791184797,4,POST,/api/playground/conversations,0.000000,0.000000,0,0,0,0,0,0,0,0,0,0,0,56,4,6,7.767245822053935,0.7875231094658375,30.08681070059538,35.285714285714285
1791184797,4,POST,/api/playground/conversations/{conversation_id}/chat/sse,0.000000,0.000000,0,0,0,0,0,0,0,0,0,0,0,48,0,2,2.641684598832702,1.7269239760935307,6.74001919105649,0.0
1791184797,4,POST,/api/playground/conversations/{conversation_id}/chat/{chat_id}/attachment,0.000000,0.000000,0,0,0,0,0,0,0,0,0,0,0,52,0,76,81.54000186970315,61.915853060781956,133.99836979806423,26.0
1791184797,4,TXN,multimodal_e2e,0.000000,0.000000,0,0,0,0,0,0,0,0,0,0,0,52,4,370.0,15291.62634000218,0.8987719193100929,60195.639027282596,20.673076923076923
1791184797,4,,Aggregated,0.000000,0.000000,0,0,0,0,0,0,0,0,0,0,0,208,8,12,3845.992386558254,0.7875231094658375,60195.639027282596,21.16826923076923
1791184798,4,POST,/api/playground/conversations,0.000000,0.000000,7,7,8,8,12,12,12,12,12,12,12,60,4,6,7.701357182425757,0.7875231094658375,30.08681070059538,35.46666666666667
1791184798,4,POST,/api/playground/conversations/{conversation_id}/chat/sse,0.000000,0.000000,2,2,2,2,3,3,3,3,3,3,3,52,0,2,2.6031511996944365,1.7269239760935307,6.74001919105649,0.0
1791184798,4,POST,/api/playground/conversations/{conversation_id}/chat/{chat_id}/attachment,0.000000,0.000000,75,75,82,82,86,86,86,86,86,86,86,56,0,76,81.3328965866406,61.915853060781956,133.99836979806423,26.0
1791184798,4,TXN,multimodal_e2e,0.000000,0.000000,360,360,60000,60000,60000,60000,60000,60000,60000,60000,60000,56,4,370.0,15291.657991707325,0.8987719193100929,60195.639027282596,20.553571428571427
1791184798,4,,Aggregated,0.000000,0.000000,71,75,350,350,360,60000,60000,60000,60000,60000,60000,224,8,12,3845.91488856157,0.7875231094658375,60195.639027282596,21.138392857142858
1791184799,4,POST,/api/playground/conversations,0.000000,0.000000,7,7,8,8,12,12,12,12,12,12,12,62,4,6,7.665734340046202,0.7875231094658375,30.08681070059538,35.54838709677419
1791184799,4,POST,/api/playground/conversations/{conversation_id}/chat/sse,0.000000,0.000000,2,2,3,3,4,4,4,4,4,4,4,54,0,2,2.60928845791905,1.7269239760935307,6.74001919105649,0.0
1791184799,4,POST,/api/playground/conversations/{conversation_id}/chat/{chat_id}/attachment,0.000000,0.000000,74,75,82,82,86,86,86,86,86,86,86,58,0,76,80.8914169540693,61.915853060781956,133.99836979806423,26.0
1791184799,4,TXN,multimodal_e2e,0.000000,0.000000,360,60000,60000,60000,60000,60000,60000,60000,60000,60000,60000,58,4,370.0,15806.667342966679,0.8987719193100929,60195.639027282596,20.724137931034484
1791184799,4,,Aggregated,0.000000,0.000000,64,75,340,350,360,60000,60000,60000,60000,60000,60000,232,8,12,3974.5456257810943,0.7875231094658375,60195.639027282596,21.18103448275862
1791184800,4,POST,/api/playground/conversations,0.400000,0.000000,7,7,8,9,12,12,12,12,12,12,12,64,4,6,7.66127461247379,0.7875231094658375,30.08681070059538,35.625
1791184800,4,POST,/api/playground/conversations/{conversation_id}/chat/sse,0.400000,0.000000,2,2,3,3,3,4,4,4,4,4,4,57,0,2,2.588722748649225,1.7269239760935307,6.74001919105649,0.0
1791184800,4,POST,/api/playground/conversations/{conversation_id}/chat/{chat_id}/attachment,0.300000,0.000000,75,76,82,82,86,86,86,86,86,86,86,60,0,76,80.81750987718503,61.915853060781956,133.99836979806423,26.0
1791184800,4,TXN,multimodal_e2e,0.400000,0.000000,360,60000,60000,60000,60000,60000,60000,60000,60000,60000,60000,61,4,370.0,16026.14428245722,0.8987719193100929,60195.639027282596,20.868852459016395
1791184800,4,,Aggregated,1.500000,0.000000,64,76,340,350,370,60000,60000,60000,60000,60000,60000,242,8,12,4062.3212008032765,0.7875231094658375,60195.639027282596,21.128099173553718
1791184801,4,POST,/api/playground/conversations,0.600000,0.000000,7,7,9,9,9,12,12,12,12,12,12,66,4,6,7.662673120979559,0.7875231094658375,30.08681070059538,35.696969696969695
1791184801,4,POST,/api/playground/conversations/{conversation_id}/chat/sse,0.600000,0.000000,2,2,3,3,3,4,4,4,4,4,4,58,0,2,2.5841149758419086,1.7269239760935307,6.74001919105649,0.0
1791184801,4,POST,/api/playground/conversations/{conversation_id}/chat/{chat_id}/attachment,0.600000,0.000000,75,76,82,82,82,86,86,86,86,86,86,62,0,76,80.6460510413613,61.915853060781956,133.99836979806423,26.0
1791184801,4,TXN,multimodal_e2e,0.600000,0.000000,370,370,60000,60000,60000,60000,60000,60000,60000,60000,60000,62,4,370.0,15773.556646372703,0.8987719193100929,60195.639027282596,20.870967741935484
1791184801,4,,Aggregated,2.400000,0.000000,64,76,340,350,370,60000,60000,60000,60000,60000,60000,248,8,12,3966.194283605869,0.7875231094658375,60195.639027282596,21.217741935483872
1791184802,4,POST,/api/playground/conversations,0.600000,0.000000,7,7,9,9,9,12,12,12,12,12,12,66,4,6,7.662673120979559,0.7875231094658375,30.08681070059538,35.696969696969695
1791184802,4,POST,/api/playground/conversations/{conversation_id}/chat/sse,0.600000,0.000000,2,2,3,3,3,4,4,4,4,4,4,58,0,2,2.5841149758419086,1.7269239760935307,6.74001919105649,0.0
1791184802,4,POST,/api/playground/conversations/{conversation_id}/chat/{chat_id}/attachment,0.600000,0.000000,75,76,82,82,82,86,86,86,86,86,86,62,0,76,80.6460510413613,61.915853060781956,133.99836979806423,26.0
1791184802,4,TXN,multimodal_e2e,0.600000,0.000000,370,370,60000,60000,60000,60000,60000,60000,60000,60000,60000,62,4,370.0,15773.556646372703,0.8987719193100929,60195.639027282596,20.870967741935484
1791184802,4,,Aggregated,2.400000,0.000000,64,76,340,350,370,60000,60000,60000,60000,60000,60000,248,8,12,3966.194283605869,0.7875231094658375,60195.639027282596,21.217741935483872
1791184803,4,POST,/api/playground/conversations,0.600000,0.000000,7,7,9,9,9,12,12,12,12,12,12,66,4,6,7.662673120979559,0.7875231094658375,30.08681070059538,35.696969696969695
1791184803,4,POST,/api/playground/conversations/{conversation_id}/chat/sse,0.600000,0.000000,2,2,3,3,3,4,4,4,4,4,4,58,0,2,2.5841149758419086,1.7269239760935307,6.74001919105649,0.0
1791184803,4,POST,/api/playground/conversations/{conversation_id}/chat/{chat_id}/attachment,0.600000,0.000000,75,76,82,82,82,86,86,86,86,86,86,62,0,76,80.6460510413613,61.915853060781956,133.99836979806423,26.0
1791184803,4,TXN,multimodal_e2e,0.600000,0.000000,370,370,60000,60000,60000,60000,60000,60000,60000,60000,60000,62,4,370.0,15773.556646372703,0.8987719193100929,60195.639027282596,20.870967741935484
1791184803,4,,Aggregated,2.400000,0.000000,64,76,340,350,370,60000,60000,60000,60000,60000,60000,248,8,12,3966.194283605869,0.7875231094658375,60195.639027282596,21.217741935483872
1791184804,4,POST,/api/playground/conversations,0.600000,0.000000,7,7,9,9,9,12,12,12,12,12,12,66,4,6,7.662673120979559,0.7875231094658375,30.08681070059538,35.696969696969695
1791184804,4,POST,/api/playground/conversations/{conversation_id}/chat/sse,0.600000,0.000000,2,2,3,3,3,4,4,4,4,4,4,58,0,2,2.5841149758419086,1.7269239760935307,6.74001919105649,0.0
1791184804,4,POST,/api/playground/conversations/{conversation_id}/chat/{chat_id}/attachment,0.600000,0.000000,75,76,82,82,82,86,86,86,86,86,86,62,0,76,80.6460510413613,61.915853060781956,133.99836979806423,26.0
1791184804,4,TXN,multimodal_e2e,0.600000,0.000000,370,370,60000,60000,60000,60000,60000,60000,60000,60000,60000,62,4,370.0,15773.556646372703,0.8987719193100929,60195.639027282596,20.870967741935484
1791184804,4,,Aggregated,2.400000,0.000000,64,76,340,350,370,60000,60000,60000,60000,60000,60000,248,8,12,3966.194283605869,0.7875231094658375,60195.639027282596,21.217741935483872
1791184805,4,POST,/api/playground/conversations,0.600000,0.000000,7,7,9,9,9,12,12,12,12,12,12,66,4,6,7.662673120979559,0.7875231094658375,30.08681070059538,35.696969696969695
1791184805,4,POST,/api/playground/conversations/{conversation_id}/chat/sse,0.600000,0.000000,2,2,3,3,3,4,4,4,4,4,4,58,0,2,2.5841149758419086,1.7269239760935307,6.74001919105649,0.0
1791184805,4,POST,/api/playground/conversations/{conversation_id}/chat/{chat_id}/attachment,0.600000,0.000000,75,76,82,82,82,86,86,86,86,86,86,62,0,76,80.6460510413613,61.915853060781956,133.99836979806423,26.0
1791184805,4,TXN,multimodal_e2e,0.600000,0.000000,370,370,60000,60000,60000,60000,60000,60000,60000,60000,60000,62,4,370.0,15773.556646372703,0.8987719193100929,60195.639027282596,20.870967741935484
1791184805,4,,Aggregated,2.400000,0.000000,64,76,340,350,370,60000,60000,60000,60000,60000,60000,248,8,12,3966.194283605869,0.7875231094658375,60195.639027282596,21.217741935483872
1791184806,4,POST,/api/playground/conversations,0.600000,0.000000,7,7,9,9,9,12,12,12,12,12,12,66,4,6,7.662673120979559,0.7875231094658375,30.08681070059538,35.696969696969695
1791184806,4,POST,/api/playground/conversations/{conversation_id}/chat/sse,0.600000,0.000000,2,2,3,3,3,4,4,4,4,4,4,58,0,2,2.5841149758419086,1.7269239760935307,6.74001919105649,0.0
1791184806,4,POST,/api/playground/conversations/{conversation_id}/chat/{chat_id}/attachment,0.600000,0.000000,75,76,82,82,82,86,86,86,86,86,86,62,0,76,80.6460510413613,61.915853060781956,133.99836979806423,26.0
1791184806,4,TXN,multimodal_e2e,0.600000,0.000000,370,370,60000,60000,60000,60000,60000,60000,60000,60000,60000,62,4,370.0,15773.556646372703,0.8987719193100929,60195.639027282596,20.870967741935484
1791184806,4,,Aggregated,2.400000,0.000000,64,76,340,350,370,60000,60000,60000,60000,60000,60000,248,8,12,3966.194283605869,0.7875231094658375,60195.639027282596,21.217741935483872
1791184807,4,POST,/api/playground/conversations,0.600000,0.000000,7,7,9,9,9,9,9,9,9,9,9,66,4,6,7.662673120979559,0.7875231094658375,30.08681070059538,35.696969696969695
1791184807,4,POST,/api/playground/conversations/{conversation_id}/chat/sse,0.600000,0.000000,2,2,3,3,4,4,4,4,4,4,4,58,0,2,2.5841149758419086,1.7269239760935307,6.74001919105649,0.0
1791184807,4,POST,/api/playground/conversations/{conversation_id}/chat/{chat_id}/attachment,0.600000,0.000000,74,76,77,82,82,82,82,82,82,82,82,62,0,76,80.6460510413613,61.915853060781956,133.99836979806423,26.0
1791184807,4,TXN,multimodal_e2e,0.600000,0.000000,370,370,60000,60000,60000,60000,60000,60000,60000,60000,60000,62,4,370.0,15773.556646372703,0.8987719193100929,60195.639027282596,20.870967741935484
1791184807,4,,Aggregated,2.400000,0.000000,64,76,82,350,370,60000,60000,60000,60000,60000,60000,248,8,12,3966.194283605869,0.7875231094658375,60195.639027282596,21.217741935483872
1791184808,4,POST,/api/playground/conversations,0.600000,0.000000,7,7,9,9,9,9,9,9,9,9,9,66,4,6,7.662673120979559,0.7875231094658375,30.08681070059538,35.696969696969695
1791184808,4,POST,/api/playground/conversations/{conversation_id}/chat/sse,0.600000,0.000000,2,2,3,3,4,4,4,4,4,4,4,58,0,2,2.5841149758419086,1.7269239760935307,6.74001919105649,0.0
1791184808,4,POST,/api/playground/conversations/{conversation_id}/chat/{chat_id}/attachment,0.600000,0.000000,76,76,77,77,82,82,82,82,82,82,82,62,0,76,80.6460510413613,61.915853060781956,133.99836979806423,26.0
1791184808,4,TXN,multimodal_e2e,0.600000,0.000000,370,370,60000,60000,60000,60000,60000,60000,60000,60000,60000,62,4,370.0,15773.556646372703,0.8987719193100929,60195.639027282596,20.870967741935484
1791184808,4,,Aggregated,2.400000,0.000000,64,76,340,350,370,60000,60000,60000,60000,60000,60000,248,8,12,3966.194283605869,0.7875231094658375,60195.639027282596,21.217741935483872
1791184809,4,POST,/api/playground/conversations,0.600000,0.000000,9,9,9,9,9,9,9,9,9,9,9,66,4,6,7.662673120979559,0.7875231094658375,30.08681070059538,35.696969696969695
1791184809,4,POST,/api/playground/conversations/{conversation_id}/chat/sse,0.600000,0.000000,2,2,3,3,3,3,3,3,3,3,3,58,0,2,2.5841149758419086,1.7269239760935307,6.74001919105649,0.0
1791184809,4,POST,/api/playground/conversations/{conversation_id}/chat/{chat_id}/attachment,0.600000,0.000000,77,77,82,82,82,82,82,82,82,82,82,62,0,76,80.6460510413613,61.915853060781956,133.99836979806423,26.0
1791184809,4,TXN,multimodal_e2e,0.600000,0.000000,370,370,60000,60000,60000,60000,60000,60000,60000,60000,60000,62,4,370.0,15773.556646372703,0.8987719193100929,60195.639027282596,20.870967741935484
1791184809,4,,Aggregated,2.400000,0.000000,74,77,370,370,370,60000,60000,60000,60000,60000,60000,248,8,12,3966.194283605869,0.7875231094658375,60195.639027282596,21.217741935483872
1791184810,4,POST,/api/playground/conversations,0.600000,0.000000,7,7,7,7,7,7,7,7,7,7,7,66,4,6,7.662673120979559,0.7875231094658375,30.08681070059538,35.696969696969695
1791184810,4,POST,/api/playground/conversations/{conversation_id}/chat/sse,0.600000,0.000000,2,2,2,2,2,2,2,2,2,2,2,58,0,2,2.5841149758419086,1.7269239760935307,6.74001919105649,0.0
1791184810,4,POST,/api/playground/conversations/{conversation_id}/chat/{chat_id}/attachment,0.600000,0.000000,74,74,74,74,74,74,74,74,74,74,74,62,0,76,80.6460510413613,61.915853060781956,133.99836979806423,26.0
1791184810,4,TXN,multimodal_e2e,0.600000,0.000000,370,370,370,370,370,370,370,370,370,370,370,62,4,370.0,15773.556646372703,0.8987719193100929,60195.639027282596,20.870967741935484
1791184810,4,,Aggregated,2.400000,0.000000,74,74,370,370,370,370,370,370,370,370,370,248,8,12,3966.194283605869,0.7875231094658375,60195.639027282596,21.217741935483872
1791184811,4,POST,/api/playground/conversations,0.600000,0.000000,7,7,7,7,7,7,7,7,7,7,7,66,4,6,7.662673120979559,0.7875231094658375,30.08681070059538,35.696969696969695
1791184811,4,POST,/api/playground/conversations/{conversation_id}/chat/sse,0.600000,0.000000,2,2,2,2,2,2,2,2,2,2,2,58,0,2,2.5841149758419086,1.7269239760935307,6.74001919105649,0.0
1791184811,4,POST,/api/playground/conversations/{conversation_id}/chat/{chat_id}/attachment,0.600000,0.000000,74,74,74,74,74,74,74,74,74,74,74,62,0,76,80.6460510413613,61.915853060781956,133.99836979806423,26.0
1791184811,4,TXN,multimodal_e2e,0.600000,0.000000,370,370,370,370,370,370,370,370,370,370,370,62,4,370.0,15773.556646372703,0.8987719193100929,60195.639027282596,20.870967741935484
1791184811,4,,Aggregated,2.400000,0.000000,74,74,370,370,370,370,370,370,370,370,370,248,8,12,3966.194283605869,0.7875231094658375,60195.639027282596,21.217741935483872
1791184812,4,POST,/api/playground/conversations,0.600000,0.000000,7,7,7,7,7,7,7,7,7,7,7,66,4,6,7.662673120979559,0.7875231094658375,30.08681070059538,35.696969696969695
1791184812,4,POST,/api/playground/conversations/{conversation_id}/chat/sse,0.600000,0.000000,2,2,2,2,2,2,2,2,2,2,2,58,0,2,2.5841149758419086,1.7269239760935307,6.74001919105649,0.0
1791184812,4,POST,/api/playground/conversations/{conversation_id}/chat/{chat_id}/attachment,0.600000,0.000000,74,74,74,74,74,74,74,74,74,74,74,62,0,76,80.6460510413613,61.915853060781956,133.99836979806423,26.0
1791184812,4,TXN,multimodal_e2e,0.600000,0.000000,370,370,370,370,370,370,370,370,370,370,370,62,4,370.0,15773.556646372703,0.8987719193100929,60195.639027282596,20.870967741935484
1791184812,4,,Aggregated,2.400000,0.000000,74,74,370,370,370,370,370,370,370,370,370,248,8,12,3966.194283605869,0.7875231094658375,60195.639027282596,21.217741935483872
1791184813,4,POST,/api/playground/conversations,0.600000,0.000000,7,7,7,7,7,7,7,7,7,7,7,66,4,6,7.662673120979559,0.7875231094658375,30.08681070059538,35.696969696969695
1791184813,4,POST,/api/playground/conversations/{conversation_id}/chat/sse,0.600000,0.000000,2,2,2,2,2,2,2,2,2,2,2,58,0,2,2.5841149758419086,1.7269239760935307,6.74001919105649,0.0
1791184813,4,POST,/api/playground/conversations/{conversation_id}/chat/{chat_id}/attachment,0.600000,0.000000,74,74,74,74,74,74,74,74,74,74,74,62,0,76,80.6460510413613,61.915853060781956,133.99836979806423,26.0
1791184813,4,TXN,multimodal_e2e,0.600000,0.000000,370,370,370,370,370,370,370,370,370,370,370,62,4,370.0,15773.556646372703,0.8987719193100929,60195.639027282596,20.870967741935484
1791184813,4,,Aggregated,2.400000,0.000000,74,74,370,370,370,370,370,370,370,370,370,248,8,12,3966.194283605869,0.7875231094658375,60195.639027282596,21.217741935483872
1791184814,4,POST,/api/playground/conversations,0.600000,0.000000,7,7,7,7,7,7,7,7,7,7,7,66,4,6,7.662673120979559,0.7875231094658375,30.08681070059538,35.696969696969695
1791184814,4,POST,/api/playground/conversations/{conversation_id}/chat/sse,0.600000,0.000000,2,2,2,2,2,2,2,2,2,2,2,58,0,2,2.5841149758419086,1.7269239760935307,6.74001919105649,0.0
1791184814,4,POST,/api/playground/conversations/{conversation_id}/chat/{chat_id}/attachment,0.600000,0.000000,74,74,74,74,74,74,74,74,74,74,74,62,0,76,80.6460510413613,61.915853060781956,133.99836979806423,26.0
1791184814,4,TXN,multimodal_e2e,0.600000,0.000000,370,370,370,370,370,370,370,370,370,370,370,62,4,370.0,15773.556646372703,0.8987719193100929,60195.639027282596,20.870967741935484
1791184814,4,,Aggregated,2.400000,0.000000,74,74,370,370,370,370,370,370,370,370,370,248,8,12,3966.194283605869,0.7875231094658375,60195.639027282596,21.217741935483872
1791184815,4,POST,/api/playground/conversations,0.600000,0.000000,7,7,7,7,7,7,7,7,7,7,7,66,4,6,7.662673120979559,0.7875231094658375,30.08681070059538,35.696969696969695
1791184815,4,POST,/api/playground/conversations/{conversation_id}/chat/sse,0.600000,0.000000,2,2,2,2,2,2,2,2,2,2,2,58,0,2,2.5841149758419086,1.7269239760935307,6.74001919105649,0.0
1791184815,4,POST,/api/playground/conversations/{conversation_id}/chat/{chat_id}/attachment,0.600000,0.000000,74,74,74,74,74,74,74,74,74,74,74,62,0,76,80.6460510413613,61.915853060781956,133.99836979806423,26.0
1791184815,4,TXN,multimodal_e2e,0.600000,0.000000,370,370,370,370,370,370,370,370,370,370,370,62,4,370.0,15773.556646372703,0.8987719193100929,60195.639027282596,20.870967741935484
1791184815,4,,Aggregated,2.400000,0.000000,74,74,370,370,370,370,370,370,370,370,370,248,8,12,3966.194283605869,0.7875231094658375,60195.639027282596,21.217741935483872
1791184816,4,POST,/api/playground/conversations,0.600000,0.000000,7,7,7,7,7,7,7,7,7,7,7,66,4,6,7.662673120979559,0.7875231094658375,30.08681070059538,35.696969696969695
1791184816,4,POST,/api/playground/conversations/{conversation_id}/chat/sse,0.600000,0.000000,2,2,2,2,2,2,2,2,2,2,2,58,0,2,2.5841149758419086,1.7269239760935307,6.74001919105649,0.0
1791184816,4,POST,/api/playground/conversations/{conversation_id}/chat/{chat_id}/attachment,0.600000,0.000000,74,74,74,74,74,74,74,74,74,74,74,62,0,76,80.6460510413613,61.915853060781956,133.99836979806423,26.0
1791184816,4,TXN,multimodal_e2e,0.600000,0.000000,370,370,370,370,370,370,370,370,370,370,370,62,4,370.0,15773.556646372703,0.8987719193100929,60195.639027282596,20.870967741935484
1791184816,4,,Aggregated,2.400000,0.000000,74,74,370,370,370,370,370,370,370,370,370,248,8,12,3966.194283605869,0.7875231094658375,60195.639027282596,21.217741935483872
1791184817,4,POST,/api/playground/conversations,0.600000,0.000000,7,7,7,7,7,7,7,7,7,7,7,66,4,6,7.662673120979559,0.7875231094658375,30.08681070059538,35.696969696969695
1791184817,4,POST,/api/playground/conversations/{conversation_id}/chat/sse,0.600000,0.000000,2,2,2,2,2,2,2,2,2,2,2,58,0,2,2.5841149758419086,1.7269239760935307,6.74001919105649,0.0
1791184817,4,POST,/api/playground/conversations/{conversation_id}/chat/{chat_id}/attachment,0.600000,0.000000,74,74,74,74,74,74,74,74,74,74,74,62,0,76,80.6460510413613,61.915853060781956,133.99836979806423,26.0
1791184817,4,TXN,multimodal_e2e,0.600000,0.000000,370,370,370,370,370,370,370,370,370,370,370,62,4,370.0,15773.556646372703,0.8987719193100929,60195.639027282596,20.870967741935484
1791184817,4,,Aggregated,2.400000,0.000000,74,74,370,370,370,370,370,370,370,370,370,248,8,12,3966.194283605869,0.7875231094658375,60195.639027282596,21.217741935483872
1791184818,4,POST,/api/playground/conversations,0.600000,0.000000,7,7,7,7,7,7,7,7,7,7,7,66,4,6,7.662673120979559,0.7875231094658375,30.08681070059538,35.696969696969695
1791184818,4,POST,/api/playground/conversations/{conversation_id}/chat/sse,0.600000,0.000000,2,2,2,2,2,2,2,2,2,2,2,58,0,2,2.5841149758419086,1.7269239760935307,6.74001919105649,0.0
1791184818,4,POST,/api/playground/conversations/{conversation_id}/chat/{chat_id}/attachment,0.600000,0.000000,74,74,74,74,74,74,74,74,74,74,74,62,0,76,80.6460510413613,61.915853060781956,133.99836979806423,26.0
1791184818,4,TXN,multimodal_e2e,0.600000,0.000000,370,370,370,370,370,370,370,370,370,370,370,62,4,370.0,15773.556646372703,0.8987719193100929,60195.639027282596,20.870967741935484
1791184818,4,,Aggregated,2.400000,0.000000,74,74,370,370,370,370,370,370,370,370,370,248,8,12,3966.194283605869,0.7875231094658375,60195.639027282596,21.217741935483872
1791184819,4,POST,/api/playground/conversations,0.600000,0.000000,0,0,0,0,0,0,0,0,0,0,0,66,4,6,7.662673120979559,0.7875231094658375,30.08681070059538,35.696969696969695
1791184819,4,POST,/api/playground/conversations/{conversation_id}/chat/sse,0.600000,0.000000,0,0,0,0,0,0,0,0,0,0,0,58,0,2,2.5841149758419086,1.7269239760935307,6.74001919105649,0.0
1791184819,4,POST,/api/playground/conversations/{conversation_id}/chat/{chat_id}/attachment,0.600000,0.000000,0,0,0,0,0,0,0,0,0,0,0,62,0,76,80.6460510413613,61.915853060781956,133.99836979806423,26.0
1791184819,4,TXN,multimodal_e2e,0.600000,0.000000,0,0,0,0,0,0,0,0,0,0,0,62,4,370.0,15773.556646372703,0.8987719193100929,60195.639027282596,20.870967741935484
1791184819,4,,Aggregated,2.400000,0.000000,0,0,0,0,0,0,0,0,0,0,0,248,8,12,3966.194283605869,0.7875231094658375,60195.639027282596,21.217741935483872
1791184820,4,POST,/api/playground/conversations,0.600000,0.000000,0,0,0,0,0,0,0,0,0,0,0,66,4,6,7.662673120979559,0.7875231094658375,30.08681070059538,35.696969696969695
1791184820,4,POST,/api/playground/conversations/{conversation_id}/chat/sse,0.600000,0.000000,0,0,0,0,0,0,0,0,0,0,0,58,0,2,2.5841149758419086,1.7269239760935307,6.74001919105649,0.0
1791184820,4,POST,/api/playground/conversations/{conversation_id}/chat/{chat_id}/attachment,0.600000,0.000000,0,0,0,0,0,0,0,0,0,0,0,62,0,76,80.6460510413613,61.915853060781956,133.99836979806423,26.0
1791184820,4,TXN,multimodal_e2e,0.600000,0.000000,0,0,0,0,0,0,0,0,0,0,0,62,4,370.0,15773.556646372703,0.8987719193100929,60195.639027282596,20.870967741935484
1791184820,4,,Aggregated,2.400000,0.000000,0,0,0,0,0,0,0,0,0,0,0,248,8,12,3966.194283605869,0.7875231094658375,60195.639027282596,21.217741935483872
1791184821,4,POST,/api/playground/conversations,0.600000,0.000000,0,0,0,0,0,0,0,0,0,0,0,66,4,6,7.662673120979559,0.7875231094658375,30.08681070059538,35.696969696969695
1791184821,4,POST,/api/playground/conversations/{conversation_id}/chat/sse,0.600000,0.000000,0,0,0,0,0,0,0,0,0,0,0,58,0,2,2.5841149758419086,1.7269239760935307,6.74001919105649,0.0
1791184821,4,POST,/api/playground/conversations/{conversation_id}/chat/{chat_id}/attachment,0.600000,0.000000,0,0,0,0,0,0,0,0,0,0,0,62,0,76,80.6460510413613,61.915853060781956,133.99836979806423,26.0
1791184821,4,TXN,multimodal_e2e,0.600000,0.000000,0,0,0,0,0,0,0,0,0,0,0,62,4,370.0,15773.556646372703,0.8987719193100929,60195.639027282596,20.870967741935484
1791184821,4,,Aggregated,2.400000,0.000000,0,0,0,0,0,0,0,0,0,0,0,248,8,12,3966.194283605869,0.7875231094658375,60195.639027282596,21.217741935483872
1791184822,4,POST,/api/playground/conversations,0.600000,0.000000,0,0,0,0,0,0,0,0,0,0,0,66,4,6,7.662673120979559,0.7875231094658375,30.08681070059538,35.696969696969695
1791184822,4,POST,/api/playground/conversations/{conversation_id}/chat/sse,0.600000,0.000000,0,0,0,0,0,0,0,0,0,0,0,58,0,2,2.5841149758419086,1.7269239760935307,6.74001919105649,0.0
1791184822,4,POST,/api/playground/conversations/{conversation_id}/chat/{chat_id}/attachment,0.600000,0.000000,0,0,0,0,0,0,0,0,0,0,0,62,0,76,80.6460510413613,61.915853060781956,133.99836979806423,26.0
1791184822,4,TXN,multimodal_e2e,0.600000,0.000000,0,0,0,0,0,0,0,0,0,0,0,62,4,370.0,15773.556646372703,0.8987719193100929,60195.639027282596,20.870967741935484
1791184822,4,,Aggregated,2.400000,0.000000,0,0,0,0,0,0,0,0,0,0,0,248,8,12,3966.194283605869,0.7875231094658375,60195.639027282596,21.217741935483872
1791184823,4,POST,/api/playground/conversations,0.600000,0.000000,0,0,0,0,0,0,0,0,0,0,0,66,4,6,7.662673120979559,0.7875231094658375,30.08681070059538,35.696969696969695
1791184823,4,POST,/api/playground/conversations/{conversation_id}/chat/sse,0.600000,0.000000,0,0,0,0,0,0,0,0,0,0,0,58,0,2,2.5841149758419086,1.7269239760935307,6.74001919105649,0.0
1791184823,4,POST,/api/playground/conversations/{conversation_id}/chat/{chat_id}/attachment,0.600000,0.000000,0,0,0,0,0,0,0,0,0,0,0,62,0,76,80.6460510413613,61.915853060781956,133.99836979806423,26.0
1791184823,4,TXN,multimodal_e2e,0.600000,0.000000,0,0,0,0,0,0,0,0,0,0,0,62,4,370.0,15773.556646372703,0.8987719193100929,60195.639027282596,20.870967741935484
1791184823,4,,Aggregated,2.400000,0.000000,0,0,0,0,0,0,0,0,0,0,0,248,8,12,3966.194283605869,0.7875231094658375,60195.639027282596,21.217741935483872
1791184824,4,POST,/api/playground/conversations,0.600000,0.000000,0,0,0,0,0,0,0,0,0,0,0,66,4,6,7.662673120979559,0.7875231094658375,30.08681070059538,35.696969696969695
1791184824,4,POST,/api/playground/conversations/{conversation_id}/chat/sse,0.600000,0.000000,0,0,0,0,0,0,0,0,0,0,0,58,0,2,2.5841149758419086,1.7269239760935307,6.74001919105649,0.0
1791184824,4,POST,/api/playground/conversations/{conversation_id}/chat/{chat_id}/attachment,0.600000,0.000000,0,0,0,0,0,0,0,0,0,0,0,62,0,76,80.6460510413613,61.915853060781956,133.99836979806423,26.0
1791184824,4,TXN,multimodal_e2e,0.600000,0.000000,0,0,0,0,0,0,0,0,0,0,0,62,4,370.0,15773.556646372703,0.8987719193100929,60195.639027282596,20.870967741935484
1791184824,4,,Aggregated,2.400000,0.000000,0,0,0,0,0,0,0,0,0,0,0,248,8,12,3966.194283605869,0.7875231094658375,60195.639027282596,21.217741935483872
1791184825,4,POST,/api/playground/conversations,0.600000,0.000000,0,0,0,0,0,0,0,0,0,0,0,66,4,6,7.662673120979559,0.7875231094658375,30.08681070059538,35.696969696969695
1791184825,4,POST,/api/playground/conversations/{conversation_id}/chat/sse,0.600000,0.000000,0,0,0,0,0,0,0,0,0,0,0,58,0,2,2.5841149758419086,1.7269239760935307,6.74001919105649,0.0
1791184825,4,POST,/api/playground/conversations/{conversation_id}/chat/{chat_id}/attachment,0.600000,0.000000,0,0,0,0,0,0,0,0,0,0,0,62,0,76,80.6460510413613,61.915853060781956,133.99836979806423,26.0
1791184825,4,TXN,multimodal_e2e,0.600000,0.000000,0,0,0,0,0,0,0,0,0,0,0,62,4,370.0,15773.556646372703,0.8987719193100929,60195.639027282596,20.870967741935484
1791184825,4,,Aggregated,2.400000,0.000000,0,0,0,0,0,0,0,0,0,0,0,248,8,12,3966.194283605869,0.7875231094658375,60195.639027282596,21.217741935483872
1791184826,4,POST,/api/playground/conversations,0.600000,0.000000,0,0,0,0,0,0,0,0,0,0,0,66,4,6,7.662673120979559,0.7875231094658375,30.08681070059538,35.696969696969695
1791184826,4,POST,/api/playground/conversations/{conversation_id}/chat/sse,0.600000,0.000000,0,0,0,0,0,0,0,0,0,0,0,58,0,2,2.5841149758419086,1.7269239760935307,6.74001919105649,0.0
1791184826,4,POST,/api/playground/conversations/{conversation_id}/chat/{chat_id}/attachment,0.600000,0.000000,0,0,0,0,0,0,0,0,0,0,0,62,0,76,80.6460510413613,61.915853060781956,133.99836979806423,26.0
1791184826,4,TXN,multimodal_e2e,0.600000,0.000000,0,0,0,0,0,0,0,0,0,0,0,62,4,370.0,15773.556646372703,0.8987719193100929,60195.639027282596,20.870967741935484
1791184826,4,,Aggregated,2.400000,0.000000,0,0,0,0,0,0,0,0,0,0,0,248,8,12,3966.194283605869,0.7875231094658375,60195.639027282596,21.217741935483872
1791184827,4,POST,/api/playground/conversations,0.600000,0.000000,0,0,0,0,0,0,0,0,0,0,0,66,4,6,7.662673120979559,0.7875231094658375,30.08681070059538,35.696969696969695
1791184827,4,POST,/api/playground/conversations/{conversation_id}/chat/sse,0.600000,0.000000,0,0,0,0,0,0,0,0,0,0,0,58,0,2,2.5841149758419086,1.7269239760935307,6.74001919105649,0.0
1791184827,4,POST,/api/playground/conversations/{conversation_id}/chat/{chat_id}/attachment,0.600000,0.000000,0,0,0,0,0,0,0,0,0,0,0,62,0,76,80.6460510413613,61.915853060781956,133.99836979806423,26.0
1791184827,4,TXN,multimodal_e2e,0.600000,0.000000,0,0,0,0,0,0,0,0,0,0,0,62,4,370.0,15773.556646372703,0.8987719193100929,60195.639027282596,20.870967741935484
1791184827,4,,Aggregated,2.400000,0.000000,0,0,0,0,0,0,0,0,0,0,0,248,8,12,3966.194283605869,0.7875231094658375,60195.639027282596,21.217741935483872
1791184828,4,POST,/api/playground/conversations,0.600000,0.000000,0,0,0,0,0,0,0,0,0,0,0,66,4,6,7.662673120979559,0.7875231094658375,30.08681070059538,35.696969696969695
1791184828,4,POST,/api/playground/conversations/{conversation_id}/chat/sse,0.600000,0.000000,0,0,0,0,0,0,0,0,0,0,0,58,0,2,2.5841149758419086,1.7269239760935307,6.74001919105649,0.0
1791184828,4,POST,/api/playground/conversations/{conversation_id}/chat/{chat_id}/attachment,0.600000,0.000000,0,0,0,0,0,0,0,0,0,0,0,62,0,76,80.6460510413613,61.915853060781956,133.99836979806423,26.0
1791184828,4,TXN,multimodal_e2e,0.600000,0.000000,0,0,0,0,0,0,0,0,0,0,0,62,4,370.0,15773.556646372703,0.8987719193100929,60195.639027282596,20.870967741935484
1791184828,4,,Aggregated,2.400000,0.000000,0,0,0,0,0,0,0,0,0,0,0,248,8,12,3966.194283605869,0.7875231094658375,60195.639027282596,21.217741935483872
1791184829,4,POST,/api/playground/conversations,0.600000,0.000000,0,0,0,0,0,0,0,0,0,0,0,66,4,6,7.662673120979559,0.7875231094658375,30.08681070059538,35.696969696969695
1791184829,4,POST,/api/playground/conversations/{conversation_id}/chat/sse,0.600000,0.000000,0,0,0,0,0,0,0,0,0,0,0,58,0,2,2.5841149758419086,1.7269239760935307,6.74001919105649,0.0
1791184829,4,POST,/api/playground/conversations/{conversation_id}/chat/{chat_id}/attachment,0.600000,0.000000,0,0,0,0,0,0,0,0,0,0,0,62,0,76,80.6460510413613,61.915853060781956,133.99836979806423,26.0
1791184829,4,TXN,multimodal_e2e,0.600000,0.000000,0,0,0,0,0,0,0,0,0,0,0,62,4,370.0,15773.556646372703,0.8987719193100929,60195.639027282596,20.870967741935484
1791184829,4,,Aggregated,2.400000,0.000000,0,0,0,0,0,0,0,0,0,0,0,248,8,12,3966.194283605869,0.7875231094658375,60195.639027282596,21.217741935483872
1791184830,4,POST,/api/playground/conversations,0.600000,0.000000,0,0,0,0,0,0,0,0,0,0,0,66,4,6,7.662673120979559,0.7875231094658375,30.08681070059538,35.696969696969695
1791184830,4,POST,/api/playground/conversations/{conversation_id}/chat/sse,0.600000,0.000000,0,0,0,0,0,0,0,0,0,0,0,58,0,2,2.5841149758419086,1.7269239760935307,6.74001919105649,0.0
1791184830,4,POST,/api/playground/conversations/{conversation_id}/chat/{chat_id}/attachment,0.600000,0.000000,0,0,0,0,0,0,0,0,0,0,0,62,0,76,80.6460510413613,61.915853060781956,133.99836979806423,26.0
1791184830,4,TXN,multimodal_e2e,0.600000,0.000000,0,0,0,0,0,0,0,0,0,0,0,62,4,370.0,15773.556646372703,0.8987719193100929,60195.639027282596,20.870967741935484
1791184830,4,,Aggregated,2.400000,0.000000,0,0,0,0,0,0,0,0,0,0,0,248,8,12,3966.194283605869,0.7875231094658375,60195.639027282596,21.217741935483872
1791184831,4,POST,/api/playground/conversations,0.600000,0.000000,0,0,0,0,0,0,0,0,0,0,0,66,4,6,7.662673120979559,0.7875231094658375,30.08681070059538,35.696969696969695
1791184831,4,POST,/api/playground/conversations/{conversation_id}/chat/sse,0.600000,0.000000,0,0,0,0,0,0,0,0,0,0,0,58,0,2,2.5841149758419086,1.7269239760935307,6.74001919105649,0.0
1791184831,4,POST,/api/playground/conversations/{conversation_id}/chat/{chat_id}/attachment,0.600000,0.000000,0,0,0,0,0,0,0,0,0,0,0,62,0,76,80.6460510413613,61.915853060781956,133.99836979806423,26.0
1791184831,4,TXN,multimodal_e2e,0.600000,0.000000,0,0,0,0,0,0,0,0,0,0,0,62,4,370.0,15773.556646372703,0.8987719193100929,60195.639027282596,20.870967741935484
1791184831,4,,Aggregated,2.400000,0.000000,0,0,0,0,0,0,0,0,0,0,0,248,8,12,3966.194283605869,0.7875231094658375,60195.639027282596,21.217741935483872
1791184832,4,POST,/api/playground/conversations,0.600000,0.000000,0,0,0,0,0,0,0,0,0,0,0,66,4,6,7.662673120979559,0.7875231094658375,30.08681070059538,35.696969696969695
1791184832,4,POST,/api/playground/conversations/{conversation_id}/chat/sse,0.600000,0.000000,0,0,0,0,0,0,0,0,0,0,0,58,0,2,2.5841149758419086,1.7269239760935307,6.74001919105649,0.0
1791184832,4,POST,/api/playground/conversations/{conversation_id}/chat/{chat_id}/attachment,0.600000,0.000000,0,0,0,0,0,0,0,0,0,0,0,62,0,76,80.6460510413613,61.915853060781956,133.99836979806423,26.0
1791184832,4,TXN,multimodal_e2e,0.600000,0.000000,0,0,0,0,0,0,0,0,0,0,0,62,4,370.0,15773.556646372703,0.8987719193100929,60195.639027282596,20.870967741935484
1791184832,4,,Aggregated,2.400000,0.000000,0,0,0,0,0,0,0,0,0,0,0,248,8,12,3966.194283605869,0.7875231094658375,60195.639027282596,21.217741935483872
1791184833,4,POST,/api/playground/conversations,0.600000,0.000000,0,0,0,0,0,0,0,0,0,0,0,66,4,6,7.662673120979559,0.7875231094658375,30.08681070059538,35.696969696969695
1791184833,4,POST,/api/playground/conversations/{conversation_id}/chat/sse,0.600000,0.000000,0,0,0,0,0,0,0,0,0,0,0,58,0,2,2.5841149758419086,1.7269239760935307,6.74001919105649,0.0
1791184833,4,POST,/api/playground/conversations/{conversation_id}/chat/{chat_id}/attachment,0.600000,0.000000,0,0,0,0,0,0,0,0,0,0,0,62,0,76,80.6460510413613,61.915853060781956,133.99836979806423,26.0
1791184833,4,TXN,multimodal_e2e,0.600000,0.000000,0,0,0,0,0,0,0,0,0,0,0,62,4,370.0,15773.556646372703,0.8987719193100929,60195.639027282596,20.870967741935484
1791184833,4,,Aggregated,2.400000,0.000000,0,0,0,0,0,0,0,0,0,0,0,248,8,12,3966.194283605869,0.7875231094658375,60195.639027282596,21.217741935483872
1791184834,4,POST,/api/playground/conversations,0.600000,0.000000,0,0,0,0,0,0,0,0,0,0,0,66,4,6,7.662673120979559,0.7875231094658375,30.08681070059538,35.696969696969695
1791184834,4,POST,/api/playground/conversations/{conversation_id}/chat/sse,0.600000,0.000000,0,0,0,0,0,0,0,0,0,0,0,58,0,2,2.5841149758419086,1.7269239760935307,6.74001919105649,0.0
1791184834,4,POST,/api/playground/conversations/{conversation_id}/chat/{chat_id}/attachment,0.600000,0.000000,0,0,0,0,0,0,0,0,0,0,0,62,0,76,80.6460510413613,61.915853060781956,133.99836979806423,26.0
1791184834,4,TXN,multimodal_e2e,0.600000,0.000000,0,0,0,0,0,0,0,0,0,0,0,62,4,370.0,15773.556646372703,0.8987719193100929,60195.639027282596,20.870967741935484
1791184834,4,,Aggregated,2.400000,0.000000,0,0,0,0,0,0,0,0,0,0,0,248,8,12,3966.194283605869,0.7875231094658375,60195.639027282596,21.217741935483872
1791184835,4,POST,/api/playground/conversations,0.600000,0.000000,0,0,0,0,0,0,0,0,0,0,0,66,4,6,7.662673120979559,0.7875231094658375,30.08681070059538,35.696969696969695
1791184835,4,POST,/api/playground/conversations/{conversation_id}/chat/sse,0.600000,0.000000,0,0,0,0,0,0,0,0,0,0,0,58,0,2,2.5841149758419086,1.7269239760935307,6.74001919105649,0.0
1791184835,4,POST,/api/playground/conversations/{conversation_id}/chat/{chat_id}/attachment,0.600000,0.000000,0,0,0,0,0,0,0,0,0,0,0,62,0,76,80.6460510413613,61.915853060781956,133.99836979806423,26.0
1791184835,4,TXN,multimodal_e2e,0.600000,0.000000,0,0,0,0,0,0,0,0,0,0,0,62,4,370.0,15773.556646372703,0.8987719193100929,60195.639027282596,20.870967741935484
1791184835,4,,Aggregated,2.400000,0.000000,0,0,0,0,0,0,0,0,0,0,0,248,8,12,3966.194283605869,0.7875231094658375,60195.639027282596,21.217741935483872
1791184836,4,POST,/api/playground/conversations,0.600000,0.000000,0,0,0,0,0,0,0,0,0,0,0,66,4,6,7.662673120979559,0.7875231094658375,30.08681070059538,35.696969696969695
1791184836,4,POST,/api/playground/conversations/{conversation_id}/chat/sse,0.600000,0.000000,0,0,0,0,0,0,0,0,0,0,0,58,0,2,2.5841149758419086,1.7269239760935307,6.74001919105649,0.0
1791184836,4,POST,/api/playground/conversations/{conversation_id}/chat/{chat_id}/attachment,0.600000,0.000000,0,0,0,0,0,0,0,0,0,0,0,62,0,76,80.6460510413613,61.915853060781956,133.99836979806423,26.0
1791184836,4,TXN,multimodal_e2e,0.600000,0.000000,0,0,0,0,0,0,0,0,0,0,0,62,4,370.0,15773.556646372703,0.8987719193100929,60195.639027282596,20.870967741935484
1791184836,4,,Aggregated,2.400000,0.000000,0,0,0,0,0,0,0,0,0,0,0,248,8,12,3966.194283605869,0.7875231094658375,60195.639027282596,21.217741935483872
1791184837,4,POST,/api/playground/conversations,0.600000,0.000000,0,0,0,0,0,0,0,0,0,0,0,66,4,6,7.662673120979559,0.7875231094658375,30.08681070059538,35.696969696969695
1791184837,4,POST,/api/playground/conversations/{conversation_id}/chat/sse,0.600000,0.000000,0,0,0,0,0,0,0,0,0,0,0,58,0,2,2.5841149758419086,1.7269239760935307,6.74001919105649,0.0
1791184837,4,POST,/api/playground/conversations/{conversation_id}/chat/{chat_id}/attachment,0.600000,0.000000,0,0,0,0,0,0,0,0,0,0,0,62,0,76,80.6460510413613,61.915853060781956,133.99836979806423,26.0
1791184837,4,TXN,multimodal_e2e,0.600000,0.000000,0,0,0,0,0,0,0,0,0,0,0,62,4,370.0,15773.556646372703,0.8987719193100929,60195.639027282596,20.870967741935484
1791184837,4,,Aggregated,2.400000,0.000000,0,0,0,0,0,0,0,0,0,0,0,248,8,12,3966.194283605869,0.7875231094658375,60195.639027282596,21.217741935483872
1791184838,4,POST,/api/playground/conversations,0.600000,0.000000,0,0,0,0,0,0,0,0,0,0,0,66,4,6,7.662673120979559,0.7875231094658375,30.08681070059538,35.696969696969695
1791184838,4,POST,/api/playground/conversations/{conversation_id}/chat/sse,0.600000,0.000000,0,0,0,0,0,0,0,0,0,0,0,58,0,2,2.5841149758419086,1.7269239760935307,6.74001919105649,0.0
1791184838,4,POST,/api/playground/conversations/{conversation_id}/chat/{chat_id}/attachment,0.600000,0.000000,0,0,0,0,0,0,0,0,0,0,0,62,0,76,80.6460510413613,61.915853060781956,133.99836979806423,26.0
1791184838,4,TXN,multimodal_e2e,0.600000,0.000000,0,0,0,0,0,0,0,0,0,0,0,62,4,370.0,15773.556646372703,0.8987719193100929,60195.639027282596,20.870967741935484
1791184838,4,,Aggregated,2.400000,0.000000,0,0,0,0,0,0,0,0,0,0,0,248,8,12,3966.194283605869,0.7875231094658375,60195.639027282596,21.217741935483872
1791184839,4,POST,/api/playground/conversations,0.600000,0.000000,0,0,0,0,0,0,0,0,0,0,0,66,4,6,7.662673120979559,0.7875231094658375,30.08681070059538,35.696969696969695
1791184839,4,POST,/api/playground/conversations/{conversation_id}/chat/sse,0.600000,0.000000,0,0,0,0,0,0,0,0,0,0,0,58,0,2,2.5841149758419086,1.7269239760935307,6.74001919105649,0.0
1791184839,4,POST,/api/playground/conversations/{conversation_id}/chat/{chat_id}/attachment,0.600000,0.000000,0,0,0,0,0,0,0,0,0,0,0,62,0,76,80.6460510413613,61.915853060781956,133.99836979806423,26.0
1791184839,4,TXN,multimodal_e2e,0.600000,0.000000,0,0,0,0,0,0,0,0,0,0,0,62,4,370.0,15773.556646372703,0.8987719193100929,60195.639027282596,20.870967741935484
1791184839,4,,Aggregated,2.400000,0.000000,0,0,0,0,0,0,0,0,0,0,0,248,8,12,3966.194283605869,0.7875231094658375,60195.639027282596,21.217741935483872
1791184840,4,POST,/api/playground/conversations,0.600000,0.000000,0,0,0,0,0,0,0,0,0,0,0,66,4,6,7.662673120979559,0.7875231094658375,30.08681070059538,35.696969696969695
1791184840,4,POST,/api/playground/conversations/{conversation_id}/chat/sse,0.600000,0.000000,0,0,0,0,0,0,0,0,0,0,0,58,0,2,2.5841149758419086,1.7269239760935307,6.74001919105649,0.0
1791184840,4,POST,/api/playground/conversations/{conversation_id}/chat/{chat_id}/attachment,0.600000,0.000000,0,0,0,0,0,0,0,0,0,0,0,62,0,76,80.6460510413613,61.915853060781956,133.99836979806423,26.0
1791184840,4,TXN,multimodal_e2e,0.600000,0.000000,0,0,0,0,0,0,0,0,0,0,0,62,4,370.0,15773.556646372703,0.8987719193100929,60195.639027282596,20.870967741935484
1791184840,4,,Aggregated,2.400000,0.000000,0,0,0,0,0,0,0,0,0,0,0,248,8,12,3966.194283605869,0.7875231094658375,60195.639027282596,21.217741935483872
1791184841,4,POST,/api/playground/conversations,0.600000,0.000000,0,0,0,0,0,0,0,0,0,0,0,66,4,6,7.662673120979559,0.7875231094658375,30.08681070059538,35.696969696969695
1791184841,4,POST,/api/playground/conversations/{conversation_id}/chat/sse,0.600000,0.000000,0,0,0,0,0,0,0,0,0,0,0,58,0,2,2.5841149758419086,1.7269239760935307,6.74001919105649,0.0
1791184841,4,POST,/api/playground/conversations/{conversation_id}/chat/{chat_id}/attachment,0.600000,0.000000,0,0,0,0,0,0,0,0,0,0,0,62,0,76,80.6460510413613,61.915853060781956,133.99836979806423,26.0
1791184841,4,TXN,multimodal_e2e,0.600000,0.000000,0,0,0,0,0,0,0,0,0,0,0,62,4,370.0,15773.556646372703,0.8987719193100929,60195.639027282596,20.870967741935484
1791184841,4,,Aggregated,2.400000,0.000000,0,0,0,0,0,0,0,0,0,0,0,248,8,12,3966.194283605869,0.7875231094658375,60195.639027282596,21.217741935483872
1791184842,4,POST,/api/playground/conversations,0.600000,0.000000,0,0,0,0,0,0,0,0,0,0,0,66,4,6,7.662673120979559,0.7875231094658375,30.08681070059538,35.696969696969695
1791184842,4,POST,/api/playground/conversations/{conversation_id}/chat/sse,0.600000,0.000000,0,0,0,0,0,0,0,0,0,0,0,58,0,2,2.5841149758419086,1.7269239760935307,6.74001919105649,0.0
1791184842,4,POST,/api/playground/conversations/{conversation_id}/chat/{chat_id}/attachment,0.600000,0.000000,0,0,0,0,0,0,0,0,0,0,0,62,0,76,80.6460510413613,61.915853060781956,133.99836979806423,26.0
1791184842,4,TXN,multimodal_e2e,0.600000,0.000000,0,0,0,0,0,0,0,0,0,0,0,62,4,370.0,15773.556646372703,0.8987719193100929,60195.639027282596,20.870967741935484
1791184842,4,,Aggregated,2.400000,0.000000,0,0,0,0,0,0,0,0,0,0,0,248,8,12,3966.194283605869,0.7875231094658375,60195.639027282596,21.217741935483872
1791184843,4,POST,/api/playground/conversations,0.600000,0.000000,0,0,0,0,0,0,0,0,0,0,0,66,4,6,7.662673120979559,0.7875231094658375,30.08681070059538,35.696969696969695
1791184843,4,POST,/api/playground/conversations/{conversation_id}/chat/sse,0.600000,0.000000,0,0,0,0,0,0,0,0,0,0,0,58,0,2,2.5841149758419086,1.7269239760935307,6.74001919105649,0.0
1791184843,4,POST,/api/playground/conversations/{conversation_id}/chat/{chat_id}/attachment,0.600000,0.000000,0,0,0,0,0,0,0,0,0,0,0,62,0,76,80.6460510413613,61.915853060781956,133.99836979806423,26.0
1791184843,4,TXN,multimodal_e2e,0.600000,0.000000,0,0,0,0,0,0,0,0,0,0,0,62,4,370.0,15773.556646372703,0.8987719193100929,60195.639027282596,20.870967741935484
1791184843,4,,Aggregated,2.400000,0.000000,0,0,0,0,0,0,0,0,0,0,0,248,8,12,3966.194283605869,0.7875231094658375,60195.639027282596,21.217741935483872
1791184844,4,POST,/api/playground/conversations,0.600000,0.000000,0,0,0,0,0,0,0,0,0,0,0,66,4,6,7.662673120979559,0.7875231094658375,30.08681070059538,35.696969696969695
1791184844,4,POST,/api/playground/conversations/{conversation_id}/chat/sse,0.600000,0.000000,0,0,0,0,0,0,0,0,0,0,0,58,0,2,2.5841149758419086,1.7269239760935307,6.74001919105649,0.0
1791184844,4,POST,/api/playground/conversations/{conversation_id}/chat/{chat_id}/attachment,0.600000,0.000000,0,0,0,0,0,0,0,0,0,0,0,62,0,76,80.6460510413613,61.915853060781956,133.99836979806423,26.0
1791184844,4,TXN,multimodal_e2e,0.600000,0.000000,0,0,0,0,0,0,0,0,0,0,0,62,4,370.0,15773.556646372703,0.8987719193100929,60195.639027282596,20.870967741935484
1791184844,4,,Aggregated,2.400000,0.000000,0,0,0,0,0,0,0,0,0,0,0,248,8,12,3966.194283605869,0.7875231094658375,60195.639027282596,21.217741935483872
1791184845,4,POST,/api/playground/conversations,0.600000,0.000000,0,0,0,0,0,0,0,0,0,0,0,66,4,6,7.662673120979559,0.7875231094658375,30.08681070059538,35.696969696969695
1791184845,4,POST,/api/playground/conversations/{conversation_id}/chat/sse,0.600000,0.000000,0,0,0,0,0,0,0,0,0,0,0,58,0,2,2.5841149758419086,1.7269239760935307,6.74001919105649,0.0
1791184845,4,POST,/api/playground/conversations/{conversation_id}/chat/{chat_id}/attachment,0.600000,0.000000,0,0,0,0,0,0,0,0,0,0,0,62,0,76,80.6460510413613,61.915853060781956,133.99836979806423,26.0
1791184845,4,TXN,multimodal_e2e,0.600000,0.000000,0,0,0,0,0,0,0,0,0,0,0,62,4,370.0,15773.556646372703,0.8987719193100929,60195.639027282596,20.870967741935484
1791184845,4,,Aggregated,2.400000,0.000000,0,0,0,0,0,0,0,0,0,0,0,248,8,12,3966.194283605869,0.7875231094658375,60195.639027282596,21.217741935483872
1791184846,4,POST,/api/playground/conversations,0.600000,0.000000,0,0,0,0,0,0,0,0,0,0,0,66,4,6,7.662673120979559,0.7875231094658375,30.08681070059538,35.696969696969695
1791184846,4,POST,/api/playground/conversations/{conversation_id}/chat/sse,0.600000,0.000000,0,0,0,0,0,0,0,0,0,0,0,58,0,2,2.5841149758419086,1.7269239760935307,6.74001919105649,0.0
1791184846,4,POST,/api/playground/conversations/{conversation_id}/chat/{chat_id}/attachment,0.600000,0.000000,0,0,0,0,0,0,0,0,0,0,0,62,0,76,80.6460510413613,61.915853060781956,133.99836979806423,26.0
1791184846,4,TXN,multimodal_e2e,0.600000,0.000000,0,0,0,0,0,0,0,0,0,0,0,62,4,370.0,15773.556646372703,0.8987719193100929,60195.639027282596,20.870967741935484
1791184846,4,,Aggregated,2.400000,0.000000,0,0,0,0,0,0,0,0,0,0,0,248,8,12,3966.194283605869,0.7875231094658375,60195.639027282596,21.217741935483872
1791184847,4,POST,/api/playground/conversations,0.600000,0.000000,0,0,0,0,0,0,0,0,0,0,0,66,4,6,7.662673120979559,0.7875231094658375,30.08681070059538,35.696969696969695
1791184847,4,POST,/api/playground/conversations/{conversation_id}/chat/sse,0.600000,0.000000,0,0,0,0,0,0,0,0,0,0,0,58,0,2,2.5841149758419086,1.7269239760935307,6.74001919105649,0.0
1791184847,4,POST,/api/playground/conversations/{conversation_id}/chat/{chat_id}/attachment,0.600000,0.000000,0,0,0,0,0,0,0,0,0,0,0,62,0,76,80.6460510413613,61.915853060781956,133.99836979806423,26.0
1791184847,4,TXN,multimodal_e2e,0.600000,0.000000,0,0,0,0,0,0,0,0,0,0,0,62,4,370.0,15773.556646372703,0.8987719193100929,60195.639027282596,20.870967741935484
1791184847,4,,Aggregated,2.400000,0.000000,0,0,0,0,0,0,0,0,0,0,0,248,8,12,3966.194283605869,0.7875231094658375,60195.639027282596,21.217741935483872
1791184848,4,POST,/api/playground/conversations,0.600000,0.000000,0,0,0,0,0,0,0,0,0,0,0,66,4,6,7.662673120979559,0.7875231094658375,30.08681070059538,35.696969696969695
1791184848,4,POST,/api/playground/conversations/{conversation_id}/chat/sse,0.600000,0.000000,0,0,0,0,0,0,0,0,0,0,0,58,0,2,2.5841149758419086,1.7269239760935307,6.74001919105649,0.0
1791184848,4,POST,/api/playground/conversations/{conversation_id}/chat/{chat_id}/attachment,0.600000,0.000000,0,0,0,0,0,0,0,0,0,0,0,62,0,76,80.6460510413613,61.915853060781956,133.99836979806423,26.0
1791184848,4,TXN,multimodal_e2e,0.600000,0.000000,0,0,0,0,0,0,0,0,0,0,0,62,4,370.0,15773.556646372703,0.8987719193100929,60195.639027282596,20.870967741935484
1791184848,4,,Aggregated,2.400000,0.000000,0,0,0,0,0,0,0,0,0,0,0,248,8,12,3966.194283605869,0.7875231094658375,60195.639027282596,21.217741935483872
1791184849,4,POST,/api/playground/conversations,0.600000,0.000000,0,0,0,0,0,0,0,0,0,0,0,66,4,6,7.662673120979559,0.7875231094658375,30.08681070059538,35.696969696969695
1791184849,4,POST,/api/playground/conversations/{conversation_id}/chat/sse,0.600000,0.000000,0,0,0,0,0,0,0,0,0,0,0,58,0,2,2.5841149758419086,1.7269239760935307,6.74001919105649,0.0
1791184849,4,POST,/api/playground/conversations/{conversation_id}/chat/{chat_id}/attachment,0.600000,0.000000,0,0,0,0,0,0,0,0,0,0,0,62,0,76,80.6460510413613,61.915853060781956,133.99836979806423,26.0
1791184849,4,TXN,multimodal_e2e,0.600000,0.000000,0,0,0,0,0,0,0,0,0,0,0,62,4,370.0,15773.556646372703,0.8987719193100929,60195.639027282596,20.870967741935484
1791184849,4,,Aggregated,2.400000,0.000000,0,0,0,0,0,0,0,0,0,0,0,248,8,12,3966.194283605869,0.7875231094658375,60195.639027282596,21.217741935483872
1791184850,4,POST,/api/playground/conversations,0.600000,0.000000,0,0,0,0,0,0,0,0,0,0,0,66,4,6,7.662673120979559,0.7875231094658375,30.08681070059538,35.696969696969695
1791184850,4,POST,/api/playground/conversations/{conversation_id}/chat/sse,0.600000,0.000000,0,0,0,0,0,0,0,0,0,0,0,58,0,2,2.5841149758419086,1.7269239760935307,6.74001919105649,0.0
1791184850,4,POST,/api/playground/conversations/{conversation_id}/chat/{chat_id}/attachment,0.600000,0.000000,0,0,0,0,0,0,0,0,0,0,0,62,0,76,80.6460510413613,61.915853060781956,133.99836979806423,26.0
1791184850,4,TXN,multimodal_e2e,0.600000,0.000000,0,0,0,0,0,0,0,0,0,0,0,62,4,370.0,15773.556646372703,0.8987719193100929,60195.639027282596,20.870967741935484
1791184850,4,,Aggregated,2.400000,0.000000,0,0,0,0,0,0,0,0,0,0,0,248,8,12,3966.194283605869,0.7875231094658375,60195.639027282596,21.217741935483872
1791184851,4,POST,/api/playground/conversations,0.600000,0.000000,0,0,0,0,0,0,0,0,0,0,0,66,4,6,7.662673120979559,0.7875231094658375,30.08681070059538,35.696969696969695
1791184851,4,POST,/api/playground/conversations/{conversation_id}/chat/sse,0.600000,0.000000,0,0,0,0,0,0,0,0,0,0,0,58,0,2,2.5841149758419086,1.7269239760935307,6.74001919105649,0.0
1791184851,4,POST,/api/playground/conversations/{conversation_id}/chat/{chat_id}/attachment,0.600000,0.000000,0,0,0,0,0,0,0,0,0,0,0,62,0,76,80.6460510413613,61.915853060781956,133.99836979806423,26.0
1791184851,4,TXN,multimodal_e2e,0.600000,0.000000,0,0,0,0,0,0,0,0,0,0,0,62,4,370.0,15773.556646372703,0.8987719193100929,60195.639027282596,20.870967741935484
1791184851,4,,Aggregated,2.400000,0.000000,0,0,0,0,0,0,0,0,0,0,0,248,8,12,3966.194283605869,0.7875231094658375,60195.639027282596,21.217741935483872
1791184852,4,POST,/api/playground/conversations,0.600000,0.000000,0,0,0,0,0,0,0,0,0,0,0,66,4,6,7.662673120979559,0.7875231094658375,30.08681070059538,35.696969696969695
1791184852,4,POST,/api/playground/conversations/{conversation_id}/chat/sse,0.600000,0.000000,0,0,0,0,0,0,0,0,0,0,0,58,0,2,2.5841149758419086,1.7269239760935307,6.74001919105649,0.0
1791184852,4,POST,/api/playground/conversations/{conversation_id}/chat/{chat_id}/attachment,0.600000,0.000000,0,0,0,0,0,0,0,0,0,0,0,62,0,76,80.6460510413613,61.915853060781956,133.99836979806423,26.0
1791184852,4,TXN,multimodal_e2e,0.600000,0.000000,0,0,0,0,0,0,0,0,0,0,0,62,4,370.0,15773.556646372703,0.8987719193100929,60195.639027282596,20.870967741935484
1791184852,4,,Aggregated,2.400000,0.000000,0,0,0,0,0,0,0,0,0,0,0,248,8,12,3966.194283605869,0.7875231094658375,60195.639027282596,21.217741935483872
1791184853,4,POST,/api/playground/conversations,0.600000,0.000000,0,0,0,0,0,0,0,0,0,0,0,66,4,6,7.662673120979559,0.7875231094658375,30.08681070059538,35.696969696969695
1791184853,4,POST,/api/playground/conversations/{conversation_id}/chat/sse,0.600000,0.000000,0,0,0,0,0,0,0,0,0,0,0,58,0,2,2.5841149758419086,1.7269239760935307,6.74001919105649,0.0
1791184853,4,POST,/api/playground/conversations/{conversation_id}/chat/{chat_id}/attachment,0.600000,0.000000,0,0,0,0,0,0,0,0,0,0,0,62,0,76,80.6460510413613,61.915853060781956,133.99836979806423,26.0
1791184853,4,TXN,multimodal_e2e,0.600000,0.000000,0,0,0,0,0,0,0,0,0,0,0,62,4,370.0,15773.556646372703,0.8987719193100929,60195.639027282596,20.870967741935484
1791184853,4,,Aggregated,2.400000,0.000000,0,0,0,0,0,0,0,0,0,0,0,248,8,12,3966.194283605869,0.7875231094658375,60195.639027282596,21.217741935483872
1791184854,4,POST,/api/playground/conversations,0.600000,0.000000,0,0,0,0,0,0,0,0,0,0,0,66,4,6,7.662673120979559,0.7875231094658375,30.08681070059538,35.696969696969695
1791184854,4,POST,/api/playground/conversations/{conversation_id}/chat/sse,0.600000,0.000000,0,0,0,0,0,0,0,0,0,0,0,58,0,2,2.5841149758419086,1.7269239760935307,6.74001919105649,0.0
1791184854,4,POST,/api/playground/conversations/{conversation_id}/chat/{chat_id}/attachment,0.600000,0.000000,0,0,0,0,0,0,0,0,0,0,0,62,0,76,80.6460510413613,61.915853060781956,133.99836979806423,26.0
1791184854,4,TXN,multimodal_e2e,0.600000,0.000000,0,0,0,0,0,0,0,0,0,0,0,62,4,370.0,15773.556646372703,0.8987719193100929,60195.639027282596,20.870967741935484
1791184854,4,,Aggregated,2.400000,0.000000,0,0,0,0,0,0,0,0,0,0,0,248,8,12,3966.194283605869,0.7875231094658375,60195.639027282596,21.217741935483872
