count,avg_ttft,p50_ttft,p90_ttft,p95_ttft,p99_ttft,max_ttft,under_3s_count,under_3s_rate
404,3.505687670906692,3.4288936518132687,5.693931171670556,6.122023720294237,6.927410025149584,7.580977572128177,169,0.4183168316831683
