count,avg_ttft,p50_ttft,p90_ttft,p95_ttft,p99_ttft,max_ttft,under_3s_count,under_3s_rate
321,2.6398731332353527,2.4128984231501818,4.306356273591518,4.853834995999932,5.713441034778953,6.2573639042675495,216,0.6728971962616822
