count,avg_ttft,p50_ttft,p90_ttft,p95_ttft,p99_ttft,max_ttft,under_3s_count,under_3s_rate
288,1.9626900523758701,1.848746543750167,2.8959686812013388,3.1201994959264994,3.52555026486516,4.155236126855016,269,0.9340277777777778
