count,avg_ttft,p50_ttft,p90_ttft,p95_ttft,p99_ttft,max_ttft,under_3s_count,under_3s_rate
309,2.0926517269372167,1.9425027817487717,3.245569096878171,3.586949123069644,4.151825871318579,4.850992314517498,266,0.86084142394822
