count,avg_ttft,p50_ttft,p90_ttft,p95_ttft,p99_ttft,max_ttft,under_3s_count,under_3s_rate
386,2.884408917721998,2.7504073958843946,4.509312083944678,4.845476159825921,5.390409708023071,6.12988936342299,221,0.572538860103627
