count,avg_ttft,p50_ttft,p90_ttft,p95_ttft,p99_ttft,max_ttft,under_3s_count,under_3s_rate
351,2.615085236765338,2.3881589639931917,4.264787394553423,4.6686192359775305,4.977860644459724,5.258552933111787,227,0.6467236467236467
