count,avg_ttft,p50_ttft,p90_ttft,p95_ttft,p99_ttft,max_ttft,under_3s_count,under_3s_rate
323,2.0768830159927023,1.91591215133667,3.104448903352022,3.5784270595759153,4.56813570484519,4.861479163169861,285,0.8823529411764706
