count,avg_ttft,p50_ttft,p90_ttft,p95_ttft,p99_ttft,max_ttft,under_3s_count,under_3s_rate
271,1.783464699028218,1.6662719268351793,2.5631182976067066,2.8224649131298065,3.363525839522481,3.6503791734576225,264,0.974169741697417
