count,avg_ttft,p50_ttft,p90_ttft,p95_ttft,p99_ttft,max_ttft,under_3s_count,under_3s_rate
374,2.669567764955847,2.4515830744057894,4.236580308526754,4.82669941522181,5.454200502485037,6.06037032045424,241,0.6443850267379679
