count,avg_ttft,p50_ttft,p90_ttft,p95_ttft,p99_ttft,max_ttft,under_3s_count,under_3s_rate
390,3.094069092701643,2.9131433814764023,4.781990272924304,5.511204443871975,7.35480210185051,8.29315591789782,203,0.5205128205128206
