count,avg_ttft,p50_ttft,p90_ttft,p95_ttft,p99_ttft,max_ttft,under_3s_count,under_3s_rate
409,3.0757959093169873,2.9743734262883663,4.735292186960578,4.997111730277538,5.656193884089589,6.072229469195008,211,0.5158924205378973
