Timestamp,User Count,Type,Name,Requests/s,Failures/s,50%,66%,75%,80%,90%,95%,98%,99%,99.9%,99.99%,100%,Total Request Count,Total Failure Count,Total Median Response Time,Total Average Response Time,Total Min Response Time,Total Max Response Time,Total Average Content Size
1791185179,0,,Aggregated,0.000000,0.000000,N/A,N/A,N/A,N/A,N/A,N/A,N/A,N/A,N/A,N/A,N/A,0,0,0,0.0,0,0,0
1791185180,2,POST,/api/playground/conversations,0.000000,0.000000,0,0,0,0,0,0,0,0,0,0,0,4,0,7,11.97956083342433,6.364206783473492,17.982549965381622,38.0
1791185180,2,POST,/api/playground/conversations/{conversation_id}/chat/sse,0.000000,0.000000,0,0,0,0,0,0,0,0,0,0,0,2,0,2.381623722612858,2.729050349444151,2.381623722612858,3.076476976275444,0.0
1791185180,2,POST,/api/playground/conversations/{conversation_id}/chat/{chat_id}/attachment,0.000000,0.000000,0,0,0,0,0,0,0,0,0,0,0,3,0,149.86705919727683,135.79459208995104,107.90305584669113,149.86705919727683,26.0
1791185180,2,TXN,multimodal_e2e,0.000000,0.000000,0,0,0,0,0,0,0,0,0,0,0,2,0,391.30102610215545,463.87996920384467,391.30102610215545,536.4589123055339,19.0
1791185180,2,,Aggregated,0.000000,0.000000,0,0,0,0,0,0,0,0,0,0,0,11,0,18,126.22909624637528,2.381623722612858,536.4589123055339,24.363636363636363
1791185181,4,POST,/api/playground/conversations,0.000000,0.000000,7,7,8,8,9,9,9,9,9,9,9,9,0,7,9.189614974376228,5.712789949029684,17.982549965381622,38.0
1791185181,4,POST,/api/playground/conversations/{conversation_id}/chat/sse,0.000000,0.000000,0,0,0,0,0,0,0,0,0,0,0,5,0,2,2.329064905643463,1.9206157885491848,3.076476976275444,0.0
1791185181,4,POST,/api/playground/conversations/{conversation_id}/chat/{chat_id}/attachment,0.000000,0.000000,110,110,110,110,120,120,120,120,120,120,120,9,0,110.0,108.18180695383086,62.28616368025541,149.86705919727683,26.0
1791185181,4,TXN,multimodal_e2e,0.000000,0.000000,0,0,0,0,0,0,0,0,0,0,0,5,0,430.0,495.940562710166,357.12200636044145,764.3140940926969,21.4
1791185181,4,,Aggregated,0.000000,0.000000,62,110,120,360,430,540,760,760,760,760,760,28,0,18,126.70324769403253,1.9206157885491848,764.3140940926969,24.392857142857142
1791185182,6,POST,/api/playground/conversations,2.000000,0.000000,7,8,9,9,10,12,12,12,12,12,12,14,0,7,8.925121011478561,5.556296091526747,17.982549965381622,38.0
1791185182,6,POST,/api/playground/conversations/{conversation_id}/chat/sse,0.000000,0.000000,2,2,3,3,3,3,3,3,3,3,3,8,0,2,2.4411368067376316,1.9206157885491848,3.076476976275444,0.0
1791185182,6,POST,/api/playground/conversations/{conversation_id}/chat/{chat_id}/attachment,2.000000,0.000000,110,120,120,120,150,160,160,160,160,160,160,13,0,120.0,117.51958831714896,62.28616368025541,157.22475200891495,26.0
1791185182,6,TXN,multimodal_e2e,0.000000,0.000000,430,430,490,490,760,760,760,760,760,760,760,8,0,410.0,470.14255373505875,357.12200636044145,764.3140940926969,18.5
1791185182,6,,Aggregated,4.000000,0.000000,12,110,150,360,430,540,760,760,760,760,760,43,0,18,126.35757829344203,1.9206157885491848,764.3140940926969,23.674418604651162
1791185183,8,POST,/api/playground/conversations,3.000000,0.000000,7,8,9,10,18,20,20,20,20,20,20,19,0,7,9.472293142033251,5.331803113222122,20.07337100803852,38.0
1791185183,8,POST,/api/playground/conversations/{conversation_id}/chat/sse,1.000000,0.000000,3,3,4,6,6,6,6,6,6,6,6,11,0,3,3.2493922944096,1.9206157885491848,6.434150971472263,0.0
1791185183,8,POST,/api/playground/conversations/{conversation_id}/chat/{chat_id}/attachment,3.000000,0.000000,110,120,150,150,150,160,160,160,160,160,160,19,0,120.0,116.93957916117813,62.28616368025541,157.22475200891495,26.0
1791185183,8,TXN,multimodal_e2e,1.000000,0.000000,450,490,640,760,1200,1200,1200,1200,1200,1200,1200,11,0,450.0,551.8412973562425,357.12200636044145,1220.7745746709406,17.363636363636363
1791185183,8,,Aggregated,8.000000,0.000000,62,110,150,160,450,640,760,1200,1200,1200,1200,60,0,20,141.79705266530314,1.9206157885491848,1220.7745746709406,23.45
1791185184,10,POST,/api/playground/conversations,4.000000,0.000000,7,9,11,12,18,19,20,20,20,20,20,24,0,7,9.825812749719868,5.331803113222122,20.07337100803852,38.0
1791185184,10,POST,/api/playground/conversations/{conversation_id}/chat/sse,2.000000,0.000000,3,3,4,4,6,6,6,6,6,6,6,14,0,2,3.026116606114166,1.9206157885491848,6.434150971472263,0.0
1791185184,10,POST,/api/playground/conversations/{conversation_id}/chat/{chat_id}/attachment,4.000000,0.000000,120,150,150,150,180,220,220,220,220,220,220,23,0,120.0,127.9212755717985,62.28616368025541,217.2390501946211,26.0
1791185184,10,TXN,multimodal_e2e,2.000000,0.000000,450,490,640,640,760,1200,1200,1200,1200,1200,1200,14,0,430.0,530.4250225557813,357.12200636044145,1220.7745746709406,17.928571428571427
1791185184,10,,Aggregated,12.000000,0.000000,20,120,160,220,430,540,760,1200,1200,1200,1200,75,0,20,141.95099723214904,1.9206157885491848,1220.7745746709406,23.48
1791185185,12,POST,/api/playground/conversations,4.000000,0.000000,7,8,10,11,18,19,20,20,20,20,20,29,0,7,9.301308076828718,5.331803113222122,20.07337100803852,38.0
1791185185,12,POST,/api/playground/conversations/{conversation_id}/chat/sse,2.000000,0.000000,3,3,5,6,6,6,6,6,6,6,6,17,0,3,3.2844521269640503,1.8318481743335724,6.47325674071908,0.0
1791185185,12,POST,/api/playground/conversations/{conversation_id}/chat/{chat_id}/attachment,4.000000,0.000000,120,150,150,150,180,220,220,220,220,220,220,28,0,120.0,125.41459906580192,62.12736526504159,217.2390501946211,26.0
1791185185,12,TXN,multimodal_e2e,2.000000,0.000000,450,490,640,760,1200,1300,1300,1300,1300,1300,1300,17,0,450.0,562.7024838810457,357.12200636044145,1261.58232614398,17.235294117647058
1791185185,12,,Aggregated,12.000000,0.000000,20,120,150,220,450,540,1200,1300,1300,1300,1300,91,0,20,147.28708373853465,1.8318481743335724,1261.58232614398,23.32967032967033
1791185186,14,POST,/api/playground/conversations,4.400000,0.000000,7,8,11,12,13,19,20,20,20,20,20,33,0,7,9.29738028031407,5.331803113222122,20.07337100803852,38.0
1791185186,14,POST,/api/playground/conversations/{conversation_id}/chat/sse,2.400000,0.000000,3,3,4,5,6,6,6,6,6,6,6,19,0,3,3.22989070493924,1.8318481743335724,6.47325674071908,0.0
1791185186,14,POST,/api/playground/conversations/{conversation_id}/chat/{chat_id}/attachment,3.800000,0.000000,120,150,150,150,160,220,220,220,220,220,220,33,0,120.0,125.46675020095074,62.12736526504159,217.2390501946211,26.0
1791185186,14,TXN,multimodal_e2e,2.400000,0.000000,450,540,570,640,1200,1300,1300,1300,1300,1300,1300,19,0,450.0,554.410782569137,357.12200636044145,1261.58232614398,16.57894736842105
1791185186,14,,Aggregated,13.000000,0.000000,62,120,150,220,450,570,1200,1300,1300,1300,1300,104,0,20,144.63835671239605,1.8318481743335724,1261.58232614398,23.33653846153846
1791185187,16,POST,/api/playground/conversations,4.333333,0.000000,7,8,10,12,13,19,20,20,20,20,20,37,0,7,9.049169454924964,5.331803113222122,20.07337100803852,38.0
1791185187,16,POST,/api/playground/conversations/{conversation_id}/chat/sse,2.333333,0.000000,3,3,5,5,6,6,6,6,6,6,6,21,0,3,3.243584052792617,1.8318481743335724,6.47325674071908,0.0
1791185187,16,POST,/api/playground/conversations/{conversation_id}/chat/{chat_id}/attachment,4.333333,0.000000,120,150,150,150,160,220,220,220,220,220,220,36,0,120.0,123.91723500978615,62.12736526504159,217.2390501946211,26.0
1791185187,16,TXN,multimodal_e2e,2.333333,0.000000,480,570,760,1100,1300,1300,1300,1300,1300,1300,1300,21,0,480.0,615.3082707675085,357.12200636044145,1281.9795282557607,16.523809523809526
1791185187,16,,Aggregated,13.333333,0.000000,20,120,150,220,450,640,1200,1300,1300,1300,1300,115,0,20,154.65590157748565,1.8318481743335724,1281.9795282557607,23.382608695652173
1791185188,16,POST,/api/playground/conversations,4.428571,0.000000,7,8,9,11,13,19,20,20,20,20,20,39,0,7,8.9238246019261,5.331803113222122,20.07337100803852,38.0
1791185188,16,POST,/api/playground/conversations/{conversation_id}/chat/sse,2.428571,0.000000,2,3,4,5,6,6,6,6,6,6,6,23,0,2,3.147489573482586,1.8318481743335724,6.47325674071908,0.0
1791185188,16,POST,/api/playground/conversations/{conversation_id}/chat/{chat_id}/attachment,4.428571,0.000000,110,130,150,150,160,220,220,220,220,220,220,39,0,120.0,122.17910850468354,62.12736526504159,217.2390501946211,26.0
1791185188,16,TXN,multimodal_e2e,2.428571,0.000000,490,620,760,1100,1200,1300,1300,1300,1300,1300,1300,23,0,490.0,636.8561502262626,357.12200636044145,1281.9795282557607,17.217391304347824
1791185188,16,,Aggregated,13.714286,0.000000,62,120,150,220,490,760,1200,1300,1300,1300,1300,124,0,20,159.94433956896705,1.8318481743335724,1281.9795282557607,23.322580645161292
1791185189,16,POST,/api/playground/conversations,4.375000,0.000000,7,8,9,11,13,19,20,20,20,20,20,41,0,7,8.880381938070059,5.331803113222122,20.07337100803852,38.0
1791185189,16,POST,/api/playground/conversations/{conversation_id}/chat/sse,2.375000,0.000000,3,3,4,5,6,6,6,6,6,6,6,25,0,3,3.1277129985392094,1.8318481743335724,6.47325674071908,0.0
1791185189,16,POST,/api/playground/conversations/{conversation_id}/chat/{chat_id}/attachment,4.375000,0.000000,110,120,150,150,160,220,220,220,220,220,220,41,0,110.0,121.34642408388417,62.12736526504159,217.2390501946211,26.0
1791185189,16,TXN,multimodal_e2e,2.375000,0.000000,490,640,1100,1100,1200,1300,1300,1300,1300,1300,1300,25,0,490.0,646.8841735087335,357.12200636044145,1281.9795282557607,17.32
1791185189,16,,Aggregated,13.500000,0.000000,62,110,150,220,490,760,1200,1300,1300,1300,1300,132,0,20,163.55754704228744,1.8318481743335724,1281.9795282557607,23.15909090909091
1791185190,16,POST,/api/playground/conversations,4.222222,0.000000,7,8,10,11,13,19,20,20,20,20,20,42,0,7,8.851645702850961,5.331803113222122,20.07337100803852,38.0
1791185190,16,POST,/api/playground/conversations/{conversation_id}/chat/sse,2.444444,0.000000,3,3,4,5,6,6,6,6,6,6,6,26,0,2,3.091108000192505,1.8318481743335724,6.47325674071908,0.0
1791185190,16,POST,/api/playground/conversations/{conversation_id}/chat/{chat_id}/attachment,4.111111,0.000000,110,130,150,150,160,220,220,220,220,220,220,42,0,110.0,120.88334384108228,62.12736526504159,217.2390501946211,26.0
1791185190,16,TXN,multimodal_e2e,2.444444,0.000000,540,640,1100,1100,1200,1300,1300,1300,1300,1300,1300,26,0,490.0,663.842956105677,357.12200636044145,1281.9795282557607,17.46153846153846
1791185190,16,,Aggregated,13.222222,0.000000,62,120,150,360,540,1100,1200,1300,1300,1300,1300,136,0,20,167.56731784998385,1.8318481743335724,1281.9795282557607,23.102941176470587
1791185191,16,POST,/api/playground/conversations,3.900000,0.000000,7,8,8,11,13,19,20,20,20,20,20,43,0,7,8.781213367487801,5.331803113222122,20.07337100803852,38.0
1791185191,16,POST,/api/playground/conversations/{conversation_id}/chat/sse,2.400000,0.000000,3,3,4,5,6,6,6,6,6,6,6,27,0,2,3.061759216641938,1.8318481743335724,6.47325674071908,0.0
1791185191,16,POST,/api/playground/conversations/{conversation_id}/chat/{chat_id}/attachment,3.900000,0.000000,110,130,150,150,150,220,220,220,220,220,220,43,0,110.0,120.65829957163957,62.12736526504159,217.2390501946211,26.0
1791185191,16,TXN,multimodal_e2e,2.400000,0.000000,540,640,1100,1100,1200,1300,1300,1300,1300,1300,1300,27,0,490.0,654.7475048099403,357.12200636044145,1281.9795282557607,17.25925925925926
1791185191,16,,Aggregated,12.600000,0.000000,62,110,150,390,540,1100,1200,1300,1300,1300,1300,140,0,20,166.61963703643,1.8318481743335724,1281.9795282557607,22.985714285714284
1791185192,16,POST,/api/playground/conversations,3.900000,0.000000,7,8,8,8,13,13,19,19,19,19,19,43,0,7,8.781213367487801,5.331803113222122,20.07337100803852,38.0
1791185192,16,POST,/api/playground/conversations/{conversation_id}/chat/sse,2.400000,0.000000,3,3,5,5,6,6,6,6,6,6,6,27,0,2,3.061759216641938,1.8318481743335724,6.47325674071908,0.0
1791185192,16,POST,/api/playground/conversations/{conversation_id}/chat/{chat_id}/attachment,3.900000,0.000000,110,120,150,150,180,220,220,220,220,220,220,43,0,110.0,120.65829957163957,62.12736526504159,217.2390501946211,26.0
1791185192,16,TXN,multimodal_e2e,2.400000,0.000000,570,1100,1100,1100,1300,1300,1300,1300,1300,1300,1300,27,0,490.0,654.7475048099403,357.12200636044145,1281.9795282557607,17.25925925925926
1791185192,16,,Aggregated,12.600000,0.000000,62,110,150,390,570,1100,1300,1300,1300,1300,1300,140,0,20,166.61963703643,1.8318481743335724,1281.9795282557607,22.985714285714284
1791185193,16,POST,/api/playground/conversations,3.900000,0.000000,7,8,8,8,8,12,13,13,13,13,13,43,0,7,8.781213367487801,5.331803113222122,20.07337100803852,38.0
1791185193,16,POST,/api/playground/conversations/{conversation_id}/chat/sse,2.400000,0.000000,2,3,3,5,5,6,6,6,6,6,6,27,0,2,3.061759216641938,1.8318481743335724,6.47325674071908,0.0
1791185193,16,POST,/api/playground/conversations/{conversation_id}/chat/{chat_id}/attachment,3.900000,0.000000,110,120,150,150,180,220,220,220,220,220,220,43,0,110.0,120.65829957163957,62.12736526504159,217.2390501946211,26.0
1791185193,16,TXN,multimodal_e2e,2.400000,0.000000,570,1100,1100,1100,1300,1300,1300,1300,1300,1300,1300,27,0,490.0,654.7475048099403,357.12200636044145,1281.9795282557607,17.25925925925926
1791185193,16,,Aggregated,12.600000,0.000000,75,110,150,400,570,1100,1300,1300,1300,1300,1300,140,0,20,166.61963703643,1.8318481743335724,1281.9795282557607,22.985714285714284
1791185194,16,POST,/api/playground/conversations,3.900000,0.000000,7,8,8,8,12,13,13,13,13,13,13,43,0,7,8.781213367487801,5.331803113222122,20.07337100803852,38.0
1791185194,16,POST,/api/playground/conversations/{conversation_id}/chat/sse,2.400000,0.000000,2,3,3,5,5,6,6,6,6,6,6,27,0,2,3.061759216641938,1.8318481743335724,6.47325674071908,0.0
1791185194,16,POST,/api/playground/conversations/{conversation_id}/chat/{chat_id}/attachment,3.900000,0.000000,110,110,120,120,150,150,150,150,150,150,150,43,0,110.0,120.65829957163957,62.12736526504159,217.2390501946211,26.0
1791185194,16,TXN,multimodal_e2e,2.400000,0.000000,620,1100,1100,1100,1300,1300,1300,1300,1300,1300,1300,27,0,490.0,654.7475048099403,357.12200636044145,1281.9795282557607,17.25925925925926
1791185194,16,,Aggregated,12.600000,0.000000,62,110,150,400,1100,1100,1300,1300,1300,1300,1300,140,0,20,166.61963703643,1.8318481743335724,1281.9795282557607,22.985714285714284
1791185195,16,POST,/api/playground/conversations,3.900000,0.000000,7,8,8,8,8,8,8,8,8,8,8,43,0,7,8.781213367487801,5.331803113222122,20.07337100803852,38.0
1791185195,16,POST,/api/playground/conversations/{conversation_id}/chat/sse,2.400000,0.000000,2,3,3,3,5,5,5,5,5,5,5,27,0,2,3.061759216641938,1.8318481743335724,6.47325674071908,0.0
1791185195,16,POST,/api/playground/conversations/{conversation_id}/chat/{chat_id}/attachment,3.900000,0.000000,110,110,110,110,120,130,130,130,130,130,130,43,0,110.0,120.65829957163957,62.12736526504159,217.2390501946211,26.0
1791185195,16,TXN,multimodal_e2e,2.400000,0.000000,1100,1100,1100,1100,1300,1300,1300,1300,1300,1300,1300,27,0,490.0,654.7475048099403,357.12200636044145,1281.9795282557607,17.25925925925926
1791185195,16,,Aggregated,12.600000,0.000000,75,110,130,420,1100,1100,1300,1300,1300,1300,1300,140,0,20,166.61963703643,1.8318481743335724,1281.9795282557607,22.985714285714284
1791185196,16,POST,/api/playground/conversations,3.900000,0.000000,8,8,8,8,8,8,8,8,8,8,8,43,0,7,8.781213367487801,5.331803113222122,20.07337100803852,38.0
1791185196,16,POST,/api/playground/conversations/{conversation_id}/chat/sse,2.400000,0.000000,2,3,3,3,5,5,5,5,5,5,5,27,0,2,3.061759216641938,1.8318481743335724,6.47325674071908,0.0
1791185196,16,POST,/api/playground/conversations/{conversation_id}/chat/{chat_id}/attachment,3.900000,0.000000,110,110,110,110,120,120,120,120,120,120,120,43,0,110.0,120.65829957163957,62.12736526504159,217.2390501946211,26.0
1791185196,16,TXN,multimodal_e2e,2.400000,0.000000,1100,1100,1100,1100,1300,1300,1300,1300,1300,1300,1300,27,0,490.0,654.7475048099403,357.12200636044145,1281.9795282557607,17.25925925925926
1791185196,16,,Aggregated,12.600000,0.000000,75,110,420,420,1100,1100,1300,1300,1300,1300,1300,140,0,20,166.61963703643,1.8318481743335724,1281.9795282557607,22.985714285714284
1791185197,16,POST,/api/playground/conversations,3.900000,0.000000,8,8,8,8,8,8,8,8,8,8,8,43,0,7,8.781213367487801,5.331803113222122,20.07337100803852,38.0
1791185197,16,POST,/api/playground/conversations/{conversation_id}/chat/sse,2.400000,0.000000,2,3,3,3,3,3,3,3,3,3,3,27,0,2,3.061759216641938,1.8318481743335724,6.47325674071908,0.0
1791185197,16,POST,/api/playground/conversations/{conversation_id}/chat/{chat_id}/attachment,3.900000,0.000000,110,110,110,110,120,120,120,120,120,120,120,43,0,110.0,120.65829957163957,62.12736526504159,217.2390501946211,26.0
1791185197,16,TXN,multimodal_e2e,2.400000,0.000000,620,1100,1100,1100,1100,1100,1100,1100,1100,1100,1100,27,0,490.0,654.7475048099403,357.12200636044145,1281.9795282557607,17.25925925925926
1791185197,16,,Aggregated,12.600000,0.000000,75,110,120,420,620,1100,1100,1100,1100,1100,1100,140,0,20,166.61963703643,1.8318481743335724,1281.9795282557607,22.985714285714284
1791185198,16,POST,/api/playground/conversations,3.900000,0.000000,8,8,8,8,8,8,8,8,8,8,8,43,0,7,8.781213367487801,5.331803113222122,20.07337100803852,38.0
1791185198,16,POST,/api/playground/conversations/{conversation_id}/chat/sse,2.400000,0.000000,2,2,3,3,3,3,3,3,3,3,3,27,0,2,3.061759216641938,1.8318481743335724,6.47325674071908,0.0
1791185198,16,POST,/api/playground/conversations/{conversation_id}/chat/{chat_id}/attachment,3.900000,0.000000,110,110,110,110,110,110,110,110,110,110,110,43,0,110.0,120.65829957163957,62.12736526504159,217.2390501946211,26.0
1791185198,16,TXN,multimodal_e2e,2.400000,0.000000,420,420,1100,1100,1100,1100,1100,1100,1100,1100,1100,27,0,490.0,654.7475048099403,357.12200636044145,1281.9795282557607,17.25925925925926
1791185198,16,,Aggregated,12.600000,0.000000,100,110,110,420,420,1100,1100,1100,1100,1100,1100,140,0,20,166.61963703643,1.8318481743335724,1281.9795282557607,22.985714285714284
1791185199,16,POST,/api/playground/conversations,3.900000,0.000000,8,8,8,8,8,8,8,8,8,8,8,43,0,7,8.781213367487801,5.331803113222122,20.07337100803852,38.0
1791185199,16,POST,/api/playground/conversations/{conversation_id}/chat/sse,2.400000,0.000000,2,2,2,2,2,2,2,2,2,2,2,27,0,2,3.061759216641938,1.8318481743335724,6.47325674071908,0.0
1791185199,16,POST,/api/playground/conversations/{conversation_id}/chat/{chat_id}/attachment,3.900000,0.000000,110,110,110,110,110,110,110,110,110,110,110,43,0,110.0,120.65829957163957,62.12736526504159,217.2390501946211,26.0
1791185199,16,TXN,multimodal_e2e,2.400000,0.000000,1100,1100,1100,1100,1100,1100,1100,1100,1100,1100,1100,27,0,490.0,654.7475048099403,357.12200636044145,1281.9795282557607,17.25925925925926
1791185199,16,,Aggregated,12.600000,0.000000,100,110,420,420,1100,1100,1100,1100,1100,1100,1100,140,0,20,166.61963703643,1.8318481743335724,1281.9795282557607,22.985714285714284
1791185200,16,POST,/api/playground/conversations,3.900000,0.000000,8,8,8,8,8,8,8,8,8,8,8,43,0,7,8.781213367487801,5.331803113222122,20.07337100803852,38.0
1791185200,16,POST,/api/playground/conversations/{conversation_id}/chat/sse,2.400000,0.000000,2,2,2,2,2,2,2,2,2,2,2,27,0,2,3.061759216641938,1.8318481743335724,6.47325674071908,0.0
1791185200,16,POST,/api/playground/conversations/{conversation_id}/chat/{chat_id}/attachment,3.900000,0.000000,110,110,110,110,110,110,110,110,110,110,110,43,0,110.0,120.65829957163957,62.12736526504159,217.2390501946211,26.0
1791185200,16,TXN,multimodal_e2e,2.400000,0.000000,1100,1100,1100,1100,1100,1100,1100,1100,1100,1100,1100,27,0,490.0,654.7475048099403,357.12200636044145,1281.9795282557607,17.25925925925926
1791185200,16,,Aggregated,12.600000,0.000000,110,110,110,110,110,110,110,110,110,110,110,140,0,20,166.61963703643,1.8318481743335724,1281.9795282557607,22.985714285714284
1791185201,16,POST,/api/playground/conversations,3.900000,0.000000,8,8,8,8,8,8,8,8,8,8,8,43,0,7,8.781213367487801,5.331803113222122,20.07337100803852,38.0
1791185201,16,POST,/api/playground/conversations/{conversation_id}/chat/sse,2.400000,0.000000,2,2,2,2,2,2,2,2,2,2,2,27,0,2,3.061759216641938,1.8318481743335724,6.47325674071908,0.0
1791185201,16,POST,/api/playground/conversations/{conversation_id}/chat/{chat_id}/attachment,3.900000,0.000000,110,110,110,110,110,110,110,110,110,110,110,43,0,110.0,120.65829957163957,62.12736526504159,217.2390501946211,26.0
1791185201,16,TXN,multimodal_e2e,2.400000,0.000000,1100,1100,1100,1100,1100,1100,1100,1100,1100,1100,1100,27,0,490.0,654.7475048099403,357.12200636044145,1281.9795282557607,17.25925925925926
1791185201,16,,Aggregated,12.600000,0.000000,110,110,110,110,110,110,110,110,110,110,110,140,0,20,166.61963703643,1.8318481743335724,1281.9795282557607,22.985714285714284
1791185202,16,POST,/api/playground/conversations,3.900000,0.000000,8,8,8,8,8,8,8,8,8,8,8,43,0,7,8.781213367487801,5.331803113222122,20.07337100803852,38.0
1791185202,16,POST,/api/playground/conversations/{conversation_id}/chat/sse,2.400000,0.000000,2,2,2,2,2,2,2,2,2,2,2,27,0,2,3.061759216641938,1.8318481743335724,6.47325674071908,0.0
1791185202,16,POST,/api/playground/conversations/{conversation_id}/chat/{chat_id}/attachment,3.900000,0.000000,110,110,110,110,110,110,110,110,110,110,110,43,0,110.0,120.65829957163957,62.12736526504159,217.2390501946211,26.0
1791185202,16,TXN,multimodal_e2e,2.400000,0.000000,1100,1100,1100,1100,1100,1100,1100,1100,1100,1100,1100,27,0,490.0,654.7475048099403,357.12200636044145,1281.9795282557607,17.25925925925926
1791185202,16,,Aggregated,12.600000,0.000000,110,110,110,110,110,110,110,110,110,110,110,140,0,20,166.61963703643,1.8318481743335724,1281.9795282557607,22.985714285714284
1791185203,16,POST,/api/playground/conversations,3.900000,0.000000,8,8,8,8,8,8,8,8,8,8,8,43,0,7,8.781213367487801,5.331803113222122,20.07337100803852,38.0
1791185203,16,POST,/api/playground/conversations/{conversation_id}/chat/sse,2.400000,0.000000,2,2,2,2,2,2,2,2,2,2,2,27,0,2,3.061759216641938,1.8318481743335724,6.47325674071908,0.0
1791185203,16,POST,/api/playground/conversations/{conversation_id}/chat/{chat_id}/attachment,3.900000,0.000000,110,110,110,110,110,110,110,110,110,110,110,43,0,110.0,120.65829957163957,62.12736526504159,217.2390501946211,26.0
1791185203,16,TXN,multimodal_e2e,2.400000,0.000000,1100,1100,1100,1100,1100,1100,1100,1100,1100,1100,1100,27,0,490.0,654.7475048099403,357.12200636044145,1281.9795282557607,17.25925925925926
1791185203,16,,Aggregated,12.600000,0.000000,110,110,110,110,110,110,110,110,110,110,110,140,0,20,166.61963703643,1.8318481743335724,1281.9795282557607,22.985714285714284
1791185204,16,POST,/api/playground/conversations,3.900000,0.000000,8,8,8,8,8,8,8,8,8,8,8,43,0,7,8.781213367487801,5.331803113222122,20.07337100803852,38.0
1791185204,16,POST,/api/playground/conversations/{conversation_id}/chat/sse,2.400000,0.000000,2,2,2,2,2,2,2,2,2,2,2,27,0,2,3.061759216641938,1.8318481743335724,6.47325674071908,0.0
1791185204,16,POST,/api/playground/conversations/{conversation_id}/chat/{chat_id}/attachment,3.900000,0.000000,110,110,110,110,110,110,110,110,110,110,110,43,0,110.0,120.65829957163957,62.12736526504159,217.2390501946211,26.0
1791185204,16,TXN,multimodal_e2e,2.400000,0.000000,1100,1100,1100,1100,1100,1100,1100,1100,1100,1100,1100,27,0,490.0,654.7475048099403,357.12200636044145,1281.9795282557607,17.25925925925926
1791185204,16,,Aggregated,12.600000,0.000000,110,110,110,110,110,110,110,110,110,110,110,140,0,20,166.61963703643,1.8318481743335724,1281.9795282557607,22.985714285714284
1791185205,16,POST,/api/playground/conversations,3.900000,0.000000,8,8,8,8,8,8,8,8,8,8,8,43,0,7,8.781213367487801,5.331803113222122,20.07337100803852,38.0
1791185205,16,POST,/api/playground/conversations/{conversation_id}/chat/sse,2.400000,0.000000,2,2,2,2,2,2,2,2,2,2,2,27,0,2,3.061759216641938,1.8318481743335724,6.47325674071908,0.0
1791185205,16,POST,/api/playground/conversations/{conversation_id}/chat/{chat_id}/attachment,3.900000,0.000000,110,110,110,110,110,110,110,110,110,110,110,43,0,110.0,120.65829957163957,62.12736526504159,217.2390501946211,26.0
1791185205,16,TXN,multimodal_e2e,2.400000,0.000000,1100,1100,1100,1100,1100,1100,1100,1100,1100,1100,1100,27,0,490.0,654.7475048099403,357.12200636044145,1281.9795282557607,17.25925925925926
1791185205,16,,Aggregated,12.600000,0.000000,110,110,110,110,110,110,110,110,110,110,110,140,0,20,166.61963703643,1.8318481743335724,1281.9795282557607,22.985714285714284
1791185206,16,POST,/api/playground/conversations,3.900000,0.000000,8,8,8,8,8,8,8,8,8,8,8,43,0,7,8.781213367487801,5.331803113222122,20.07337100803852,38.0
1791185206,16,POST,/api/playground/conversations/{conversation_id}/chat/sse,2.400000,0.000000,2,2,2,2,2,2,2,2,2,2,2,27,0,2,3.061759216641938,1.8318481743335724,6.47325674071908,0.0
1791185206,16,POST,/api/playground/conversations/{conversation_id}/chat/{chat_id}/attachment,3.900000,0.000000,110,110,110,110,110,110,110,110,110,110,110,43,0,110.0,120.65829957163957,62.12736526504159,217.2390501946211,26.0
1791185206,16,TXN,multimodal_e2e,2.400000,0.000000,1100,1100,1100,1100,1100,1100,1100,1100,1100,1100,1100,27,0,490.0,654.7475048099403,357.12200636044145,1281.9795282557607,17.25925925925926
1791185206,16,,Aggregated,12.600000,0.000000,110,110,110,110,110,110,110,110,110,110,110,140,0,20,166.61963703643,1.8318481743335724,1281.9795282557607,22.985714285714284
1791185207,16,POST,/api/playground/conversations,3.900000,0.000000,8,8,8,8,8,8,8,8,8,8,8,43,0,7,8.781213367487801,5.331803113222122,20.07337100803852,38.0
1791185207,16,POST,/api/playground/conversations/{conversation_id}/chat/sse,2.400000,0.000000,2,2,2,2,2,2,2,2,2,2,2,27,0,2,3.061759216641938,1.8318481743335724,6.47325674071908,0.0
1791185207,16,POST,/api/playground/conversations/{conversation_id}/chat/{chat_id}/attachment,3.900000,0.000000,110,110,110,110,110,110,110,110,110,110,110,43,0,110.0,120.65829957163957,62.12736526504159,217.2390501946211,26.0
1791185207,16,TXN,multimodal_e2e,2.400000,0.000000,1100,1100,1100,1100,1100,1100,1100,1100,1100,1100,1100,27,0,490.0,654.7475048099403,357.12200636044145,1281.9795282557607,17.25925925925926
1791185207,16,,Aggregated,12.600000,0.000000,110,110,110,110,110,110,110,110,110,110,110,140,0,20,166.61963703643,1.8318481743335724,1281.9795282557607,22.985714285714284
1791185208,16,POST,/api/playground/conversations,3.900000,0.000000,0,0,0,0,0,0,0,0,0,0,0,43,0,7,8.781213367487801,5.331803113222122,20.07337100803852,38.0
1791185208,16,POST,/api/playground/conversations/{conversation_id}/chat/sse,2.400000,0.000000,0,0,0,0,0,0,0,0,0,0,0,27,0,2,3.061759216641938,1.8318481743335724,6.47325674071908,0.0
1791185208,16,POST,/api/playground/conversations/{conversation_id}/chat/{chat_id}/attachment,3.900000,0.000000,110,110,110,110,110,110,110,110,110,110,110,43,0,110.0,120.65829957163957,62.12736526504159,217.2390501946211,26.0
1791185208,16,TXN,multimodal_e2e,2.400000,0.000000,0,0,0,0,0,0,0,0,0,0,0,27,0,490.0,654.7475048099403,357.12200636044145,1281.9795282557607,17.25925925925926
1791185208,16,,Aggregated,12.600000,0.000000,110,110,110,110,110,110,110,110,110,110,110,140,0,20,166.61963703643,1.8318481743335724,1281.9795282557607,22.985714285714284
1791185209,16,POST,/api/playground/conversations,3.900000,0.000000,0,0,0,0,0,0,0,0,0,0,0,43,0,7,8.781213367487801,5.331803113222122,20.07337100803852,38.0
1791185209,16,POST,/api/playground/conversations/{conversation_id}/chat/sse,2.400000,0.000000,0,0,0,0,0,0,0,0,0,0,0,27,0,2,3.061759216641938,1.8318481743335724,6.47325674071908,0.0
1791185209,16,POST,/api/playground/conversations/{conversation_id}/chat/{chat_id}/attachment,3.900000,0.000000,0,0,0,0,0,0,0,0,0,0,0,43,0,110.0,120.65829957163957,62.12736526504159,217.2390501946211,26.0
1791185209,16,TXN,multimodal_e2e,2.400000,0.000000,0,0,0,0,0,0,0,0,0,0,0,27,0,490.0,654.7475048099403,357.12200636044145,1281.9795282557607,17.25925925925926
1791185209,16,,Aggregated,12.600000,0.000000,0,0,0,0,0,0,0,0,0,0,0,140,0,20,166.61963703643,1.8318481743335724,1281.9795282557607,22.985714285714284
1791185210,16,POST,/api/playground/conversations,3.900000,0.000000,0,0,0,0,0,0,0,0,0,0,0,43,0,7,8.781213367487801,5.331803113222122,20.07337100803852,38.0
1791185210,16,POST,/api/playground/conversations/{conversation_id}/chat/sse,2.400000,0.000000,0,0,0,0,0,0,0,0,0,0,0,27,0,2,3.061759216641938,1.8318481743335724,6.47325674071908,0.0
1791185210,16,POST,/api/playground/conversations/{conversation_id}/chat/{chat_id}/attachment,3.900000,0.000000,0,0,0,0,0,0,0,0,0,0,0,43,0,110.0,120.65829957163957,62.12736526504159,217.2390501946211,26.0
1791185210,16,TXN,multimodal_e2e,2.400000,0.000000,0,0,0,0,0,0,0,0,0,0,0,27,0,490.0,654.7475048099403,357.12200636044145,1281.9795282557607,17.25925925925926
1791185210,16,,Aggregated,12.600000,0.000000,0,0,0,0,0,0,0,0,0,0,0,140,0,20,166.61963703643,1.8318481743335724,1281.9795282557607,22.985714285714284
1791185211,16,POST,/api/playground/conversations,3.900000,0.000000,0,0,0,0,0,0,0,0,0,0,0,43,0,7,8.781213367487801,5.331803113222122,20.07337100803852,38.0
1791185211,16,POST,/api/playground/conversations/{conversation_id}/chat/sse,2.400000,0.000000,0,0,0,0,0,0,0,0,0,0,0,27,0,2,3.061759216641938,1.8318481743335724,6.47325674071908,0.0
1791185211,16,POST,/api/playground/conversations/{conversation_id}/chat/{chat_id}/attachment,3.900000,0.000000,0,0,0,0,0,0,0,0,0,0,0,43,0,110.0,120.65829957163957,62.12736526504159,217.2390501946211,26.0
1791185211,16,TXN,multimodal_e2e,2.400000,0.000000,0,0,0,0,0,0,0,0,0,0,0,27,0,490.0,654.7475048099403,357.12200636044145,1281.9795282557607,17.25925925925926
1791185211,16,,Aggregated,12.600000,0.000000,0,0,0,0,0,0,0,0,0,0,0,140,0,20,166.61963703643,1.8318481743335724,1281.9795282557607,22.985714285714284
1791185212,16,POST,/api/playground/conversations,3.900000,0.000000,0,0,0,0,0,0,0,0,0,0,0,43,0,7,8.781213367487801,5.331803113222122,20.07337100803852,38.0
1791185212,16,POST,/api/playground/conversations/{conversation_id}/chat/sse,2.400000,0.000000,0,0,0,0,0,0,0,0,0,0,0,27,0,2,3.061759216641938,1.8318481743335724,6.47325674071908,0.0
1791185212,16,POST,/api/playground/conversations/{conversation_id}/chat/{chat_id}/attachment,3.900000,0.000000,0,0,0,0,0,0,0,0,0,0,0,43,0,110.0,120.65829957163957,62.12736526504159,217.2390501946211,26.0
1791185212,16,TXN,multimodal_e2e,2.400000,0.000000,0,0,0,0,0,0,0,0,0,0,0,27,0,490.0,654.7475048099403,357.12200636044145,1281.9795282557607,17.25925925925926
1791185212,16,,Aggregated,12.600000,0.000000,0,0,0,0,0,0,0,0,0,0,0,140,0,20,166.61963703643,1.8318481743335724,1281.9795282557607,22.985714285714284
1791185213,16,POST,/api/playground/conversations,3.900000,0.000000,0,0,0,0,0,0,0,0,0,0,0,43,0,7,8.781213367487801,5.331803113222122,20.07337100803852,38.0
1791185213,16,POST,/api/playground/conversations/{conversation_id}/chat/sse,2.400000,0.000000,0,0,0,0,0,0,0,0,0,0,0,27,0,2,3.061759216641938,1.8318481743335724,6.47325674071908,0.0
1791185213,16,POST,/api/playground/conversations/{conversation_id}/chat/{chat_id}/attachment,3.900000,0.000000,0,0,0,0,0,0,0,0,0,0,0,43,0,110.0,120.65829957163957,62.12736526504159,217.2390501946211,26.0
1791185213,16,TXN,multimodal_e2e,2.400000,0.000000,0,0,0,0,0,0,0,0,0,0,0,27,0,490.0,654.7475048099403,357.12200636044145,1281.9795282557607,17.25925925925926
1791185213,16,,Aggregated,12.600000,0.000000,0,0,0,0,0,0,0,0,0,0,0,140,0,20,166.61963703643,1.8318481743335724,1281.9795282557607,22.985714285714284
1791185214,16,POST,/api/playground/conversations,3.900000,0.000000,0,0,0,0,0,0,0,0,0,0,0,43,0,7,8.781213367487801,5.331803113222122,20.07337100803852,38.0
1791185214,16,POST,/api/playground/conversations/{conversation_id}/chat/sse,2.400000,0.000000,0,0,0,0,0,0,0,0,0,0,0,27,0,2,3.061759216641938,1.8318481743335724,6.47325674071908,0.0
1791185214,16,POST,/api/playground/conversations/{conversation_id}/chat/{chat_id}/attachment,3.900000,0.000000,0,0,0,0,0,0,0,0,0,0,0,43,0,110.0,120.65829957163957,62.12736526504159,217.2390501946211,26.0
1791185214,16,TXN,multimodal_e2e,2.400000,0.000000,0,0,0,0,0,0,0,0,0,0,0,27,0,490.0,654.7475048099403,357.12200636044145,1281.9795282557607,17.25925925925926
1791185214,16,,Aggregated,12.600000,0.000000,0,0,0,0,0,0,0,0,0,0,0,140,0,20,166.61963703643,1.8318481743335724,1281.9795282557607,22.985714285714284
1791185215,16,POST,/api/playground/conversations,3.900000,0.000000,0,0,0,0,0,0,0,0,0,0,0,43,0,7,8.781213367487801,5.331803113222122,20.07337100803852,38.0
1791185215,16,POST,/api/playground/conversations/{conversation_id}/chat/sse,2.400000,0.000000,0,0,0,0,0,0,0,0,0,0,0,27,0,2,3.061759216641938,1.8318481743335724,6.47325674071908,0.0
1791185215,16,POST,/api/playground/conversations/{conversation_id}/chat/{chat_id}/attachment,3.900000,0.000000,0,0,0,0,0,0,0,0,0,0,0,43,0,110.0,120.65829957163957,62.12736526504159,217.2390501946211,26.0
1791185215,16,TXN,multimodal_e2e,2.400000,0.000000,0,0,0,0,0,0,0,0,0,0,0,27,0,490.0,654.7475048099403,357.12200636044145,1281.9795282557607,17.25925925925926
1791185215,16,,Aggregated,12.600000,0.000000,0,0,0,0,0,0,0,0,0,0,0,140,0,20,166.61963703643,1.8318481743335724,1281.9795282557607,22.985714285714284
1791185216,16,POST,/api/playground/conversations,3.900000,0.000000,0,0,0,0,0,0,0,0,0,0,0,43,0,7,8.781213367487801,5.331803113222122,20.07337100803852,38.0
1791185216,16,POST,/api/playground/conversations/{conversation_id}/chat/sse,2.400000,0.000000,0,0,0,0,0,0,0,0,0,0,0,27,0,2,3.061759216641938,1.8318481743335724,6.47325674071908,0.0
1791185216,16,POST,/api/playground/conversations/{conversation_id}/chat/{chat_id}/attachment,3.900000,0.000000,0,0,0,0,0,0,0,0,0,0,0,43,0,110.0,120.65829957163957,62.12736526504159,217.2390501946211,26.0
1791185216,16,TXN,multimodal_e2e,2.400000,0.000000,0,0,0,0,0,0,0,0,0,0,0,27,0,490.0,654.7475048099403,357.12200636044145,1281.9795282557607,17.25925925925926
1791185216,16,,Aggregated,12.600000,0.000000,0,0,0,0,0,0,0,0,0,0,0,140,0,20,166.61963703643,1.8318481743335724,1281.9795282557607,22.985714285714284
1791185217,16,POST,/api/playground/conversations,3.900000,0.000000,0,0,0,0,0,0,0,0,0,0,0,43,0,7,8.781213367487801,5.331803113222122,20.07337100803852,38.0
1791185217,16,POST,/api/playground/conversations/{conversation_id}/chat/sse,2.400000,0.000000,0,0,0,0,0,0,0,0,0,0,0,27,0,2,3.061759216641938,1.8318481743335724,6.47325674071908,0.0
1791185217,16,POST,/api/playground/conversations/{conversation_id}/chat/{chat_id}/attachment,3.900000,0.000000,0,0,0,0,0,0,0,0,0,0,0,43,0,110.0,120.65829957163957,62.12736526504159,217.2390501946211,26.0
1791185217,16,TXN,multimodal_e2e,2.400000,0.000000,0,0,0,0,0,0,0,0,0,0,0,27,0,490.0,654.7475048099403,357.12200636044145,1281.9795282557607,17.25925925925926
1791185217,16,,Aggregated,12.600000,0.000000,0,0,0,0,0,0,0,0,0,0,0,140,0,20,166.61963703643,1.8318481743335724,1281.9795282557607,22.985714285714284
1791185218,16,POST,/api/playground/conversations,3.900000,0.000000,0,0,0,0,0,0,0,0,0,0,0,43,0,7,8.781213367487801,5.331803113222122,20.07337100803852,38.0
1791185218,16,POST,/api/playground/conversations/{conversation_id}/chat/sse,2.400000,0.000000,0,0,0,0,0,0,0,0,0,0,0,27,0,2,3.061759216641938,1.8318481743335724,6.47325674071908,0.0
1791185218,16,POST,/api/playground/conversations/{conversation_id}/chat/{chat_id}/attachment,3.900000,0.000000,0,0,0,0,0,0,0,0,0,0,0,43,0,110.0,120.65829957163957,62.12736526504159,217.2390501946211,26.0
1791185218,16,TXN,multimodal_e2e,2.400000,0.000000,0,0,0,0,0,0,0,0,0,0,0,27,0,490.0,654.7475048099403,357.12200636044145,1281.9795282557607,17.25925925925926
1791185218,16,,Aggregated,12.600000,0.000000,0,0,0,0,0,0,0,0,0,0,0,140,0,20,166.61963703643,1.8318481743335724,1281.9795282557607,22.985714285714284
1791185219,16,POST,/api/playground/conversations,3.900000,0.000000,0,0,0,0,0,0,0,0,0,0,0,43,0,7,8.781213367487801,5.331803113222122,20.07337100803852,38.0
1791185219,16,POST,/api/playground/conversations/{conversation_id}/chat/sse,2.400000,0.000000,0,0,0,0,0,0,0,0,0,0,0,27,0,2,3.061759216641938,1.8318481743335724,6.47325674071908,0.0
1791185219,16,POST,/api/playground/conversations/{conversation_id}/chat/{chat_id}/attachment,3.900000,0.000000,0,0,0,0,0,0,0,0,0,0,0,43,0,110.0,120.65829957163957,62.12736526504159,217.2390501946211,26.0
1791185219,16,TXN,multimodal_e2e,2.400000,0.000000,0,0,0,0,0,0,0,0,0,0,0,27,0,490.0,654.7475048099403,357.12200636044145,1281.9795282557607,17.25925925925926
1791185219,16,,Aggregated,12.600000,0.000000,0,0,0,0,0,0,0,0,0,0,0,140,0,20,166.61963703643,1.8318481743335724,1281.9795282557607,22.985714285714284
1791185220,16,POST,/api/playground/conversations,3.900000,0.000000,0,0,0,0,0,0,0,0,0,0,0,43,0,7,8.781213367487801,5.331803113222122,20.07337100803852,38.0
1791185220,16,POST,/api/playground/conversations/{conversation_id}/chat/sse,2.400000,0.000000,0,0,0,0,0,0,0,0,0,0,0,27,0,2,3.061759216641938,1.8318481743335724,6.47325674071908,0.0
1791185220,16,POST,/api/playground/conversations/{conversation_id}/chat/{chat_id}/attachment,3.900000,0.000000,0,0,0,0,0,0,0,0,0,0,0,43,0,110.0,120.65829957163957,62.12736526504159,217.2390501946211,26.0
1791185220,16,TXN,multimodal_e2e,2.400000,0.000000,0,0,0,0,0,0,0,0,0,0,0,27,0,490.0,654.7475048099403,357.12200636044145,1281.9795282557607,17.25925925925926
1791185220,16,,Aggregated,12.600000,0.000000,0,0,0,0,0,0,0,0,0,0,0,140,0,20,166.61963703643,1.8318481743335724,1281.9795282557607,22.985714285714284
1791185221,16,POST,/api/playground/conversations,3.900000,0.000000,0,0,0,0,0,0,0,0,0,0,0,43,0,7,8.781213367487801,5.331803113222122,20.07337100803852,38.0
1791185221,16,POST,/api/playground/conversations/{conversation_id}/chat/sse,2.400000,0.000000,0,0,0,0,0,0,0,0,0,0,0,27,0,2,3.061759216641938,1.8318481743335724,6.47325674071908,0.0
1791185221,16,POST,/api/playground/conversations/{conversation_id}/chat/{chat_id}/attachment,3.900000,0.000000,0,0,0,0,0,0,0,0,0,0,0,43,0,110.0,120.65829957163957,62.12736526504159,217.2390501946211,26.0
1791185221,16,TXN,multimodal_e2e,2.400000,0.000000,0,0,0,0,0,0,0,0,0,0,0,27,0,490.0,654.7475048099403,357.12200636044145,1281.9795282557607,17.25925925925926
1791185221,16,,Aggregated,12.600000,0.000000,0,0,0,0,0,0,0,0,0,0,0,140,0,20,166.61963703643,1.8318481743335724,1281.9795282557607,22.985714285714284
1791185222,16,POST,/api/playground/conversations,3.900000,0.000000,0,0,0,0,0,0,0,0,0,0,0,43,0,7,8.781213367487801,5.331803113222122,20.07337100803852,38.0
1791185222,16,POST,/api/playground/conversations/{conversation_id}/chat/sse,2.400000,0.000000,0,0,0,0,0,0,0,0,0,0,0,27,0,2,3.061759216641938,1.8318481743335724,6.47325674071908,0.0
1791185222,16,POST,/api/playground/conversations/{conversation_id}/chat/{chat_id}/attachment,3.900000,0.000000,0,0,0,0,0,0,0,0,0,0,0,43,0,110.0,120.65829957163957,62.12736526504159,217.2390501946211,26.0
1791185222,16,TXN,multimodal_e2e,2.400000,0.000000,0,0,0,0,0,0,0,0,0,0,0,27,0,490.0,654.7475048099403,357.12200636044145,1281.9795282557607,17.25925925925926
1791185222,16,,Aggregated,12.600000,0.000000,0,0,0,0,0,0,0,0,0,0,0,140,0,20,166.61963703643,1.8318481743335724,1281.9795282557607,22.985714285714284
1791185223,16,POST,/api/playground/conversations,3.900000,0.000000,0,0,0,0,0,0,0,0,0,0,0,43,0,7,8.781213367487801,5.331803113222122,20.07337100803852,38.0
1791185223,16,POST,/api/playground/conversations/{conversation_id}/chat/sse,2.400000,0.000000,0,0,0,0,0,0,0,0,0,0,0,27,0,2,3.061759216641938,1.8318481743335724,6.47325674071908,0.0
1791185223,16,POST,/api/playground/conversations/{conversation_id}/chat/{chat_id}/attachment,3.900000,0.000000,0,0,0,0,0,0,0,0,0,0,0,43,0,110.0,120.65829957163957,62.12736526504159,217.2390501946211,26.0
1791185223,16,TXN,multimodal_e2e,2.400000,0.000000,0,0,0,0,0,0,0,0,0,0,0,27,0,490.0,654.7475048099403,357.12200636044145,1281.9795282557607,17.25925925925926
1791185223,16,,Aggregated,12.600000,0.000000,0,0,0,0,0,0,0,0,0,0,0,140,0,20,166.61963703643,1.8318481743335724,1281.9795282557607,22.985714285714284
1791185224,16,POST,/api/playground/conversations,3.900000,0.000000,0,0,0,0,0,0,0,0,0,0,0,43,0,7,8.781213367487801,5.331803113222122,20.07337100803852,38.0
1791185224,16,POST,/api/playground/conversations/{conversation_id}/chat/sse,2.400000,0.000000,0,0,0,0,0,0,0,0,0,0,0,27,0,2,3.061759216641938,1.8318481743335724,6.47325674071908,0.0
1791185224,16,POST,/api/playground/conversations/{conversation_id}/chat/{chat_id}/attachment,3.900000,0.000000,0,0,0,0,0,0,0,0,0,0,0,43,0,110.0,120.65829957163957,62.12736526504159,217.2390501946211,26.0
1791185224,16,TXN,multimodal_e2e,2.400000,0.000000,0,0,0,0,0,0,0,0,0,0,0,27,0,490.0,654.7475048099403,357.12200636044145,1281.9795282557607,17.25925925925926
1791185224,16,,Aggregated,12.600000,0.000000,0,0,0,0,0,0,0,0,0,0,0,140,0,20,166.61963703643,1.8318481743335724,1281.9795282557607,22.985714285714284
1791185225,16,POST,/api/playground/conversations,3.900000,0.000000,0,0,0,0,0,0,0,0,0,0,0,43,0,7,8.781213367487801,5.331803113222122,20.07337100803852,38.0
1791185225,16,POST,/api/playground/conversations/{conversation_id}/chat/sse,2.400000,0.000000,0,0,0,0,0,0,0,0,0,0,0,27,0,2,3.061759216641938,1.8318481743335724,6.47325674071908,0.0
1791185225,16,POST,/api/playground/conversations/{conversation_id}/chat/{chat_id}/attachment,3.900000,0.000000,0,0,0,0,0,0,0,0,0,0,0,43,0,110.0,120.65829957163957,62.12736526504159,217.2390501946211,26.0
1791185225,16,TXN,multimodal_e2e,2.400000,0.000000,0,0,0,0,0,0,0,0,0,0,0,27,0,490.0,654.7475048099403,357.12200636044145,1281.9795282557607,17.25925925925926
1791185225,16,,Aggregated,12.600000,0.000000,0,0,0,0,0,0,0,0,0,0,0,140,0,20,166.61963703643,1.8318481743335724,1281.9795282557607,22.985714285714284
1791185226,16,POST,/api/playground/conversations,3.900000,0.000000,0,0,0,0,0,0,0,0,0,0,0,43,0,7,8.781213367487801,5.331803113222122,20.07337100803852,38.0
1791185226,16,POST,/api/playground/conversations/{conversation_id}/chat/sse,2.400000,0.000000,0,0,0,0,0,0,0,0,0,0,0,27,0,2,3.061759216641938,1.8318481743335724,6.47325674071908,0.0
1791185226,16,POST,/api/playground/conversations/{conversation_id}/chat/{chat_id}/attachment,3.900000,0.000000,0,0,0,0,0,0,0,0,0,0,0,43,0,110.0,120.65829957163957,62.12736526504159,217.2390501946211,26.0
1791185226,16,TXN,multimodal_e2e,2.400000,0.000000,0,0,0,0,0,0,0,0,0,0,0,27,0,490.0,654.7475048099403,357.12200636044145,1281.9795282557607,17.25925925925926
1791185226,16,,Aggregated,12.600000,0.000000,0,0,0,0,0,0,0,0,0,0,0,140,0,20,166.61963703643,1.8318481743335724,1281.9795282557607,22.985714285714284
1791185227,16,POST,/api/playground/conversations,3.900000,0.000000,0,0,0,0,0,0,0,0,0,0,0,43,0,7,8.781213367487801,5.331803113222122,20.07337100803852,38.0
1791185227,16,POST,/api/playground/conversations/{conversation_id}/chat/sse,2.400000,0.000000,0,0,0,0,0,0,0,0,0,0,0,27,0,2,3.061759216641938,1.8318481743335724,6.47325674071908,0.0
1791185227,16,POST,/api/playground/conversations/{conversation_id}/chat/{chat_id}/attachment,3.900000,0.000000,0,0,0,0,0,0,0,0,0,0,0,43,0,110.0,120.65829957163957,62.12736526504159,217.2390501946211,26.0
1791185227,16,TXN,multimodal_e2e,2.400000,0.000000,0,0,0,0,0,0,0,0,0,0,0,27,0,490.0,654.7475048099403,357.12200636044145,1281.9795282557607,17.25925925925926
1791185227,16,,Aggregated,12.600000,0.000000,0,0,0,0,0,0,0,0,0,0,0,140,0,20,166.61963703643,1.8318481743335724,1281.9795282557607,22.985714285714284
1791185228,16,POST,/api/playground/conversations,3.900000,0.000000,0,0,0,0,0,0,0,0,0,0,0,43,0,7,8.781213367487801,5.331803113222122,20.07337100803852,38.0
1791185228,16,POST,/api/playground/conversations/{conversation_id}/chat/sse,2.400000,0.000000,0,0,0,0,0,0,0,0,0,0,0,27,0,2,3.061759216641938,1.8318481743335724,6.47325674071908,0.0
1791185228,16,POST,/api/playground/conversations/{conversation_id}/chat/{chat_id}/attachment,3.900000,0.000000,0,0,0,0,0,0,0,0,0,0,0,43,0,110.0,120.65829957163957,62.12736526504159,217.2390501946211,26.0
1791185228,16,TXN,multimodal_e2e,2.400000,0.000000,0,0,0,0,0,0,0,0,0,0,0,27,0,490.0,654.7475048099403,357.12200636044145,1281.9795282557607,17.25925925925926
1791185228,16,,Aggregated,12.600000,0.000000,0,0,0,0,0,0,0,0,0,0,0,140,0,20,166.61963703643,1.8318481743335724,1281.9795282557607,22.985714285714284
1791185229,16,POST,/api/playground/conversations,3.900000,0.000000,0,0,0,0,0,0,0,0,0,0,0,43,0,7,8.781213367487801,5.331803113222122,20.07337100803852,38.0
1791185229,16,POST,/api/playground/conversations/{conversation_id}/chat/sse,2.400000,0.000000,0,0,0,0,0,0,0,0,0,0,0,27,0,2,3.061759216641938,1.8318481743335724,6.47325674071908,0.0
1791185229,16,POST,/api/playground/conversations/{conversation_id}/chat/{chat_id}/attachment,3.900000,0.000000,0,0,0,0,0,0,0,0,0,0,0,43,0,110.0,120.65829957163957,62.12736526504159,217.2390501946211,26.0
1791185229,16,TXN,multimodal_e2e,2.400000,0.000000,0,0,0,0,0,0,0,0,0,0,0,27,0,490.0,654.7475048099403,357.12200636044145,1281.9795282557607,17.25925925925926
1791185229,16,,Aggregated,12.600000,0.000000,0,0,0,0,0,0,0,0,0,0,0,140,0,20,166.61963703643,1.8318481743335724,1281.9795282557607,22.985714285714284
1791185230,16,POST,/api/playground/conversations,3.900000,0.000000,0,0,0,0,0,0,0,0,0,0,0,43,0,7,8.781213367487801,5.331803113222122,20.07337100803852,38.0
1791185230,16,POST,/api/playground/conversations/{conversation_id}/chat/sse,2.400000,0.000000,0,0,0,0,0,0,0,0,0,0,0,27,0,2,3.061759216641938,1.8318481743335724,6.47325674071908,0.0
1791185230,16,POST,/api/playground/conversations/{conversation_id}/chat/{chat_id}/attachment,3.900000,0.000000,0,0,0,0,0,0,0,0,0,0,0,43,0,110.0,120.65829957163957,62.12736526504159,217.2390501946211,26.0
1791185230,16,TXN,multimodal_e2e,2.400000,0.000000,0,0,0,0,0,0,0,0,0,0,0,27,0,490.0,654.7475048099403,357.12200636044145,1281.9795282557607,17.25925925925926
1791185230,16,,Aggregated,12.600000,0.000000,0,0,0,0,0,0,0,0,0,0,0,140,0,20,166.61963703643,1.8318481743335724,1281.9795282557607,22.985714285714284
1791185231,16,POST,/api/playground/conversations,3.900000,0.000000,0,0,0,0,0,0,0,0,0,0,0,43,0,7,8.781213367487801,5.331803113222122,20.07337100803852,38.0
1791185231,16,POST,/api/playground/conversations/{conversation_id}/chat/sse,2.400000,0.000000,0,0,0,0,0,0,0,0,0,0,0,27,0,2,3.061759216641938,1.8318481743335724,6.47325674071908,0.0
1791185231,16,POST,/api/playground/conversations/{conversation_id}/chat/{chat_id}/attachment,3.900000,0.000000,0,0,0,0,0,0,0,0,0,0,0,43,0,110.0,120.65829957163957,62.12736526504159,217.2390501946211,26.0
1791185231,16,TXN,multimodal_e2e,2.400000,0.000000,0,0,0,0,0,0,0,0,0,0,0,27,0,490.0,654.7475048099403,357.12200636044145,1281.9795282557607,17.25925925925926
1791185231,16,,Aggregated,12.600000,0.000000,0,0,0,0,0,0,0,0,0,0,0,140,0,20,166.61963703643,1.8318481743335724,1281.9795282557607,22.985714285714284
1791185232,16,POST,/api/playground/conversations,3.900000,0.000000,0,0,0,0,0,0,0,0,0,0,0,43,0,7,8.781213367487801,5.331803113222122,20.07337100803852,38.0
1791185232,16,POST,/api/playground/conversations/{conversation_id}/chat/sse,2.400000,0.000000,0,0,0,0,0,0,0,0,0,0,0,27,0,2,3.061759216641938,1.8318481743335724,6.47325674071908,0.0
1791185232,16,POST,/api/playground/conversations/{conversation_id}/chat/{chat_id}/attachment,3.900000,0.000000,0,0,0,0,0,0,0,0,0,0,0,43,0,110.0,120.65829957163957,62.12736526504159,217.2390501946211,26.0
1791185232,16,TXN,multimodal_e2e,2.400000,0.000000,0,0,0,0,0,0,0,0,0,0,0,27,0,490.0,654.7475048099403,357.12200636044145,1281.9795282557607,17.25925925925926
1791185232,16,,Aggregated,12.600000,0.000000,0,0,0,0,0,0,0,0,0,0,0,140,0,20,166.61963703643,1.8318481743335724,1281.9795282557607,22.985714285714284
1791185233,16,POST,/api/playground/conversations,3.900000,0.000000,0,0,0,0,0,0,0,0,0,0,0,43,0,7,8.781213367487801,5.331803113222122,20.07337100803852,38.0
1791185233,16,POST,/api/playground/conversations/{conversation_id}/chat/sse,2.400000,0.000000,0,0,0,0,0,0,0,0,0,0,0,27,0,2,3.061759216641938,1.8318481743335724,6.47325674071908,0.0
1791185233,16,POST,/api/playground/conversations/{conversation_id}/chat/{chat_id}/attachment,3.900000,0.000000,0,0,0,0,0,0,0,0,0,0,0,43,0,110.0,120.65829957163957,62.12736526504159,217.2390501946211,26.0
1791185233,16,TXN,multimodal_e2e,2.400000,0.000000,0,0,0,0,0,0,0,0,0,0,0,27,0,490.0,654.7475048099403,357.12200636044145,1281.9795282557607,17.25925925925926
1791185233,16,,Aggregated,12.600000,0.000000,0,0,0,0,0,0,0,0,0,0,0,140,0,20,166.61963703643,1.8318481743335724,1281.9795282557607,22.985714285714284
1791185234,16,POST,/api/playground/conversations,3.900000,0.000000,0,0,0,0,0,0,0,0,0,0,0,43,0,7,8.781213367487801,5.331803113222122,20.07337100803852,38.0
1791185234,16,POST,/api/playground/conversations/{conversation_id}/chat/sse,2.400000,0.000000,0,0,0,0,0,0,0,0,0,0,0,27,0,2,3.061759216641938,1.8318481743335724,6.47325674071908,0.0
1791185234,16,POST,/api/playground/conversations/{conversation_id}/chat/{chat_id}/attachment,3.900000,0.000000,0,0,0,0,0,0,0,0,0,0,0,43,0,110.0,120.65829957163957,62.12736526504159,217.2390501946211,26.0
1791185234,16,TXN,multimodal_e2e,2.400000,0.000000,0,0,0,0,0,0,0,0,0,0,0,27,0,490.0,654.7475048099403,357.12200636044145,1281.9795282557607,17.25925925925926
1791185234,16,,Aggregated,12.600000,0.000000,0,0,0,0,0,0,0,0,0,0,0,140,0,20,166.61963703643,1.8318481743335724,1281.9795282557607,22.985714285714284
1791185235,16,POST,/api/playground/conversations,3.900000,0.000000,0,0,0,0,0,0,0,0,0,0,0,43,0,7,8.781213367487801,5.331803113222122,20.07337100803852,38.0
1791185235,16,POST,/api/playground/conversations/{conversation_id}/chat/sse,2.400000,0.000000,0,0,0,0,0,0,0,0,0,0,0,27,0,2,3.061759216641938,1.8318481743335724,6.47325674071908,0.0
1791185235,16,POST,/api/playground/conversations/{conversation_id}/chat/{chat_id}/attachment,3.900000,0.000000,0,0,0,0,0,0,0,0,0,0,0,43,0,110.0,120.65829957163957,62.12736526504159,217.2390501946211,26.0
1791185235,16,TXN,multimodal_e2e,2.400000,0.000000,0,0,0,0,0,0,0,0,0,0,0,27,0,490.0,654.7475048099403,357.12200636044145,1281.9795282557607,17.25925925925926
1791185235,16,,Aggregated,12.600000,0.000000,0,0,0,0,0,0,0,0,0,0,0,140,0,20,166.61963703643,1.8318481743335724,1281.9795282557607,22.985714285714284
1791185236,16,POST,/api/playground/conversations,3.900000,0.000000,0,0,0,0,0,0,0,0,0,0,0,43,0,7,8.781213367487801,5.331803113222122,20.07337100803852,38.0
1791185236,16,POST,/api/playground/conversations/{conversation_id}/chat/sse,2.400000,0.000000,0,0,0,0,0,0,0,0,0,0,0,27,0,2,3.061759216641938,1.8318481743335724,6.47325674071908,0.0
1791185236,16,POST,/api/playground/conversations/{conversation_id}/chat/{chat_id}/attachment,3.900000,0.000000,0,0,0,0,0,0,0,0,0,0,0,43,0,110.0,120.65829957163957,62.12736526504159,217.2390501946211,26.0
1791185236,16,TXN,multimodal_e2e,2.400000,0.000000,0,0,0,0,0,0,0,0,0,0,0,27,0,490.0,654.7475048099403,357.12200636044145,1281.9795282557607,17.25925925925926
1791185236,16,,Aggregated,12.600000,0.000000,0,0,0,0,0,0,0,0,0,0,0,140,0,20,166.61963703643,1.8318481743335724,1281.9795282557607,22.985714285714284
1791185237,16,POST,/api/playground/conversations,3.900000,0.000000,0,0,0,0,0,0,0,0,0,0,0,43,0,7,8.781213367487801,5.331803113222122,20.07337100803852,38.0
1791185237,16,POST,/api/playground/conversations/{conversation_id}/chat/sse,2.400000,0.000000,0,0,0,0,0,0,0,0,0,0,0,27,0,2,3.061759216641938,1.8318481743335724,6.47325674071908,0.0
1791185237,16,POST,/api/playground/conversations/{conversation_id}/chat/{chat_id}/attachment,3.900000,0.000000,0,0,0,0,0,0,0,0,0,0,0,43,0,110.0,120.65829957163957,62.12736526504159,217.2390501946211,26.0
1791185237,16,TXN,multimodal_e2e,2.400000,0.000000,0,0,0,0,0,0,0,0,0,0,0,27,0,490.0,654.7475048099403,357.12200636044145,1281.9795282557607,17.25925925925926
1791185237,16,,Aggregated,12.600000,0.000000,0,0,0,0,0,0,0,0,0,0,0,140,0,20,166.61963703643,1.8318481743335724,1281.9795282557607,22.985714285714284
1791185238,16,POST,/api/playground/conversations,3.900000,0.000000,0,0,0,0,0,0,0,0,0,0,0,43,0,7,8.781213367487801,5.331803113222122,20.07337100803852,38.0
1791185238,16,POST,/api/playground/conversations/{conversation_id}/chat/sse,2.400000,0.000000,0,0,0,0,0,0,0,0,0,0,0,27,0,2,3.061759216641938,1.8318481743335724,6.47325674071908,0.0
1791185238,16,POST,/api/playground/conversations/{conversation_id}/chat/{chat_id}/attachment,3.900000,0.000000,0,0,0,0,0,0,0,0,0,0,0,43,0,110.0,120.65829957163957,62.12736526504159,217.2390501946211,26.0
1791185238,16,TXN,multimodal_e2e,2.400000,0.000000,0,0,0,0,0,0,0,0,0,0,0,27,0,490.0,654.7475048099403,357.12200636044145,1281.9795282557607,17.25925925925926
1791185238,16,,Aggregated,12.600000,0.000000,0,0,0,0,0,0,0,0,0,0,0,140,0,20,166.61963703643,1.8318481743335724,1281.9795282557607,22.985714285714284
1791185239,16,POST,/api/playground/conversations,3.900000,0.000000,0,0,0,0,0,0,0,0,0,0,0,43,0,7,8.781213367487801,5.331803113222122,20.07337100803852,38.0
1791185239,16,POST,/api/playground/conversations/{conversation_id}/chat/sse,2.400000,0.000000,0,0,0,0,0,0,0,0,0,0,0,27,0,2,3.061759216641938,1.8318481743335724,6.47325674071908,0.0
1791185239,16,POST,/api/playground/conversations/{conversation_id}/chat/{chat_id}/attachment,3.900000,0.000000,0,0,0,0,0,0,0,0,0,0,0,43,0,110.0,120.65829957163957,62.12736526504159,217.2390501946211,26.0
1791185239,16,TXN,multimodal_e2e,2.400000,0.000000,0,0,0,0,0,0,0,0,0,0,0,27,0,490.0,654.7475048099403,357.12200636044145,1281.9795282557607,17.25925925925926
1791185239,16,,Aggregated,12.600000,0.000000,0,0,0,0,0,0,0,0,0,0,0,140,0,20,166.61963703643,1.8318481743335724,1281.9795282557607,22.985714285714284
1791185240,16,POST,/api/playground/conversations,0.000000,0.000000,10,10,10,10,10,10,10,10,10,10,10,44,0,7,8.818481149236588,5.331803113222122,20.07337100803852,38.0
1791185240,16,POST,/api/playground/conversations/{conversation_id}/chat/sse,0.000000,0.000000,5,5,5,5,5,5,5,5,5,5,5,28,0,2,3.1139186383890256,1.8318481743335724,6.47325674071908,0.0
1791185240,16,POST,/api/playground/conversations/{conversation_id}/chat/{chat_id}/attachment,0.000000,0.000000,0,0,0,0,0,0,0,0,0,0,0,44,0,110.0,120.4278212654489,62.12736526504159,217.2390501946211,26.0
1791185240,16,TXN,multimodal_e2e,0.000000,0.000000,60000,60000,60000,60000,60000,60000,60000,60000,60000,60000,60000,28,0,490.0,2781.7711036685587,357.12200636044145,60211.40827285126,17.857142857142858
1791185240,16,,Aggregated,0.000000,0.000000,110,110,60000,60000,60000,60000,60000,60000,60000,60000,60000,144,0,20,580.9973467419493,1.8318481743335724,60211.40827285126,23.02777777777778
1791185241,16,POST,/api/playground/conversations,0.000000,0.000000,10,10,10,10,10,10,10,10,10,10,10,47,0,7,8.767785999844683,5.331803113222122,20.07337100803852,38.0
1791185241,16,POST,/api/playground/conversations/{conversation_id}/chat/sse,0.000000,0.000000,2,2,5,5,5,5,5,5,5,5,5,31,0,2,3.0062665952549827,1.8318481743335724,6.47325674071908,0.0
1791185241,16,POST,/api/playground/conversations/{conversation_id}/chat/{chat_id}/attachment,0.000000,0.000000,110,110,110,110,110,110,110,110,110,110,110,47,0,110.0,118.51454150684654,62.12736526504159,217.2390501946211,26.0
1791185241,16,TXN,multimodal_e2e,0.000000,0.000000,60000,60000,60000,60000,60000,60000,60000,60000,60000,60000,60000,31,0,540.0,6430.116270188122,357.12200636044145,60211.40827285126,18.903225806451612
1791185241,16,,Aggregated,0.000000,0.000000,68,110,1100,1100,60000,60000,60000,60000,60000,60000,60000,156,0,20,1316.724795083969,1.8318481743335724,60211.40827285126,23.03846153846154
1791185242,16,POST,/api/playground/conversations,0.100000,0.000000,10,10,10,10,10,10,10,10,10,10,10,49,0,7,8.731459286444041,5.331803113222122,20.07337100803852,38.0
1791185242,16,POST,/api/playground/conversations/{conversation_id}/chat/sse,0.100000,0.000000,2,2,3,3,5,5,5,5,5,5,5,33,0,2,2.9778352684595366,1.8318481743335724,6.47325674071908,0.0
1791185242,16,POST,/api/playground/conversations/{conversation_id}/chat/{chat_id}/attachment,0.000000,0.000000,110,110,120,120,120,120,120,120,120,120,120,49,0,110.0,118.75495482806345,62.12736526504159,217.2390501946211,26.0
1791185242,16,TXN,multimodal_e2e,0.100000,0.000000,60000,60000,60000,60000,60000,60000,60000,60000,60000,60000,60000,33,0,570.0,7890.738348871695,357.12200636044145,60211.40827285126,20.060606060606062
1791185242,16,,Aggregated,0.300000,0.000000,68,110,870,1100,60000,60000,60000,60000,60000,60000,60000,164,0,20,1626.4601729770486,1.8318481743335724,60211.40827285126,23.158536585365855
1791185243,16,POST,/api/playground/conversations,0.200000,0.000000,6,9,10,10,13,21,21,21,21,21,21,58,1,7,8.564949212274675,0.9530703537166119,20.987344905734062,37.3448275862069
1791185243,16,POST,/api/playground/conversations/{conversation_id}/chat/sse,0.200000,0.000000,2,2,3,3,4,5,5,5,5,5,5,41,0,2,2.8623814308425275,1.8318481743335724,6.47325674071908,0.0
1791185243,16,POST,/api/playground/conversations/{conversation_id}/chat/{chat_id}/attachment,0.100000,0.000000,110,110,120,120,130,130,130,130,130,130,130,56,0,110.0,117.54688756108018,62.12736526504159,217.2390501946211,26.0
1791185243,16,TXN,multimodal_e2e,0.200000,0.000000,1300,60000,60000,60000,60000,60000,60000,60000,60000,60000,60000,42,1,570.0,10595.31368346264,1.2341821566224098,60215.0548058562,20.666666666666668
1791185243,16,,Aggregated,0.700000,0.000000,13,110,130,560,60000,60000,60000,60000,60000,60000,60000,197,2,20,2295.4310918874507,0.9530703537166119,60215.0548058562,22.79187817258883
1791185244,16,POST,/api/playground/conversations,0.400000,0.000000,6,9,10,10,13,21,21,21,21,21,21,59,1,7,8.525915854310584,0.9530703537166119,20.987344905734062,37.355932203389834
1791185244,16,POST,/api/playground/conversations/{conversation_id}/chat/sse,0.400000,0.000000,2,2,3,4,5,8,8,8,8,8,8,42,0,2,2.990222613637646,1.8318481743335724,8.231711108237505,0.0
1791185244,16,POST,/api/playground/conversations/{conversation_id}/chat/{chat_id}/attachment,0.400000,0.000000,110,110,120,120,130,130,130,130,130,130,130,58,0,110.0,117.24964553361824,62.12736526504159,217.2390501946211,26.0
1791185244,16,TXN,multimodal_e2e,0.400000,0.000000,60000,60000,60000,60000,60000,60000,60000,60000,60000,60000,60000,43,1,620.0,11750.93141963792,1.2341821566224098,60286.87633899972,20.930232558139537
1791185244,16,,Aggregated,1.600000,0.000000,21,110,130,560,60000,60000,60000,60000,60000,60000,60000,202,2,20,2538.2136082700868,0.9530703537166119,60286.87633899972,22.831683168316832
1791185245,16,POST,/api/playground/conversations,0.600000,0.000000,7,10,10,11,20,21,33,33,33,33,33,65,1,7,9.008595476356836,0.9530703537166119,33.36374182254076,37.41538461538462
1791185245,16,POST,/api/playground/conversations/{conversation_id}/chat/sse,0.700000,0.000000,2,2,3,3,4,5,8,8,8,8,8,48,0,2,2.893610653700307,1.820132602006197,8.231711108237505,0.0
1791185245,16,POST,/api/playground/conversations/{conversation_id}/chat/{chat_id}/attachment,0.600000,0.000000,110,120,130,130,140,140,140,140,140,140,140,64,0,110.0,118.59234989242395,62.12736526504159,217.2390501946211,26.0
1791185245,16,TXN,multimodal_e2e,0.700000,0.000000,1400,60000,60000,60000,60000,60000,60000,60000,60000,60000,60000,49,1,640.0,12843.846128331686,1.2341821566224098,60286.87633899972,21.26530612244898
1791185245,16,,Aggregated,2.600000,0.000000,33,120,140,560,60000,60000,60000,60000,60000,60000,60000,226,2,21,2821.516914596056,0.9530703537166119,60286.87633899972,22.734513274336283
1791185246,16,POST,/api/playground/conversations,1.500000,0.100000,7,9,10,11,20,21,33,33,33,33,33,68,1,7,8.925378980005489,0.9530703537166119,33.36374182254076,37.44117647058823
1791185246,16,POST,/api/playground/conversations/{conversation_id}/chat/sse,1.400000,0.000000,2,3,3,3,4,5,8,8,8,8,8,51,0,2,2.8892133531032824,1.820132602006197,8.231711108237505,0.0
1791185246,16,POST,/api/playground/conversations/{conversation_id}/chat/{chat_id}/attachment,1.400000,0.000000,110,130,130,140,140,140,150,150,150,150,150,66,0,110.0,119.28627148947932,62.12736526504159,217.2390501946211,26.0
1791185246,16,TXN,multimodal_e2e,1.500000,0.100000,1400,60000,60000,60000,60000,60000,60000,60000,60000,60000,60000,52,1,640.0,13296.453664983766,1.2341821566224098,60286.87633899972,22.884615384615383
1791185246,16,,Aggregated,5.800000,0.200000,21,130,150,560,60000,60000,60000,60000,60000,60000,60000,237,2,21,2953.7669204603803,0.9530703537166119,60286.87633899972,23.0042194092827
1791185247,16,POST,/api/playground/conversations,1.700000,0.100000,7,9,10,11,21,33,36,36,36,36,36,73,2,7,9.108934194257815,0.7475861348211765,36.25243529677391,36.95890410958904
1791185247,16,POST,/api/playground/conversations/{conversation_id}/chat/sse,1.600000,0.000000,2,2,3,3,4,5,8,8,8,8,8,55,0,2,2.8312696905975994,1.820132602006197,8.231711108237505,0.0
1791185247,16,POST,/api/playground/conversations/{conversation_id}/chat/{chat_id}/attachment,1.500000,0.000000,120,130,140,140,150,220,230,230,230,230,230,71,0,110.0,121.78289240331087,62.12736526504159,230.4998366162181,26.0
1791185247,16,TXN,multimodal_e2e,1.700000,0.100000,1400,60000,60000,60000,60000,60000,60000,60000,60000,60000,60000,57,2,760.0,14271.837782792813,0.8738338947296143,60286.87633899972,26.63157894736842
1791185247,16,,Aggregated,6.500000,0.200000,33,120,230,560,60000,60000,60000,60000,60000,60000,60000,256,4,21,3214.6953555038635,0.7475861348211765,60286.87633899972,23.6796875
1791185248,16,POST,/api/playground/conversations,2.200000,0.100000,7,10,11,13,20,33,36,36,36,36,36,77,3,7,9.278821831496504,0.7475861348211765,36.25243529677391,36.51948051948052
1791185248,16,POST,/api/playground/conversations/{conversation_id}/chat/sse,2.200000,0.000000,2,2,3,3,3,5,8,8,8,8,8,58,0,2,2.8060757763812254,1.820132602006197,8.231711108237505,0.0
1791185248,16,POST,/api/playground/conversations/{conversation_id}/chat/{chat_id}/attachment,2.100000,0.000000,120,130,140,140,150,220,230,230,230,230,230,72,0,110.0,122.08661286988192,62.12736526504159,230.4998366162181,26.0
1791185248,16,TXN,multimodal_e2e,2.300000,0.100000,1400,60000,60000,60000,60000,60000,60000,60000,60000,60000,60000,61,3,870.0,14364.9701990691,0.8738338947296143,60286.87633899972,26.37704918032787
1791185248,16,,Aggregated,8.800000,0.200000,20,120,230,560,60000,60000,60000,60000,60000,60000,60000,268,6,20,3305.7113430817235,0.7475861348211765,60286.87633899972,23.48134328358209
1791185249,16,POST,/api/playground/conversations,2.200000,0.100000,7,10,11,13,20,33,36,36,36,36,36,77,3,7,9.278821831496504,0.7475861348211765,36.25243529677391,36.51948051948052
1791185249,16,POST,/api/playground/conversations/{conversation_id}/chat/sse,2.200000,0.000000,2,2,3,3,3,4,8,8,8,8,8,58,0,2,2.8060757763812254,1.820132602006197,8.231711108237505,0.0
1791185249,16,POST,/api/playground/conversations/{conversation_id}/chat/{chat_id}/attachment,2.100000,0.000000,120,130,140,140,220,240,240,240,240,240,240,74,0,120.0,125.18880354567759,62.12736526504159,238.44318185001612,26.0
1791185249,16,TXN,multimodal_e2e,2.300000,0.100000,1300,60000,60000,60000,60000,60000,60000,60000,60000,60000,60000,61,3,870.0,14364.9701990691,0.8738338947296143,60286.87633899972,26.37704918032787
1791185249,16,,Aggregated,8.800000,0.200000,21,130,240,560,60000,60000,60000,60000,60000,60000,60000,270,6,20,3282.979167709817,0.7475861348211765,60286.87633899972,23.5
1791185250,16,POST,/api/playground/conversations,3.000000,0.200000,7,9,11,13,20,33,36,36,36,36,36,79,3,7,9.201600905979358,0.7475861348211765,36.25243529677391,36.55696202531646
1791185250,16,POST,/api/playground/conversations/{conversation_id}/chat/sse,2.800000,0.000000,2,2,3,3,3,5,8,8,8,8,8,60,0,2,2.8332099163283906,1.820132602006197,8.231711108237505,0.0
1791185250,16,POST,/api/playground/conversations/{conversation_id}/chat/{chat_id}/attachment,2.800000,0.000000,130,140,140,140,220,240,240,240,240,240,240,76,0,120.0,125.52555444601335,62.12736526504159,238.44318185001612,26.0
1791185250,16,TXN,multimodal_e2e,3.000000,0.200000,1300,60000,60000,60000,60000,60000,60000,60000,60000,60000,60000,63,3,870.0,13935.853177178948,0.8738338947296143,60286.87633899972,26.03174603174603
1791185250,16,,Aggregated,11.600000,0.400000,21,130,240,490,1400,60000,60000,60000,60000,60000,60000,278,6,20,3195.6676667867723,0.7475861348211765,60286.87633899972,23.39568345323741
1791185251,16,POST,/api/playground/conversations,3.400000,0.300000,7,9,11,13,20,33,36,36,36,36,36,80,3,7,9.1931200993713,0.7475861348211765,36.25243529677391,36.575
1791185251,16,POST,/api/playground/conversations/{conversation_id}/chat/sse,3.100000,0.000000,2,2,3,3,4,5,8,8,8,8,8,61,0,2,2.822761332280323,1.820132602006197,8.231711108237505,0.0
1791185251,16,POST,/api/playground/conversations/{conversation_id}/chat/{chat_id}/attachment,3.100000,0.000000,130,140,140,150,230,240,240,240,240,240,240,77,0,120.0,125.7722824388607,62.12736526504159,238.44318185001612,26.0
1791185251,16,TXN,multimodal_e2e,3.400000,0.300000,1300,60000,60000,60000,60000,60000,60000,60000,60000,60000,60000,64,3,870.0,14657.875728626095,0.8738338947296143,60286.87633899972,26.171875
1791185251,16,,Aggregated,13.000000,0.600000,21,130,240,490,1400,60000,60000,60000,60000,60000,60000,282,6,20,3364.1707462024156,0.7475861348211765,60286.87633899972,23.414893617021278
1791185252,16,POST,/api/playground/conversations,3.400000,0.300000,7,8,11,13,20,33,36,36,36,36,36,82,3,7,9.119172739546473,0.7475861348211765,36.25243529677391,36.609756097560975
1791185252,16,POST,/api/playground/conversations/{conversation_id}/chat/sse,3.100000,0.000000,2,2,3,3,5,5,8,8,8,8,8,63,0,2,2.836564289672034,1.820132602006197,8.231711108237505,0.0
1791185252,16,POST,/api/playground/conversations/{conversation_id}/chat/{chat_id}/attachment,3.100000,0.000000,130,140,140,150,230,240,240,240,240,240,240,79,0,120.0,126.67965649073071,62.12736526504159,238.44318185001612,26.0
1791185252,16,TXN,multimodal_e2e,3.400000,0.300000,1300,3700,60000,60000,60000,60000,60000,60000,60000,60000,60000,66,3,1100.0,14287.414414667044,0.8738338947296143,60286.87633899972,25.742424242424242
1791185252,16,,Aggregated,13.000000,0.600000,21,140,240,490,1400,60000,60000,60000,60000,60000,60000,290,6,20,3289.322482571327,0.7475861348211765,60286.87633899972,23.29310344827586
1791185253,16,POST,/api/playground/conversations,3.400000,0.300000,7,9,12,15,20,33,36,36,36,36,36,82,3,7,9.119172739546473,0.7475861348211765,36.25243529677391,36.609756097560975
1791185253,16,POST,/api/playground/conversations/{conversation_id}/chat/sse,3.100000,0.000000,2,3,3,3,5,5,8,8,8,8,8,63,0,2,2.836564289672034,1.820132602006197,8.231711108237505,0.0
1791185253,16,POST,/api/playground/conversations/{conversation_id}/chat/{chat_id}/attachment,3.100000,0.000000,140,140,150,180,230,240,240,240,240,240,240,79,0,120.0,126.67965649073071,62.12736526504159,238.44318185001612,26.0
1791185253,16,TXN,multimodal_e2e,3.400000,0.300000,1400,3700,60000,60000,60000,60000,60000,60000,60000,60000,60000,66,3,1100.0,14287.414414667044,0.8738338947296143,60286.87633899972,25.742424242424242
1791185253,16,,Aggregated,13.000000,0.600000,33,140,240,560,1400,60000,60000,60000,60000,60000,60000,290,6,20,3289.322482571327,0.7475861348211765,60286.87633899972,23.29310344827586
1791185254,16,POST,/api/playground/conversations,3.400000,0.300000,7,9,12,15,20,33,36,36,36,36,36,82,3,7,9.119172739546473,0.7475861348211765,36.25243529677391,36.609756097560975
1791185254,16,POST,/api/playground/conversations/{conversation_id}/chat/sse,3.100000,0.000000,2,2,3,3,5,5,5,5,5,5,5,63,0,2,2.836564289672034,1.820132602006197,8.231711108237505,0.0
1791185254,16,POST,/api/playground/conversations/{conversation_id}/chat/{chat_id}/attachment,3.100000,0.000000,140,140,150,180,230,240,240,240,240,240,240,79,0,120.0,126.67965649073071,62.12736526504159,238.44318185001612,26.0
1791185254,16,TXN,multimodal_e2e,3.400000,0.300000,1400,3700,60000,60000,60000,60000,60000,60000,60000,60000,60000,66,3,1100.0,14287.414414667044,0.8738338947296143,60286.87633899972,25.742424242424242
1791185254,16,,Aggregated,13.000000,0.600000,33,140,240,560,1400,60000,60000,60000,60000,60000,60000,290,6,20,3289.322482571327,0.7475861348211765,60286.87633899972,23.29310344827586
1791185255,16,POST,/api/playground/conversations,3.400000,0.300000,7,9,10,12,20,36,36,36,36,36,36,82,3,7,9.119172739546473,0.7475861348211765,36.25243529677391,36.609756097560975
1791185255,16,POST,/api/playground/conversations/{conversation_id}/chat/sse,3.100000,0.000000,2,2,3,3,5,5,5,5,5,5,5,63,0,2,2.836564289672034,1.820132602006197,8.231711108237505,0.0
1791185255,16,POST,/api/playground/conversations/{conversation_id}/chat/{chat_id}/attachment,3.100000,0.000000,140,150,220,230,240,240,240,240,240,240,240,79,0,120.0,126.67965649073071,62.12736526504159,238.44318185001612,26.0
1791185255,16,TXN,multimodal_e2e,3.400000,0.300000,1300,1400,60000,60000,60000,60000,60000,60000,60000,60000,60000,66,3,1100.0,14287.414414667044,0.8738338947296143,60286.87633899972,25.742424242424242
1791185255,16,,Aggregated,13.000000,0.600000,20,140,240,490,1400,60000,60000,60000,60000,60000,60000,290,6,20,3289.322482571327,0.7475861348211765,60286.87633899972,23.29310344827586
1791185256,16,POST,/api/playground/conversations,3.400000,0.300000,7,9,15,15,20,36,36,36,36,36,36,82,3,7,9.119172739546473,0.7475861348211765,36.25243529677391,36.609756097560975
1791185256,16,POST,/api/playground/conversations/{conversation_id}/chat/sse,3.100000,0.000000,2,2,3,3,5,5,5,5,5,5,5,63,0,2,2.836564289672034,1.820132602006197,8.231711108237505,0.0
1791185256,16,POST,/api/playground/conversations/{conversation_id}/chat/{chat_id}/attachment,3.100000,0.000000,150,180,230,230,240,240,240,240,240,240,240,79,0,120.0,126.67965649073071,62.12736526504159,238.44318185001612,26.0
1791185256,16,TXN,multimodal_e2e,3.400000,0.300000,1300,1400,60000,60000,60000,60000,60000,60000,60000,60000,60000,66,3,1100.0,14287.414414667044,0.8738338947296143,60286.87633899972,25.742424242424242
1791185256,16,,Aggregated,13.000000,0.600000,36,180,240,600,1400,60000,60000,60000,60000,60000,60000,290,6,20,3289.322482571327,0.7475861348211765,60286.87633899972,23.29310344827586
1791185257,16,POST,/api/playground/conversations,3.400000,0.300000,7,9,12,15,20,20,20,20,20,20,20,82,3,7,9.119172739546473,0.7475861348211765,36.25243529677391,36.609756097560975
1791185257,16,POST,/api/playground/conversations/{conversation_id}/chat/sse,3.100000,0.000000,2,3,5,5,5,5,5,5,5,5,5,63,0,2,2.836564289672034,1.820132602006197,8.231711108237505,0.0
1791185257,16,POST,/api/playground/conversations/{conversation_id}/chat/{chat_id}/attachment,3.100000,0.000000,150,180,240,240,240,240,240,240,240,240,240,79,0,120.0,126.67965649073071,62.12736526504159,238.44318185001612,26.0
1791185257,16,TXN,multimodal_e2e,3.400000,0.300000,1300,1400,3700,60000,60000,60000,60000,60000,60000,60000,60000,66,3,1100.0,14287.414414667044,0.8738338947296143,60286.87633899972,25.742424242424242
1791185257,16,,Aggregated,13.000000,0.600000,20,150,240,1200,1400,60000,60000,60000,60000,60000,60000,290,6,20,3289.322482571327,0.7475861348211765,60286.87633899972,23.29310344827586
1791185258,16,POST,/api/playground/conversations,3.400000,0.300000,6,7,7,9,9,9,9,9,9,9,9,82,3,7,9.119172739546473,0.7475861348211765,36.25243529677391,36.609756097560975
1791185258,16,POST,/api/playground/conversations/{conversation_id}/chat/sse,3.100000,0.000000,2,5,5,5,5,5,5,5,5,5,5,63,0,2,2.836564289672034,1.820132602006197,8.231711108237505,0.0
1791185258,16,POST,/api/playground/conversations/{conversation_id}/chat/{chat_id}/attachment,3.100000,0.000000,150,180,240,240,240,240,240,240,240,240,240,79,0,120.0,126.67965649073071,62.12736526504159,238.44318185001612,26.0
1791185258,16,TXN,multimodal_e2e,3.400000,0.300000,1300,3700,3700,60000,60000,60000,60000,60000,60000,60000,60000,66,3,1100.0,14287.414414667044,0.8738338947296143,60286.87633899972,25.742424242424242
1791185258,16,,Aggregated,13.000000,0.600000,130,150,410,1200,3700,60000,60000,60000,60000,60000,60000,290,6,20,3289.322482571327,0.7475861348211765,60286.87633899972,23.29310344827586
1791185259,16,POST,/api/playground/conversations,3.400000,0.300000,7,7,9,9,9,9,9,9,9,9,9,82,3,7,9.119172739546473,0.7475861348211765,36.25243529677391,36.609756097560975
1791185259,16,POST,/api/playground/conversations/{conversation_id}/chat/sse,3.100000,0.000000,2,2,5,5,5,5,5,5,5,5,5,63,0,2,2.836564289672034,1.820132602006197,8.231711108237505,0.0
1791185259,16,POST,/api/playground/conversations/{conversation_id}/chat/{chat_id}/attachment,3.100000,0.000000,140,150,150,180,180,180,180,180,180,180,180,79,0,120.0,126.67965649073071,62.12736526504159,238.44318185001612,26.0
1791185259,16,TXN,multimodal_e2e,3.400000,0.300000,3700,3700,60000,60000,60000,60000,60000,60000,60000,60000,60000,66,3,1100.0,14287.414414667044,0.8738338947296143,60286.87633899972,25.742424242424242
1791185259,16,,Aggregated,13.000000,0.600000,130,150,180,410,3700,60000,60000,60000,60000,60000,60000,290,6,20,3289.322482571327,0.7475861348211765,60286.87633899972,23.29310344827586
1791185260,16,POST,/api/playground/conversations,3.400000,0.300000,7,7,9,9,9,9,9,9,9,9,9,82,3,7,9.119172739546473,0.7475861348211765,36.25243529677391,36.609756097560975
1791185260,16,POST,/api/playground/conversations/{conversation_id}/chat/sse,3.100000,0.000000,2,2,5,5,5,5,5,5,5,5,5,63,0,2,2.836564289672034,1.820132602006197,8.231711108237505,0.0
1791185260,16,POST,/api/playground/conversations/{conversation_id}/chat/{chat_id}/attachment,3.100000,0.000000,140,140,180,180,180,180,180,180,180,180,180,79,0,120.0,126.67965649073071,62.12736526504159,238.44318185001612,26.0
1791185260,16,TXN,multimodal_e2e,3.400000,0.300000,3700,3700,60000,60000,60000,60000,60000,60000,60000,60000,60000,66,3,1100.0,14287.414414667044,0.8738338947296143,60286.87633899972,25.742424242424242
1791185260,16,,Aggregated,13.000000,0.600000,140,140,1200,1200,3700,60000,60000,60000,60000,60000,60000,290,6,20,3289.322482571327,0.7475861348211765,60286.87633899972,23.29310344827586
1791185261,16,POST,/api/playground/conversations,3.400000,0.300000,7,7,7,7,7,7,7,7,7,7,7,82,3,7,9.119172739546473,0.7475861348211765,36.25243529677391,36.609756097560975
1791185261,16,POST,/api/playground/conversations/{conversation_id}/chat/sse,3.100000,0.000000,5,5,5,5,5,5,5,5,5,5,5,63,0,2,2.836564289672034,1.820132602006197,8.231711108237505,0.0
1791185261,16,POST,/api/playground/conversations/{conversation_id}/chat/{chat_id}/attachment,3.100000,0.000000,180,180,180,180,180,180,180,180,180,180,180,79,0,120.0,126.67965649073071,62.12736526504159,238.44318185001612,26.0
1791185261,16,TXN,multimodal_e2e,3.400000,0.300000,3700,3700,3700,3700,3700,3700,3700,3700,3700,3700,3700,66,3,1100.0,14287.414414667044,0.8738338947296143,60286.87633899972,25.742424242424242
1791185261,16,,Aggregated,13.000000,0.600000,140,180,1200,1200,3700,3700,3700,3700,3700,3700,3700,290,6,20,3289.322482571327,0.7475861348211765,60286.87633899972,23.29310344827586
1791185262,16,POST,/api/playground/conversations,3.400000,0.300000,7,7,7,7,7,7,7,7,7,7,7,82,3,7,9.119172739546473,0.7475861348211765,36.25243529677391,36.609756097560975
1791185262,16,POST,/api/playground/conversations/{conversation_id}/chat/sse,3.100000,0.000000,5,5,5,5,5,5,5,5,5,5,5,63,0,2,2.836564289672034,1.820132602006197,8.231711108237505,0.0
1791185262,16,POST,/api/playground/conversations/{conversation_id}/chat/{chat_id}/attachment,3.100000,0.000000,180,180,180,180,180,180,180,180,180,180,180,79,0,120.0,126.67965649073071,62.12736526504159,238.44318185001612,26.0
1791185262,16,TXN,multimodal_e2e,3.400000,0.300000,3700,3700,3700,3700,3700,3700,3700,3700,3700,3700,3700,66,3,1100.0,14287.414414667044,0.8738338947296143,60286.87633899972,25.742424242424242
1791185262,16,,Aggregated,13.000000,0.600000,140,180,1200,1200,3700,3700,3700,3700,3700,3700,3700,290,6,20,3289.322482571327,0.7475861348211765,60286.87633899972,23.29310344827586
1791185263,16,POST,/api/playground/conversations,3.400000,0.300000,7,7,7,7,7,7,7,7,7,7,7,82,3,7,9.119172739546473,0.7475861348211765,36.25243529677391,36.609756097560975
1791185263,16,POST,/api/playground/conversations/{conversation_id}/chat/sse,3.100000,0.000000,5,5,5,5,5,5,5,5,5,5,5,63,0,2,2.836564289672034,1.820132602006197,8.231711108237505,0.0
1791185263,16,POST,/api/playground/conversations/{conversation_id}/chat/{chat_id}/attachment,3.100000,0.000000,180,180,180,180,180,180,180,180,180,180,180,79,0,120.0,126.67965649073071,62.12736526504159,238.44318185001612,26.0
1791185263,16,TXN,multimodal_e2e,3.400000,0.300000,3700,3700,3700,3700,3700,3700,3700,3700,3700,3700,3700,66,3,1100.0,14287.414414667044,0.8738338947296143,60286.87633899972,25.742424242424242
1791185263,16,,Aggregated,13.000000,0.600000,140,180,1200,1200,3700,3700,3700,3700,3700,3700,3700,290,6,20,3289.322482571327,0.7475861348211765,60286.87633899972,23.29310344827586
1791185264,16,POST,/api/playground/conversations,3.400000,0.300000,7,7,7,7,7,7,7,7,7,7,7,82,3,7,9.119172739546473,0.7475861348211765,36.25243529677391,36.609756097560975
1791185264,16,POST,/api/playground/conversations/{conversation_id}/chat/sse,3.100000,0.000000,5,5,5,5,5,5,5,5,5,5,5,63,0,2,2.836564289672034,1.820132602006197,8.231711108237505,0.0
1791185264,16,POST,/api/playground/conversations/{conversation_id}/chat/{chat_id}/attachment,3.100000,0.000000,180,180,180,180,180,180,180,180,180,180,180,79,0,120.0,126.67965649073071,62.12736526504159,238.44318185001612,26.0
1791185264,16,TXN,multimodal_e2e,3.400000,0.300000,3700,3700,3700,3700,3700,3700,3700,3700,3700,3700,3700,66,3,1100.0,14287.414414667044,0.8738338947296143,60286.87633899972,25.742424242424242
1791185264,16,,Aggregated,13.000000,0.600000,140,180,1200,1200,3700,3700,3700,3700,3700,3700,3700,290,6,20,3289.322482571327,0.7475861348211765,60286.87633899972,23.29310344827586
1791185265,16,POST,/api/playground/conversations,3.400000,0.300000,7,7,7,7,7,7,7,7,7,7,7,82,3,7,9.119172739546473,0.7475861348211765,36.25243529677391,36.609756097560975
1791185265,16,POST,/api/playground/conversations/{conversation_id}/chat/sse,3.100000,0.000000,5,5,5,5,5,5,5,5,5,5,5,63,0,2,2.836564289672034,1.820132602006197,8.231711108237505,0.0
1791185265,16,POST,/api/playground/conversations/{conversation_id}/chat/{chat_id}/attachment,3.100000,0.000000,180,180,180,180,180,180,180,180,180,180,180,79,0,120.0,126.67965649073071,62.12736526504159,238.44318185001612,26.0
1791185265,16,TXN,multimodal_e2e,3.400000,0.300000,3700,3700,3700,3700,3700,3700,3700,3700,3700,3700,3700,66,3,1100.0,14287.414414667044,0.8738338947296143,60286.87633899972,25.742424242424242
1791185265,16,,Aggregated,13.000000,0.600000,140,180,1200,1200,3700,3700,3700,3700,3700,3700,3700,290,6,20,3289.322482571327,0.7475861348211765,60286.87633899972,23.29310344827586
1791185266,16,POST,/api/playground/conversations,3.400000,0.300000,7,7,7,7,7,7,7,7,7,7,7,82,3,7,9.119172739546473,0.7475861348211765,36.25243529677391,36.609756097560975
1791185266,16,POST,/api/playground/conversations/{conversation_id}/chat/sse,3.100000,0.000000,5,5,5,5,5,5,5,5,5,5,5,63,0,2,2.836564289672034,1.820132602006197,8.231711108237505,0.0
1791185266,16,POST,/api/playground/conversations/{conversation_id}/chat/{chat_id}/attachment,3.100000,0.000000,180,180,180,180,180,180,180,180,180,180,180,79,0,120.0,126.67965649073071,62.12736526504159,238.44318185001612,26.0
1791185266,16,TXN,multimodal_e2e,3.400000,0.300000,3700,3700,3700,3700,3700,3700,3700,3700,3700,3700,3700,66,3,1100.0,14287.414414667044,0.8738338947296143,60286.87633899972,25.742424242424242
1791185266,16,,Aggregated,13.000000,0.600000,140,180,1200,1200,3700,3700,3700,3700,3700,3700,3700,290,6,20,3289.322482571327,0.7475861348211765,60286.87633899972,23.29310344827586
1791185267,16,POST,/api/playground/conversations,3.400000,0.300000,7,7,7,7,7,7,7,7,7,7,7,82,3,7,9.119172739546473,0.7475861348211765,36.25243529677391,36.609756097560975
1791185267,16,POST,/api/playground/conversations/{conversation_id}/chat/sse,3.100000,0.000000,5,5,5,5,5,5,5,5,5,5,5,63,0,2,2.836564289672034,1.820132602006197,8.231711108237505,0.0
1791185267,16,POST,/api/playground/conversations/{conversation_id}/chat/{chat_id}/attachment,3.100000,0.000000,180,180,180,180,180,180,180,180,180,180,180,79,0,120.0,126.67965649073071,62.12736526504159,238.44318185001612,26.0
1791185267,16,TXN,multimodal_e2e,3.400000,0.300000,3700,3700,3700,3700,3700,3700,3700,3700,3700,3700,3700,66,3,1100.0,14287.414414667044,0.8738338947296143,60286.87633899972,25.742424242424242
1791185267,16,,Aggregated,13.000000,0.600000,140,180,1200,1200,3700,3700,3700,3700,3700,3700,3700,290,6,20,3289.322482571327,0.7475861348211765,60286.87633899972,23.29310344827586
1791185268,16,POST,/api/playground/conversations,3.400000,0.300000,7,7,7,7,7,7,7,7,7,7,7,82,3,7,9.119172739546473,0.7475861348211765,36.25243529677391,36.609756097560975
1791185268,16,POST,/api/playground/conversations/{conversation_id}/chat/sse,3.100000,0.000000,5,5,5,5,5,5,5,5,5,5,5,63,0,2,2.836564289672034,1.820132602006197,8.231711108237505,0.0
1791185268,16,POST,/api/playground/conversations/{conversation_id}/chat/{chat_id}/attachment,3.100000,0.000000,180,180,180,180,180,180,180,180,180,180,180,79,0,120.0,126.67965649073071,62.12736526504159,238.44318185001612,26.0
1791185268,16,TXN,multimodal_e2e,3.400000,0.300000,3700,3700,3700,3700,3700,3700,3700,3700,3700,3700,3700,66,3,1100.0,14287.414414667044,0.8738338947296143,60286.87633899972,25.742424242424242
1791185268,16,,Aggregated,13.000000,0.600000,140,180,1200,1200,3700,3700,3700,3700,3700,3700,3700,290,6,20,3289.322482571327,0.7475861348211765,60286.87633899972,23.29310344827586
1791185269,16,POST,/api/playground/conversations,3.400000,0.300000,7,7,7,7,7,7,7,7,7,7,7,82,3,7,9.119172739546473,0.7475861348211765,36.25243529677391,36.609756097560975
1791185269,16,POST,/api/playground/conversations/{conversation_id}/chat/sse,3.100000,0.000000,5,5,5,5,5,5,5,5,5,5,5,63,0,2,2.836564289672034,1.820132602006197,8.231711108237505,0.0
1791185269,16,POST,/api/playground/conversations/{conversation_id}/chat/{chat_id}/attachment,3.100000,0.000000,180,180,180,180,180,180,180,180,180,180,180,79,0,120.0,126.67965649073071,62.12736526504159,238.44318185001612,26.0
1791185269,16,TXN,multimodal_e2e,3.400000,0.300000,3700,3700,3700,3700,3700,3700,3700,3700,3700,3700,3700,66,3,1100.0,14287.414414667044,0.8738338947296143,60286.87633899972,25.742424242424242
1791185269,16,,Aggregated,13.000000,0.600000,140,180,1200,1200,3700,3700,3700,3700,3700,3700,3700,290,6,20,3289.322482571327,0.7475861348211765,60286.87633899972,23.29310344827586
1791185270,16,POST,/api/playground/conversations,3.400000,0.300000,0,0,0,0,0,0,0,0,0,0,0,82,3,7,9.119172739546473,0.7475861348211765,36.25243529677391,36.609756097560975
1791185270,16,POST,/api/playground/conversations/{conversation_id}/chat/sse,3.100000,0.000000,0,0,0,0,0,0,0,0,0,0,0,63,0,2,2.836564289672034,1.820132602006197,8.231711108237505,0.0
1791185270,16,POST,/api/playground/conversations/{conversation_id}/chat/{chat_id}/attachment,3.100000,0.000000,0,0,0,0,0,0,0,0,0,0,0,79,0,120.0,126.67965649073071,62.12736526504159,238.44318185001612,26.0
1791185270,16,TXN,multimodal_e2e,3.400000,0.300000,0,0,0,0,0,0,0,0,0,0,0,66,3,1100.0,14287.414414667044,0.8738338947296143,60286.87633899972,25.742424242424242
1791185270,16,,Aggregated,13.000000,0.600000,0,0,0,0,0,0,0,0,0,0,0,290,6,20,3289.322482571327,0.7475861348211765,60286.87633899972,23.29310344827586
1791185271,16,POST,/api/playground/conversations,3.400000,0.300000,0,0,0,0,0,0,0,0,0,0,0,82,3,7,9.119172739546473,0.7475861348211765,36.25243529677391,36.609756097560975
1791185271,16,POST,/api/playground/conversations/{conversation_id}/chat/sse,3.100000,0.000000,0,0,0,0,0,0,0,0,0,0,0,63,0,2,2.836564289672034,1.820132602006197,8.231711108237505,0.0
1791185271,16,POST,/api/playground/conversations/{conversation_id}/chat/{chat_id}/attachment,3.100000,0.000000,0,0,0,0,0,0,0,0,0,0,0,79,0,120.0,126.67965649073071,62.12736526504159,238.44318185001612,26.0
1791185271,16,TXN,multimodal_e2e,3.400000,0.300000,0,0,0,0,0,0,0,0,0,0,0,66,3,1100.0,14287.414414667044,0.8738338947296143,60286.87633899972,25.742424242424242
1791185271,16,,Aggregated,13.000000,0.600000,0,0,0,0,0,0,0,0,0,0,0,290,6,20,3289.322482571327,0.7475861348211765,60286.87633899972,23.29310344827586
1791185272,16,POST,/api/playground/conversations,3.400000,0.300000,0,0,0,0,0,0,0,0,0,0,0,82,3,7,9.119172739546473,0.7475861348211765,36.25243529677391,36.609756097560975
1791185272,16,POST,/api/playground/conversations/{conversation_id}/chat/sse,3.100000,0.000000,0,0,0,0,0,0,0,0,0,0,0,63,0,2,2.836564289672034,1.820132602006197,8.231711108237505,0.0
1791185272,16,POST,/api/playground/conversations/{conversation_id}/chat/{chat_id}/attachment,3.100000,0.000000,0,0,0,0,0,0,0,0,0,0,0,79,0,120.0,126.67965649073071,62.12736526504159,238.44318185001612,26.0
1791185272,16,TXN,multimodal_e2e,3.400000,0.300000,0,0,0,0,0,0,0,0,0,0,0,66,3,1100.0,14287.414414667044,0.8738338947296143,60286.87633899972,25.742424242424242
1791185272,16,,Aggregated,13.000000,0.600000,0,0,0,0,0,0,0,0,0,0,0,290,6,20,3289.322482571327,0.7475861348211765,60286.87633899972,23.29310344827586
1791185273,16,POST,/api/playground/conversations,3.400000,0.300000,0,0,0,0,0,0,0,0,0,0,0,82,3,7,9.119172739546473,0.7475861348211765,36.25243529677391,36.609756097560975
1791185273,16,POST,/api/playground/conversations/{conversation_id}/chat/sse,3.100000,0.000000,0,0,0,0,0,0,0,0,0,0,0,63,0,2,2.836564289672034,1.820132602006197,8.231711108237505,0.0
1791185273,16,POST,/api/playground/conversations/{conversation_id}/chat/{chat_id}/attachment,3.100000,0.000000,0,0,0,0,0,0,0,0,0,0,0,79,0,120.0,126.67965649073071,62.12736526504159,238.44318185001612,26.0
1791185273,16,TXN,multimodal_e2e,3.400000,0.300000,0,0,0,0,0,0,0,0,0,0,0,66,3,1100.0,14287.414414667044,0.8738338947296143,60286.87633899972,25.742424242424242
1791185273,16,,Aggregated,13.000000,0.600000,0,0,0,0,0,0,0,0,0,0,0,290,6,20,3289.322482571327,0.7475861348211765,60286.87633899972,23.29310344827586
1791185274,16,POST,/api/playground/conversations,3.400000,0.300000,0,0,0,0,0,0,0,0,0,0,0,82,3,7,9.119172739546473,0.7475861348211765,36.25243529677391,36.609756097560975
1791185274,16,POST,/api/playground/conversations/{conversation_id}/chat/sse,3.100000,0.000000,0,0,0,0,0,0,0,0,0,0,0,63,0,2,2.836564289672034,1.820132602006197,8.231711108237505,0.0
1791185274,16,POST,/api/playground/conversations/{conversation_id}/chat/{chat_id}/attachment,3.100000,0.000000,0,0,0,0,0,0,0,0,0,0,0,79,0,120.0,126.67965649073071,62.12736526504159,238.44318185001612,26.0
1791185274,16,TXN,multimodal_e2e,3.400000,0.300000,0,0,0,0,0,0,0,0,0,0,0,66,3,1100.0,14287.414414667044,0.8738338947296143,60286.87633899972,25.742424242424242
1791185274,16,,Aggregated,13.000000,0.600000,0,0,0,0,0,0,0,0,0,0,0,290,6,20,3289.322482571327,0.7475861348211765,60286.87633899972,23.29310344827586
1791185275,16,POST,/api/playground/conversations,3.400000,0.300000,0,0,0,0,0,0,0,0,0,0,0,82,3,7,9.119172739546473,0.7475861348211765,36.25243529677391,36.609756097560975
1791185275,16,POST,/api/playground/conversations/{conversation_id}/chat/sse,3.100000,0.000000,0,0,0,0,0,0,0,0,0,0,0,63,0,2,2.836564289672034,1.820132602006197,8.231711108237505,0.0
1791185275,16,POST,/api/playground/conversations/{conversation_id}/chat/{chat_id}/attachment,3.100000,0.000000,0,0,0,0,0,0,0,0,0,0,0,79,0,120.0,126.67965649073071,62.12736526504159,238.44318185001612,26.0
1791185275,16,TXN,multimodal_e2e,3.400000,0.300000,0,0,0,0,0,0,0,0,0,0,0,66,3,1100.0,14287.414414667044,0.8738338947296143,60286.87633899972,25.742424242424242
1791185275,16,,Aggregated,13.000000,0.600000,0,0,0,0,0,0,0,0,0,0,0,290,6,20,3289.322482571327,0.7475861348211765,60286.87633899972,23.29310344827586
1791185276,16,POST,/api/playground/conversations,3.400000,0.300000,0,0,0,0,0,0,0,0,0,0,0,82,3,7,9.119172739546473,0.7475861348211765,36.25243529677391,36.609756097560975
1791185276,16,POST,/api/playground/conversations/{conversation_id}/chat/sse,3.100000,0.000000,0,0,0,0,0,0,0,0,0,0,0,63,0,2,2.836564289672034,1.820132602006197,8.231711108237505,0.0
1791185276,16,POST,/api/playground/conversations/{conversation_id}/chat/{chat_id}/attachment,3.100000,0.000000,0,0,0,0,0,0,0,0,0,0,0,79,0,120.0,126.67965649073071,62.12736526504159,238.44318185001612,26.0
1791185276,16,TXN,multimodal_e2e,3.400000,0.300000,0,0,0,0,0,0,0,0,0,0,0,66,3,1100.0,14287.414414667044,0.8738338947296143,60286.87633899972,25.742424242424242
1791185276,16,,Aggregated,13.000000,0.600000,0,0,0,0,0,0,0,0,0,0,0,290,6,20,3289.322482571327,0.7475861348211765,60286.87633899972,23.29310344827586
1791185277,16,POST,/api/playground/conversations,3.400000,0.300000,0,0,0,0,0,0,0,0,0,0,0,82,3,7,9.119172739546473,0.7475861348211765,36.25243529677391,36.609756097560975
1791185277,16,POST,/api/playground/conversations/{conversation_id}/chat/sse,3.100000,0.000000,0,0,0,0,0,0,0,0,0,0,0,63,0,2,2.836564289672034,1.820132602006197,8.231711108237505,0.0
1791185277,16,POST,/api/playground/conversations/{conversation_id}/chat/{chat_id}/attachment,3.100000,0.000000,0,0,0,0,0,0,0,0,0,0,0,79,0,120.0,126.67965649073071,62.12736526504159,238.44318185001612,26.0
1791185277,16,TXN,multimodal_e2e,3.400000,0.300000,0,0,0,0,0,0,0,0,0,0,0,66,3,1100.0,14287.414414667044,0.8738338947296143,60286.87633899972,25.742424242424242
1791185277,16,,Aggregated,13.000000,0.600000,0,0,0,0,0,0,0,0,0,0,0,290,6,20,3289.322482571327,0.7475861348211765,60286.87633899972,23.29310344827586
1791185278,16,POST,/api/playground/conversations,3.400000,0.300000,0,0,0,0,0,0,0,0,0,0,0,82,3,7,9.119172739546473,0.7475861348211765,36.25243529677391,36.609756097560975
1791185278,16,POST,/api/playground/conversations/{conversation_id}/chat/sse,3.100000,0.000000,0,0,0,0,0,0,0,0,0,0,0,63,0,2,2.836564289672034,1.820132602006197,8.231711108237505,0.0
1791185278,16,POST,/api/playground/conversations/{conversation_id}/chat/{chat_id}/attachment,3.100000,0.000000,0,0,0,0,0,0,0,0,0,0,0,79,0,120.0,126.67965649073071,62.12736526504159,238.44318185001612,26.0
1791185278,16,TXN,multimodal_e2e,3.400000,0.300000,0,0,0,0,0,0,0,0,0,0,0,66,3,1100.0,14287.414414667044,0.8738338947296143,60286.87633899972,25.742424242424242
1791185278,16,,Aggregated,13.000000,0.600000,0,0,0,0,0,0,0,0,0,0,0,290,6,20,3289.322482571327,0.7475861348211765,60286.87633899972,23.29310344827586
1791185279,16,POST,/api/playground/conversations,3.400000,0.300000,0,0,0,0,0,0,0,0,0,0,0,82,3,7,9.119172739546473,0.7475861348211765,36.25243529677391,36.609756097560975
1791185279,16,POST,/api/playground/conversations/{conversation_id}/chat/sse,3.100000,0.000000,0,0,0,0,0,0,0,0,0,0,0,63,0,2,2.836564289672034,1.820132602006197,8.231711108237505,0.0
1791185279,16,POST,/api/playground/conversations/{conversation_id}/chat/{chat_id}/attachment,3.100000,0.000000,0,0,0,0,0,0,0,0,0,0,0,79,0,120.0,126.67965649073071,62.12736526504159,238.44318185001612,26.0
1791185279,16,TXN,multimodal_e2e,3.400000,0.300000,0,0,0,0,0,0,0,0,0,0,0,66,3,1100.0,14287.414414667044,0.8738338947296143,60286.87633899972,25.742424242424242
1791185279,16,,Aggregated,13.000000,0.600000,0,0,0,0,0,0,0,0,0,0,0,290,6,20,3289.322482571327,0.7475861348211765,60286.87633899972,23.29310344827586
1791185280,16,POST,/api/playground/conversations,3.400000,0.300000,0,0,0,0,0,0,0,0,0,0,0,82,3,7,9.119172739546473,0.7475861348211765,36.25243529677391,36.609756097560975
1791185280,16,POST,/api/playground/conversations/{conversation_id}/chat/sse,3.100000,0.000000,0,0,0,0,0,0,0,0,0,0,0,63,0,2,2.836564289672034,1.820132602006197,8.231711108237505,0.0
1791185280,16,POST,/api/playground/conversations/{conversation_id}/chat/{chat_id}/attachment,3.100000,0.000000,0,0,0,0,0,0,0,0,0,0,0,79,0,120.0,126.67965649073071,62.12736526504159,238.44318185001612,26.0
1791185280,16,TXN,multimodal_e2e,3.400000,0.300000,0,0,0,0,0,0,0,0,0,0,0,66,3,1100.0,14287.414414667044,0.8738338947296143,60286.87633899972,25.742424242424242
1791185280,16,,Aggregated,13.000000,0.600000,0,0,0,0,0,0,0,0,0,0,0,290,6,20,3289.322482571327,0.7475861348211765,60286.87633899972,23.29310344827586
1791185281,16,POST,/api/playground/conversations,3.400000,0.300000,0,0,0,0,0,0,0,0,0,0,0,82,3,7,9.119172739546473,0.7475861348211765,36.25243529677391,36.609756097560975
1791185281,16,POST,/api/playground/conversations/{conversation_id}/chat/sse,3.100000,0.000000,0,0,0,0,0,0,0,0,0,0,0,63,0,2,2.836564289672034,1.820132602006197,8.231711108237505,0.0
1791185281,16,POST,/api/playground/conversations/{conversation_id}/chat/{chat_id}/attachment,3.100000,0.000000,0,0,0,0,0,0,0,0,0,0,0,79,0,120.0,126.67965649073071,62.12736526504159,238.44318185001612,26.0
1791185281,16,TXN,multimodal_e2e,3.400000,0.300000,0,0,0,0,0,0,0,0,0,0,0,66,3,1100.0,14287.414414667044,0.8738338947296143,60286.87633899972,25.742424242424242
1791185281,16,,Aggregated,13.000000,0.600000,0,0,0,0,0,0,0,0,0,0,0,290,6,20,3289.322482571327,0.7475861348211765,60286.87633899972,23.29310344827586
1791185282,16,POST,/api/playground/conversations,3.400000,0.300000,0,0,0,0,0,0,0,0,0,0,0,82,3,7,9.119172739546473,0.7475861348211765,36.25243529677391,36.609756097560975
1791185282,16,POST,/api/playground/conversations/{conversation_id}/chat/sse,3.100000,0.000000,0,0,0,0,0,0,0,0,0,0,0,63,0,2,2.836564289672034,1.820132602006197,8.231711108237505,0.0
1791185282,16,POST,/api/playground/conversations/{conversation_id}/chat/{chat_id}/attachment,3.100000,0.000000,0,0,0,0,0,0,0,0,0,0,0,79,0,120.0,126.67965649073071,62.12736526504159,238.44318185001612,26.0
1791185282,16,TXN,multimodal_e2e,3.400000,0.300000,0,0,0,0,0,0,0,0,0,0,0,66,3,1100.0,14287.414414667044,0.8738338947296143,60286.87633899972,25.742424242424242
1791185282,16,,Aggregated,13.000000,0.600000,0,0,0,0,0,0,0,0,0,0,0,290,6,20,3289.322482571327,0.7475861348211765,60286.87633899972,23.29310344827586
1791185283,16,POST,/api/playground/conversations,3.400000,0.300000,0,0,0,0,0,0,0,0,0,0,0,82,3,7,9.119172739546473,0.7475861348211765,36.25243529677391,36.609756097560975
1791185283,16,POST,/api/playground/conversations/{conversation_id}/chat/sse,3.100000,0.000000,0,0,0,0,0,0,0,0,0,0,0,63,0,2,2.836564289672034,1.820132602006197,8.231711108237505,0.0
1791185283,16,POST,/api/playground/conversations/{conversation_id}/chat/{chat_id}/attachment,3.100000,0.000000,0,0,0,0,0,0,0,0,0,0,0,79,0,120.0,126.67965649073071,62.12736526504159,238.44318185001612,26.0
1791185283,16,TXN,multimodal_e2e,3.400000,0.300000,0,0,0,0,0,0,0,0,0,0,0,66,3,1100.0,14287.414414667044,0.8738338947296143,60286.87633899972,25.742424242424242
1791185283,16,,Aggregated,13.000000,0.600000,0,0,0,0,0,0,0,0,0,0,0,290,6,20,3289.322482571327,0.7475861348211765,60286.87633899972,23.29310344827586
1791185284,16,POST,/api/playground/conversations,3.400000,0.300000,0,0,0,0,0,0,0,0,0,0,0,82,3,7,9.119172739546473,0.7475861348211765,36.25243529677391,36.609756097560975
1791185284,16,POST,/api/playground/conversations/{conversation_id}/chat/sse,3.100000,0.000000,0,0,0,0,0,0,0,0,0,0,0,63,0,2,2.836564289672034,1.820132602006197,8.231711108237505,0.0
1791185284,16,POST,/api/playground/conversations/{conversation_id}/chat/{chat_id}/attachment,3.100000,0.000000,0,0,0,0,0,0,0,0,0,0,0,79,0,120.0,126.67965649073071,62.12736526504159,238.44318185001612,26.0
1791185284,16,TXN,multimodal_e2e,3.400000,0.300000,0,0,0,0,0,0,0,0,0,0,0,66,3,1100.0,14287.414414667044,0.8738338947296143,60286.87633899972,25.742424242424242
1791185284,16,,Aggregated,13.000000,0.600000,0,0,0,0,0,0,0,0,0,0,0,290,6,20,3289.322482571327,0.7475861348211765,60286.87633899972,23.29310344827586
1791185285,16,POST,/api/playground/conversations,3.400000,0.300000,0,0,0,0,0,0,0,0,0,0,0,82,3,7,9.119172739546473,0.7475861348211765,36.25243529677391,36.609756097560975
1791185285,16,POST,/api/playground/conversations/{conversation_id}/chat/sse,3.100000,0.000000,0,0,0,0,0,0,0,0,0,0,0,63,0,2,2.836564289672034,1.820132602006197,8.231711108237505,0.0
1791185285,16,POST,/api/playground/conversations/{conversation_id}/chat/{chat_id}/attachment,3.100000,0.000000,0,0,0,0,0,0,0,0,0,0,0,79,0,120.0,126.67965649073071,62.12736526504159,238.44318185001612,26.0
1791185285,16,TXN,multimodal_e2e,3.400000,0.300000,0,0,0,0,0,0,0,0,0,0,0,66,3,1100.0,14287.414414667044,0.8738338947296143,60286.87633899972,25.742424242424242
1791185285,16,,Aggregated,13.000000,0.600000,0,0,0,0,0,0,0,0,0,0,0,290,6,20,3289.322482571327,0.7475861348211765,60286.87633899972,23.29310344827586
1791185286,16,POST,/api/playground/conversations,3.400000,0.300000,0,0,0,0,0,0,0,0,0,0,0,82,3,7,9.119172739546473,0.7475861348211765,36.25243529677391,36.609756097560975
1791185286,16,POST,/api/playground/conversations/{conversation_id}/chat/sse,3.100000,0.000000,0,0,0,0,0,0,0,0,0,0,0,63,0,2,2.836564289672034,1.820132602006197,8.231711108237505,0.0
1791185286,16,POST,/api/playground/conversations/{conversation_id}/chat/{chat_id}/attachment,3.100000,0.000000,0,0,0,0,0,0,0,0,0,0,0,79,0,120.0,126.67965649073071,62.12736526504159,238.44318185001612,26.0
1791185286,16,TXN,multimodal_e2e,3.400000,0.300000,0,0,0,0,0,0,0,0,0,0,0,66,3,1100.0,14287.414414667044,0.8738338947296143,60286.87633899972,25.742424242424242
1791185286,16,,Aggregated,13.000000,0.600000,0,0,0,0,0,0,0,0,0,0,0,290,6,20,3289.322482571327,0.7475861348211765,60286.87633899972,23.29310344827586
1791185287,16,POST,/api/playground/conversations,3.400000,0.300000,0,0,0,0,0,0,0,0,0,0,0,82,3,7,9.119172739546473,0.7475861348211765,36.25243529677391,36.609756097560975
1791185287,16,POST,/api/playground/conversations/{conversation_id}/chat/sse,3.100000,0.000000,0,0,0,0,0,0,0,0,0,0,0,63,0,2,2.836564289672034,1.820132602006197,8.231711108237505,0.0
1791185287,16,POST,/api/playground/conversations/{conversation_id}/chat/{chat_id}/attachment,3.100000,0.000000,0,0,0,0,0,0,0,0,0,0,0,79,0,120.0,126.67965649073071,62.12736526504159,238.44318185001612,26.0
1791185287,16,TXN,multimodal_e2e,3.400000,0.300000,0,0,0,0,0,0,0,0,0,0,0,66,3,1100.0,14287.414414667044,0.8738338947296143,60286.87633899972,25.742424242424242
1791185287,16,,Aggregated,13.000000,0.600000,0,0,0,0,0,0,0,0,0,0,0,290,6,20,3289.322482571327,0.7475861348211765,60286.87633899972,23.29310344827586
1791185288,16,POST,/api/playground/conversations,3.400000,0.300000,0,0,0,0,0,0,0,0,0,0,0,82,3,7,9.119172739546473,0.7475861348211765,36.25243529677391,36.609756097560975
1791185288,16,POST,/api/playground/conversations/{conversation_id}/chat/sse,3.100000,0.000000,0,0,0,0,0,0,0,0,0,0,0,63,0,2,2.836564289672034,1.820132602006197,8.231711108237505,0.0
1791185288,16,POST,/api/playground/conversations/{conversation_id}/chat/{chat_id}/attachment,3.100000,0.000000,0,0,0,0,0,0,0,0,0,0,0,79,0,120.0,126.67965649073071,62.12736526504159,238.44318185001612,26.0
1791185288,16,TXN,multimodal_e2e,3.400000,0.300000,0,0,0,0,0,0,0,0,0,0,0,66,3,1100.0,14287.414414667044,0.8738338947296143,60286.87633899972,25.742424242424242
1791185288,16,,Aggregated,13.000000,0.600000,0,0,0,0,0,0,0,0,0,0,0,290,6,20,3289.322482571327,0.7475861348211765,60286.87633899972,23.29310344827586
1791185289,16,POST,/api/playground/conversations,3.400000,0.300000,0,0,0,0,0,0,0,0,0,0,0,82,3,7,9.119172739546473,0.7475861348211765,36.25243529677391,36.609756097560975
1791185289,16,POST,/api/playground/conversations/{conversation_id}/chat/sse,3.100000,0.000000,0,0,0,0,0,0,0,0,0,0,0,63,0,2,2.836564289672034,1.820132602006197,8.231711108237505,0.0
1791185289,16,POST,/api/playground/conversations/{conversation_id}/chat/{chat_id}/attachment,3.100000,0.000000,0,0,0,0,0,0,0,0,0,0,0,79,0,120.0,126.67965649073071,62.12736526504159,238.44318185001612,26.0
1791185289,16,TXN,multimodal_e2e,3.400000,0.300000,0,0,0,0,0,0,0,0,0,0,0,66,3,1100.0,14287.414414667044,0.8738338947296143,60286.87633899972,25.742424242424242
1791185289,16,,Aggregated,13.000000,0.600000,0,0,0,0,0,0,0,0,0,0,0,290,6,20,3289.322482571327,0.7475861348211765,60286.87633899972,23.29310344827586
1791185290,16,POST,/api/playground/conversations,3.400000,0.300000,0,0,0,0,0,0,0,0,0,0,0,82,3,7,9.119172739546473,0.7475861348211765,36.25243529677391,36.609756097560975
1791185290,16,POST,/api/playground/conversations/{conversation_id}/chat/sse,3.100000,0.000000,0,0,0,0,0,0,0,0,0,0,0,63,0,2,2.836564289672034,1.820132602006197,8.231711108237505,0.0
1791185290,16,POST,/api/playground/conversations/{conversation_id}/chat/{chat_id}/attachment,3.100000,0.000000,0,0,0,0,0,0,0,0,0,0,0,79,0,120.0,126.67965649073071,62.12736526504159,238.44318185001612,26.0
1791185290,16,TXN,multimodal_e2e,3.400000,0.300000,0,0,0,0,0,0,0,0,0,0,0,66,3,1100.0,14287.414414667044,0.8738338947296143,60286.87633899972,25.742424242424242
1791185290,16,,Aggregated,13.000000,0.600000,0,0,0,0,0,0,0,0,0,0,0,290,6,20,3289.322482571327,0.7475861348211765,60286.87633899972,23.29310344827586
1791185291,16,POST,/api/playground/conversations,3.400000,0.300000,0,0,0,0,0,0,0,0,0,0,0,82,3,7,9.119172739546473,0.7475861348211765,36.25243529677391,36.609756097560975
1791185291,16,POST,/api/playground/conversations/{conversation_id}/chat/sse,3.100000,0.000000,0,0,0,0,0,0,0,0,0,0,0,63,0,2,2.836564289672034,1.820132602006197,8.231711108237505,0.0
1791185291,16,POST,/api/playground/conversations/{conversation_id}/chat/{chat_id}/attachment,3.100000,0.000000,0,0,0,0,0,0,0,0,0,0,0,79,0,120.0,126.67965649073071,62.12736526504159,238.44318185001612,26.0
1791185291,16,TXN,multimodal_e2e,3.400000,0.300000,0,0,0,0,0,0,0,0,0,0,0,66,3,1100.0,14287.414414667044,0.8738338947296143,60286.87633899972,25.742424242424242
1791185291,16,,Aggregated,13.000000,0.600000,0,0,0,0,0,0,0,0,0,0,0,290,6,20,3289.322482571327,0.7475861348211765,60286.87633899972,23.29310344827586
1791185292,16,POST,/api/playground/conversations,3.400000,0.300000,0,0,0,0,0,0,0,0,0,0,0,82,3,7,9.119172739546473,0.7475861348211765,36.25243529677391,36.609756097560975
1791185292,16,POST,/api/playground/conversations/{conversation_id}/chat/sse,3.100000,0.000000,0,0,0,0,0,0,0,0,0,0,0,63,0,2,2.836564289672034,1.820132602006197,8.231711108237505,0.0
1791185292,16,POST,/api/playground/conversations/{conversation_id}/chat/{chat_id}/attachment,3.100000,0.000000,0,0,0,0,0,0,0,0,0,0,0,79,0,120.0,126.67965649073071,62.12736526504159,238.44318185001612,26.0
1791185292,16,TXN,multimodal_e2e,3.400000,0.300000,0,0,0,0,0,0,0,0,0,0,0,66,3,1100.0,14287.414414667044,0.8738338947296143,60286.87633899972,25.742424242424242
1791185292,16,,Aggregated,13.000000,0.600000,0,0,0,0,0,0,0,0,0,0,0,290,6,20,3289.322482571327,0.7475861348211765,60286.87633899972,23.29310344827586
1791185293,16,POST,/api/playground/conversations,3.400000,0.300000,0,0,0,0,0,0,0,0,0,0,0,82,3,7,9.119172739546473,0.7475861348211765,36.25243529677391,36.609756097560975
1791185293,16,POST,/api/playground/conversations/{conversation_id}/chat/sse,3.100000,0.000000,0,0,0,0,0,0,0,0,0,0,0,63,0,2,2.836564289672034,1.820132602006197,8.231711108237505,0.0
1791185293,16,POST,/api/playground/conversations/{conversation_id}/chat/{chat_id}/attachment,3.100000,0.000000,0,0,0,0,0,0,0,0,0,0,0,79,0,120.0,126.67965649073071,62.12736526504159,238.44318185001612,26.0
1791185293,16,TXN,multimodal_e2e,3.400000,0.300000,0,0,0,0,0,0,0,0,0,0,0,66,3,1100.0,14287.414414667044,0.8738338947296143,60286.87633899972,25.742424242424242
1791185293,16,,Aggregated,13.000000,0.600000,0,0,0,0,0,0,0,0,0,0,0,290,6,20,3289.322482571327,0.7475861348211765,60286.87633899972,23.29310344827586
1791185294,16,POST,/api/playground/conversations,3.400000,0.300000,0,0,0,0,0,0,0,0,0,0,0,82,3,7,9.119172739546473,0.7475861348211765,36.25243529677391,36.609756097560975
1791185294,16,POST,/api/playground/conversations/{conversation_id}/chat/sse,3.100000,0.000000,0,0,0,0,0,0,0,0,0,0,0,63,0,2,2.836564289672034,1.820132602006197,8.231711108237505,0.0
1791185294,16,POST,/api/playground/conversations/{conversation_id}/chat/{chat_id}/attachment,3.100000,0.000000,0,0,0,0,0,0,0,0,0,0,0,79,0,120.0,126.67965649073071,62.12736526504159,238.44318185001612,26.0
1791185294,16,TXN,multimodal_e2e,3.400000,0.300000,0,0,0,0,0,0,0,0,0,0,0,66,3,1100.0,14287.414414667044,0.8738338947296143,60286.87633899972,25.742424242424242
1791185294,16,,Aggregated,13.000000,0.600000,0,0,0,0,0,0,0,0,0,0,0,290,6,20,3289.322482571327,0.7475861348211765,60286.87633899972,23.29310344827586
1791185295,16,POST,/api/playground/conversations,3.400000,0.300000,0,0,0,0,0,0,0,0,0,0,0,82,3,7,9.119172739546473,0.7475861348211765,36.25243529677391,36.609756097560975
1791185295,16,POST,/api/playground/conversations/{conversation_id}/chat/sse,3.100000,0.000000,0,0,0,0,0,0,0,0,0,0,0,63,0,2,2.836564289672034,1.820132602006197,8.231711108237505,0.0
1791185295,16,POST,/api/playground/conversations/{conversation_id}/chat/{chat_id}/attachment,3.100000,0.000000,0,0,0,0,0,0,0,0,0,0,0,79,0,120.0,126.67965649073071,62.12736526504159,238.44318185001612,26.0
1791185295,16,TXN,multimodal_e2e,3.400000,0.300000,0,0,0,0,0,0,0,0,0,0,0,66,3,1100.0,14287.414414667044,0.8738338947296143,60286.87633899972,25.742424242424242
1791185295,16,,Aggregated,13.000000,0.600000,0,0,0,0,0,0,0,0,0,0,0,290,6,20,3289.322482571327,0.7475861348211765,60286.87633899972,23.29310344827586
1791185296,16,POST,/api/playground/conversations,3.400000,0.300000,0,0,0,0,0,0,0,0,0,0,0,82,3,7,9.119172739546473,0.7475861348211765,36.25243529677391,36.609756097560975
1791185296,16,POST,/api/playground/conversations/{conversation_id}/chat/sse,3.100000,0.000000,0,0,0,0,0,0,0,0,0,0,0,63,0,2,2.836564289672034,1.820132602006197,8.231711108237505,0.0
1791185296,16,POST,/api/playground/conversations/{conversation_id}/chat/{chat_id}/attachment,3.100000,0.000000,0,0,0,0,0,0,0,0,0,0,0,79,0,120.0,126.67965649073071,62.12736526504159,238.44318185001612,26.0
1791185296,16,TXN,multimodal_e2e,3.400000,0.300000,0,0,0,0,0,0,0,0,0,0,0,66,3,1100.0,14287.414414667044,0.8738338947296143,60286.87633899972,25.742424242424242
1791185296,16,,Aggregated,13.000000,0.600000,0,0,0,0,0,0,0,0,0,0,0,290,6,20,3289.322482571327,0.7475861348211765,60286.87633899972,23.29310344827586
1791185297,16,POST,/api/playground/conversations,3.400000,0.300000,0,0,0,0,0,0,0,0,0,0,0,82,3,7,9.119172739546473,0.7475861348211765,36.25243529677391,36.609756097560975
1791185297,16,POST,/api/playground/conversations/{conversation_id}/chat/sse,3.100000,0.000000,0,0,0,0,0,0,0,0,0,0,0,63,0,2,2.836564289672034,1.820132602006197,8.231711108237505,0.0
1791185297,16,POST,/api/playground/conversations/{conversation_id}/chat/{chat_id}/attachment,3.100000,0.000000,0,0,0,0,0,0,0,0,0,0,0,79,0,120.0,126.67965649073071,62.12736526504159,238.44318185001612,26.0
1791185297,16,TXN,multimodal_e2e,3.400000,0.300000,0,0,0,0,0,0,0,0,0,0,0,66,3,1100.0,14287.414414667044,0.8738338947296143,60286.87633899972,25.742424242424242
1791185297,16,,Aggregated,13.000000,0.600000,0,0,0,0,0,0,0,0,0,0,0,290,6,20,3289.322482571327,0.7475861348211765,60286.87633899972,23.29310344827586
1791185298,16,POST,/api/playground/conversations,3.400000,0.300000,0,0,0,0,0,0,0,0,0,0,0,82,3,7,9.119172739546473,0.7475861348211765,36.25243529677391,36.609756097560975
1791185298,16,POST,/api/playground/conversations/{conversation_id}/chat/sse,3.100000,0.000000,0,0,0,0,0,0,0,0,0,0,0,63,0,2,2.836564289672034,1.820132602006197,8.231711108237505,0.0
1791185298,16,POST,/api/playground/conversations/{conversation_id}/chat/{chat_id}/attachment,3.100000,0.000000,0,0,0,0,0,0,0,0,0,0,0,79,0,120.0,126.67965649073071,62.12736526504159,238.44318185001612,26.0
1791185298,16,TXN,multimodal_e2e,3.400000,0.300000,0,0,0,0,0,0,0,0,0,0,0,66,3,1100.0,14287.414414667044,0.8738338947296143,60286.87633899972,25.742424242424242
1791185298,16,,Aggregated,13.000000,0.600000,0,0,0,0,0,0,0,0,0,0,0,290,6,20,3289.322482571327,0.7475861348211765,60286.87633899972,23.29310344827586
1791185299,16,POST,/api/playground/conversations,3.400000,0.300000,0,0,0,0,0,0,0,0,0,0,0,82,3,7,9.119172739546473,0.7475861348211765,36.25243529677391,36.609756097560975
1791185299,16,POST,/api/playground/conversations/{conversation_id}/chat/sse,3.100000,0.000000,0,0,0,0,0,0,0,0,0,0,0,63,0,2,2.836564289672034,1.820132602006197,8.231711108237505,0.0
1791185299,16,POST,/api/playground/conversations/{conversation_id}/chat/{chat_id}/attachment,3.100000,0.000000,0,0,0,0,0,0,0,0,0,0,0,79,0,120.0,126.67965649073071,62.12736526504159,238.44318185001612,26.0
1791185299,16,TXN,multimodal_e2e,3.400000,0.300000,0,0,0,0,0,0,0,0,0,0,0,66,3,1100.0,14287.414414667044,0.8738338947296143,60286.87633899972,25.742424242424242
1791185299,16,,Aggregated,13.000000,0.600000,0,0,0,0,0,0,0,0,0,0,0,290,6,20,3289.322482571327,0.7475861348211765,60286.87633899972,23.29310344827586
1791185300,16,POST,/api/playground/conversations,3.400000,0.300000,0,0,0,0,0,0,0,0,0,0,0,82,3,7,9.119172739546473,0.7475861348211765,36.25243529677391,36.609756097560975
1791185300,16,POST,/api/playground/conversations/{conversation_id}/chat/sse,3.100000,0.000000,0,0,0,0,0,0,0,0,0,0,0,63,0,2,2.836564289672034,1.820132602006197,8.231711108237505,0.0
1791185300,16,POST,/api/playground/conversations/{conversation_id}/chat/{chat_id}/attachment,3.100000,0.000000,0,0,0,0,0,0,0,0,0,0,0,79,0,120.0,126.67965649073071,62.12736526504159,238.44318185001612,26.0
1791185300,16,TXN,multimodal_e2e,3.400000,0.300000,0,0,0,0,0,0,0,0,0,0,0,66,3,1100.0,14287.414414667044,0.8738338947296143,60286.87633899972,25.742424242424242
1791185300,16,,Aggregated,13.000000,0.600000,0,0,0,0,0,0,0,0,0,0,0,290,6,20,3289.322482571327,0.7475861348211765,60286.87633899972,23.29310344827586
1791185301,16,POST,/api/playground/conversations,0.000000,0.000000,0,0,0,0,0,0,0,0,0,0,0,83,3,7,9.15900276726987,0.7475861348211765,36.25243529677391,36.626506024096386
1791185301,16,POST,/api/playground/conversations/{conversation_id}/chat/sse,0.000000,0.000000,0,0,0,0,0,0,0,0,0,0,0,64,0,2,2.8356233960948884,1.820132602006197,8.231711108237505,0.0
1791185301,16,POST,/api/playground/conversations/{conversation_id}/chat/{chat_id}/attachment,0.000000,0.000000,0,0,0,0,0,0,0,0,0,0,0,80,0,120.0,126.81306651211344,62.12736526504159,238.44318185001612,26.0
1791185301,16,TXN,multimodal_e2e,0.000000,0.000000,0,0,0,0,0,0,0,0,0,0,0,67,3,1100.0,14971.830399074495,0.8738338947296143,60286.87633899972,25.98507462686567
1791185301,16,,Aggregated,0.000000,0.000000,0,0,0,0,0,0,0,0,0,0,0,294,6,20,3449.657684306101,0.7475861348211765,60286.87633899972,23.336734693877553
1791185302,16,POST,/api/playground/conversations,0.000000,0.000000,10,10,12,12,12,12,12,12,12,12,12,86,3,7,9.09505259830418,0.7475861348211765,36.25243529677391,36.674418604651166
1791185302,16,POST,/api/playground/conversations/{conversation_id}/chat/sse,0.000000,0.000000,3,3,5,5,5,5,5,5,5,5,5,67,0,2,2.8455072958300365,1.820132602006197,8.231711108237505,0.0
1791185302,16,POST,/api/playground/conversations/{conversation_id}/chat/{chat_id}/attachment,0.000000,0.000000,180,180,210,210,210,210,210,210,210,210,210,83,0,120.0,128.64337980477924,62.12736526504159,238.44318185001612,26.0
1791185302,16,TXN,multimodal_e2e,0.000000,0.000000,60000,60000,60000,60000,60000,60000,60000,60000,60000,60000,60000,70,3,1100.0,15213.659611530602,0.8738338947296143,60286.87633899972,25.685714285714287
1791185302,16,,Aggregated,0.000000,0.000000,140,180,480,480,60000,60000,60000,60000,60000,60000,60000,306,6,20,3518.3215583111555,0.7475861348211765,60286.87633899972,23.235294117647058
1791185303,16,POST,/api/playground/conversations,0.000000,0.000000,7,10,10,11,12,12,12,12,12,12,12,92,5,7,8.88584228232503,0.7475861348211765,36.25243529677391,35.93478260869565
1791185303,16,POST,/api/playground/conversations/{conversation_id}/chat/sse,0.000000,0.000000,2,3,3,3,5,5,5,5,5,5,5,71,0,2,2.8111748659694697,1.8126051872968674,8.231711108237505,0.0
1791185303,16,POST,/api/playground/conversations/{conversation_id}/chat/{chat_id}/attachment,0.000000,0.000000,160,160,180,180,210,210,210,210,210,210,210,87,0,120.0,129.5819021868466,62.12736526504159,238.44318185001612,26.0
1791185303,16,TXN,multimodal_e2e,0.000000,0.000000,60000,60000,60000,60000,60000,60000,60000,60000,60000,60000,60000,76,5,1100.0,16394.21683483708,0.8738338947296143,60286.87633899972,25.092105263157894
1791185303,16,,Aggregated,0.000000,0.000000,11,150,210,440,60000,60000,60000,60000,60000,60000,60000,326,10,20,3859.666244918195,0.7475861348211765,60286.87633899972,22.929447852760735
1791185304,16,POST,/api/playground/conversations,0.100000,0.000000,7,8,10,10,11,12,12,12,12,12,12,96,5,7,8.792750605304414,0.7475861348211765,36.25243529677391,36.020833333333336
1791185304,16,POST,/api/playground/conversations/{conversation_id}/chat/sse,0.100000,0.000000,2,2,3,3,3,5,5,5,5,5,5,75,0,2,2.784977238625288,1.8126051872968674,8.231711108237505,0.0
1791185304,16,POST,/api/playground/conversations/{conversation_id}/chat/{chat_id}/attachment,0.100000,0.000000,150,160,160,160,180,210,210,210,210,210,210,90,0,120.0,129.75016630565128,62.12736526504159,238.44318185001612,26.0
1791185304,16,TXN,multimodal_e2e,0.100000,0.000000,1400,60000,60000,60000,60000,60000,60000,60000,60000,60000,60000,80,5,1100.0,16366.447827528464,0.8738338947296143,60286.87633899972,25.0125
1791185304,16,,Aggregated,0.400000,0.000000,10,150,210,480,60000,60000,60000,60000,60000,60000,60000,341,10,20,3876.968676014052,0.7475861348211765,60286.87633899972,22.870967741935484
1791185305,16,POST,/api/playground/conversations,0.400000,0.000000,7,8,9,10,11,12,12,12,12,12,12,100,5,7,8.771791672334075,0.7475861348211765,36.25243529677391,36.1
1791185305,16,POST,/api/playground/conversations/{conversation_id}/chat/sse,0.400000,0.000000,2,2,3,3,3,5,5,5,5,5,5,79,0,2,2.7681358948444266,1.8126051872968674,8.231711108237505,0.0
1791185305,16,POST,/api/playground/conversations/{conversation_id}/chat/{chat_id}/attachment,0.400000,0.000000,150,150,160,160,180,210,210,210,210,210,210,94,0,130.0,130.57939626989847,62.12736526504159,238.44318185001612,26.0
1791185305,16,TXN,multimodal_e2e,0.400000,0.000000,1400,60000,60000,60000,60000,60000,60000,60000,60000,60000,60000,84,5,1100.0,17049.986648412112,0.8738338947296143,60286.87633899972,25.535714285714285
1791185305,16,,Aggregated,1.600000,0.000000,10,150,210,490,60000,60000,60000,60000,60000,60000,60000,357,10,20,4049.213455515165,0.7475861348211765,60286.87633899972,22.96638655462185
1791185306,16,POST,/api/playground/conversations,1.000000,0.200000,7,8,9,9,10,11,12,12,12,12,12,104,5,7,8.675499872949262,0.7475861348211765,36.25243529677391,36.17307692307692
1791185306,16,POST,/api/playground/conversations/{conversation_id}/chat/sse,0.900000,0.000000,2,3,3,3,4,5,5,5,5,5,5,83,0,2,2.7678901194987526,1.8126051872968674,8.231711108237505,0.0
1791185306,16,POST,/api/playground/conversations/{conversation_id}/chat/{chat_id}/attachment,0.800000,0.000000,150,160,170,170,200,210,210,210,210,210,210,99,0,130.0,132.4137639668253,62.12736526504159,238.44318185001612,26.0
1791185306,16,TXN,multimodal_e2e,1.100000,0.200000,1400,60000,60000,60000,60000,60000,60000,60000,60000,60000,60000,88,5,1100.0,16994.633886222306,0.8738338947296143,60286.87633899972,26.693181818181817
1791185306,16,,Aggregated,3.800000,0.400000,11,160,210,490,60000,60000,60000,60000,60000,60000,60000,374,10,20,4036.8147900721488,0.7475861348211765,60286.87633899972,23.22192513368984
1791185307,16,POST,/api/playground/conversations,1.400000,0.200000,7,8,9,9,10,11,12,12,12,12,12,108,6,7,8.598817796963784,0.7475861348211765,36.25243529677391,35.888888888888886
1791185307,16,POST,/api/playground/conversations/{conversation_id}/chat/sse,1.200000,0.000000,2,3,3,3,4,5,6,6,6,6,6,86,0,2,2.7888437332368867,1.8126051872968674,8.231711108237505,0.0
1791185307,16,POST,/api/playground/conversations/{conversation_id}/chat/{chat_id}/attachment,1.100000,0.000000,160,160,170,180,210,210,210,210,210,210,210,102,0,130.0,134.17794178331306,62.12736526504159,238.44318185001612,26.0
1791185307,16,TXN,multimodal_e2e,1.400000,0.200000,1400,60000,60000,60000,60000,60000,60000,60000,60000,60000,60000,92,6,1200.0,17579.236655308785,0.8738338947296143,60286.87633899972,26.391304347826086
1791185307,16,,Aggregated,5.100000,0.400000,10,160,210,490,60000,60000,60000,60000,60000,60000,60000,388,12,19,4206.557822766589,0.7475861348211765,60286.87633899972,23.082474226804123
1791185308,16,POST,/api/playground/conversations,1.800000,0.200000,7,8,8,9,10,11,12,12,12,12,12,113,6,7,8.500247250055581,0.7475861348211765,36.25243529677391,35.982300884955755
1791185308,16,POST,/api/playground/conversations/{conversation_id}/chat/sse,1.600000,0.000000,2,3,3,3,4,5,6,6,6,6,6,91,0,2,2.792721834279351,1.8126051872968674,8.231711108237505,0.0
1791185308,16,POST,/api/playground/conversations/{conversation_id}/chat/{chat_id}/attachment,1.500000,0.000000,160,170,180,200,210,210,240,240,240,240,240,106,0,130.0,136.7859313097554,62.12736526504159,238.44318185001612,26.0
1791185308,16,TXN,multimodal_e2e,1.800000,0.200000,1400,60000,60000,60000,60000,60000,60000,60000,60000,60000,60000,97,6,1200.0,17333.93091147708,0.8738338947296143,60291.04594793171,26.061855670103093
1791185308,16,,Aggregated,6.700000,0.400000,10,160,210,490,60000,60000,60000,60000,60000,60000,60000,407,12,19,4169.791824958935,0.7475861348211765,60291.04594793171,22.972972972972972
1791185309,16,POST,/api/playground/conversations,2.200000,0.200000,7,8,8,9,10,11,12,12,12,12,12,116,6,7,8.456931614060084,0.7475861348211765,36.25243529677391,36.03448275862069
1791185309,16,POST,/api/playground/conversations/{conversation_id}/chat/sse,2.000000,0.000000,2,3,3,3,3,5,6,6,6,6,6,94,0,2,2.787511027913461,1.8126051872968674,8.231711108237505,0.0
1791185309,16,POST,/api/playground/conversations/{conversation_id}/chat/{chat_id}/attachment,2.000000,0.000000,160,170,180,200,210,210,240,240,240,240,240,108,0,130.0,137.25582641739123,62.12736526504159,238.44318185001612,26.0
1791185309,16,TXN,multimodal_e2e,2.200000,0.200000,1400,60000,60000,60000,60000,60000,60000,60000,60000,60000,60000,100,6,1200.0,16845.438224878162,0.8738338947296143,60291.04594793171,25.71
1791185309,16,,Aggregated,8.400000,0.400000,10,160,240,490,1400,60000,60000,60000,60000,60000,60000,418,12,18,4068.4461288151897,0.7475861348211765,60291.04594793171,22.86842105263158
1791185310,16,POST,/api/playground/conversations,2.600000,0.300000,7,8,8,8,10,11,12,12,12,12,12,120,7,7,8.337636439440152,0.7475861348211765,36.25243529677391,35.78333333333333
1791185310,16,POST,/api/playground/conversations/{conversation_id}/chat/sse,2.300000,0.000000,2,3,3,3,4,5,6,6,6,6,6,97,0,2,2.789567963978679,1.8126051872968674,8.231711108237505,0.0
1791185310,16,POST,/api/playground/conversations/{conversation_id}/chat/{chat_id}/attachment,2.300000,0.000000,160,170,180,210,210,240,270,270,270,270,270,113,0,140.0,139.12276762117327,62.12736526504159,269.41334595903754,26.0
1791185310,16,TXN,multimodal_e2e,2.600000,0.300000,1400,60000,60000,60000,60000,60000,60000,60000,60000,60000,60000,104,7,1200.0,16788.140423273526,0.8738338947296143,60291.04594793171,25.41346153846154
1791185310,16,,Aggregated,9.800000,0.600000,10,160,240,490,1400,60000,60000,60000,60000,60000,60000,434,14,18,4062.1165466057096,0.7475861348211765,60291.04594793171,22.753456221198157
1791185311,16,POST,/api/playground/conversations,3.100000,0.300000,7,8,8,8,10,11,15,15,15,15,15,124,7,7,8.385013695055198,0.7475861348211765,36.25243529677391,35.854838709677416
1791185311,16,POST,/api/playground/conversations/{conversation_id}/chat/sse,2.800000,0.000000,2,3,3,3,4,5,6,6,6,6,6,101,0,2,2.7677455114772416,1.8126051872968674,8.231711108237505,0.0
1791185311,16,POST,/api/playground/conversations/{conversation_id}/chat/{chat_id}/attachment,2.700000,0.000000,160,170,190,200,210,240,270,270,270,270,270,116,0,140.0,139.9941997128892,62.12736526504159,269.41334595903754,26.0
1791185311,16,TXN,multimodal_e2e,3.100000,0.300000,1300,1400,60000,60000,60000,60000,60000,60000,60000,60000,60000,108,7,1100.0,16184.820162529057,0.8738338947296143,60291.04594793171,25.11111111111111
1791185311,16,,Aggregated,11.700000,0.600000,10,170,240,490,1400,60000,60000,60000,60000,60000,60000,449,14,18,3932.1140060460566,0.7475861348211765,60291.04594793171,22.65924276169265
1791185312,16,POST,/api/playground/conversations,3.400000,0.300000,7,7,8,8,10,11,15,15,15,15,15,129,8,7,8.286289130734612,0.7475861348211765,36.25243529677391,35.64341085271318
1791185312,16,POST,/api/playground/conversations/{conversation_id}/chat/sse,3.100000,0.000000,2,3,3,3,4,6,6,6,6,6,6,105,0,2,2.7765065697687015,1.8126051872968674,8.231711108237505,0.0
1791185312,16,POST,/api/playground/conversations/{conversation_id}/chat/{chat_id}/attachment,2.900000,0.000000,170,180,190,200,210,240,270,270,270,270,270,120,0,140.0,141.92503572364026,62.12736526504159,269.41334595903754,26.0
1791185312,16,TXN,multimodal_e2e,3.400000,0.300000,1300,1400,60000,60000,60000,60000,60000,60000,60000,60000,60000,113,8,1100.0,16543.75018787661,0.8738338947296143,60291.04594793171,24.920353982300885
1791185312,16,,Aggregated,12.800000,0.600000,9,170,230,490,1400,60000,60000,60000,60000,60000,60000,467,16,18,4042.4737473331566,0.7475861348211765,60291.04594793171,22.556745182012847
1791185313,16,POST,/api/playground/conversations,3.800000,0.400000,7,7,8,8,9,11,15,15,15,15,15,131,8,7,8.264841014192305,0.7475861348211765,36.25243529677391,35.6793893129771
1791185313,16,POST,/api/playground/conversations/{conversation_id}/chat/sse,3.400000,0.000000,2,3,3,3,4,6,6,6,6,6,6,107,0,2,2.7787378841192925,1.8126051872968674,8.231711108237505,0.0
1791185313,16,POST,/api/playground/conversations/{conversation_id}/chat/{chat_id}/attachment,3.400000,0.000000,170,180,200,200,210,240,270,270,270,270,270,123,0,140.0,142.13367402402125,62.12736526504159,269.41334595903754,26.0
1791185313,16,TXN,multimodal_e2e,3.800000,0.400000,1200,1400,1400,60000,60000,60000,60000,60000,60000,60000,60000,115,8,1100.0,16263.777895065268,0.8738338947296143,60291.04594793171,24.756521739130434
1791185313,16,,Aggregated,14.400000,0.800000,10,170,240,490,1400,60000,60000,60000,60000,60000,60000,476,16,18,3968.901090260337,0.7475861348211765,60291.04594793171,22.51890756302521
1791185314,16,POST,/api/playground/conversations,3.800000,0.400000,7,7,8,8,9,11,15,15,15,15,15,131,8,7,8.264841014192305,0.7475861348211765,36.25243529677391,35.6793893129771
1791185314,16,POST,/api/playground/conversations/{conversation_id}/chat/sse,3.400000,0.000000,3,3,3,3,4,6,6,6,6,6,6,107,0,2,2.7787378841192925,1.8126051872968674,8.231711108237505,0.0
1791185314,16,POST,/api/playground/conversations/{conversation_id}/chat/{chat_id}/attachment,3.400000,0.000000,170,190,200,210,210,240,270,270,270,270,270,123,0,140.0,142.13367402402125,62.12736526504159,269.41334595903754,26.0
1791185314,16,TXN,multimodal_e2e,3.800000,0.400000,1000,1400,60000,60000,60000,60000,60000,60000,60000,60000,60000,115,8,1100.0,16263.777895065268,0.8738338947296143,60291.04594793171,24.756521739130434
1791185314,16,,Aggregated,14.400000,0.800000,10,180,240,490,1400,60000,60000,60000,60000,60000,60000,476,16,18,3968.901090260337,0.7475861348211765,60291.04594793171,22.51890756302521
1791185316,16,POST,/api/playground/conversations,4.300000,0.500000,7,7,7,8,10,11,15,15,15,15,15,133,8,7,8.243396937763109,0.7475861348211765,36.25243529677391,35.714285714285715
1791185316,16,POST,/api/playground/conversations/{conversation_id}/chat/sse,3.800000,0.000000,3,3,3,3,4,6,6,6,6,6,6,109,0,2,2.780842261576871,1.8126051872968674,8.231711108237505,0.0
1791185316,16,POST,/api/playground/conversations/{conversation_id}/chat/{chat_id}/attachment,3.700000,0.000000,180,190,210,210,230,240,270,270,270,270,270,125,0,140.0,142.5394883789122,62.12736526504159,269.41334595903754,26.0
1791185316,16,TXN,multimodal_e2e,4.300000,0.500000,540,1300,1400,60000,60000,60000,60000,60000,60000,60000,60000,117,8,1100.0,15999.676515893518,0.8738338947296143,60291.04594793171,24.683760683760685
1791185316,16,,Aggregated,16.100000,1.000000,10,180,240,480,1300,60000,60000,60000,60000,60000,60000,484,16,18,3907.39477687219,0.7475861348211765,60291.04594793171,22.49586776859504
1791185317,16,POST,/api/playground/conversations,4.300000,0.500000,7,7,7,8,9,11,15,15,15,15,15,133,8,7,8.243396937763109,0.7475861348211765,36.25243529677391,35.714285714285715
1791185317,16,POST,/api/playground/conversations/{conversation_id}/chat/sse,3.800000,0.000000,3,3,3,3,4,4,6,6,6,6,6,109,0,2,2.780842261576871,1.8126051872968674,8.231711108237505,0.0
1791185317,16,POST,/api/playground/conversations/{conversation_id}/chat/{chat_id}/attachment,3.700000,0.000000,180,190,200,210,230,240,270,270,270,270,270,125,0,140.0,142.5394883789122,62.12736526504159,269.41334595903754,26.0
1791185317,16,TXN,multimodal_e2e,4.300000,0.500000,530,1200,1400,1400,60000,60000,60000,60000,60000,60000,60000,117,8,1100.0,15999.676515893518,0.8738338947296143,60291.04594793171,24.683760683760685
1791185317,16,,Aggregated,16.100000,1.000000,11,180,270,470,710,1400,60000,60000,60000,60000,60000,484,16,18,3907.39477687219,0.7475861348211765,60291.04594793171,22.49586776859504
1791185318,16,POST,/api/playground/conversations,4.300000,0.500000,7,7,7,8,11,15,15,15,15,15,15,133,8,7,8.243396937763109,0.7475861348211765,36.25243529677391,35.714285714285715
1791185318,16,POST,/api/playground/conversations/{conversation_id}/chat/sse,3.800000,0.000000,3,3,3,3,4,6,6,6,6,6,6,109,0,2,2.780842261576871,1.8126051872968674,8.231711108237505,0.0
1791185318,16,POST,/api/playground/conversations/{conversation_id}/chat/{chat_id}/attachment,3.700000,0.000000,170,190,190,200,230,270,270,270,270,270,270,125,0,140.0,142.5394883789122,62.12736526504159,269.41334595903754,26.0
1791185318,16,TXN,multimodal_e2e,4.300000,0.500000,530,710,1300,1400,60000,60000,60000,60000,60000,60000,60000,117,8,1100.0,15999.676515893518,0.8738338947296143,60291.04594793171,24.683760683760685
1791185318,16,,Aggregated,16.100000,1.000000,11,170,230,460,560,1400,60000,60000,60000,60000,60000,484,16,18,3907.39477687219,0.7475861348211765,60291.04594793171,22.49586776859504
1791185319,16,POST,/api/playground/conversations,4.300000,0.500000,7,7,7,7,11,15,15,15,15,15,15,133,8,7,8.243396937763109,0.7475861348211765,36.25243529677391,35.714285714285715
1791185319,16,POST,/api/playground/conversations/{conversation_id}/chat/sse,3.800000,0.000000,2,3,3,4,4,6,6,6,6,6,6,109,0,2,2.780842261576871,1.8126051872968674,8.231711108237505,0.0
1791185319,16,POST,/api/playground/conversations/{conversation_id}/chat/{chat_id}/attachment,3.700000,0.000000,170,190,190,200,230,270,270,270,270,270,270,125,0,140.0,142.5394883789122,62.12736526504159,269.41334595903754,26.0
1791185319,16,TXN,multimodal_e2e,4.300000,0.500000,510,560,710,1200,60000,60000,60000,60000,60000,60000,60000,117,8,1100.0,15999.676515893518,0.8738338947296143,60291.04594793171,24.683760683760685
1791185319,16,,Aggregated,16.100000,1.000000,15,180,230,450,540,1200,60000,60000,60000,60000,60000,484,16,18,3907.39477687219,0.7475861348211765,60291.04594793171,22.49586776859504
1791185320,16,POST,/api/playground/conversations,4.300000,0.500000,7,7,7,9,11,15,15,15,15,15,15,133,8,7,8.243396937763109,0.7475861348211765,36.25243529677391,35.714285714285715
1791185320,16,POST,/api/playground/conversations/{conversation_id}/chat/sse,3.800000,0.000000,2,3,3,3,4,6,6,6,6,6,6,109,0,2,2.780842261576871,1.8126051872968674,8.231711108237505,0.0
1791185320,16,POST,/api/playground/conversations/{conversation_id}/chat/{chat_id}/attachment,3.700000,0.000000,180,190,190,190,200,210,210,210,210,210,210,125,0,140.0,142.5394883789122,62.12736526504159,269.41334595903754,26.0
1791185320,16,TXN,multimodal_e2e,4.300000,0.500000,490,540,560,1200,60000,60000,60000,60000,60000,60000,60000,117,8,1100.0,15999.676515893518,0.8738338947296143,60291.04594793171,24.683760683760685
1791185320,16,,Aggregated,16.100000,1.000000,15,190,210,460,540,1200,60000,60000,60000,60000,60000,484,16,18,3907.39477687219,0.7475861348211765,60291.04594793171,22.49586776859504
1791185321,16,POST,/api/playground/conversations,4.300000,0.500000,7,7,7,7,9,9,9,9,9,9,9,133,8,7,8.243396937763109,0.7475861348211765,36.25243529677391,35.714285714285715
1791185321,16,POST,/api/playground/conversations/{conversation_id}/chat/sse,3.800000,0.000000,3,3,4,4,6,6,6,6,6,6,6,109,0,2,2.780842261576871,1.8126051872968674,8.231711108237505,0.0
1791185321,16,POST,/api/playground/conversations/{conversation_id}/chat/{chat_id}/attachment,3.700000,0.000000,180,190,190,200,210,210,210,210,210,210,210,125,0,140.0,142.5394883789122,62.12736526504159,269.41334595903754,26.0
1791185321,16,TXN,multimodal_e2e,4.300000,0.500000,510,540,1200,60000,60000,60000,60000,60000,60000,60000,60000,117,8,1100.0,15999.676515893518,0.8738338947296143,60291.04594793171,24.683760683760685
1791185321,16,,Aggregated,16.100000,1.000000,9,190,210,450,540,60000,60000,60000,60000,60000,60000,484,16,18,3907.39477687219,0.7475861348211765,60291.04594793171,22.49586776859504
1791185322,16,POST,/api/playground/conversations,4.300000,0.500000,7,7,7,7,7,7,7,7,7,7,7,133,8,7,8.243396937763109,0.7475861348211765,36.25243529677391,35.714285714285715
1791185322,16,POST,/api/playground/conversations/{conversation_id}/chat/sse,3.800000,0.000000,3,3,4,4,4,4,4,4,4,4,4,109,0,2,2.780842261576871,1.8126051872968674,8.231711108237505,0.0
1791185322,16,POST,/api/playground/conversations/{conversation_id}/chat/{chat_id}/attachment,3.700000,0.000000,160,160,160,180,180,180,180,180,180,180,180,125,0,140.0,142.5394883789122,62.12736526504159,269.41334595903754,26.0
1791185322,16,TXN,multimodal_e2e,4.300000,0.500000,460,460,1200,1200,1200,1200,1200,1200,1200,1200,1200,117,8,1100.0,15999.676515893518,0.8738338947296143,60291.04594793171,24.683760683760685
1791185322,16,,Aggregated,16.100000,1.000000,140,160,180,440,460,1200,1200,1200,1200,1200,1200,484,16,18,3907.39477687219,0.7475861348211765,60291.04594793171,22.49586776859504
1791185323,16,POST,/api/playground/conversations,4.300000,0.500000,7,7,7,7,7,7,7,7,7,7,7,133,8,7,8.243396937763109,0.7475861348211765,36.25243529677391,35.714285714285715
1791185323,16,POST,/api/playground/conversations/{conversation_id}/chat/sse,3.800000,0.000000,3,3,4,4,4,4,4,4,4,4,4,109,0,2,2.780842261576871,1.8126051872968674,8.231711108237505,0.0
1791185323,16,POST,/api/playground/conversations/{conversation_id}/chat/{chat_id}/attachment,3.700000,0.000000,160,160,160,180,180,180,180,180,180,180,180,125,0,140.0,142.5394883789122,62.12736526504159,269.41334595903754,26.0
1791185323,16,TXN,multimodal_e2e,4.300000,0.500000,460,460,1200,1200,1200,1200,1200,1200,1200,1200,1200,117,8,1100.0,15999.676515893518,0.8738338947296143,60291.04594793171,24.683760683760685
1791185323,16,,Aggregated,16.100000,1.000000,140,160,180,440,460,1200,1200,1200,1200,1200,1200,484,16,18,3907.39477687219,0.7475861348211765,60291.04594793171,22.49586776859504
1791185324,16,POST,/api/playground/conversations,4.300000,0.500000,7,7,7,7,7,7,7,7,7,7,7,133,8,7,8.243396937763109,0.7475861348211765,36.25243529677391,35.714285714285715
1791185324,16,POST,/api/playground/conversations/{conversation_id}/chat/sse,3.800000,0.000000,4,4,4,4,4,4,4,4,4,4,4,109,0,2,2.780842261576871,1.8126051872968674,8.231711108237505,0.0
1791185324,16,POST,/api/playground/conversations/{conversation_id}/chat/{chat_id}/attachment,3.700000,0.000000,180,180,180,180,180,180,180,180,180,180,180,125,0,140.0,142.5394883789122,62.12736526504159,269.41334595903754,26.0
1791185324,16,TXN,multimodal_e2e,4.300000,0.500000,1200,1200,1200,1200,1200,1200,1200,1200,1200,1200,1200,117,8,1100.0,15999.676515893518,0.8738338947296143,60291.04594793171,24.683760683760685
1791185324,16,,Aggregated,16.100000,1.000000,160,180,460,460,1200,1200,1200,1200,1200,1200,1200,484,16,18,3907.39477687219,0.7475861348211765,60291.04594793171,22.49586776859504
1791185325,16,POST,/api/playground/conversations,4.300000,0.500000,7,7,7,7,7,7,7,7,7,7,7,133,8,7,8.243396937763109,0.7475861348211765,36.25243529677391,35.714285714285715
1791185325,16,POST,/api/playground/conversations/{conversation_id}/chat/sse,3.800000,0.000000,4,4,4,4,4,4,4,4,4,4,4,109,0,2,2.780842261576871,1.8126051872968674,8.231711108237505,0.0
1791185325,16,POST,/api/playground/conversations/{conversation_id}/chat/{chat_id}/attachment,3.700000,0.000000,180,180,180,180,180,180,180,180,180,180,180,125,0,140.0,142.5394883789122,62.12736526504159,269.41334595903754,26.0
1791185325,16,TXN,multimodal_e2e,4.300000,0.500000,1200,1200,1200,1200,1200,1200,1200,1200,1200,1200,1200,117,8,1100.0,15999.676515893518,0.8738338947296143,60291.04594793171,24.683760683760685
1791185325,16,,Aggregated,16.100000,1.000000,160,180,460,460,1200,1200,1200,1200,1200,1200,1200,484,16,18,3907.39477687219,0.7475861348211765,60291.04594793171,22.49586776859504
1791185326,16,POST,/api/playground/conversations,4.300000,0.500000,7,7,7,7,7,7,7,7,7,7,7,133,8,7,8.243396937763109,0.7475861348211765,36.25243529677391,35.714285714285715
1791185326,16,POST,/api/playground/conversations/{conversation_id}/chat/sse,3.800000,0.000000,4,4,4,4,4,4,4,4,4,4,4,109,0,2,2.780842261576871,1.8126051872968674,8.231711108237505,0.0
1791185326,16,POST,/api/playground/conversations/{conversation_id}/chat/{chat_id}/attachment,3.700000,0.000000,180,180,180,180,180,180,180,180,180,180,180,125,0,140.0,142.5394883789122,62.12736526504159,269.41334595903754,26.0
1791185326,16,TXN,multimodal_e2e,4.300000,0.500000,1200,1200,1200,1200,1200,1200,1200,1200,1200,1200,1200,117,8,1100.0,15999.676515893518,0.8738338947296143,60291.04594793171,24.683760683760685
1791185326,16,,Aggregated,16.100000,1.000000,160,180,460,460,1200,1200,1200,1200,1200,1200,1200,484,16,18,3907.39477687219,0.7475861348211765,60291.04594793171,22.49586776859504
1791185327,16,POST,/api/playground/conversations,4.300000,0.500000,7,7,7,7,7,7,7,7,7,7,7,133,8,7,8.243396937763109,0.7475861348211765,36.25243529677391,35.714285714285715
1791185327,16,POST,/api/playground/conversations/{conversation_id}/chat/sse,3.800000,0.000000,4,4,4,4,4,4,4,4,4,4,4,109,0,2,2.780842261576871,1.8126051872968674,8.231711108237505,0.0
1791185327,16,POST,/api/playground/conversations/{conversation_id}/chat/{chat_id}/attachment,3.700000,0.000000,180,180,180,180,180,180,180,180,180,180,180,125,0,140.0,142.5394883789122,62.12736526504159,269.41334595903754,26.0
1791185327,16,TXN,multimodal_e2e,4.300000,0.500000,1200,1200,1200,1200,1200,1200,1200,1200,1200,1200,1200,117,8,1100.0,15999.676515893518,0.8738338947296143,60291.04594793171,24.683760683760685
1791185327,16,,Aggregated,16.100000,1.000000,160,180,460,460,1200,1200,1200,1200,1200,1200,1200,484,16,18,3907.39477687219,0.7475861348211765,60291.04594793171,22.49586776859504
1791185328,16,POST,/api/playground/conversations,4.300000,0.500000,7,7,7,7,7,7,7,7,7,7,7,133,8,7,8.243396937763109,0.7475861348211765,36.25243529677391,35.714285714285715
1791185328,16,POST,/api/playground/conversations/{conversation_id}/chat/sse,3.800000,0.000000,4,4,4,4,4,4,4,4,4,4,4,109,0,2,2.780842261576871,1.8126051872968674,8.231711108237505,0.0
1791185328,16,POST,/api/playground/conversations/{conversation_id}/chat/{chat_id}/attachment,3.700000,0.000000,180,180,180,180,180,180,180,180,180,180,180,125,0,140.0,142.5394883789122,62.12736526504159,269.41334595903754,26.0
1791185328,16,TXN,multimodal_e2e,4.300000,0.500000,1200,1200,1200,1200,1200,1200,1200,1200,1200,1200,1200,117,8,1100.0,15999.676515893518,0.8738338947296143,60291.04594793171,24.683760683760685
1791185328,16,,Aggregated,16.100000,1.000000,160,180,460,460,1200,1200,1200,1200,1200,1200,1200,484,16,18,3907.39477687219,0.7475861348211765,60291.04594793171,22.49586776859504
1791185329,16,POST,/api/playground/conversations,4.300000,0.500000,7,7,7,7,7,7,7,7,7,7,7,133,8,7,8.243396937763109,0.7475861348211765,36.25243529677391,35.714285714285715
1791185329,16,POST,/api/playground/conversations/{conversation_id}/chat/sse,3.800000,0.000000,4,4,4,4,4,4,4,4,4,4,4,109,0,2,2.780842261576871,1.8126051872968674,8.231711108237505,0.0
1791185329,16,POST,/api/playground/conversations/{conversation_id}/chat/{chat_id}/attachment,3.700000,0.000000,180,180,180,180,180,180,180,180,180,180,180,125,0,140.0,142.5394883789122,62.12736526504159,269.41334595903754,26.0
1791185329,16,TXN,multimodal_e2e,4.300000,0.500000,1200,1200,1200,1200,1200,1200,1200,1200,1200,1200,1200,117,8,1100.0,15999.676515893518,0.8738338947296143,60291.04594793171,24.683760683760685
1791185329,16,,Aggregated,16.100000,1.000000,160,180,460,460,1200,1200,1200,1200,1200,1200,1200,484,16,18,3907.39477687219,0.7475861348211765,60291.04594793171,22.49586776859504
1791185330,16,POST,/api/playground/conversations,4.300000,0.500000,7,7,7,7,7,7,7,7,7,7,7,133,8,7,8.243396937763109,0.7475861348211765,36.25243529677391,35.714285714285715
1791185330,16,POST,/api/playground/conversations/{conversation_id}/chat/sse,3.800000,0.000000,4,4,4,4,4,4,4,4,4,4,4,109,0,2,2.780842261576871,1.8126051872968674,8.231711108237505,0.0
1791185330,16,POST,/api/playground/conversations/{conversation_id}/chat/{chat_id}/attachment,3.700000,0.000000,180,180,180,180,180,180,180,180,180,180,180,125,0,140.0,142.5394883789122,62.12736526504159,269.41334595903754,26.0
1791185330,16,TXN,multimodal_e2e,4.300000,0.500000,1200,1200,1200,1200,1200,1200,1200,1200,1200,1200,1200,117,8,1100.0,15999.676515893518,0.8738338947296143,60291.04594793171,24.683760683760685
1791185330,16,,Aggregated,16.100000,1.000000,160,180,460,460,1200,1200,1200,1200,1200,1200,1200,484,16,18,3907.39477687219,0.7475861348211765,60291.04594793171,22.49586776859504
1791185331,16,POST,/api/playground/conversations,4.300000,0.500000,7,7,7,7,7,7,7,7,7,7,7,133,8,7,8.243396937763109,0.7475861348211765,36.25243529677391,35.714285714285715
1791185331,16,POST,/api/playground/conversations/{conversation_id}/chat/sse,3.800000,0.000000,4,4,4,4,4,4,4,4,4,4,4,109,0,2,2.780842261576871,1.8126051872968674,8.231711108237505,0.0
1791185331,16,POST,/api/playground/conversations/{conversation_id}/chat/{chat_id}/attachment,3.700000,0.000000,180,180,180,180,180,180,180,180,180,180,180,125,0,140.0,142.5394883789122,62.12736526504159,269.41334595903754,26.0
1791185331,16,TXN,multimodal_e2e,4.300000,0.500000,1200,1200,1200,1200,1200,1200,1200,1200,1200,1200,1200,117,8,1100.0,15999.676515893518,0.8738338947296143,60291.04594793171,24.683760683760685
1791185331,16,,Aggregated,16.100000,1.000000,160,180,460,460,1200,1200,1200,1200,1200,1200,1200,484,16,18,3907.39477687219,0.7475861348211765,60291.04594793171,22.49586776859504
1791185332,16,POST,/api/playground/conversations,4.300000,0.500000,7,7,7,7,7,7,7,7,7,7,7,133,8,7,8.243396937763109,0.7475861348211765,36.25243529677391,35.714285714285715
1791185332,16,POST,/api/playground/conversations/{conversation_id}/chat/sse,3.800000,0.000000,4,4,4,4,4,4,4,4,4,4,4,109,0,2,2.780842261576871,1.8126051872968674,8.231711108237505,0.0
1791185332,16,POST,/api/playground/conversations/{conversation_id}/chat/{chat_id}/attachment,3.700000,0.000000,180,180,180,180,180,180,180,180,180,180,180,125,0,140.0,142.5394883789122,62.12736526504159,269.41334595903754,26.0
1791185332,16,TXN,multimodal_e2e,4.300000,0.500000,1200,1200,1200,1200,1200,1200,1200,1200,1200,1200,1200,117,8,1100.0,15999.676515893518,0.8738338947296143,60291.04594793171,24.683760683760685
1791185332,16,,Aggregated,16.100000,1.000000,160,180,460,460,1200,1200,1200,1200,1200,1200,1200,484,16,18,3907.39477687219,0.7475861348211765,60291.04594793171,22.49586776859504
1791185333,16,POST,/api/playground/conversations,4.300000,0.500000,0,0,0,0,0,0,0,0,0,0,0,133,8,7,8.243396937763109,0.7475861348211765,36.25243529677391,35.714285714285715
1791185333,16,POST,/api/playground/conversations/{conversation_id}/chat/sse,3.800000,0.000000,0,0,0,0,0,0,0,0,0,0,0,109,0,2,2.780842261576871,1.8126051872968674,8.231711108237505,0.0
1791185333,16,POST,/api/playground/conversations/{conversation_id}/chat/{chat_id}/attachment,3.700000,0.000000,0,0,0,0,0,0,0,0,0,0,0,125,0,140.0,142.5394883789122,62.12736526504159,269.41334595903754,26.0
1791185333,16,TXN,multimodal_e2e,4.300000,0.500000,0,0,0,0,0,0,0,0,0,0,0,117,8,1100.0,15999.676515893518,0.8738338947296143,60291.04594793171,24.683760683760685
1791185333,16,,Aggregated,16.100000,1.000000,0,0,0,0,0,0,0,0,0,0,0,484,16,18,3907.39477687219,0.7475861348211765,60291.04594793171,22.49586776859504
1791185334,16,POST,/api/playground/conversations,4.300000,0.500000,0,0,0,0,0,0,0,0,0,0,0,133,8,7,8.243396937763109,0.7475861348211765,36.25243529677391,35.714285714285715
1791185334,16,POST,/api/playground/conversations/{conversation_id}/chat/sse,3.800000,0.000000,0,0,0,0,0,0,0,0,0,0,0,109,0,2,2.780842261576871,1.8126051872968674,8.231711108237505,0.0
1791185334,16,POST,/api/playground/conversations/{conversation_id}/chat/{chat_id}/attachment,3.700000,0.000000,0,0,0,0,0,0,0,0,0,0,0,125,0,140.0,142.5394883789122,62.12736526504159,269.41334595903754,26.0
1791185334,16,TXN,multimodal_e2e,4.300000,0.500000,0,0,0,0,0,0,0,0,0,0,0,117,8,1100.0,15999.676515893518,0.8738338947296143,60291.04594793171,24.683760683760685
1791185334,16,,Aggregated,16.100000,1.000000,0,0,0,0,0,0,0,0,0,0,0,484,16,18,3907.39477687219,0.7475861348211765,60291.04594793171,22.49586776859504
1791185335,16,POST,/api/playground/conversations,4.300000,0.500000,0,0,0,0,0,0,0,0,0,0,0,133,8,7,8.243396937763109,0.7475861348211765,36.25243529677391,35.714285714285715
1791185335,16,POST,/api/playground/conversations/{conversation_id}/chat/sse,3.800000,0.000000,0,0,0,0,0,0,0,0,0,0,0,109,0,2,2.780842261576871,1.8126051872968674,8.231711108237505,0.0
1791185335,16,POST,/api/playground/conversations/{conversation_id}/chat/{chat_id}/attachment,3.700000,0.000000,0,0,0,0,0,0,0,0,0,0,0,125,0,140.0,142.5394883789122,62.12736526504159,269.41334595903754,26.0
1791185335,16,TXN,multimodal_e2e,4.300000,0.500000,0,0,0,0,0,0,0,0,0,0,0,117,8,1100.0,15999.676515893518,0.8738338947296143,60291.04594793171,24.683760683760685
1791185335,16,,Aggregated,16.100000,1.000000,0,0,0,0,0,0,0,0,0,0,0,484,16,18,3907.39477687219,0.7475861348211765,60291.04594793171,22.49586776859504
1791185336,16,POST,/api/playground/conversations,4.300000,0.500000,0,0,0,0,0,0,0,0,0,0,0,133,8,7,8.243396937763109,0.7475861348211765,36.25243529677391,35.714285714285715
1791185336,16,POST,/api/playground/conversations/{conversation_id}/chat/sse,3.800000,0.000000,0,0,0,0,0,0,0,0,0,0,0,109,0,2,2.780842261576871,1.8126051872968674,8.231711108237505,0.0
1791185336,16,POST,/api/playground/conversations/{conversation_id}/chat/{chat_id}/attachment,3.700000,0.000000,0,0,0,0,0,0,0,0,0,0,0,125,0,140.0,142.5394883789122,62.12736526504159,269.41334595903754,26.0
1791185336,16,TXN,multimodal_e2e,4.300000,0.500000,0,0,0,0,0,0,0,0,0,0,0,117,8,1100.0,15999.676515893518,0.8738338947296143,60291.04594793171,24.683760683760685
1791185336,16,,Aggregated,16.100000,1.000000,0,0,0,0,0,0,0,0,0,0,0,484,16,18,3907.39477687219,0.7475861348211765,60291.04594793171,22.49586776859504
1791185337,16,POST,/api/playground/conversations,4.300000,0.500000,0,0,0,0,0,0,0,0,0,0,0,133,8,7,8.243396937763109,0.7475861348211765,36.25243529677391,35.714285714285715
1791185337,16,POST,/api/playground/conversations/{conversation_id}/chat/sse,3.800000,0.000000,0,0,0,0,0,0,0,0,0,0,0,109,0,2,2.780842261576871,1.8126051872968674,8.231711108237505,0.0
1791185337,16,POST,/api/playground/conversations/{conversation_id}/chat/{chat_id}/attachment,3.700000,0.000000,0,0,0,0,0,0,0,0,0,0,0,125,0,140.0,142.5394883789122,62.12736526504159,269.41334595903754,26.0
1791185337,16,TXN,multimodal_e2e,4.300000,0.500000,0,0,0,0,0,0,0,0,0,0,0,117,8,1100.0,15999.676515893518,0.8738338947296143,60291.04594793171,24.683760683760685
1791185337,16,,Aggregated,16.100000,1.000000,0,0,0,0,0,0,0,0,0,0,0,484,16,18,3907.39477687219,0.7475861348211765,60291.04594793171,22.49586776859504
1791185338,16,POST,/api/playground/conversations,4.300000,0.500000,0,0,0,0,0,0,0,0,0,0,0,133,8,7,8.243396937763109,0.7475861348211765,36.25243529677391,35.714285714285715
1791185338,16,POST,/api/playground/conversations/{conversation_id}/chat/sse,3.800000,0.000000,0,0,0,0,0,0,0,0,0,0,0,109,0,2,2.780842261576871,1.8126051872968674,8.231711108237505,0.0
1791185338,16,POST,/api/playground/conversations/{conversation_id}/chat/{chat_id}/attachment,3.700000,0.000000,0,0,0,0,0,0,0,0,0,0,0,125,0,140.0,142.5394883789122,62.12736526504159,269.41334595903754,26.0
1791185338,16,TXN,multimodal_e2e,4.300000,0.500000,0,0,0,0,0,0,0,0,0,0,0,117,8,1100.0,15999.676515893518,0.8738338947296143,60291.04594793171,24.683760683760685
1791185338,16,,Aggregated,16.100000,1.000000,0,0,0,0,0,0,0,0,0,0,0,484,16,18,3907.39477687219,0.7475861348211765,60291.04594793171,22.49586776859504
1791185339,16,POST,/api/playground/conversations,4.300000,0.500000,0,0,0,0,0,0,0,0,0,0,0,133,8,7,8.243396937763109,0.7475861348211765,36.25243529677391,35.714285714285715
1791185339,16,POST,/api/playground/conversations/{conversation_id}/chat/sse,3.800000,0.000000,0,0,0,0,0,0,0,0,0,0,0,109,0,2,2.780842261576871,1.8126051872968674,8.231711108237505,0.0
1791185339,16,POST,/api/playground/conversations/{conversation_id}/chat/{chat_id}/attachment,3.700000,0.000000,0,0,0,0,0,0,0,0,0,0,0,125,0,140.0,142.5394883789122,62.12736526504159,269.41334595903754,26.0
1791185339,16,TXN,multimodal_e2e,4.300000,0.500000,0,0,0,0,0,0,0,0,0,0,0,117,8,1100.0,15999.676515893518,0.8738338947296143,60291.04594793171,24.683760683760685
1791185339,16,,Aggregated,16.100000,1.000000,0,0,0,0,0,0,0,0,0,0,0,484,16,18,3907.39477687219,0.7475861348211765,60291.04594793171,22.49586776859504
1791185340,16,POST,/api/playground/conversations,4.300000,0.500000,0,0,0,0,0,0,0,0,0,0,0,133,8,7,8.243396937763109,0.7475861348211765,36.25243529677391,35.714285714285715
1791185340,16,POST,/api/playground/conversations/{conversation_id}/chat/sse,3.800000,0.000000,0,0,0,0,0,0,0,0,0,0,0,109,0,2,2.780842261576871,1.8126051872968674,8.231711108237505,0.0
1791185340,16,POST,/api/playground/conversations/{conversation_id}/chat/{chat_id}/attachment,3.700000,0.000000,0,0,0,0,0,0,0,0,0,0,0,125,0,140.0,142.5394883789122,62.12736526504159,269.41334595903754,26.0
1791185340,16,TXN,multimodal_e2e,4.300000,0.500000,0,0,0,0,0,0,0,0,0,0,0,117,8,1100.0,15999.676515893518,0.8738338947296143,60291.04594793171,24.683760683760685
1791185340,16,,Aggregated,16.100000,1.000000,0,0,0,0,0,0,0,0,0,0,0,484,16,18,3907.39477687219,0.7475861348211765,60291.04594793171,22.49586776859504
1791185341,16,POST,/api/playground/conversations,4.300000,0.500000,0,0,0,0,0,0,0,0,0,0,0,133,8,7,8.243396937763109,0.7475861348211765,36.25243529677391,35.714285714285715
1791185341,16,POST,/api/playground/conversations/{conversation_id}/chat/sse,3.800000,0.000000,0,0,0,0,0,0,0,0,0,0,0,109,0,2,2.780842261576871,1.8126051872968674,8.231711108237505,0.0
1791185341,16,POST,/api/playground/conversations/{conversation_id}/chat/{chat_id}/attachment,3.700000,0.000000,0,0,0,0,0,0,0,0,0,0,0,125,0,140.0,142.5394883789122,62.12736526504159,269.41334595903754,26.0
1791185341,16,TXN,multimodal_e2e,4.300000,0.500000,0,0,0,0,0,0,0,0,0,0,0,117,8,1100.0,15999.676515893518,0.8738338947296143,60291.04594793171,24.683760683760685
1791185341,16,,Aggregated,16.100000,1.000000,0,0,0,0,0,0,0,0,0,0,0,484,16,18,3907.39477687219,0.7475861348211765,60291.04594793171,22.49586776859504
1791185342,16,POST,/api/playground/conversations,4.300000,0.500000,0,0,0,0,0,0,0,0,0,0,0,133,8,7,8.243396937763109,0.7475861348211765,36.25243529677391,35.714285714285715
1791185342,16,POST,/api/playground/conversations/{conversation_id}/chat/sse,3.800000,0.000000,0,0,0,0,0,0,0,0,0,0,0,109,0,2,2.780842261576871,1.8126051872968674,8.231711108237505,0.0
1791185342,16,POST,/api/playground/conversations/{conversation_id}/chat/{chat_id}/attachment,3.700000,0.000000,0,0,0,0,0,0,0,0,0,0,0,125,0,140.0,142.5394883789122,62.12736526504159,269.41334595903754,26.0
1791185342,16,TXN,multimodal_e2e,4.300000,0.500000,0,0,0,0,0,0,0,0,0,0,0,117,8,1100.0,15999.676515893518,0.8738338947296143,60291.04594793171,24.683760683760685
1791185342,16,,Aggregated,16.100000,1.000000,0,0,0,0,0,0,0,0,0,0,0,484,16,18,3907.39477687219,0.7475861348211765,60291.04594793171,22.49586776859504
1791185343,16,POST,/api/playground/conversations,4.300000,0.500000,0,0,0,0,0,0,0,0,0,0,0,133,8,7,8.243396937763109,0.7475861348211765,36.25243529677391,35.714285714285715
1791185343,16,POST,/api/playground/conversations/{conversation_id}/chat/sse,3.800000,0.000000,0,0,0,0,0,0,0,0,0,0,0,109,0,2,2.780842261576871,1.8126051872968674,8.231711108237505,0.0
1791185343,16,POST,/api/playground/conversations/{conversation_id}/chat/{chat_id}/attachment,3.700000,0.000000,0,0,0,0,0,0,0,0,0,0,0,125,0,140.0,142.5394883789122,62.12736526504159,269.41334595903754,26.0
1791185343,16,TXN,multimodal_e2e,4.300000,0.500000,0,0,0,0,0,0,0,0,0,0,0,117,8,1100.0,15999.676515893518,0.8738338947296143,60291.04594793171,24.683760683760685
1791185343,16,,Aggregated,16.100000,1.000000,0,0,0,0,0,0,0,0,0,0,0,484,16,18,3907.39477687219,0.7475861348211765,60291.04594793171,22.49586776859504
1791185344,16,POST,/api/playground/conversations,4.300000,0.500000,0,0,0,0,0,0,0,0,0,0,0,133,8,7,8.243396937763109,0.7475861348211765,36.25243529677391,35.714285714285715
1791185344,16,POST,/api/playground/conversations/{conversation_id}/chat/sse,3.800000,0.000000,0,0,0,0,0,0,0,0,0,0,0,109,0,2,2.780842261576871,1.8126051872968674,8.231711108237505,0.0
1791185344,16,POST,/api/playground/conversations/{conversation_id}/chat/{chat_id}/attachment,3.700000,0.000000,0,0,0,0,0,0,0,0,0,0,0,125,0,140.0,142.5394883789122,62.12736526504159,269.41334595903754,26.0
1791185344,16,TXN,multimodal_e2e,4.300000,0.500000,0,0,0,0,0,0,0,0,0,0,0,117,8,1100.0,15999.676515893518,0.8738338947296143,60291.04594793171,24.683760683760685
1791185344,16,,Aggregated,16.100000,1.000000,0,0,0,0,0,0,0,0,0,0,0,484,16,18,3907.39477687219,0.7475861348211765,60291.04594793171,22.49586776859504
1791185345,16,POST,/api/playground/conversations,4.300000,0.500000,0,0,0,0,0,0,0,0,0,0,0,133,8,7,8.243396937763109,0.7475861348211765,36.25243529677391,35.714285714285715
1791185345,16,POST,/api/playground/conversations/{conversation_id}/chat/sse,3.800000,0.000000,0,0,0,0,0,0,0,0,0,0,0,109,0,2,2.780842261576871,1.8126051872968674,8.231711108237505,0.0
1791185345,16,POST,/api/playground/conversations/{conversation_id}/chat/{chat_id}/attachment,3.700000,0.000000,0,0,0,0,0,0,0,0,0,0,0,125,0,140.0,142.5394883789122,62.12736526504159,269.41334595903754,26.0
1791185345,16,TXN,multimodal_e2e,4.300000,0.500000,0,0,0,0,0,0,0,0,0,0,0,117,8,1100.0,15999.676515893518,0.8738338947296143,60291.04594793171,24.683760683760685
1791185345,16,,Aggregated,16.100000,1.000000,0,0,0,0,0,0,0,0,0,0,0,484,16,18,3907.39477687219,0.7475861348211765,60291.04594793171,22.49586776859504
1791185346,16,POST,/api/playground/conversations,4.300000,0.500000,0,0,0,0,0,0,0,0,0,0,0,133,8,7,8.243396937763109,0.7475861348211765,36.25243529677391,35.714285714285715
1791185346,16,POST,/api/playground/conversations/{conversation_id}/chat/sse,3.800000,0.000000,0,0,0,0,0,0,0,0,0,0,0,109,0,2,2.780842261576871,1.8126051872968674,8.231711108237505,0.0
1791185346,16,POST,/api/playground/conversations/{conversation_id}/chat/{chat_id}/attachment,3.700000,0.000000,0,0,0,0,0,0,0,0,0,0,0,125,0,140.0,142.5394883789122,62.12736526504159,269.41334595903754,26.0
1791185346,16,TXN,multimodal_e2e,4.300000,0.500000,0,0,0,0,0,0,0,0,0,0,0,117,8,1100.0,15999.676515893518,0.8738338947296143,60291.04594793171,24.683760683760685
1791185346,16,,Aggregated,16.100000,1.000000,0,0,0,0,0,0,0,0,0,0,0,484,16,18,3907.39477687219,0.7475861348211765,60291.04594793171,22.49586776859504
1791185347,16,POST,/api/playground/conversations,4.300000,0.500000,0,0,0,0,0,0,0,0,0,0,0,133,8,7,8.243396937763109,0.7475861348211765,36.25243529677391,35.714285714285715
1791185347,16,POST,/api/playground/conversations/{conversation_id}/chat/sse,3.800000,0.000000,0,0,0,0,0,0,0,0,0,0,0,109,0,2,2.780842261576871,1.8126051872968674,8.231711108237505,0.0
1791185347,16,POST,/api/playground/conversations/{conversation_id}/chat/{chat_id}/attachment,3.700000,0.000000,0,0,0,0,0,0,0,0,0,0,0,125,0,140.0,142.5394883789122,62.12736526504159,269.41334595903754,26.0
1791185347,16,TXN,multimodal_e2e,4.300000,0.500000,0,0,0,0,0,0,0,0,0,0,0,117,8,1100.0,15999.676515893518,0.8738338947296143,60291.04594793171,24.683760683760685
1791185347,16,,Aggregated,16.100000,1.000000,0,0,0,0,0,0,0,0,0,0,0,484,16,18,3907.39477687219,0.7475861348211765,60291.04594793171,22.49586776859504
1791185348,16,POST,/api/playground/conversations,4.300000,0.500000,0,0,0,0,0,0,0,0,0,0,0,133,8,7,8.243396937763109,0.7475861348211765,36.25243529677391,35.714285714285715
1791185348,16,POST,/api/playground/conversations/{conversation_id}/chat/sse,3.800000,0.000000,0,0,0,0,0,0,0,0,0,0,0,109,0,2,2.780842261576871,1.8126051872968674,8.231711108237505,0.0
1791185348,16,POST,/api/playground/conversations/{conversation_id}/chat/{chat_id}/attachment,3.700000,0.000000,0,0,0,0,0,0,0,0,0,0,0,125,0,140.0,142.5394883789122,62.12736526504159,269.41334595903754,26.0
1791185348,16,TXN,multimodal_e2e,4.300000,0.500000,0,0,0,0,0,0,0,0,0,0,0,117,8,1100.0,15999.676515893518,0.8738338947296143,60291.04594793171,24.683760683760685
1791185348,16,,Aggregated,16.100000,1.000000,0,0,0,0,0,0,0,0,0,0,0,484,16,18,3907.39477687219,0.7475861348211765,60291.04594793171,22.49586776859504
1791185349,16,POST,/api/playground/conversations,4.300000,0.500000,0,0,0,0,0,0,0,0,0,0,0,133,8,7,8.243396937763109,0.7475861348211765,36.25243529677391,35.714285714285715
1791185349,16,POST,/api/playground/conversations/{conversation_id}/chat/sse,3.800000,0.000000,0,0,0,0,0,0,0,0,0,0,0,109,0,2,2.780842261576871,1.8126051872968674,8.231711108237505,0.0
1791185349,16,POST,/api/playground/conversations/{conversation_id}/chat/{chat_id}/attachment,3.700000,0.000000,0,0,0,0,0,0,0,0,0,0,0,125,0,140.0,142.5394883789122,62.12736526504159,269.41334595903754,26.0
1791185349,16,TXN,multimodal_e2e,4.300000,0.500000,0,0,0,0,0,0,0,0,0,0,0,117,8,1100.0,15999.676515893518,0.8738338947296143,60291.04594793171,24.683760683760685
1791185349,16,,Aggregated,16.100000,1.000000,0,0,0,0,0,0,0,0,0,0,0,484,16,18,3907.39477687219,0.7475861348211765,60291.04594793171,22.49586776859504
1791185350,16,POST,/api/playground/conversations,4.300000,0.500000,0,0,0,0,0,0,0,0,0,0,0,133,8,7,8.243396937763109,0.7475861348211765,36.25243529677391,35.714285714285715
1791185350,16,POST,/api/playground/conversations/{conversation_id}/chat/sse,3.800000,0.000000,0,0,0,0,0,0,0,0,0,0,0,109,0,2,2.780842261576871,1.8126051872968674,8.231711108237505,0.0
1791185350,16,POST,/api/playground/conversations/{conversation_id}/chat/{chat_id}/attachment,3.700000,0.000000,0,0,0,0,0,0,0,0,0,0,0,125,0,140.0,142.5394883789122,62.12736526504159,269.41334595903754,26.0
1791185350,16,TXN,multimodal_e2e,4.300000,0.500000,0,0,0,0,0,0,0,0,0,0,0,117,8,1100.0,15999.676515893518,0.8738338947296143,60291.04594793171,24.683760683760685
1791185350,16,,Aggregated,16.100000,1.000000,0,0,0,0,0,0,0,0,0,0,0,484,16,18,3907.39477687219,0.7475861348211765,60291.04594793171,22.49586776859504
1791185351,16,POST,/api/playground/conversations,4.300000,0.500000,0,0,0,0,0,0,0,0,0,0,0,133,8,7,8.243396937763109,0.7475861348211765,36.25243529677391,35.714285714285715
1791185351,16,POST,/api/playground/conversations/{conversation_id}/chat/sse,3.800000,0.000000,0,0,0,0,0,0,0,0,0,0,0,109,0,2,2.780842261576871,1.8126051872968674,8.231711108237505,0.0
1791185351,16,POST,/api/playground/conversations/{conversation_id}/chat/{chat_id}/attachment,3.700000,0.000000,0,0,0,0,0,0,0,0,0,0,0,125,0,140.0,142.5394883789122,62.12736526504159,269.41334595903754,26.0
1791185351,16,TXN,multimodal_e2e,4.300000,0.500000,0,0,0,0,0,0,0,0,0,0,0,117,8,1100.0,15999.676515893518,0.8738338947296143,60291.04594793171,24.683760683760685
1791185351,16,,Aggregated,16.100000,1.000000,0,0,0,0,0,0,0,0,0,0,0,484,16,18,3907.39477687219,0.7475861348211765,60291.04594793171,22.49586776859504
1791185352,16,POST,/api/playground/conversations,4.300000,0.500000,0,0,0,0,0,0,0,0,0,0,0,133,8,7,8.243396937763109,0.7475861348211765,36.25243529677391,35.714285714285715
1791185352,16,POST,/api/playground/conversations/{conversation_id}/chat/sse,3.800000,0.000000,0,0,0,0,0,0,0,0,0,0,0,109,0,2,2.780842261576871,1.8126051872968674,8.231711108237505,0.0
1791185352,16,POST,/api/playground/conversations/{conversation_id}/chat/{chat_id}/attachment,3.700000,0.000000,0,0,0,0,0,0,0,0,0,0,0,125,0,140.0,142.5394883789122,62.12736526504159,269.41334595903754,26.0
1791185352,16,TXN,multimodal_e2e,4.300000,0.500000,0,0,0,0,0,0,0,0,0,0,0,117,8,1100.0,15999.676515893518,0.8738338947296143,60291.04594793171,24.683760683760685
1791185352,16,,Aggregated,16.100000,1.000000,0,0,0,0,0,0,0,0,0,0,0,484,16,18,3907.39477687219,0.7475861348211765,60291.04594793171,22.49586776859504
1791185353,16,POST,/api/playground/conversations,4.300000,0.500000,0,0,0,0,0,0,0,0,0,0,0,133,8,7,8.243396937763109,0.7475861348211765,36.25243529677391,35.714285714285715
1791185353,16,POST,/api/playground/conversations/{conversation_id}/chat/sse,3.800000,0.000000,0,0,0,0,0,0,0,0,0,0,0,109,0,2,2.780842261576871,1.8126051872968674,8.231711108237505,0.0
1791185353,16,POST,/api/playground/conversations/{conversation_id}/chat/{chat_id}/attachment,3.700000,0.000000,0,0,0,0,0,0,0,0,0,0,0,125,0,140.0,142.5394883789122,62.12736526504159,269.41334595903754,26.0
1791185353,16,TXN,multimodal_e2e,4.300000,0.500000,0,0,0,0,0,0,0,0,0,0,0,117,8,1100.0,15999.676515893518,0.8738338947296143,60291.04594793171,24.683760683760685
1791185353,16,,Aggregated,16.100000,1.000000,0,0,0,0,0,0,0,0,0,0,0,484,16,18,3907.39477687219,0.7475861348211765,60291.04594793171,22.49586776859504
1791185354,16,POST,/api/playground/conversations,4.300000,0.500000,0,0,0,0,0,0,0,0,0,0,0,133,8,7,8.243396937763109,0.7475861348211765,36.25243529677391,35.714285714285715
1791185354,16,POST,/api/playground/conversations/{conversation_id}/chat/sse,3.800000,0.000000,0,0,0,0,0,0,0,0,0,0,0,109,0,2,2.780842261576871,1.8126051872968674,8.231711108237505,0.0
1791185354,16,POST,/api/playground/conversations/{conversation_id}/chat/{chat_id}/attachment,3.700000,0.000000,0,0,0,0,0,0,0,0,0,0,0,125,0,140.0,142.5394883789122,62.12736526504159,269.41334595903754,26.0
1791185354,16,TXN,multimodal_e2e,4.300000,0.500000,0,0,0,0,0,0,0,0,0,0,0,117,8,1100.0,15999.676515893518,0.8738338947296143,60291.04594793171,24.683760683760685
1791185354,16,,Aggregated,16.100000,1.000000,0,0,0,0,0,0,0,0,0,0,0,484,16,18,3907.39477687219,0.7475861348211765,60291.04594793171,22.49586776859504
1791185355,16,POST,/api/playground/conversations,4.300000,0.500000,0,0,0,0,0,0,0,0,0,0,0,133,8,7,8.243396937763109,0.7475861348211765,36.25243529677391,35.714285714285715
1791185355,16,POST,/api/playground/conversations/{conversation_id}/chat/sse,3.800000,0.000000,0,0,0,0,0,0,0,0,0,0,0,109,0,2,2.780842261576871,1.8126051872968674,8.231711108237505,0.0
1791185355,16,POST,/api/playground/conversations/{conversation_id}/chat/{chat_id}/attachment,3.700000,0.000000,0,0,0,0,0,0,0,0,0,0,0,125,0,140.0,142.5394883789122,62.12736526504159,269.41334595903754,26.0
1791185355,16,TXN,multimodal_e2e,4.300000,0.500000,0,0,0,0,0,0,0,0,0,0,0,117,8,1100.0,15999.676515893518,0.8738338947296143,60291.04594793171,24.683760683760685
1791185355,16,,Aggregated,16.100000,1.000000,0,0,0,0,0,0,0,0,0,0,0,484,16,18,3907.39477687219,0.7475861348211765,60291.04594793171,22.49586776859504
1791185356,16,POST,/api/playground/conversations,4.300000,0.500000,0,0,0,0,0,0,0,0,0,0,0,133,8,7,8.243396937763109,0.7475861348211765,36.25243529677391,35.714285714285715
1791185356,16,POST,/api/playground/conversations/{conversation_id}/chat/sse,3.800000,0.000000,0,0,0,0,0,0,0,0,0,0,0,109,0,2,2.780842261576871,1.8126051872968674,8.231711108237505,0.0
1791185356,16,POST,/api/playground/conversations/{conversation_id}/chat/{chat_id}/attachment,3.700000,0.000000,0,0,0,0,0,0,0,0,0,0,0,125,0,140.0,142.5394883789122,62.12736526504159,269.41334595903754,26.0
1791185356,16,TXN,multimodal_e2e,4.300000,0.500000,0,0,0,0,0,0,0,0,0,0,0,117,8,1100.0,15999.676515893518,0.8738338947296143,60291.04594793171,24.683760683760685
1791185356,16,,Aggregated,16.100000,1.000000,0,0,0,0,0,0,0,0,0,0,0,484,16,18,3907.39477687219,0.7475861348211765,60291.04594793171,22.49586776859504
1791185357,16,POST,/api/playground/conversations,4.300000,0.500000,0,0,0,0,0,0,0,0,0,0,0,133,8,7,8.243396937763109,0.7475861348211765,36.25243529677391,35.714285714285715
1791185357,16,POST,/api/playground/conversations/{conversation_id}/chat/sse,3.800000,0.000000,0,0,0,0,0,0,0,0,0,0,0,109,0,2,2.780842261576871,1.8126051872968674,8.231711108237505,0.0
1791185357,16,POST,/api/playground/conversations/{conversation_id}/chat/{chat_id}/attachment,3.700000,0.000000,0,0,0,0,0,0,0,0,0,0,0,125,0,140.0,142.5394883789122,62.12736526504159,269.41334595903754,26.0
1791185357,16,TXN,multimodal_e2e,4.300000,0.500000,0,0,0,0,0,0,0,0,0,0,0,117,8,1100.0,15999.676515893518,0.8738338947296143,60291.04594793171,24.683760683760685
1791185357,16,,Aggregated,16.100000,1.000000,0,0,0,0,0,0,0,0,0,0,0,484,16,18,3907.39477687219,0.7475861348211765,60291.04594793171,22.49586776859504
1791185358,16,POST,/api/playground/conversations,4.300000,0.500000,0,0,0,0,0,0,0,0,0,0,0,133,8,7,8.243396937763109,0.7475861348211765,36.25243529677391,35.714285714285715
1791185358,16,POST,/api/playground/conversations/{conversation_id}/chat/sse,3.800000,0.000000,0,0,0,0,0,0,0,0,0,0,0,109,0,2,2.780842261576871,1.8126051872968674,8.231711108237505,0.0
1791185358,16,POST,/api/playground/conversations/{conversation_id}/chat/{chat_id}/attachment,3.700000,0.000000,0,0,0,0,0,0,0,0,0,0,0,125,0,140.0,142.5394883789122,62.12736526504159,269.41334595903754,26.0
1791185358,16,TXN,multimodal_e2e,4.300000,0.500000,0,0,0,0,0,0,0,0,0,0,0,117,8,1100.0,15999.676515893518,0.8738338947296143,60291.04594793171,24.683760683760685
1791185358,16,,Aggregated,16.100000,1.000000,0,0,0,0,0,0,0,0,0,0,0,484,16,18,3907.39477687219,0.7475861348211765,60291.04594793171,22.49586776859504
1791185359,16,POST,/api/playground/conversations,4.300000,0.500000,0,0,0,0,0,0,0,0,0,0,0,133,8,7,8.243396937763109,0.7475861348211765,36.25243529677391,35.714285714285715
1791185359,16,POST,/api/playground/conversations/{conversation_id}/chat/sse,3.800000,0.000000,0,0,0,0,0,0,0,0,0,0,0,109,0,2,2.780842261576871,1.8126051872968674,8.231711108237505,0.0
1791185359,16,POST,/api/playground/conversations/{conversation_id}/chat/{chat_id}/attachment,3.700000,0.000000,0,0,0,0,0,0,0,0,0,0,0,125,0,140.0,142.5394883789122,62.12736526504159,269.41334595903754,26.0
1791185359,16,TXN,multimodal_e2e,4.300000,0.500000,0,0,0,0,0,0,0,0,0,0,0,117,8,1100.0,15999.676515893518,0.8738338947296143,60291.04594793171,24.683760683760685
1791185359,16,,Aggregated,16.100000,1.000000,0,0,0,0,0,0,0,0,0,0,0,484,16,18,3907.39477687219,0.7475861348211765,60291.04594793171,22.49586776859504
1791185360,16,POST,/api/playground/conversations,4.300000,0.500000,0,0,0,0,0,0,0,0,0,0,0,133,8,7,8.243396937763109,0.7475861348211765,36.25243529677391,35.714285714285715
1791185360,16,POST,/api/playground/conversations/{conversation_id}/chat/sse,3.800000,0.000000,0,0,0,0,0,0,0,0,0,0,0,109,0,2,2.780842261576871,1.8126051872968674,8.231711108237505,0.0
1791185360,16,POST,/api/playground/conversations/{conversation_id}/chat/{chat_id}/attachment,3.700000,0.000000,0,0,0,0,0,0,0,0,0,0,0,125,0,140.0,142.5394883789122,62.12736526504159,269.41334595903754,26.0
1791185360,16,TXN,multimodal_e2e,4.300000,0.500000,0,0,0,0,0,0,0,0,0,0,0,117,8,1100.0,15999.676515893518,0.8738338947296143,60291.04594793171,24.683760683760685
1791185360,16,,Aggregated,16.100000,1.000000,0,0,0,0,0,0,0,0,0,0,0,484,16,18,3907.39477687219,0.7475861348211765,60291.04594793171,22.49586776859504
1791185361,16,POST,/api/playground/conversations,4.300000,0.500000,0,0,0,0,0,0,0,0,0,0,0,133,8,7,8.243396937763109,0.7475861348211765,36.25243529677391,35.714285714285715
1791185361,16,POST,/api/playground/conversations/{conversation_id}/chat/sse,3.800000,0.000000,0,0,0,0,0,0,0,0,0,0,0,109,0,2,2.780842261576871,1.8126051872968674,8.231711108237505,0.0
1791185361,16,POST,/api/playground/conversations/{conversation_id}/chat/{chat_id}/attachment,3.700000,0.000000,0,0,0,0,0,0,0,0,0,0,0,125,0,140.0,142.5394883789122,62.12736526504159,269.41334595903754,26.0
1791185361,16,TXN,multimodal_e2e,4.300000,0.500000,0,0,0,0,0,0,0,0,0,0,0,117,8,1100.0,15999.676515893518,0.8738338947296143,60291.04594793171,24.683760683760685
1791185361,16,,Aggregated,16.100000,1.000000,0,0,0,0,0,0,0,0,0,0,0,484,16,18,3907.39477687219,0.7475861348211765,60291.04594793171,22.49586776859504
1791185362,16,POST,/api/playground/conversations,4.300000,0.500000,0,0,0,0,0,0,0,0,0,0,0,133,8,7,8.243396937763109,0.7475861348211765,36.25243529677391,35.714285714285715
1791185362,16,POST,/api/playground/conversations/{conversation_id}/chat/sse,3.800000,0.000000,0,0,0,0,0,0,0,0,0,0,0,109,0,2,2.780842261576871,1.8126051872968674,8.231711108237505,0.0
1791185362,16,POST,/api/playground/conversations/{conversation_id}/chat/{chat_id}/attachment,3.700000,0.000000,0,0,0,0,0,0,0,0,0,0,0,125,0,140.0,142.5394883789122,62.12736526504159,269.41334595903754,26.0
1791185362,16,TXN,multimodal_e2e,4.300000,0.500000,0,0,0,0,0,0,0,0,0,0,0,117,8,1100.0,15999.676515893518,0.8738338947296143,60291.04594793171,24.683760683760685
1791185362,16,,Aggregated,16.100000,1.000000,0,0,0,0,0,0,0,0,0,0,0,484,16,18,3907.39477687219,0.7475861348211765,60291.04594793171,22.49586776859504
1791185363,16,POST,/api/playground/conversations,0.000000,0.000000,15,15,15,15,15,15,15,15,15,15,15,135,9,7,8.242556770090703,0.7475861348211765,36.25243529677391,35.46666666666667
1791185363,16,POST,/api/playground/conversations/{conversation_id}/chat/sse,0.000000,0.000000,3,3,3,3,3,3,3,3,3,3,3,110,0,2,2.7817034162580967,1.8126051872968674,8.231711108237505,0.0
1791185363,16,POST,/api/playground/conversations/{conversation_id}/chat/{chat_id}/attachment,0.000000,0.000000,190,190,190,190,190,190,190,190,190,190,190,126,0,140.0,142.88044682083031,62.12736526504159,269.41334595903754,26.0
1791185363,16,TXN,multimodal_e2e,0.000000,0.000000,60000,60000,60000,60000,60000,60000,60000,60000,60000,60000,60000,119,9,1100.0,16237.465155921376,0.8738338947296143,60294.13445899263,24.537815126050422
1791185363,16,,Aggregated,0.000000,0.000000,15,15,190,190,60000,60000,60000,60000,60000,60000,60000,490,18,17,3983.020453864937,0.7475861348211765,60294.13445899263,22.416326530612245
1791185364,16,POST,/api/playground/conversations,0.000000,0.000000,10,10,13,13,15,15,15,15,15,15,15,140,10,7,8.232068709496941,0.7475861348211765,36.25243529677391,35.285714285714285
1791185364,16,POST,/api/playground/conversations/{conversation_id}/chat/sse,0.000000,0.000000,3,3,3,3,3,3,3,3,3,3,3,114,0,2,2.766430471909412,1.8126051872968674,8.231711108237505,0.0
1791185364,16,POST,/api/playground/conversations/{conversation_id}/chat/{chat_id}/attachment,0.000000,0.000000,190,190,190,190,190,190,190,190,190,190,190,129,0,140.0,143.7114552277061,62.12736526504159,269.41334595903754,26.0
1791185364,16,TXN,multimodal_e2e,0.000000,0.000000,1200,60000,60000,60000,60000,60000,60000,60000,60000,60000,60000,124,10,1100.0,16567.535715301583,0.8738338947296143,60294.13445899263,24.403225806451612
1791185364,16,,Aggregated,0.000000,0.000000,10,180,190,550,60000,60000,60000,60000,60000,60000,60000,507,20,15,4091.481398648713,0.7475861348211765,60294.13445899263,22.32741617357002
1791185365,16,POST,/api/playground/conversations,0.000000,0.000000,10,10,13,13,15,15,15,15,15,15,15,140,10,7,8.232068709496941,0.7475861348211765,36.25243529677391,35.285714285714285
1791185365,16,POST,/api/playground/conversations/{conversation_id}/chat/sse,0.000000,0.000000,3,3,3,3,3,3,3,3,3,3,3,114,0,2,2.766430471909412,1.8126051872968674,8.231711108237505,0.0
1791185365,16,POST,/api/playground/conversations/{conversation_id}/chat/{chat_id}/attachment,0.000000,0.000000,180,190,190,190,190,190,190,190,190,190,190,130,0,140.0,143.71069356655846,62.12736526504159,269.41334595903754,26.0
1791185365,16,TXN,multimodal_e2e,0.000000,0.000000,1200,60000,60000,60000,60000,60000,60000,60000,60000,60000,60000,124,10,1100.0,16567.535715301583,0.8738338947296143,60294.13445899263,24.403225806451612
1791185365,16,,Aggregated,0.000000,0.000000,13,170,190,550,60000,60000,60000,60000,60000,60000,60000,508,20,15,4083.7100030594015,0.7475861348211765,60294.13445899263,22.334645669291337
1791185366,16,POST,/api/playground/conversations,0.200000,0.100000,7,10,10,10,13,15,15,15,15,15,15,144,11,7,8.161404975301897,0.7475861348211765,36.25243529677391,35.09722222222222
1791185366,16,POST,/api/playground/conversations/{conversation_id}/chat/sse,0.100000,0.000000,3,3,3,3,3,3,3,3,3,3,3,117,0,2,2.7617722964630675,1.8126051872968674,8.231711108237505,0.0
1791185366,16,POST,/api/playground/conversations/{conversation_id}/chat/{chat_id}/attachment,0.100000,0.000000,190,190,200,200,220,220,220,220,220,220,220,133,0,140.0,144.91201215248583,62.12736526504159,269.41334595903754,26.0
1791185366,16,TXN,multimodal_e2e,0.200000,0.100000,1200,60000,60000,60000,60000,60000,60000,60000,60000,60000,60000,128,11,1100.0,16538.125184237288,0.8738338947296143,60294.13445899263,24.1484375
1791185366,16,,Aggregated,0.600000,0.200000,10,180,200,550,60000,60000,60000,60000,60000,60000,60000,522,22,15,4095.118181750542,0.7475861348211765,60294.13445899263,22.227969348659006
1791185367,16,POST,/api/playground/conversations,0.700000,0.200000,7,7,10,10,13,15,15,15,15,15,15,150,12,7,8.063709220538536,0.7475861348211765,36.25243529677391,34.96
1791185367,16,POST,/api/playground/conversations/{conversation_id}/chat/sse,0.500000,0.000000,3,3,3,3,5,5,5,5,5,5,5,122,0,2,2.806549132267227,1.8126051872968674,8.231711108237505,0.0
1791185367,16,POST,/api/playground/conversations/{conversation_id}/chat/{chat_id}/attachment,0.500000,0.000000,170,190,190,190,200,220,220,220,220,220,220,138,0,140.0,145.0424660604609,62.12736526504159,269.41334595903754,26.0
1791185367,16,TXN,multimodal_e2e,0.700000,0.200000,1200,60000,60000,60000,60000,60000,60000,60000,60000,60000,60000,134,12,1100.0,17159.67403881516,0.8738338947296143,60294.13445899263,24.171641791044777
1791185367,16,,Aggregated,2.400000,0.400000,10,170,200,550,60000,60000,60000,60000,60000,60000,60000,544,24,15,4266.47819282131,0.7475861348211765,60294.13445899263,22.189338235294116
1791185368,16,POST,/api/playground/conversations,0.700000,0.200000,7,7,8,10,10,13,15,15,15,15,15,154,12,7,8.024856928953684,0.7475861348211765,36.25243529677391,35.03896103896104
1791185368,16,POST,/api/playground/conversations/{conversation_id}/chat/sse,0.500000,0.000000,3,3,3,3,5,5,5,5,5,5,5,126,0,2,2.8073089012491796,1.7779059708118439,8.231711108237505,0.0
1791185368,16,POST,/api/playground/conversations/{conversation_id}/chat/{chat_id}/attachment,0.500000,0.000000,170,190,190,200,200,220,220,220,220,220,220,142,0,140.0,146.07202640446033,62.12736526504159,269.41334595903754,26.0
1791185368,16,TXN,multimodal_e2e,0.700000,0.200000,1200,60000,60000,60000,60000,60000,60000,60000,60000,60000,60000,138,12,1100.0,17117.20828690053,0.8738338947296143,60294.13445899263,24.115942028985508
1791185368,16,,Aggregated,2.400000,0.400000,10,170,200,490,60000,60000,60000,60000,60000,60000,60000,560,24,15,4258.047357554148,0.7475861348211765,60294.13445899263,22.17142857142857
1791185369,16,POST,/api/playground/conversations,1.700000,0.400000,7,7,10,10,13,15,78,78,78,78,78,156,12,7,8.465488841279576,0.7475861348211765,78.30155594274402,35.07692307692308
1791185369,16,POST,/api/playground/conversations/{conversation_id}/chat/sse,1.300000,0.000000,3,3,5,5,5,6,6,6,6,6,6,128,0,2,2.8488970165199134,1.7779059708118439,8.231711108237505,0.0
1791185369,16,POST,/api/playground/conversations/{conversation_id}/chat/{chat_id}/attachment,1.100000,0.000000,170,190,190,200,200,220,220,220,220,220,220,144,0,150.0,146.333317783299,62.12736526504159,269.41334595903754,26.0
1791185369,16,TXN,multimodal_e2e,1.700000,0.400000,1300,60000,60000,60000,60000,60000,60000,60000,60000,60000,60000,140,12,1100.0,17312.705663115983,0.8738338947296143,60294.13445899263,24.364285714285714
1791185369,16,,Aggregated,5.800000,0.800000,10,170,200,530,60000,60000,60000,60000,60000,60000,60000,568,24,15,4307.2818057647655,0.7475861348211765,60294.13445899263,22.2306338028169
1791185370,16,POST,/api/playground/conversations,1.700000,0.400000,7,8,10,10,13,15,78,78,78,78,78,159,12,7,8.467348295398665,0.7475861348211765,78.30155594274402,35.132075471698116
1791185370,16,POST,/api/playground/conversations/{conversation_id}/chat/sse,1.300000,0.000000,3,3,3,5,5,5,6,6,6,6,6,131,0,2,2.842971063325651,1.7779059708118439,8.231711108237505,0.0
1791185370,16,POST,/api/playground/conversations/{conversation_id}/chat/{chat_id}/attachment,1.100000,0.000000,180,190,200,200,220,260,270,270,270,270,270,147,0,150.0,148.5078604226666,62.12736526504159,271.9646291807294,26.0
1791185370,16,TXN,multimodal_e2e,1.700000,0.400000,1300,60000,60000,60000,60000,60000,60000,60000,60000,60000,60000,143,12,1200.0,17383.90244779965,0.8738338947296143,60294.13445899263,24.293706293706293
1791185370,16,,Aggregated,5.800000,0.800000,10,180,260,530,60000,60000,60000,60000,60000,60000,60000,580,24,15,4326.633522596114,0.7475861348211765,60294.13445899263,22.21034482758621
1791185371,16,POST,/api/playground/conversations,2.100000,0.400000,7,10,10,10,13,15,78,78,78,78,78,162,12,7,8.501190821536714,0.7475861348211765,78.30155594274402,35.18518518518518
1791185371,16,POST,/api/playground/conversations/{conversation_id}/chat/sse,1.700000,0.000000,3,3,5,5,5,6,8,8,8,8,8,134,0,2,2.8901341399038905,1.7779059708118439,8.231711108237505,0.0
1791185371,16,POST,/api/playground/conversations/{conversation_id}/chat/{chat_id}/attachment,1.700000,0.000000,180,200,200,220,240,260,270,270,270,270,270,150,0,150.0,149.683592999354,62.12736526504159,271.9646291807294,26.0
1791185371,16,TXN,multimodal_e2e,2.100000,0.400000,1300,60000,60000,60000,60000,60000,60000,60000,60000,60000,60000,146,12,1200.0,17457.284488240002,0.8738338947296143,60294.13445899263,24.184931506849313
1791185371,16,,Aggregated,7.600000,0.800000,12,190,260,550,60000,60000,60000,60000,60000,60000,60000,592,24,15,4346.250920812127,0.7475861348211765,60294.13445899263,22.180743243243242
1791185372,16,POST,/api/playground/conversations,2.600000,0.400000,7,8,10,10,12,13,78,78,78,78,78,164,12,7,8.48536291613993,0.7475861348211765,78.30155594274402,35.21951219512195
1791185372,16,POST,/api/playground/conversations/{conversation_id}/chat/sse,2.200000,0.000000,3,5,5,5,6,8,14,14,14,14,14,136,0,2,2.985828080187168,1.7779059708118439,13.533094897866249,0.0
1791185372,16,POST,/api/playground/conversations/{conversation_id}/chat/{chat_id}/attachment,2.200000,0.000000,170,200,200,220,240,260,270,270,270,270,270,152,0,150.0,149.64795517918998,62.12736526504159,271.9646291807294,26.0
1791185372,16,TXN,multimodal_e2e,2.600000,0.400000,1300,60000,60000,60000,60000,60000,60000,60000,60000,60000,60000,148,12,1200.0,17637.42733479956,0.8738338947296143,60294.13445899263,24.20945945945946
1791185372,16,,Aggregated,9.600000,0.800000,13,180,260,570,60000,60000,60000,60000,60000,60000,60000,600,24,15,4391.4723447912065,0.7475861348211765,60294.13445899263,22.185
1791185373,16,POST,/api/playground/conversations,2.900000,0.400000,6,7,8,8,10,12,78,78,78,78,78,171,14,7,8.300587061073696,0.665765255689621,78.30155594274402,34.888888888888886
1791185373,16,POST,/api/playground/conversations/{conversation_id}/chat/sse,2.500000,0.000000,3,5,5,5,6,8,14,14,14,14,14,141,0,2,2.991523705951288,1.7779059708118439,13.533094897866249,0.0
1791185373,16,POST,/api/playground/conversations/{conversation_id}/chat/{chat_id}/attachment,2.500000,0.000000,170,200,220,220,240,260,270,270,270,270,270,156,0,150.0,150.56231025701913,62.12736526504159,271.9646291807294,26.0
1791185373,16,TXN,multimodal_e2e,2.900000,0.400000,1300,60000,60000,60000,60000,60000,60000,60000,60000,60000,60000,155,14,1200.0,17632.938192613543,0.7854243740439415,60294.13445899263,23.81935483870968
1791185373,16,,Aggregated,10.800000,0.800000,10,180,260,530,1600,60000,60000,60000,60000,60000,60000,623,28,14,4427.66347589916,0.665765255689621,60294.13445899263,22.012841091492778
1791185374,16,POST,/api/playground/conversations,2.900000,0.400000,6,7,8,8,10,12,78,78,78,78,78,171,14,7,8.300587061073696,0.665765255689621,78.30155594274402,34.888888888888886
1791185374,16,POST,/api/playground/conversations/{conversation_id}/chat/sse,2.500000,0.000000,3,5,5,5,6,8,14,14,14,14,14,141,0,2,2.991523705951288,1.7779059708118439,13.533094897866249,0.0
1791185374,16,POST,/api/playground/conversations/{conversation_id}/chat/{chat_id}/attachment,2.500000,0.000000,170,200,220,220,240,260,270,270,270,270,270,157,0,150.0,150.58126292268562,62.12736526504159,271.9646291807294,26.0
1791185374,16,TXN,multimodal_e2e,2.900000,0.400000,1300,60000,60000,60000,60000,60000,60000,60000,60000,60000,60000,155,14,1200.0,17632.938192613543,0.7854243740439415,60294.13445899263,23.81935483870968
1791185374,16,,Aggregated,10.800000,0.800000,10,170,260,490,1600,60000,60000,60000,60000,60000,60000,624,28,14,4420.813915647345,0.665765255689621,60294.13445899263,22.01923076923077
1791185375,16,POST,/api/playground/conversations,3.100000,0.400000,6,7,8,10,10,12,78,78,78,78,78,173,14,7,8.27322096289324,0.665765255689621,78.30155594274402,34.92485549132948
1791185375,16,POST,/api/playground/conversations/{conversation_id}/chat/sse,2.700000,0.000000,3,5,5,5,6,8,14,14,14,14,14,143,0,2,2.999677052525999,1.7779059708118439,13.533094897866249,0.0
1791185375,16,POST,/api/playground/conversations/{conversation_id}/chat/{chat_id}/attachment,2.600000,0.000000,170,190,200,220,240,260,270,270,270,270,270,159,0,150.0,150.8476817160376,62.12736526504159,271.9646291807294,26.0
1791185375,16,TXN,multimodal_e2e,3.100000,0.400000,1300,60000,60000,60000,60000,60000,60000,60000,60000,60000,60000,157,14,1200.0,17425.78205862824,0.7854243740439415,60294.13445899263,23.713375796178344
1791185375,16,,Aggregated,11.500000,0.800000,12,170,260,530,1600,60000,60000,60000,60000,60000,60000,632,28,14,4369.767065890151,0.665765255689621,60294.13445899263,21.992088607594937
1791185376,16,POST,/api/playground/conversations,3.500000,0.500000,7,8,10,10,11,12,78,78,78,78,78,174,14,7,8.289786216256948,0.665765255689621,78.30155594274402,34.94252873563219
1791185376,16,POST,/api/playground/conversations/{conversation_id}/chat/sse,3.000000,0.000000,3,5,5,5,6,8,14,14,14,14,14,144,0,2,2.9947284266300915,1.7779059708118439,13.533094897866249,0.0
1791185376,16,POST,/api/playground/conversations/{conversation_id}/chat/{chat_id}/attachment,3.000000,0.000000,170,190,220,220,240,260,270,270,270,270,270,160,0,150.0,151.0414500051411,62.12736526504159,271.9646291807294,26.0
1791185376,16,TXN,multimodal_e2e,3.500000,0.500000,1300,1600,60000,60000,60000,60000,60000,60000,60000,60000,60000,158,14,1200.0,17696.605105227143,0.7854243740439415,60294.13445899263,23.835443037974684
1791185376,16,,Aggregated,13.000000,1.000000,78,180,260,490,1500,60000,60000,60000,60000,60000,60000,636,28,14,4437.270286669457,0.665765255689621,60294.13445899263,22.02201257861635
1791185377,16,POST,/api/playground/conversations,3.300000,0.400000,7,8,10,10,11,12,78,78,78,78,78,175,14,7,8.28642769583634,0.665765255689621,78.30155594274402,34.96
1791185377,16,POST,/api/playground/conversations/{conversation_id}/chat/sse,2.900000,0.000000,3,5,5,6,8,14,14,14,14,14,14,145,0,2,2.9985093062037023,1.7779059708118439,13.533094897866249,0.0
1791185377,16,POST,/api/playground/conversations/{conversation_id}/chat/{chat_id}/attachment,2.900000,0.000000,170,190,220,230,260,270,270,270,270,270,270,161,0,150.0,150.9443419603689,62.12736526504159,271.9646291807294,26.0
1791185377,16,TXN,multimodal_e2e,3.300000,0.400000,1300,1500,60000,60000,60000,60000,60000,60000,60000,60000,60000,159,14,1200.0,17593.10346237624,0.7854243740439415,60294.13445899263,23.761006289308177
1791185377,16,,Aggregated,12.400000,0.800000,14,180,270,1200,1500,60000,60000,60000,60000,60000,60000,640,28,14,4411.703747296269,0.665765255689621,60294.13445899263,22.003125
1791185378,16,POST,/api/playground/conversations,3.300000,0.400000,7,8,10,10,11,12,12,12,12,12,12,176,14,7,8.279198185350237,0.665765255689621,78.30155594274402,34.97727272727273
1791185378,16,POST,/api/playground/conversations/{conversation_id}/chat/sse,2.900000,0.000000,3,4,5,5,8,14,14,14,14,14,14,146,0,2,2.998317544004076,1.7779059708118439,13.533094897866249,0.0
1791185378,16,POST,/api/playground/conversations/{conversation_id}/chat/{chat_id}/attachment,2.900000,0.000000,180,190,220,230,260,270,270,270,270,270,270,162,0,150.0,151.1760071627106,62.12736526504159,271.9646291807294,26.0
1791185378,16,TXN,multimodal_e2e,3.300000,0.400000,1300,1500,60000,60000,60000,60000,60000,60000,60000,60000,60000,160,14,1200.0,17486.470081543666,0.7854243740439415,60294.13445899263,23.7375
1791185378,16,,Aggregated,12.400000,0.800000,12,180,260,530,1400,60000,60000,60000,60000,60000,60000,644,28,14,4385.435744486634,0.665765255689621,60294.13445899263,21.996894409937887
1791185379,16,POST,/api/playground/conversations,3.300000,0.400000,6,8,8,10,11,12,12,12,12,12,12,176,14,7,8.279198185350237,0.665765255689621,78.30155594274402,34.97727272727273
1791185379,16,POST,/api/playground/conversations/{conversation_id}/chat/sse,2.900000,0.000000,3,4,5,6,8,14,14,14,14,14,14,146,0,2,2.998317544004076,1.7779059708118439,13.533094897866249,0.0
1791185379,16,POST,/api/playground/conversations/{conversation_id}/chat/{chat_id}/attachment,2.900000,0.000000,170,180,190,220,230,240,240,240,240,240,240,162,0,150.0,151.1760071627106,62.12736526504159,271.9646291807294,26.0
1791185379,16,TXN,multimodal_e2e,3.300000,0.400000,1300,1500,60000,60000,60000,60000,60000,60000,60000,60000,60000,160,14,1200.0,17486.470081543666,0.7854243740439415,60294.13445899263,23.7375
1791185379,16,,Aggregated,12.400000,0.800000,12,180,240,530,1400,60000,60000,60000,60000,60000,60000,644,28,14,4385.435744486634,0.665765255689621,60294.13445899263,21.996894409937887
1791185380,16,POST,/api/playground/conversations,3.300000,0.400000,6,7,7,8,8,11,11,11,11,11,11,176,14,7,8.279198185350237,0.665765255689621,78.30155594274402,34.97727272727273
1791185380,16,POST,/api/playground/conversations/{conversation_id}/chat/sse,2.900000,0.000000,3,4,5,5,6,14,14,14,14,14,14,146,0,2,2.998317544004076,1.7779059708118439,13.533094897866249,0.0
1791185380,16,POST,/api/playground/conversations/{conversation_id}/chat/{chat_id}/attachment,2.900000,0.000000,170,180,190,190,190,220,220,220,220,220,220,162,0,150.0,151.1760071627106,62.12736526504159,271.9646291807294,26.0
1791185380,16,TXN,multimodal_e2e,3.300000,0.400000,1300,1500,60000,60000,60000,60000,60000,60000,60000,60000,60000,160,14,1200.0,17486.470081543666,0.7854243740439415,60294.13445899263,23.7375
1791185380,16,,Aggregated,12.400000,0.800000,11,170,220,480,1300,60000,60000,60000,60000,60000,60000,644,28,14,4385.435744486634,0.665765255689621,60294.13445899263,21.996894409937887
1791185381,16,POST,/api/playground/conversations,3.300000,0.400000,6,6,7,7,8,11,11,11,11,11,11,176,14,7,8.279198185350237,0.665765255689621,78.30155594274402,34.97727272727273
1791185381,16,POST,/api/playground/conversations/{conversation_id}/chat/sse,2.900000,0.000000,3,3,4,4,6,6,6,6,6,6,6,146,0,2,2.998317544004076,1.7779059708118439,13.533094897866249,0.0
1791185381,16,POST,/api/playground/conversations/{conversation_id}/chat/{chat_id}/attachment,2.900000,0.000000,170,180,190,190,190,220,220,220,220,220,220,162,0,150.0,151.1760071627106,62.12736526504159,271.9646291807294,26.0
1791185381,16,TXN,multimodal_e2e,3.300000,0.400000,1200,1300,60000,60000,60000,60000,60000,60000,60000,60000,60000,160,14,1200.0,17486.470081543666,0.7854243740439415,60294.13445899263,23.7375
1791185381,16,,Aggregated,12.400000,0.800000,8,170,190,480,1300,60000,60000,60000,60000,60000,60000,644,28,14,4385.435744486634,0.665765255689621,60294.13445899263,21.996894409937887
1791185382,16,POST,/api/playground/conversations,3.300000,0.400000,7,7,8,8,11,11,11,11,11,11,11,176,14,7,8.279198185350237,0.665765255689621,78.30155594274402,34.97727272727273
1791185382,16,POST,/api/playground/conversations/{conversation_id}/chat/sse,2.900000,0.000000,3,3,4,4,4,4,4,4,4,4,4,146,0,2,2.998317544004076,1.7779059708118439,13.533094897866249,0.0
1791185382,16,POST,/api/playground/conversations/{conversation_id}/chat/{chat_id}/attachment,2.900000,0.000000,180,180,180,180,190,190,190,190,190,190,190,162,0,150.0,151.1760071627106,62.12736526504159,271.9646291807294,26.0
1791185382,16,TXN,multimodal_e2e,3.300000,0.400000,1200,1200,1500,1500,60000,60000,60000,60000,60000,60000,60000,160,14,1200.0,17486.470081543666,0.7854243740439415,60294.13445899263,23.7375
1791185382,16,,Aggregated,12.400000,0.800000,140,180,480,530,1200,1500,60000,60000,60000,60000,60000,644,28,14,4385.435744486634,0.665765255689621,60294.13445899263,21.996894409937887
1791185383,16,POST,/api/playground/conversations,3.300000,0.400000,7,8,8,11,11,11,11,11,11,11,11,176,14,7,8.279198185350237,0.665765255689621,78.30155594274402,34.97727272727273
1791185383,16,POST,/api/playground/conversations/{conversation_id}/chat/sse,2.900000,0.000000,3,4,4,4,4,4,4,4,4,4,4,146,0,2,2.998317544004076,1.7779059708118439,13.533094897866249,0.0
1791185383,16,POST,/api/playground/conversations/{conversation_id}/chat/{chat_id}/attachment,2.900000,0.000000,180,180,180,190,190,190,190,190,190,190,190,162,0,150.0,151.1760071627106,62.12736526504159,271.9646291807294,26.0
1791185383,16,TXN,multimodal_e2e,3.300000,0.400000,1200,1500,1500,60000,60000,60000,60000,60000,60000,60000,60000,160,14,1200.0,17486.470081543666,0.7854243740439415,60294.13445899263,23.7375
1791185383,16,,Aggregated,12.400000,0.800000,140,180,530,1200,1500,60000,60000,60000,60000,60000,60000,644,28,14,4385.435744486634,0.665765255689621,60294.13445899263,21.996894409937887
1791185384,16,POST,/api/playground/conversations,3.300000,0.400000,8,8,11,11,11,11,11,11,11,11,11,176,14,7,8.279198185350237,0.665765255689621,78.30155594274402,34.97727272727273
1791185384,16,POST,/api/playground/conversations/{conversation_id}/chat/sse,2.900000,0.000000,3,3,4,4,4,4,4,4,4,4,4,146,0,2,2.998317544004076,1.7779059708118439,13.533094897866249,0.0
1791185384,16,POST,/api/playground/conversations/{conversation_id}/chat/{chat_id}/attachment,2.900000,0.000000,180,180,190,190,190,190,190,190,190,190,190,162,0,150.0,151.1760071627106,62.12736526504159,271.9646291807294,26.0
1791185384,16,TXN,multimodal_e2e,3.300000,0.400000,1200,1200,60000,60000,60000,60000,60000,60000,60000,60000,60000,160,14,1200.0,17486.470081543666,0.7854243740439415,60294.13445899263,23.7375
1791185384,16,,Aggregated,12.400000,0.800000,140,180,530,530,1200,60000,60000,60000,60000,60000,60000,644,28,14,4385.435744486634,0.665765255689621,60294.13445899263,21.996894409937887
1791185385,16,POST,/api/playground/conversations,3.300000,0.400000,8,8,8,8,8,8,8,8,8,8,8,176,14,7,8.279198185350237,0.665765255689621,78.30155594274402,34.97727272727273
1791185385,16,POST,/api/playground/conversations/{conversation_id}/chat/sse,2.900000,0.000000,4,4,4,4,4,4,4,4,4,4,4,146,0,2,2.998317544004076,1.7779059708118439,13.533094897866249,0.0
1791185385,16,POST,/api/playground/conversations/{conversation_id}/chat/{chat_id}/attachment,2.900000,0.000000,180,180,190,190,190,190,190,190,190,190,190,162,0,150.0,151.1760071627106,62.12736526504159,271.9646291807294,26.0
1791185385,16,TXN,multimodal_e2e,3.300000,0.400000,1200,1200,1200,1200,1200,1200,1200,1200,1200,1200,1200,160,14,1200.0,17486.470081543666,0.7854243740439415,60294.13445899263,23.7375
1791185385,16,,Aggregated,12.400000,0.800000,140,190,530,530,1200,1200,1200,1200,1200,1200,1200,644,28,14,4385.435744486634,0.665765255689621,60294.13445899263,21.996894409937887
1791185386,16,POST,/api/playground/conversations,3.300000,0.400000,7,7,7,7,7,7,7,7,7,7,7,176,14,7,8.279198185350237,0.665765255689621,78.30155594274402,34.97727272727273
1791185386,16,POST,/api/playground/conversations/{conversation_id}/chat/sse,2.900000,0.000000,3,3,3,3,3,3,3,3,3,3,3,146,0,2,2.998317544004076,1.7779059708118439,13.533094897866249,0.0
1791185386,16,POST,/api/playground/conversations/{conversation_id}/chat/{chat_id}/attachment,2.900000,0.000000,190,190,190,190,190,190,190,190,190,190,190,162,0,150.0,151.1760071627106,62.12736526504159,271.9646291807294,26.0
1791185386,16,TXN,multimodal_e2e,3.300000,0.400000,530,530,530,530,530,530,530,530,530,530,530,160,14,1200.0,17486.470081543666,0.7854243740439415,60294.13445899263,23.7375
1791185386,16,,Aggregated,12.400000,0.800000,140,190,190,530,530,530,530,530,530,530,530,644,28,14,4385.435744486634,0.665765255689621,60294.13445899263,21.996894409937887
1791185387,16,POST,/api/playground/conversations,3.300000,0.400000,7,7,7,7,7,7,7,7,7,7,7,176,14,7,8.279198185350237,0.665765255689621,78.30155594274402,34.97727272727273
1791185387,16,POST,/api/playground/conversations/{conversation_id}/chat/sse,2.900000,0.000000,3,3,3,3,3,3,3,3,3,3,3,146,0,2,2.998317544004076,1.7779059708118439,13.533094897866249,0.0
1791185387,16,POST,/api/playground/conversations/{conversation_id}/chat/{chat_id}/attachment,2.900000,0.000000,190,190,190,190,190,190,190,190,190,190,190,162,0,150.0,151.1760071627106,62.12736526504159,271.9646291807294,26.0
1791185387,16,TXN,multimodal_e2e,3.300000,0.400000,530,530,530,530,530,530,530,530,530,530,530,160,14,1200.0,17486.470081543666,0.7854243740439415,60294.13445899263,23.7375
1791185387,16,,Aggregated,12.400000,0.800000,140,190,190,530,530,530,530,530,530,530,530,644,28,14,4385.435744486634,0.665765255689621,60294.13445899263,21.996894409937887
1791185388,16,POST,/api/playground/conversations,3.300000,0.400000,7,7,7,7,7,7,7,7,7,7,7,176,14,7,8.279198185350237,0.665765255689621,78.30155594274402,34.97727272727273
1791185388,16,POST,/api/playground/conversations/{conversation_id}/chat/sse,2.900000,0.000000,3,3,3,3,3,3,3,3,3,3,3,146,0,2,2.998317544004076,1.7779059708118439,13.533094897866249,0.0
1791185388,16,POST,/api/playground/conversations/{conversation_id}/chat/{chat_id}/attachment,2.900000,0.000000,190,190,190,190,190,190,190,190,190,190,190,162,0,150.0,151.1760071627106,62.12736526504159,271.9646291807294,26.0
1791185388,16,TXN,multimodal_e2e,3.300000,0.400000,530,530,530,530,530,530,530,530,530,530,530,160,14,1200.0,17486.470081543666,0.7854243740439415,60294.13445899263,23.7375
1791185388,16,,Aggregated,12.400000,0.800000,140,190,190,530,530,530,530,530,530,530,530,644,28,14,4385.435744486634,0.665765255689621,60294.13445899263,21.996894409937887
1791185389,16,POST,/api/playground/conversations,3.300000,0.400000,7,7,7,7,7,7,7,7,7,7,7,176,14,7,8.279198185350237,0.665765255689621,78.30155594274402,34.97727272727273
1791185389,16,POST,/api/playground/conversations/{conversation_id}/chat/sse,2.900000,0.000000,3,3,3,3,3,3,3,3,3,3,3,146,0,2,2.998317544004076,1.7779059708118439,13.533094897866249,0.0
1791185389,16,POST,/api/playground/conversations/{conversation_id}/chat/{chat_id}/attachment,2.900000,0.000000,190,190,190,190,190,190,190,190,190,190,190,162,0,150.0,151.1760071627106,62.12736526504159,271.9646291807294,26.0
1791185389,16,TXN,multimodal_e2e,3.300000,0.400000,530,530,530,530,530,530,530,530,530,530,530,160,14,1200.0,17486.470081543666,0.7854243740439415,60294.13445899263,23.7375
1791185389,16,,Aggregated,12.400000,0.800000,140,190,190,530,530,530,530,530,530,530,530,644,28,14,4385.435744486634,0.665765255689621,60294.13445899263,21.996894409937887
1791185390,16,POST,/api/playground/conversations,3.300000,0.400000,7,7,7,7,7,7,7,7,7,7,7,176,14,7,8.279198185350237,0.665765255689621,78.30155594274402,34.97727272727273
1791185390,16,POST,/api/playground/conversations/{conversation_id}/chat/sse,2.900000,0.000000,3,3,3,3,3,3,3,3,3,3,3,146,0,2,2.998317544004076,1.7779059708118439,13.533094897866249,0.0
1791185390,16,POST,/api/playground/conversations/{conversation_id}/chat/{chat_id}/attachment,2.900000,0.000000,190,190,190,190,190,190,190,190,190,190,190,162,0,150.0,151.1760071627106,62.12736526504159,271.9646291807294,26.0
1791185390,16,TXN,multimodal_e2e,3.300000,0.400000,530,530,530,530,530,530,530,530,530,530,530,160,14,1200.0,17486.470081543666,0.7854243740439415,60294.13445899263,23.7375
1791185390,16,,Aggregated,12.400000,0.800000,140,190,190,530,530,530,530,530,530,530,530,644,28,14,4385.435744486634,0.665765255689621,60294.13445899263,21.996894409937887
1791185391,16,POST,/api/playground/conversations,3.300000,0.400000,7,7,7,7,7,7,7,7,7,7,7,176,14,7,8.279198185350237,0.665765255689621,78.30155594274402,34.97727272727273
1791185391,16,POST,/api/playground/conversations/{conversation_id}/chat/sse,2.900000,0.000000,3,3,3,3,3,3,3,3,3,3,3,146,0,2,2.998317544004076,1.7779059708118439,13.533094897866249,0.0
1791185391,16,POST,/api/playground/conversations/{conversation_id}/chat/{chat_id}/attachment,2.900000,0.000000,190,190,190,190,190,190,190,190,190,190,190,162,0,150.0,151.1760071627106,62.12736526504159,271.9646291807294,26.0
1791185391,16,TXN,multimodal_e2e,3.300000,0.400000,530,530,530,530,530,530,530,530,530,530,530,160,14,1200.0,17486.470081543666,0.7854243740439415,60294.13445899263,23.7375
1791185391,16,,Aggregated,12.400000,0.800000,140,190,190,530,530,530,530,530,530,530,530,644,28,14,4385.435744486634,0.665765255689621,60294.13445899263,21.996894409937887
1791185392,16,POST,/api/playground/conversations,3.300000,0.400000,7,7,7,7,7,7,7,7,7,7,7,176,14,7,8.279198185350237,0.665765255689621,78.30155594274402,34.97727272727273
1791185392,16,POST,/api/playground/conversations/{conversation_id}/chat/sse,2.900000,0.000000,3,3,3,3,3,3,3,3,3,3,3,146,0,2,2.998317544004076,1.7779059708118439,13.533094897866249,0.0
1791185392,16,POST,/api/playground/conversations/{conversation_id}/chat/{chat_id}/attachment,2.900000,0.000000,190,190,190,190,190,190,190,190,190,190,190,162,0,150.0,151.1760071627106,62.12736526504159,271.9646291807294,26.0
1791185392,16,TXN,multimodal_e2e,3.300000,0.400000,530,530,530,530,530,530,530,530,530,530,530,160,14,1200.0,17486.470081543666,0.7854243740439415,60294.13445899263,23.7375
1791185392,16,,Aggregated,12.400000,0.800000,140,190,190,530,530,530,530,530,530,530,530,644,28,14,4385.435744486634,0.665765255689621,60294.13445899263,21.996894409937887
1791185393,16,POST,/api/playground/conversations,3.300000,0.400000,7,7,7,7,7,7,7,7,7,7,7,176,14,7,8.279198185350237,0.665765255689621,78.30155594274402,34.97727272727273
1791185393,16,POST,/api/playground/conversations/{conversation_id}/chat/sse,2.900000,0.000000,3,3,3,3,3,3,3,3,3,3,3,146,0,2,2.998317544004076,1.7779059708118439,13.533094897866249,0.0
1791185393,16,POST,/api/playground/conversations/{conversation_id}/chat/{chat_id}/attachment,2.900000,0.000000,190,190,190,190,190,190,190,190,190,190,190,162,0,150.0,151.1760071627106,62.12736526504159,271.9646291807294,26.0
1791185393,16,TXN,multimodal_e2e,3.300000,0.400000,530,530,530,530,530,530,530,530,530,530,530,160,14,1200.0,17486.470081543666,0.7854243740439415,60294.13445899263,23.7375
1791185393,16,,Aggregated,12.400000,0.800000,140,190,190,530,530,530,530,530,530,530,530,644,28,14,4385.435744486634,0.665765255689621,60294.13445899263,21.996894409937887
1791185394,16,POST,/api/playground/conversations,3.300000,0.400000,7,7,7,7,7,7,7,7,7,7,7,176,14,7,8.279198185350237,0.665765255689621,78.30155594274402,34.97727272727273
1791185394,16,POST,/api/playground/conversations/{conversation_id}/chat/sse,2.900000,0.000000,3,3,3,3,3,3,3,3,3,3,3,146,0,2,2.998317544004076,1.7779059708118439,13.533094897866249,0.0
1791185394,16,POST,/api/playground/conversations/{conversation_id}/chat/{chat_id}/attachment,2.900000,0.000000,190,190,190,190,190,190,190,190,190,190,190,162,0,150.0,151.1760071627106,62.12736526504159,271.9646291807294,26.0
1791185394,16,TXN,multimodal_e2e,3.300000,0.400000,530,530,530,530,530,530,530,530,530,530,530,160,14,1200.0,17486.470081543666,0.7854243740439415,60294.13445899263,23.7375
1791185394,16,,Aggregated,12.400000,0.800000,140,190,190,530,530,530,530,530,530,530,530,644,28,14,4385.435744486634,0.665765255689621,60294.13445899263,21.996894409937887
1791185395,16,POST,/api/playground/conversations,3.300000,0.400000,0,0,0,0,0,0,0,0,0,0,0,176,14,7,8.279198185350237,0.665765255689621,78.30155594274402,34.97727272727273
1791185395,16,POST,/api/playground/conversations/{conversation_id}/chat/sse,2.900000,0.000000,0,0,0,0,0,0,0,0,0,0,0,146,0,2,2.998317544004076,1.7779059708118439,13.533094897866249,0.0
1791185395,16,POST,/api/playground/conversations/{conversation_id}/chat/{chat_id}/attachment,2.900000,0.000000,0,0,0,0,0,0,0,0,0,0,0,162,0,150.0,151.1760071627106,62.12736526504159,271.9646291807294,26.0
1791185395,16,TXN,multimodal_e2e,3.300000,0.400000,0,0,0,0,0,0,0,0,0,0,0,160,14,1200.0,17486.470081543666,0.7854243740439415,60294.13445899263,23.7375
1791185395,16,,Aggregated,12.400000,0.800000,0,0,0,0,0,0,0,0,0,0,0,644,28,14,4385.435744486634,0.665765255689621,60294.13445899263,21.996894409937887
1791185396,16,POST,/api/playground/conversations,3.300000,0.400000,0,0,0,0,0,0,0,0,0,0,0,176,14,7,8.279198185350237,0.665765255689621,78.30155594274402,34.97727272727273
1791185396,16,POST,/api/playground/conversations/{conversation_id}/chat/sse,2.900000,0.000000,0,0,0,0,0,0,0,0,0,0,0,146,0,2,2.998317544004076,1.7779059708118439,13.533094897866249,0.0
1791185396,16,POST,/api/playground/conversations/{conversation_id}/chat/{chat_id}/attachment,2.900000,0.000000,0,0,0,0,0,0,0,0,0,0,0,162,0,150.0,151.1760071627106,62.12736526504159,271.9646291807294,26.0
1791185396,16,TXN,multimodal_e2e,3.300000,0.400000,0,0,0,0,0,0,0,0,0,0,0,160,14,1200.0,17486.470081543666,0.7854243740439415,60294.13445899263,23.7375
1791185396,16,,Aggregated,12.400000,0.800000,0,0,0,0,0,0,0,0,0,0,0,644,28,14,4385.435744486634,0.665765255689621,60294.13445899263,21.996894409937887
1791185397,16,POST,/api/playground/conversations,3.300000,0.400000,0,0,0,0,0,0,0,0,0,0,0,176,14,7,8.279198185350237,0.665765255689621,78.30155594274402,34.97727272727273
1791185397,16,POST,/api/playground/conversations/{conversation_id}/chat/sse,2.900000,0.000000,0,0,0,0,0,0,0,0,0,0,0,146,0,2,2.998317544004076,1.7779059708118439,13.533094897866249,0.0
1791185397,16,POST,/api/playground/conversations/{conversation_id}/chat/{chat_id}/attachment,2.900000,0.000000,0,0,0,0,0,0,0,0,0,0,0,162,0,150.0,151.1760071627106,62.12736526504159,271.9646291807294,26.0
1791185397,16,TXN,multimodal_e2e,3.300000,0.400000,0,0,0,0,0,0,0,0,0,0,0,160,14,1200.0,17486.470081543666,0.7854243740439415,60294.13445899263,23.7375
1791185397,16,,Aggregated,12.400000,0.800000,0,0,0,0,0,0,0,0,0,0,0,644,28,14,4385.435744486634,0.665765255689621,60294.13445899263,21.996894409937887
1791185398,16,POST,/api/playground/conversations,3.300000,0.400000,0,0,0,0,0,0,0,0,0,0,0,176,14,7,8.279198185350237,0.665765255689621,78.30155594274402,34.97727272727273
1791185398,16,POST,/api/playground/conversations/{conversation_id}/chat/sse,2.900000,0.000000,0,0,0,0,0,0,0,0,0,0,0,146,0,2,2.998317544004076,1.7779059708118439,13.533094897866249,0.0
1791185398,16,POST,/api/playground/conversations/{conversation_id}/chat/{chat_id}/attachment,2.900000,0.000000,0,0,0,0,0,0,0,0,0,0,0,162,0,150.0,151.1760071627106,62.12736526504159,271.9646291807294,26.0
1791185398,16,TXN,multimodal_e2e,3.300000,0.400000,0,0,0,0,0,0,0,0,0,0,0,160,14,1200.0,17486.470081543666,0.7854243740439415,60294.13445899263,23.7375
1791185398,16,,Aggregated,12.400000,0.800000,0,0,0,0,0,0,0,0,0,0,0,644,28,14,4385.435744486634,0.665765255689621,60294.13445899263,21.996894409937887
1791185399,16,POST,/api/playground/conversations,3.300000,0.400000,0,0,0,0,0,0,0,0,0,0,0,176,14,7,8.279198185350237,0.665765255689621,78.30155594274402,34.97727272727273
1791185399,16,POST,/api/playground/conversations/{conversation_id}/chat/sse,2.900000,0.000000,0,0,0,0,0,0,0,0,0,0,0,146,0,2,2.998317544004076,1.7779059708118439,13.533094897866249,0.0
1791185399,16,POST,/api/playground/conversations/{conversation_id}/chat/{chat_id}/attachment,2.900000,0.000000,0,0,0,0,0,0,0,0,0,0,0,162,0,150.0,151.1760071627106,62.12736526504159,271.9646291807294,26.0
1791185399,16,TXN,multimodal_e2e,3.300000,0.400000,0,0,0,0,0,0,0,0,0,0,0,160,14,1200.0,17486.470081543666,0.7854243740439415,60294.13445899263,23.7375
1791185399,16,,Aggregated,12.400000,0.800000,0,0,0,0,0,0,0,0,0,0,0,644,28,14,4385.435744486634,0.665765255689621,60294.13445899263,21.996894409937887
1791185400,16,POST,/api/playground/conversations,3.300000,0.400000,0,0,0,0,0,0,0,0,0,0,0,176,14,7,8.279198185350237,0.665765255689621,78.30155594274402,34.97727272727273
1791185400,16,POST,/api/playground/conversations/{conversation_id}/chat/sse,2.900000,0.000000,0,0,0,0,0,0,0,0,0,0,0,146,0,2,2.998317544004076,1.7779059708118439,13.533094897866249,0.0
1791185400,16,POST,/api/playground/conversations/{conversation_id}/chat/{chat_id}/attachment,2.900000,0.000000,0,0,0,0,0,0,0,0,0,0,0,162,0,150.0,151.1760071627106,62.12736526504159,271.9646291807294,26.0
1791185400,16,TXN,multimodal_e2e,3.300000,0.400000,0,0,0,0,0,0,0,0,0,0,0,160,14,1200.0,17486.470081543666,0.7854243740439415,60294.13445899263,23.7375
1791185400,16,,Aggregated,12.400000,0.800000,0,0,0,0,0,0,0,0,0,0,0,644,28,14,4385.435744486634,0.665765255689621,60294.13445899263,21.996894409937887
1791185401,16,POST,/api/playground/conversations,3.300000,0.400000,0,0,0,0,0,0,0,0,0,0,0,176,14,7,8.279198185350237,0.665765255689621,78.30155594274402,34.97727272727273
1791185401,16,POST,/api/playground/conversations/{conversation_id}/chat/sse,2.900000,0.000000,0,0,0,0,0,0,0,0,0,0,0,146,0,2,2.998317544004076,1.7779059708118439,13.533094897866249,0.0
1791185401,16,POST,/api/playground/conversations/{conversation_id}/chat/{chat_id}/attachment,2.900000,0.000000,0,0,0,0,0,0,0,0,0,0,0,162,0,150.0,151.1760071627106,62.12736526504159,271.9646291807294,26.0
1791185401,16,TXN,multimodal_e2e,3.300000,0.400000,0,0,0,0,0,0,0,0,0,0,0,160,14,1200.0,17486.470081543666,0.7854243740439415,60294.13445899263,23.7375
1791185401,16,,Aggregated,12.400000,0.800000,0,0,0,0,0,0,0,0,0,0,0,644,28,14,4385.435744486634,0.665765255689621,60294.13445899263,21.996894409937887
1791185402,16,POST,/api/playground/conversations,3.300000,0.400000,0,0,0,0,0,0,0,0,0,0,0,176,14,7,8.279198185350237,0.665765255689621,78.30155594274402,34.97727272727273
1791185402,16,POST,/api/playground/conversations/{conversation_id}/chat/sse,2.900000,0.000000,0,0,0,0,0,0,0,0,0,0,0,146,0,2,2.998317544004076,1.7779059708118439,13.533094897866249,0.0
1791185402,16,POST,/api/playground/conversations/{conversation_id}/chat/{chat_id}/attachment,2.900000,0.000000,0,0,0,0,0,0,0,0,0,0,0,162,0,150.0,151.1760071627106,62.12736526504159,271.9646291807294,26.0
1791185402,16,TXN,multimodal_e2e,3.300000,0.400000,0,0,0,0,0,0,0,0,0,0,0,160,14,1200.0,17486.470081543666,0.7854243740439415,60294.13445899263,23.7375
1791185402,16,,Aggregated,12.400000,0.800000,0,0,0,0,0,0,0,0,0,0,0,644,28,14,4385.435744486634,0.665765255689621,60294.13445899263,21.996894409937887
1791185403,16,POST,/api/playground/conversations,3.300000,0.400000,0,0,0,0,0,0,0,0,0,0,0,176,14,7,8.279198185350237,0.665765255689621,78.30155594274402,34.97727272727273
1791185403,16,POST,/api/playground/conversations/{conversation_id}/chat/sse,2.900000,0.000000,0,0,0,0,0,0,0,0,0,0,0,146,0,2,2.998317544004076,1.7779059708118439,13.533094897866249,0.0
1791185403,16,POST,/api/playground/conversations/{conversation_id}/chat/{chat_id}/attachment,2.900000,0.000000,0,0,0,0,0,0,0,0,0,0,0,162,0,150.0,151.1760071627106,62.12736526504159,271.9646291807294,26.0
1791185403,16,TXN,multimodal_e2e,3.300000,0.400000,0,0,0,0,0,0,0,0,0,0,0,160,14,1200.0,17486.470081543666,0.7854243740439415,60294.13445899263,23.7375
1791185403,16,,Aggregated,12.400000,0.800000,0,0,0,0,0,0,0,0,0,0,0,644,28,14,4385.435744486634,0.665765255689621,60294.13445899263,21.996894409937887
1791185404,16,POST,/api/playground/conversations,3.300000,0.400000,0,0,0,0,0,0,0,0,0,0,0,176,14,7,8.279198185350237,0.665765255689621,78.30155594274402,34.97727272727273
1791185404,16,POST,/api/playground/conversations/{conversation_id}/chat/sse,2.900000,0.000000,0,0,0,0,0,0,0,0,0,0,0,146,0,2,2.998317544004076,1.7779059708118439,13.533094897866249,0.0
1791185404,16,POST,/api/playground/conversations/{conversation_id}/chat/{chat_id}/attachment,2.900000,0.000000,0,0,0,0,0,0,0,0,0,0,0,162,0,150.0,151.1760071627106,62.12736526504159,271.9646291807294,26.0
1791185404,16,TXN,multimodal_e2e,3.300000,0.400000,0,0,0,0,0,0,0,0,0,0,0,160,14,1200.0,17486.470081543666,0.7854243740439415,60294.13445899263,23.7375
1791185404,16,,Aggregated,12.400000,0.800000,0,0,0,0,0,0,0,0,0,0,0,644,28,14,4385.435744486634,0.665765255689621,60294.13445899263,21.996894409937887
1791185405,16,POST,/api/playground/conversations,3.300000,0.400000,0,0,0,0,0,0,0,0,0,0,0,176,14,7,8.279198185350237,0.665765255689621,78.30155594274402,34.97727272727273
1791185405,16,POST,/api/playground/conversations/{conversation_id}/chat/sse,2.900000,0.000000,0,0,0,0,0,0,0,0,0,0,0,146,0,2,2.998317544004076,1.7779059708118439,13.533094897866249,0.0
1791185405,16,POST,/api/playground/conversations/{conversation_id}/chat/{chat_id}/attachment,2.900000,0.000000,0,0,0,0,0,0,0,0,0,0,0,162,0,150.0,151.1760071627106,62.12736526504159,271.9646291807294,26.0
1791185405,16,TXN,multimodal_e2e,3.300000,0.400000,0,0,0,0,0,0,0,0,0,0,0,160,14,1200.0,17486.470081543666,0.7854243740439415,60294.13445899263,23.7375
1791185405,16,,Aggregated,12.400000,0.800000,0,0,0,0,0,0,0,0,0,0,0,644,28,14,4385.435744486634,0.665765255689621,60294.13445899263,21.996894409937887
1791185406,16,POST,/api/playground/conversations,3.300000,0.400000,0,0,0,0,0,0,0,0,0,0,0,176,14,7,8.279198185350237,0.665765255689621,78.30155594274402,34.97727272727273
1791185406,16,POST,/api/playground/conversations/{conversation_id}/chat/sse,2.900000,0.000000,0,0,0,0,0,0,0,0,0,0,0,146,0,2,2.998317544004076,1.7779059708118439,13.533094897866249,0.0
1791185406,16,POST,/api/playground/conversations/{conversation_id}/chat/{chat_id}/attachment,2.900000,0.000000,0,0,0,0,0,0,0,0,0,0,0,162,0,150.0,151.1760071627106,62.12736526504159,271.9646291807294,26.0
1791185406,16,TXN,multimodal_e2e,3.300000,0.400000,0,0,0,0,0,0,0,0,0,0,0,160,14,1200.0,17486.470081543666,0.7854243740439415,60294.13445899263,23.7375
1791185406,16,,Aggregated,12.400000,0.800000,0,0,0,0,0,0,0,0,0,0,0,644,28,14,4385.435744486634,0.665765255689621,60294.13445899263,21.996894409937887
1791185407,16,POST,/api/playground/conversations,3.300000,0.400000,0,0,0,0,0,0,0,0,0,0,0,176,14,7,8.279198185350237,0.665765255689621,78.30155594274402,34.97727272727273
1791185407,16,POST,/api/playground/conversations/{conversation_id}/chat/sse,2.900000,0.000000,0,0,0,0,0,0,0,0,0,0,0,146,0,2,2.998317544004076,1.7779059708118439,13.533094897866249,0.0
1791185407,16,POST,/api/playground/conversations/{conversation_id}/chat/{chat_id}/attachment,2.900000,0.000000,0,0,0,0,0,0,0,0,0,0,0,162,0,150.0,151.1760071627106,62.12736526504159,271.9646291807294,26.0
1791185407,16,TXN,multimodal_e2e,3.300000,0.400000,0,0,0,0,0,0,0,0,0,0,0,160,14,1200.0,17486.470081543666,0.7854243740439415,60294.13445899263,23.7375
1791185407,16,,Aggregated,12.400000,0.800000,0,0,0,0,0,0,0,0,0,0,0,644,28,14,4385.435744486634,0.665765255689621,60294.13445899263,21.996894409937887
1791185408,16,POST,/api/playground/conversations,3.300000,0.400000,0,0,0,0,0,0,0,0,0,0,0,176,14,7,8.279198185350237,0.665765255689621,78.30155594274402,34.97727272727273
1791185408,16,POST,/api/playground/conversations/{conversation_id}/chat/sse,2.900000,0.000000,0,0,0,0,0,0,0,0,0,0,0,146,0,2,2.998317544004076,1.7779059708118439,13.533094897866249,0.0
1791185408,16,POST,/api/playground/conversations/{conversation_id}/chat/{chat_id}/attachment,2.900000,0.000000,0,0,0,0,0,0,0,0,0,0,0,162,0,150.0,151.1760071627106,62.12736526504159,271.9646291807294,26.0
1791185408,16,TXN,multimodal_e2e,3.300000,0.400000,0,0,0,0,0,0,0,0,0,0,0,160,14,1200.0,17486.470081543666,0.7854243740439415,60294.13445899263,23.7375
1791185408,16,,Aggregated,12.400000,0.800000,0,0,0,0,0,0,0,0,0,0,0,644,28,14,4385.435744486634,0.665765255689621,60294.13445899263,21.996894409937887
1791185409,16,POST,/api/playground/conversations,3.300000,0.400000,0,0,0,0,0,0,0,0,0,0,0,176,14,7,8.279198185350237,0.665765255689621,78.30155594274402,34.97727272727273
1791185409,16,POST,/api/playground/conversations/{conversation_id}/chat/sse,2.900000,0.000000,0,0,0,0,0,0,0,0,0,0,0,146,0,2,2.998317544004076,1.7779059708118439,13.533094897866249,0.0
1791185409,16,POST,/api/playground/conversations/{conversation_id}/chat/{chat_id}/attachment,2.900000,0.000000,0,0,0,0,0,0,0,0,0,0,0,162,0,150.0,151.1760071627106,62.12736526504159,271.9646291807294,26.0
1791185409,16,TXN,multimodal_e2e,3.300000,0.400000,0,0,0,0,0,0,0,0,0,0,0,160,14,1200.0,17486.470081543666,0.7854243740439415,60294.13445899263,23.7375
1791185409,16,,Aggregated,12.400000,0.800000,0,0,0,0,0,0,0,0,0,0,0,644,28,14,4385.435744486634,0.665765255689621,60294.13445899263,21.996894409937887
1791185410,16,POST,/api/playground/conversations,3.300000,0.400000,0,0,0,0,0,0,0,0,0,0,0,176,14,7,8.279198185350237,0.665765255689621,78.30155594274402,34.97727272727273
1791185410,16,POST,/api/playground/conversations/{conversation_id}/chat/sse,2.900000,0.000000,0,0,0,0,0,0,0,0,0,0,0,146,0,2,2.998317544004076,1.7779059708118439,13.533094897866249,0.0
1791185410,16,POST,/api/playground/conversations/{conversation_id}/chat/{chat_id}/attachment,2.900000,0.000000,0,0,0,0,0,0,0,0,0,0,0,162,0,150.0,151.1760071627106,62.12736526504159,271.9646291807294,26.0
1791185410,16,TXN,multimodal_e2e,3.300000,0.400000,0,0,0,0,0,0,0,0,0,0,0,160,14,1200.0,17486.470081543666,0.7854243740439415,60294.13445899263,23.7375
1791185410,16,,Aggregated,12.400000,0.800000,0,0,0,0,0,0,0,0,0,0,0,644,28,14,4385.435744486634,0.665765255689621,60294.13445899263,21.996894409937887
1791185411,16,POST,/api/playground/conversations,3.300000,0.400000,0,0,0,0,0,0,0,0,0,0,0,176,14,7,8.279198185350237,0.665765255689621,78.30155594274402,34.97727272727273
1791185411,16,POST,/api/playground/conversations/{conversation_id}/chat/sse,2.900000,0.000000,0,0,0,0,0,0,0,0,0,0,0,146,0,2,2.998317544004076,1.7779059708118439,13.533094897866249,0.0
1791185411,16,POST,/api/playground/conversations/{conversation_id}/chat/{chat_id}/attachment,2.900000,0.000000,0,0,0,0,0,0,0,0,0,0,0,162,0,150.0,151.1760071627106,62.12736526504159,271.9646291807294,26.0
1791185411,16,TXN,multimodal_e2e,3.300000,0.400000,0,0,0,0,0,0,0,0,0,0,0,160,14,1200.0,17486.470081543666,0.7854243740439415,60294.13445899263,23.7375
1791185411,16,,Aggregated,12.400000,0.800000,0,0,0,0,0,0,0,0,0,0,0,644,28,14,4385.435744486634,0.665765255689621,60294.13445899263,21.996894409937887
1791185412,16,POST,/api/playground/conversations,3.300000,0.400000,0,0,0,0,0,0,0,0,0,0,0,176,14,7,8.279198185350237,0.665765255689621,78.30155594274402,34.97727272727273
1791185412,16,POST,/api/playground/conversations/{conversation_id}/chat/sse,2.900000,0.000000,0,0,0,0,0,0,0,0,0,0,0,146,0,2,2.998317544004076,1.7779059708118439,13.533094897866249,0.0
1791185412,16,POST,/api/playground/conversations/{conversation_id}/chat/{chat_id}/attachment,2.900000,0.000000,0,0,0,0,0,0,0,0,0,0,0,162,0,150.0,151.1760071627106,62.12736526504159,271.9646291807294,26.0
1791185412,16,TXN,multimodal_e2e,3.300000,0.400000,0,0,0,0,0,0,0,0,0,0,0,160,14,1200.0,17486.470081543666,0.7854243740439415,60294.13445899263,23.7375
1791185412,16,,Aggregated,12.400000,0.800000,0,0,0,0,0,0,0,0,0,0,0,644,28,14,4385.435744486634,0.665765255689621,60294.13445899263,21.996894409937887
1791185413,16,POST,/api/playground/conversations,3.300000,0.400000,0,0,0,0,0,0,0,0,0,0,0,176,14,7,8.279198185350237,0.665765255689621,78.30155594274402,34.97727272727273
1791185413,16,POST,/api/playground/conversations/{conversation_id}/chat/sse,2.900000,0.000000,0,0,0,0,0,0,0,0,0,0,0,146,0,2,2.998317544004076,1.7779059708118439,13.533094897866249,0.0
1791185413,16,POST,/api/playground/conversations/{conversation_id}/chat/{chat_id}/attachment,2.900000,0.000000,0,0,0,0,0,0,0,0,0,0,0,162,0,150.0,151.1760071627106,62.12736526504159,271.9646291807294,26.0
1791185413,16,TXN,multimodal_e2e,3.300000,0.400000,0,0,0,0,0,0,0,0,0,0,0,160,14,1200.0,17486.470081543666,0.7854243740439415,60294.13445899263,23.7375
1791185413,16,,Aggregated,12.400000,0.800000,0,0,0,0,0,0,0,0,0,0,0,644,28,14,4385.435744486634,0.665765255689621,60294.13445899263,21.996894409937887
1791185414,16,POST,/api/playground/conversations,3.300000,0.400000,0,0,0,0,0,0,0,0,0,0,0,176,14,7,8.279198185350237,0.665765255689621,78.30155594274402,34.97727272727273
1791185414,16,POST,/api/playground/conversations/{conversation_id}/chat/sse,2.900000,0.000000,0,0,0,0,0,0,0,0,0,0,0,146,0,2,2.998317544004076,1.7779059708118439,13.533094897866249,0.0
1791185414,16,POST,/api/playground/conversations/{conversation_id}/chat/{chat_id}/attachment,2.900000,0.000000,0,0,0,0,0,0,0,0,0,0,0,162,0,150.0,151.1760071627106,62.12736526504159,271.9646291807294,26.0
1791185414,16,TXN,multimodal_e2e,3.300000,0.400000,0,0,0,0,0,0,0,0,0,0,0,160,14,1200.0,17486.470081543666,0.7854243740439415,60294.13445899263,23.7375
1791185414,16,,Aggregated,12.400000,0.800000,0,0,0,0,0,0,0,0,0,0,0,644,28,14,4385.435744486634,0.665765255689621,60294.13445899263,21.996894409937887
1791185415,16,POST,/api/playground/conversations,3.300000,0.400000,0,0,0,0,0,0,0,0,0,0,0,176,14,7,8.279198185350237,0.665765255689621,78.30155594274402,34.97727272727273
1791185415,16,POST,/api/playground/conversations/{conversation_id}/chat/sse,2.900000,0.000000,0,0,0,0,0,0,0,0,0,0,0,146,0,2,2.998317544004076,1.7779059708118439,13.533094897866249,0.0
1791185415,16,POST,/api/playground/conversations/{conversation_id}/chat/{chat_id}/attachment,2.900000,0.000000,0,0,0,0,0,0,0,0,0,0,0,162,0,150.0,151.1760071627106,62.12736526504159,271.9646291807294,26.0
1791185415,16,TXN,multimodal_e2e,3.300000,0.400000,0,0,0,0,0,0,0,0,0,0,0,160,14,1200.0,17486.470081543666,0.7854243740439415,60294.13445899263,23.7375
1791185415,16,,Aggregated,12.400000,0.800000,0,0,0,0,0,0,0,0,0,0,0,644,28,14,4385.435744486634,0.665765255689621,60294.13445899263,21.996894409937887
1791185416,16,POST,/api/playground/conversations,3.300000,0.400000,0,0,0,0,0,0,0,0,0,0,0,176,14,7,8.279198185350237,0.665765255689621,78.30155594274402,34.97727272727273
1791185416,16,POST,/api/playground/conversations/{conversation_id}/chat/sse,2.900000,0.000000,0,0,0,0,0,0,0,0,0,0,0,146,0,2,2.998317544004076,1.7779059708118439,13.533094897866249,0.0
1791185416,16,POST,/api/playground/conversations/{conversation_id}/chat/{chat_id}/attachment,2.900000,0.000000,0,0,0,0,0,0,0,0,0,0,0,162,0,150.0,151.1760071627106,62.12736526504159,271.9646291807294,26.0
1791185416,16,TXN,multimodal_e2e,3.300000,0.400000,0,0,0,0,0,0,0,0,0,0,0,160,14,1200.0,17486.470081543666,0.7854243740439415,60294.13445899263,23.7375
1791185416,16,,Aggregated,12.400000,0.800000,0,0,0,0,0,0,0,0,0,0,0,644,28,14,4385.435744486634,0.665765255689621,60294.13445899263,21.996894409937887
1791185417,16,POST,/api/playground/conversations,3.300000,0.400000,0,0,0,0,0,0,0,0,0,0,0,176,14,7,8.279198185350237,0.665765255689621,78.30155594274402,34.97727272727273
1791185417,16,POST,/api/playground/conversations/{conversation_id}/chat/sse,2.900000,0.000000,0,0,0,0,0,0,0,0,0,0,0,146,0,2,2.998317544004076,1.7779059708118439,13.533094897866249,0.0
1791185417,16,POST,/api/playground/conversations/{conversation_id}/chat/{chat_id}/attachment,2.900000,0.000000,0,0,0,0,0,0,0,0,0,0,0,162,0,150.0,151.1760071627106,62.12736526504159,271.9646291807294,26.0
1791185417,16,TXN,multimodal_e2e,3.300000,0.400000,0,0,0,0,0,0,0,0,0,0,0,160,14,1200.0,17486.470081543666,0.7854243740439415,60294.13445899263,23.7375
1791185417,16,,Aggregated,12.400000,0.800000,0,0,0,0,0,0,0,0,0,0,0,644,28,14,4385.435744486634,0.665765255689621,60294.13445899263,21.996894409937887
1791185418,16,POST,/api/playground/conversations,3.300000,0.400000,0,0,0,0,0,0,0,0,0,0,0,176,14,7,8.279198185350237,0.665765255689621,78.30155594274402,34.97727272727273
1791185418,16,POST,/api/playground/conversations/{conversation_id}/chat/sse,2.900000,0.000000,0,0,0,0,0,0,0,0,0,0,0,146,0,2,2.998317544004076,1.7779059708118439,13.533094897866249,0.0
1791185418,16,POST,/api/playground/conversations/{conversation_id}/chat/{chat_id}/attachment,2.900000,0.000000,0,0,0,0,0,0,0,0,0,0,0,162,0,150.0,151.1760071627106,62.12736526504159,271.9646291807294,26.0
1791185418,16,TXN,multimodal_e2e,3.300000,0.400000,0,0,0,0,0,0,0,0,0,0,0,160,14,1200.0,17486.470081543666,0.7854243740439415,60294.13445899263,23.7375
1791185418,16,,Aggregated,12.400000,0.800000,0,0,0,0,0,0,0,0,0,0,0,644,28,14,4385.435744486634,0.665765255689621,60294.13445899263,21.996894409937887
1791185419,16,POST,/api/playground/conversations,3.300000,0.400000,0,0,0,0,0,0,0,0,0,0,0,176,14,7,8.279198185350237,0.665765255689621,78.30155594274402,34.97727272727273
1791185419,16,POST,/api/playground/conversations/{conversation_id}/chat/sse,2.900000,0.000000,0,0,0,0,0,0,0,0,0,0,0,146,0,2,2.998317544004076,1.7779059708118439,13.533094897866249,0.0
1791185419,16,POST,/api/playground/conversations/{conversation_id}/chat/{chat_id}/attachment,2.900000,0.000000,0,0,0,0,0,0,0,0,0,0,0,162,0,150.0,151.1760071627106,62.12736526504159,271.9646291807294,26.0
1791185419,16,TXN,multimodal_e2e,3.300000,0.400000,0,0,0,0,0,0,0,0,0,0,0,160,14,1200.0,17486.470081543666,0.7854243740439415,60294.13445899263,23.7375
1791185419,16,,Aggregated,12.400000,0.800000,0,0,0,0,0,0,0,0,0,0,0,644,28,14,4385.435744486634,0.665765255689621,60294.13445899263,21.996894409937887
1791185420,16,POST,/api/playground/conversations,3.300000,0.400000,0,0,0,0,0,0,0,0,0,0,0,176,14,7,8.279198185350237,0.665765255689621,78.30155594274402,34.97727272727273
1791185420,16,POST,/api/playground/conversations/{conversation_id}/chat/sse,2.900000,0.000000,0,0,0,0,0,0,0,0,0,0,0,146,0,2,2.998317544004076,1.7779059708118439,13.533094897866249,0.0
1791185420,16,POST,/api/playground/conversations/{conversation_id}/chat/{chat_id}/attachment,2.900000,0.000000,0,0,0,0,0,0,0,0,0,0,0,162,0,150.0,151.1760071627106,62.12736526504159,271.9646291807294,26.0
1791185420,16,TXN,multimodal_e2e,3.300000,0.400000,0,0,0,0,0,0,0,0,0,0,0,160,14,1200.0,17486.470081543666,0.7854243740439415,60294.13445899263,23.7375
1791185420,16,,Aggregated,12.400000,0.800000,0,0,0,0,0,0,0,0,0,0,0,644,28,14,4385.435744486634,0.665765255689621,60294.13445899263,21.996894409937887
1791185421,16,POST,/api/playground/conversations,3.300000,0.400000,0,0,0,0,0,0,0,0,0,0,0,176,14,7,8.279198185350237,0.665765255689621,78.30155594274402,34.97727272727273
1791185421,16,POST,/api/playground/conversations/{conversation_id}/chat/sse,2.900000,0.000000,0,0,0,0,0,0,0,0,0,0,0,146,0,2,2.998317544004076,1.7779059708118439,13.533094897866249,0.0
1791185421,16,POST,/api/playground/conversations/{conversation_id}/chat/{chat_id}/attachment,2.900000,0.000000,0,0,0,0,0,0,0,0,0,0,0,162,0,150.0,151.1760071627106,62.12736526504159,271.9646291807294,26.0
1791185421,16,TXN,multimodal_e2e,3.300000,0.400000,0,0,0,0,0,0,0,0,0,0,0,160,14,1200.0,17486.470081543666,0.7854243740439415,60294.13445899263,23.7375
1791185421,16,,Aggregated,12.400000,0.800000,0,0,0,0,0,0,0,0,0,0,0,644,28,14,4385.435744486634,0.665765255689621,60294.13445899263,21.996894409937887
1791185422,16,POST,/api/playground/conversations,3.300000,0.400000,0,0,0,0,0,0,0,0,0,0,0,176,14,7,8.279198185350237,0.665765255689621,78.30155594274402,34.97727272727273
1791185422,16,POST,/api/playground/conversations/{conversation_id}/chat/sse,2.900000,0.000000,0,0,0,0,0,0,0,0,0,0,0,146,0,2,2.998317544004076,1.7779059708118439,13.533094897866249,0.0
1791185422,16,POST,/api/playground/conversations/{conversation_id}/chat/{chat_id}/attachment,2.900000,0.000000,0,0,0,0,0,0,0,0,0,0,0,162,0,150.0,151.1760071627106,62.12736526504159,271.9646291807294,26.0
1791185422,16,TXN,multimodal_e2e,3.300000,0.400000,0,0,0,0,0,0,0,0,0,0,0,160,14,1200.0,17486.470081543666,0.7854243740439415,60294.13445899263,23.7375
1791185422,16,,Aggregated,12.400000,0.800000,0,0,0,0,0,0,0,0,0,0,0,644,28,14,4385.435744486634,0.665765255689621,60294.13445899263,21.996894409937887
1791185423,16,POST,/api/playground/conversations,3.300000,0.400000,0,0,0,0,0,0,0,0,0,0,0,176,14,7,8.279198185350237,0.665765255689621,78.30155594274402,34.97727272727273
1791185423,16,POST,/api/playground/conversations/{conversation_id}/chat/sse,2.900000,0.000000,0,0,0,0,0,0,0,0,0,0,0,146,0,2,2.998317544004076,1.7779059708118439,13.533094897866249,0.0
1791185423,16,POST,/api/playground/conversations/{conversation_id}/chat/{chat_id}/attachment,2.900000,0.000000,0,0,0,0,0,0,0,0,0,0,0,162,0,150.0,151.1760071627106,62.12736526504159,271.9646291807294,26.0
1791185423,16,TXN,multimodal_e2e,3.300000,0.400000,0,0,0,0,0,0,0,0,0,0,0,160,14,1200.0,17486.470081543666,0.7854243740439415,60294.13445899263,23.7375
1791185423,16,,Aggregated,12.400000,0.800000,0,0,0,0,0,0,0,0,0,0,0,644,28,14,4385.435744486634,0.665765255689621,60294.13445899263,21.996894409937887
1791185424,16,POST,/api/playground/conversations,0.000000,0.000000,14,14,14,14,14,14,14,14,14,14,14,178,15,7,8.274927941998572,0.665765255689621,78.30155594274402,34.79775280898876
1791185424,16,POST,/api/playground/conversations/{conversation_id}/chat/sse,0.000000,0.000000,5,5,5,5,5,5,5,5,5,5,5,147,0,2,3.009249880707183,1.7779059708118439,13.533094897866249,0.0
1791185424,16,POST,/api/playground/conversations/{conversation_id}/chat/{chat_id}/attachment,0.000000,0.000000,0,0,0,0,0,0,0,0,0,0,0,163,0,150.0,151.5525214865438,62.12736526504159,271.9646291807294,26.0
1791185424,16,TXN,multimodal_e2e,0.000000,0.000000,60000,60000,60000,60000,60000,60000,60000,60000,60000,60000,60000,162,15,1200.0,17642.536130963745,0.7854243740439415,60294.13445899263,23.641975308641975
1791185424,16,,Aggregated,0.000000,0.000000,14,14,210,210,60000,60000,60000,60000,60000,60000,60000,650,30,14,4438.0141709608815,0.665765255689621,60294.13445899263,21.94153846153846
1791185425,16,POST,/api/playground/conversations,0.000000,0.000000,14,14,14,14,14,14,14,14,14,14,14,178,15,7,8.274927941998572,0.665765255689621,78.30155594274402,34.79775280898876
1791185425,16,POST,/api/playground/conversations/{conversation_id}/chat/sse,0.000000,0.000000,5,5,5,5,5,5,5,5,5,5,5,147,0,2,3.009249880707183,1.7779059708118439,13.533094897866249,0.0
1791185425,16,POST,/api/playground/conversations/{conversation_id}/chat/{chat_id}/attachment,0.000000,0.000000,210,210,210,210,210,210,210,210,210,210,210,163,0,150.0,151.5525214865438,62.12736526504159,271.9646291807294,26.0
1791185425,16,TXN,multimodal_e2e,0.000000,0.000000,60000,60000,60000,60000,60000,60000,60000,60000,60000,60000,60000,162,15,1200.0,17642.536130963745,0.7854243740439415,60294.13445899263,23.641975308641975
1791185425,16,,Aggregated,0.000000,0.000000,14,14,210,210,60000,60000,60000,60000,60000,60000,60000,650,30,14,4438.0141709608815,0.665765255689621,60294.13445899263,21.94153846153846
1791185426,16,POST,/api/playground/conversations,0.200000,0.100000,8,8,14,14,27,27,27,27,27,27,27,184,16,7,8.308253648346694,0.665765255689621,78.30155594274402,34.69565217391305
1791185426,16,POST,/api/playground/conversations/{conversation_id}/chat/sse,0.100000,0.000000,5,5,5,5,6,6,6,6,6,6,6,152,0,2,3.0249312587425505,1.7779059708118439,13.533094897866249,0.0
1791185426,16,POST,/api/playground/conversations/{conversation_id}/chat/{chat_id}/attachment,0.000000,0.000000,210,210,220,220,270,270,270,270,270,270,270,168,0,150.0,153.45473246859564,62.12736526504159,271.9646291807294,26.0
1791185426,16,TXN,multimodal_e2e,0.200000,0.100000,1300,60000,60000,60000,60000,60000,60000,60000,60000,60000,60000,168,16,1200.0,17744.857212800223,0.7854243740439415,60294.13445899263,23.625
1791185426,16,,Aggregated,0.500000,0.200000,14,210,270,590,60000,60000,60000,60000,60000,60000,60000,672,32,14,4477.537075934206,0.665765255689621,60294.13445899263,21.90625
1791185427,16,POST,/api/playground/conversations,0.200000,0.100000,8,8,8,14,27,27,27,27,27,27,27,186,16,7,8.298340538937238,0.665765255689621,78.30155594274402,34.73118279569893
1791185427,16,POST,/api/playground/conversations/{conversation_id}/chat/sse,0.100000,0.000000,3,5,5,5,6,6,6,6,6,6,6,154,0,2,3.0276015213412513,1.7779059708118439,13.533094897866249,0.0
1791185427,16,POST,/api/playground/conversations/{conversation_id}/chat/{chat_id}/attachment,0.000000,0.000000,210,210,220,220,270,270,270,270,270,270,270,170,0,150.0,153.86665227877742,62.12736526504159,271.9646291807294,26.0
1791185427,16,TXN,multimodal_e2e,0.200000,0.100000,1300,60000,60000,60000,60000,60000,60000,60000,60000,60000,60000,170,16,1200.0,17894.063043032827,0.7854243740439415,60294.13445899263,23.61764705882353
1791185427,16,,Aggregated,0.500000,0.200000,14,200,270,590,60000,60000,60000,60000,60000,60000,60000,680,32,14,4514.93792673162,0.665765255689621,60294.13445899263,21.904411764705884
1791185428,16,POST,/api/playground/conversations,0.800000,0.200000,8,8,8,11,14,27,27,27,27,27,27,189,16,7,8.296305306314949,0.665765255689621,78.30155594274402,34.783068783068785
1791185428,16,POST,/api/playground/conversations/{conversation_id}/chat/sse,0.600000,0.000000,3,3,5,5,5,6,6,6,6,6,6,157,0,2,3.021980434134128,1.7779059708118439,13.533094897866249,0.0
1791185428,16,POST,/api/playground/conversations/{conversation_id}/chat/{chat_id}/attachment,0.400000,0.000000,200,210,210,210,220,270,270,270,270,270,270,173,0,150.0,154.5607686107386,62.12736526504159,271.9646291807294,26.0
1791185428,16,TXN,multimodal_e2e,0.800000,0.200000,1300,60000,60000,60000,60000,60000,60000,60000,60000,60000,60000,173,16,1200.0,18287.253923929497,0.7854243740439415,60294.13445899263,23.76300578034682
1791185428,16,,Aggregated,2.600000,0.400000,14,200,270,640,60000,60000,60000,60000,60000,60000,60000,692,32,14,4613.405194278198,0.665765255689621,60294.13445899263,21.940751445086704
1791185429,16,POST,/api/playground/conversations,1.000000,0.200000,7,8,8,8,14,27,27,27,27,27,27,193,16,7,8.250751836621081,0.665765255689621,78.30155594274402,34.84974093264249
1791185429,16,POST,/api/playground/conversations/{conversation_id}/chat/sse,0.800000,0.000000,3,3,5,5,5,6,6,6,6,6,6,161,0,2,3.02749171980327,1.7779059708118439,13.533094897866249,0.0
1791185429,16,POST,/api/playground/conversations/{conversation_id}/chat/{chat_id}/attachment,0.800000,0.000000,200,200,210,210,220,270,270,270,270,270,270,176,0,150.0,154.9596896088174,62.12736526504159,271.9646291807294,26.0
1791185429,16,TXN,multimodal_e2e,1.000000,0.200000,1300,60000,60000,60000,60000,60000,60000,60000,60000,60000,60000,177,16,1200.0,18228.51011284632,0.7854243740439415,60351.689296774566,23.785310734463277
1791185429,16,,Aggregated,3.600000,0.400000,11,200,270,590,60000,60000,60000,60000,60000,60000,60000,707,32,14,4605.0905468406045,0.665765255689621,60351.689296774566,21.940594059405942
1791185430,16,POST,/api/playground/conversations,1.000000,0.200000,7,8,8,8,14,27,27,27,27,27,27,194,16,7,8.244772199253292,0.665765255689621,78.30155594274402,34.865979381443296
1791185430,16,POST,/api/playground/conversations/{conversation_id}/chat/sse,0.800000,0.000000,3,3,5,5,6,6,6,6,6,6,6,162,0,2,3.048527592011256,1.7779059708118439,13.533094897866249,0.0
1791185430,16,POST,/api/playground/conversations/{conversation_id}/chat/{chat_id}/attachment,0.800000,0.000000,190,200,210,210,220,270,270,270,270,270,270,178,0,150.0,155.12987841548545,62.12736526504159,271.9646291807294,26.0
1791185430,16,TXN,multimodal_e2e,1.000000,0.200000,1300,60000,60000,60000,60000,60000,60000,60000,60000,60000,60000,178,16,1200.0,18465.14157015108,0.7854243740439415,60351.689296774566,23.831460674157302
1791185430,16,,Aggregated,3.600000,0.400000,14,190,270,590,60000,60000,60000,60000,60000,60000,60000,712,32,14,4658.007956631194,0.665765255689621,60351.689296774566,21.957865168539325
1791185431,16,POST,/api/playground/conversations,1.600000,0.200000,7,8,8,9,11,14,27,27,27,27,27,199,18,7,8.186600926851657,0.665765255689621,78.30155594274402,34.562814070351756
1791185431,16,POST,/api/playground/conversations/{conversation_id}/chat/sse,1.400000,0.000000,3,3,5,5,6,6,6,6,6,6,6,165,0,2,3.0552110719409855,1.7779059708118439,13.533094897866249,0.0
1791185431,16,POST,/api/playground/conversations/{conversation_id}/chat/{chat_id}/attachment,1.200000,0.000000,190,200,200,210,220,270,270,270,270,270,270,181,0,150.0,155.75498639147997,62.12736526504159,271.9646291807294,26.0
1791185431,16,TXN,multimodal_e2e,1.600000,0.200000,1300,60000,60000,60000,60000,60000,60000,60000,60000,60000,60000,183,18,1200.0,18625.78800024434,0.7854243740439415,60351.689296774566,23.65573770491803
1791185431,16,,Aggregated,5.800000,0.400000,10,190,220,590,60000,60000,60000,60000,60000,60000,60000,728,36,13,4723.686950539679,0.665765255689621,60351.689296774566,21.858516483516482
1791185432,16,POST,/api/playground/conversations,1.800000,0.200000,7,8,8,9,11,14,27,27,27,27,27,200,18,7,8.185275786090642,0.665765255689621,78.30155594274402,34.58
1791185432,16,POST,/api/playground/conversations/{conversation_id}/chat/sse,1.600000,0.000000,3,3,5,5,6,6,6,6,6,6,6,166,0,2,3.0512205964650017,1.7779059708118439,13.533094897866249,0.0
1791185432,16,POST,/api/playground/conversations/{conversation_id}/chat/{chat_id}/attachment,1.600000,0.000000,190,200,200,210,220,270,270,270,270,270,270,181,0,150.0,155.75498639147997,62.12736526504159,271.9646291807294,26.0
1791185432,16,TXN,multimodal_e2e,1.800000,0.200000,1300,60000,60000,60000,60000,60000,60000,60000,60000,60000,60000,184,18,1200.0,18531.3582325749,0.7854243740439415,60351.689296774566,23.58695652173913
1791185432,16,,Aggregated,6.800000,0.400000,9,190,220,590,60000,60000,60000,60000,60000,60000,60000,731,36,13,4706.026162936896,0.665765255689621,60351.689296774566,21.835841313269494
1791185433,16,POST,/api/playground/conversations,2.300000,0.400000,7,8,8,8,11,14,27,27,27,27,27,203,18,7,8.169564696056355,0.665765255689621,78.30155594274402,34.63054187192118
1791185433,16,POST,/api/playground/conversations/{conversation_id}/chat/sse,1.900000,0.000000,3,3,5,5,6,6,6,6,6,6,6,169,0,2,3.042449918437815,1.7779059708118439,13.533094897866249,0.0
1791185433,16,POST,/api/playground/conversations/{conversation_id}/chat/{chat_id}/attachment,1.700000,0.000000,190,200,200,200,210,220,270,270,270,270,270,184,0,150.0,156.24495881670356,62.12736526504159,271.9646291807294,26.0
1791185433,16,TXN,multimodal_e2e,2.300000,0.400000,1300,60000,60000,60000,60000,60000,60000,60000,60000,60000,60000,187,18,1200.0,18881.438723337003,0.7854243740439415,60351.689296774566,23.737967914438503
1791185433,16,,Aggregated,8.200000,0.800000,10,190,220,620,60000,60000,60000,60000,60000,60000,60000,743,36,13,4793.742542874575,0.665765255689621,60351.689296774566,21.874831763122476
1791185434,16,POST,/api/playground/conversations,2.300000,0.400000,7,8,8,8,10,11,27,27,27,27,27,205,18,7,8.144785463809967,0.665765255689621,78.30155594274402,34.66341463414634
1791185434,16,POST,/api/playground/conversations/{conversation_id}/chat/sse,1.900000,0.000000,3,3,3,5,6,6,6,6,6,6,6,171,0,2,3.0381145848952538,1.7779059708118439,13.533094897866249,0.0
1791185434,16,POST,/api/playground/conversations/{conversation_id}/chat/{chat_id}/attachment,1.700000,0.000000,190,190,200,200,210,220,270,270,270,270,270,187,0,150.0,156.78792144047387,62.12736526504159,271.9646291807294,26.0
1791185434,16,TXN,multimodal_e2e,2.300000,0.400000,1300,60000,60000,60000,60000,60000,60000,60000,60000,60000,60000,189,18,1200.0,18690.54031183342,0.7854243740439415,60351.689296774566,23.608465608465607
1791185434,16,,Aggregated,8.200000,0.800000,10,190,220,590,60000,60000,60000,60000,60000,60000,60000,752,36,13,4739.389174015935,0.665765255689621,60351.689296774566,21.84840425531915
1791185435,16,POST,/api/playground/conversations,2.300000,0.400000,7,8,8,8,9,10,11,11,11,11,11,208,18,7,8.133630926470058,0.665765255689621,78.30155594274402,34.71153846153846
1791185435,16,POST,/api/playground/conversations/{conversation_id}/chat/sse,1.900000,0.000000,3,3,3,3,5,6,6,6,6,6,6,174,0,2,3.028845631292668,1.7779059708118439,13.533094897866249,0.0
1791185435,16,POST,/api/playground/conversations/{conversation_id}/chat/{chat_id}/attachment,1.900000,0.000000,190,190,200,200,200,210,220,220,220,220,220,190,0,160.0,157.46596737421658,62.12736526504159,271.9646291807294,26.0
1791185435,16,TXN,multimodal_e2e,2.300000,0.400000,5800,60000,60000,60000,60000,60000,60000,60000,60000,60000,60000,192,18,1200.0,19056.244976903447,0.7854243740439415,60351.689296774566,29.083333333333332
1791185435,16,,Aggregated,8.400000,0.800000,11,190,210,620,60000,60000,60000,60000,60000,60000,60000,764,36,13,4831.068565103552,0.665765255689621,60351.689296774566,23.225130890052355
1791185436,16,POST,/api/playground/conversations,2.700000,0.300000,7,7,8,8,9,10,11,11,11,11,11,210,18,7,8.11729380816576,0.665765255689621,78.30155594274402,34.74285714285714
1791185436,16,POST,/api/playground/conversations/{conversation_id}/chat/sse,2.400000,0.000000,3,3,3,3,5,6,6,6,6,6,6,176,0,2,3.030806441198696,1.7779059708118439,13.533094897866249,0.0
1791185436,16,POST,/api/playground/conversations/{conversation_id}/chat/{chat_id}/attachment,2.500000,0.000000,190,190,200,200,200,200,220,220,220,220,220,191,0,160.0,157.64676598851514,62.12736526504159,271.9646291807294,26.0
1791185436,16,TXN,multimodal_e2e,2.700000,0.300000,1600,60000,60000,60000,60000,60000,60000,60000,60000,60000,60000,194,18,1200.0,18874.61623204536,0.7854243740439415,60351.689296774566,29.051546391752577
1791185436,16,,Aggregated,10.300000,0.600000,9,190,220,620,60000,60000,60000,60000,60000,60000,60000,771,36,13,4791.211588785955,0.665765255689621,60351.689296774566,23.214007782101167
1791185437,16,POST,/api/playground/conversations,2.700000,0.300000,7,7,8,8,9,9,10,10,10,10,10,210,18,7,8.11729380816576,0.665765255689621,78.30155594274402,34.74285714285714
1791185437,16,POST,/api/playground/conversations/{conversation_id}/chat/sse,2.400000,0.000000,2,3,3,3,6,6,6,6,6,6,6,176,0,2,3.030806441198696,1.7779059708118439,13.533094897866249,0.0
1791185437,16,POST,/api/playground/conversations/{conversation_id}/chat/{chat_id}/attachment,2.500000,0.000000,190,190,200,200,200,220,220,220,220,220,220,192,0,160.0,157.72106932126917,62.12736526504159,271.9646291807294,26.0
1791185437,16,TXN,multimodal_e2e,2.700000,0.300000,1300,60000,60000,60000,60000,60000,60000,60000,60000,60000,60000,194,18,1200.0,18874.61623204536,0.7854243740439415,60351.689296774566,29.051546391752577
1791185437,16,,Aggregated,10.300000,0.600000,9,190,200,530,5800,60000,60000,60000,60000,60000,60000,772,36,13,4785.228041398768,0.665765255689621,60351.689296774566,23.21761658031088
1791185438,16,POST,/api/playground/conversations,3.000000,0.300000,7,8,8,9,10,11,11,11,11,11,11,211,18,7,8.130904121580423,0.665765255689621,78.30155594274402,34.758293838862556
1791185438,16,POST,/api/playground/conversations/{conversation_id}/chat/sse,2.700000,0.000000,2,3,3,3,6,6,6,6,6,6,6,177,0,2,3.027005912999144,1.7779059708118439,13.533094897866249,0.0
1791185438,16,POST,/api/playground/conversations/{conversation_id}/chat/{chat_id}/attachment,2.700000,0.000000,190,190,200,200,200,220,220,220,220,220,220,193,0,160.0,157.89180249458303,62.12736526504159,271.9646291807294,26.0
1791185438,16,TXN,multimodal_e2e,3.000000,0.300000,5800,60000,60000,60000,60000,60000,60000,60000,60000,60000,60000,195,18,1200.0,19086.667758959513,0.7854243740439415,60351.689296774566,29.076923076923077
1791185438,16,,Aggregated,11.400000,0.600000,11,190,200,1200,60000,60000,60000,60000,60000,60000,60000,776,36,13,4838.433932596409,0.665765255689621,60351.689296774566,23.22422680412371
1791185439,16,POST,/api/playground/conversations,2.400000,0.200000,7,8,8,9,10,11,11,11,11,11,11,212,18,7,8.125617937624174,0.665765255689621,78.30155594274402,34.77358490566038
1791185439,16,POST,/api/playground/conversations/{conversation_id}/chat/sse,2.200000,0.000000,2,3,3,3,3,6,6,6,6,6,6,178,0,2,3.0245327500605517,1.7779059708118439,13.533094897866249,0.0
1791185439,16,POST,/api/playground/conversations/{conversation_id}/chat/{chat_id}/attachment,2.200000,0.000000,190,190,200,200,200,220,220,220,220,220,220,194,0,160.0,158.05375661230502,62.12736526504159,271.9646291807294,26.0
1791185439,16,TXN,multimodal_e2e,2.400000,0.200000,1600,60000,60000,60000,60000,60000,60000,60000,60000,60000,60000,196,18,1200.0,18995.852007179008,0.7854243740439415,60351.689296774566,29.03061224489796
1791185439,16,,Aggregated,9.200000,0.400000,10,190,220,1200,60000,60000,60000,60000,60000,60000,60000,780,36,13,4815.526179515589,0.665765255689621,60351.689296774566,23.212820512820514
1791185440,16,POST,/api/playground/conversations,2.400000,0.200000,7,8,8,9,10,11,11,11,11,11,11,213,18,7,8.11964414462867,0.665765255689621,78.30155594274402,34.7887323943662
1791185440,16,POST,/api/playground/conversations/{conversation_id}/chat/sse,2.200000,0.000000,2,3,3,3,3,6,6,6,6,6,6,179,0,2,3.020314936781063,1.7779059708118439,13.533094897866249,0.0
1791185440,16,POST,/api/playground/conversations/{conversation_id}/chat/{chat_id}/attachment,2.200000,0.000000,190,190,200,200,200,220,220,220,220,220,220,195,0,160.0,158.1274969383883,62.12736526504159,271.9646291807294,26.0
1791185440,16,TXN,multimodal_e2e,2.400000,0.200000,1300,60000,60000,60000,60000,60000,60000,60000,60000,60000,60000,197,18,1200.0,18902.19166827847,0.7854243740439415,60351.689296774566,28.944162436548222
1791185440,16,,Aggregated,9.200000,0.400000,170,190,220,620,5800,60000,60000,60000,60000,60000,60000,784,36,13,4791.8835983805275,0.665765255689621,60351.689296774566,23.191326530612244
1791185441,16,POST,/api/playground/conversations,2.400000,0.200000,7,7,8,8,9,11,11,11,11,11,11,213,18,7,8.11964414462867,0.665765255689621,78.30155594274402,34.7887323943662
1791185441,16,POST,/api/playground/conversations/{conversation_id}/chat/sse,2.200000,0.000000,2,3,3,3,3,3,3,3,3,3,3,179,0,2,3.020314936781063,1.7779059708118439,13.533094897866249,0.0
1791185441,16,POST,/api/playground/conversations/{conversation_id}/chat/{chat_id}/attachment,2.200000,0.000000,190,190,190,200,200,220,220,220,220,220,220,195,0,160.0,158.1274969383883,62.12736526504159,271.9646291807294,26.0
1791185441,16,TXN,multimodal_e2e,2.400000,0.200000,1600,60000,60000,60000,60000,60000,60000,60000,60000,60000,60000,197,18,1200.0,18902.19166827847,0.7854243740439415,60351.689296774566,28.944162436548222
1791185441,16,,Aggregated,9.200000,0.400000,170,190,500,620,5800,60000,60000,60000,60000,60000,60000,784,36,13,4791.8835983805275,0.665765255689621,60351.689296774566,23.191326530612244
1791185442,16,POST,/api/playground/conversations,2.400000,0.200000,7,7,7,7,9,11,11,11,11,11,11,213,18,7,8.11964414462867,0.665765255689621,78.30155594274402,34.7887323943662
1791185442,16,POST,/api/playground/conversations/{conversation_id}/chat/sse,2.200000,0.000000,2,3,3,3,3,3,3,3,3,3,3,179,0,2,3.020314936781063,1.7779059708118439,13.533094897866249,0.0
1791185442,16,POST,/api/playground/conversations/{conversation_id}/chat/{chat_id}/attachment,2.200000,0.000000,190,190,200,200,200,220,220,220,220,220,220,195,0,160.0,158.1274969383883,62.12736526504159,271.9646291807294,26.0
1791185442,16,TXN,multimodal_e2e,2.400000,0.200000,1300,5800,60000,60000,60000,60000,60000,60000,60000,60000,60000,197,18,1200.0,18902.19166827847,0.7854243740439415,60351.689296774566,28.944162436548222
1791185442,16,,Aggregated,9.200000,0.400000,170,190,220,620,1600,60000,60000,60000,60000,60000,60000,784,36,13,4791.8835983805275,0.665765255689621,60351.689296774566,23.191326530612244
1791185443,16,POST,/api/playground/conversations,2.400000,0.200000,7,7,9,9,11,11,11,11,11,11,11,213,18,7,8.11964414462867,0.665765255689621,78.30155594274402,34.7887323943662
1791185443,16,POST,/api/playground/conversations/{conversation_id}/chat/sse,2.200000,0.000000,3,3,3,3,3,3,3,3,3,3,3,179,0,2,3.020314936781063,1.7779059708118439,13.533094897866249,0.0
1791185443,16,POST,/api/playground/conversations/{conversation_id}/chat/{chat_id}/attachment,2.200000,0.000000,190,190,200,200,220,220,220,220,220,220,220,195,0,160.0,158.1274969383883,62.12736526504159,271.9646291807294,26.0
1791185443,16,TXN,multimodal_e2e,2.400000,0.200000,5800,60000,60000,60000,60000,60000,60000,60000,60000,60000,60000,197,18,1200.0,18902.19166827847,0.7854243740439415,60351.689296774566,28.944162436548222
1791185443,16,,Aggregated,9.200000,0.400000,170,190,540,1300,5800,60000,60000,60000,60000,60000,60000,784,36,13,4791.8835983805275,0.665765255689621,60351.689296774566,23.191326530612244
1791185444,16,POST,/api/playground/conversations,2.400000,0.200000,7,7,7,11,11,11,11,11,11,11,11,213,18,7,8.11964414462867,0.665765255689621,78.30155594274402,34.7887323943662
1791185444,16,POST,/api/playground/conversations/{conversation_id}/chat/sse,2.200000,0.000000,3,3,3,3,3,3,3,3,3,3,3,179,0,2,3.020314936781063,1.7779059708118439,13.533094897866249,0.0
1791185444,16,POST,/api/playground/conversations/{conversation_id}/chat/{chat_id}/attachment,2.200000,0.000000,190,190,200,200,220,220,220,220,220,220,220,195,0,160.0,158.1274969383883,62.12736526504159,271.9646291807294,26.0
1791185444,16,TXN,multimodal_e2e,2.400000,0.200000,1300,1600,1600,60000,60000,60000,60000,60000,60000,60000,60000,197,18,1200.0,18902.19166827847,0.7854243740439415,60351.689296774566,28.944162436548222
1791185444,16,,Aggregated,9.200000,0.400000,170,190,540,1300,1600,60000,60000,60000,60000,60000,60000,784,36,13,4791.8835983805275,0.665765255689621,60351.689296774566,23.191326530612244
1791185445,16,POST,/api/playground/conversations,2.400000,0.200000,7,7,11,11,11,11,11,11,11,11,11,213,18,7,8.11964414462867,0.665765255689621,78.30155594274402,34.7887323943662
1791185445,16,POST,/api/playground/conversations/{conversation_id}/chat/sse,2.200000,0.000000,3,3,3,3,3,3,3,3,3,3,3,179,0,2,3.020314936781063,1.7779059708118439,13.533094897866249,0.0
1791185445,16,POST,/api/playground/conversations/{conversation_id}/chat/{chat_id}/attachment,2.200000,0.000000,190,190,190,190,190,190,190,190,190,190,190,195,0,160.0,158.1274969383883,62.12736526504159,271.9646291807294,26.0
1791185445,16,TXN,multimodal_e2e,2.400000,0.200000,1600,1600,60000,60000,60000,60000,60000,60000,60000,60000,60000,197,18,1200.0,18902.19166827847,0.7854243740439415,60351.689296774566,28.944162436548222
1791185445,16,,Aggregated,9.200000,0.400000,170,190,190,540,1600,60000,60000,60000,60000,60000,60000,784,36,13,4791.8835983805275,0.665765255689621,60351.689296774566,23.191326530612244
1791185446,16,POST,/api/playground/conversations,2.400000,0.200000,7,7,11,11,11,11,11,11,11,11,11,213,18,7,8.11964414462867,0.665765255689621,78.30155594274402,34.7887323943662
1791185446,16,POST,/api/playground/conversations/{conversation_id}/chat/sse,2.200000,0.000000,2,2,3,3,3,3,3,3,3,3,3,179,0,2,3.020314936781063,1.7779059708118439,13.533094897866249,0.0
1791185446,16,POST,/api/playground/conversations/{conversation_id}/chat/{chat_id}/attachment,2.200000,0.000000,190,190,190,190,190,190,190,190,190,190,190,195,0,160.0,158.1274969383883,62.12736526504159,271.9646291807294,26.0
1791185446,16,TXN,multimodal_e2e,2.400000,0.200000,1300,1300,60000,60000,60000,60000,60000,60000,60000,60000,60000,197,18,1200.0,18902.19166827847,0.7854243740439415,60351.689296774566,28.944162436548222
1791185446,16,,Aggregated,9.200000,0.400000,170,190,540,540,1300,60000,60000,60000,60000,60000,60000,784,36,13,4791.8835983805275,0.665765255689621,60351.689296774566,23.191326530612244
1791185447,16,POST,/api/playground/conversations,2.400000,0.200000,7,7,7,7,7,7,7,7,7,7,7,213,18,7,8.11964414462867,0.665765255689621,78.30155594274402,34.7887323943662
1791185447,16,POST,/api/playground/conversations/{conversation_id}/chat/sse,2.200000,0.000000,3,3,3,3,3,3,3,3,3,3,3,179,0,2,3.020314936781063,1.7779059708118439,13.533094897866249,0.0
1791185447,16,POST,/api/playground/conversations/{conversation_id}/chat/{chat_id}/attachment,2.200000,0.000000,190,190,190,190,190,190,190,190,190,190,190,195,0,160.0,158.1274969383883,62.12736526504159,271.9646291807294,26.0
1791185447,16,TXN,multimodal_e2e,2.400000,0.200000,1300,1300,1300,1300,1300,1300,1300,1300,1300,1300,1300,197,18,1200.0,18902.19166827847,0.7854243740439415,60351.689296774566,28.944162436548222
1791185447,16,,Aggregated,9.200000,0.400000,170,190,540,540,1300,1300,1300,1300,1300,1300,1300,784,36,13,4791.8835983805275,0.665765255689621,60351.689296774566,23.191326530612244
1791185448,16,POST,/api/playground/conversations,2.400000,0.200000,7,7,7,7,7,7,7,7,7,7,7,213,18,7,8.11964414462867,0.665765255689621,78.30155594274402,34.7887323943662
1791185448,16,POST,/api/playground/conversations/{conversation_id}/chat/sse,2.200000,0.000000,2,2,2,2,2,2,2,2,2,2,2,179,0,2,3.020314936781063,1.7779059708118439,13.533094897866249,0.0
1791185448,16,POST,/api/playground/conversations/{conversation_id}/chat/{chat_id}/attachment,2.200000,0.000000,190,190,190,190,190,190,190,190,190,190,190,195,0,160.0,158.1274969383883,62.12736526504159,271.9646291807294,26.0
1791185448,16,TXN,multimodal_e2e,2.400000,0.200000,540,540,540,540,540,540,540,540,540,540,540,197,18,1200.0,18902.19166827847,0.7854243740439415,60351.689296774566,28.944162436548222
1791185448,16,,Aggregated,9.200000,0.400000,170,190,190,540,540,540,540,540,540,540,540,784,36,13,4791.8835983805275,0.665765255689621,60351.689296774566,23.191326530612244
1791185449,16,POST,/api/playground/conversations,2.400000,0.200000,7,7,7,7,7,7,7,7,7,7,7,213,18,7,8.11964414462867,0.665765255689621,78.30155594274402,34.7887323943662
1791185449,16,POST,/api/playground/conversations/{conversation_id}/chat/sse,2.200000,0.000000,2,2,2,2,2,2,2,2,2,2,2,179,0,2,3.020314936781063,1.7779059708118439,13.533094897866249,0.0
1791185449,16,POST,/api/playground/conversations/{conversation_id}/chat/{chat_id}/attachment,2.200000,0.000000,190,190,190,190,190,190,190,190,190,190,190,195,0,160.0,158.1274969383883,62.12736526504159,271.9646291807294,26.0
1791185449,16,TXN,multimodal_e2e,2.400000,0.200000,540,540,540,540,540,540,540,540,540,540,540,197,18,1200.0,18902.19166827847,0.7854243740439415,60351.689296774566,28.944162436548222
1791185449,16,,Aggregated,9.200000,0.400000,170,190,190,540,540,540,540,540,540,540,540,784,36,13,4791.8835983805275,0.665765255689621,60351.689296774566,23.191326530612244
1791185450,16,POST,/api/playground/conversations,2.400000,0.200000,7,7,7,7,7,7,7,7,7,7,7,213,18,7,8.11964414462867,0.665765255689621,78.30155594274402,34.7887323943662
1791185450,16,POST,/api/playground/conversations/{conversation_id}/chat/sse,2.200000,0.000000,2,2,2,2,2,2,2,2,2,2,2,179,0,2,3.020314936781063,1.7779059708118439,13.533094897866249,0.0
1791185450,16,POST,/api/playground/conversations/{conversation_id}/chat/{chat_id}/attachment,2.200000,0.000000,190,190,190,190,190,190,190,190,190,190,190,195,0,160.0,158.1274969383883,62.12736526504159,271.9646291807294,26.0
1791185450,16,TXN,multimodal_e2e,2.400000,0.200000,540,540,540,540,540,540,540,540,540,540,540,197,18,1200.0,18902.19166827847,0.7854243740439415,60351.689296774566,28.944162436548222
1791185450,16,,Aggregated,9.200000,0.400000,170,190,190,540,540,540,540,540,540,540,540,784,36,13,4791.8835983805275,0.665765255689621,60351.689296774566,23.191326530612244
1791185451,16,POST,/api/playground/conversations,2.400000,0.200000,7,7,7,7,7,7,7,7,7,7,7,213,18,7,8.11964414462867,0.665765255689621,78.30155594274402,34.7887323943662
1791185451,16,POST,/api/playground/conversations/{conversation_id}/chat/sse,2.200000,0.000000,2,2,2,2,2,2,2,2,2,2,2,179,0,2,3.020314936781063,1.7779059708118439,13.533094897866249,0.0
1791185451,16,POST,/api/playground/conversations/{conversation_id}/chat/{chat_id}/attachment,2.200000,0.000000,190,190,190,190,190,190,190,190,190,190,190,195,0,160.0,158.1274969383883,62.12736526504159,271.9646291807294,26.0
1791185451,16,TXN,multimodal_e2e,2.400000,0.200000,540,540,540,540,540,540,540,540,540,540,540,197,18,1200.0,18902.19166827847,0.7854243740439415,60351.689296774566,28.944162436548222
1791185451,16,,Aggregated,9.200000,0.400000,170,190,190,540,540,540,540,540,540,540,540,784,36,13,4791.8835983805275,0.665765255689621,60351.689296774566,23.191326530612244
1791185452,16,POST,/api/playground/conversations,2.400000,0.200000,7,7,7,7,7,7,7,7,7,7,7,213,18,7,8.11964414462867,0.665765255689621,78.30155594274402,34.7887323943662
1791185452,16,POST,/api/playground/conversations/{conversation_id}/chat/sse,2.200000,0.000000,2,2,2,2,2,2,2,2,2,2,2,179,0,2,3.020314936781063,1.7779059708118439,13.533094897866249,0.0
1791185452,16,POST,/api/playground/conversations/{conversation_id}/chat/{chat_id}/attachment,2.200000,0.000000,190,190,190,190,190,190,190,190,190,190,190,195,0,160.0,158.1274969383883,62.12736526504159,271.9646291807294,26.0
1791185452,16,TXN,multimodal_e2e,2.400000,0.200000,540,540,540,540,540,540,540,540,540,540,540,197,18,1200.0,18902.19166827847,0.7854243740439415,60351.689296774566,28.944162436548222
1791185452,16,,Aggregated,9.200000,0.400000,170,190,190,540,540,540,540,540,540,540,540,784,36,13,4791.8835983805275,0.665765255689621,60351.689296774566,23.191326530612244
1791185453,16,POST,/api/playground/conversations,2.400000,0.200000,7,7,7,7,7,7,7,7,7,7,7,213,18,7,8.11964414462867,0.665765255689621,78.30155594274402,34.7887323943662
1791185453,16,POST,/api/playground/conversations/{conversation_id}/chat/sse,2.200000,0.000000,2,2,2,2,2,2,2,2,2,2,2,179,0,2,3.020314936781063,1.7779059708118439,13.533094897866249,0.0
1791185453,16,POST,/api/playground/conversations/{conversation_id}/chat/{chat_id}/attachment,2.200000,0.000000,190,190,190,190,190,190,190,190,190,190,190,195,0,160.0,158.1274969383883,62.12736526504159,271.9646291807294,26.0
1791185453,16,TXN,multimodal_e2e,2.400000,0.200000,540,540,540,540,540,540,540,540,540,540,540,197,18,1200.0,18902.19166827847,0.7854243740439415,60351.689296774566,28.944162436548222
1791185453,16,,Aggregated,9.200000,0.400000,170,190,190,540,540,540,540,540,540,540,540,784,36,13,4791.8835983805275,0.665765255689621,60351.689296774566,23.191326530612244
1791185454,16,POST,/api/playground/conversations,2.400000,0.200000,7,7,7,7,7,7,7,7,7,7,7,213,18,7,8.11964414462867,0.665765255689621,78.30155594274402,34.7887323943662
1791185454,16,POST,/api/playground/conversations/{conversation_id}/chat/sse,2.200000,0.000000,2,2,2,2,2,2,2,2,2,2,2,179,0,2,3.020314936781063,1.7779059708118439,13.533094897866249,0.0
1791185454,16,POST,/api/playground/conversations/{conversation_id}/chat/{chat_id}/attachment,2.200000,0.000000,190,190,190,190,190,190,190,190,190,190,190,195,0,160.0,158.1274969383883,62.12736526504159,271.9646291807294,26.0
1791185454,16,TXN,multimodal_e2e,2.400000,0.200000,540,540,540,540,540,540,540,540,540,540,540,197,18,1200.0,18902.19166827847,0.7854243740439415,60351.689296774566,28.944162436548222
1791185454,16,,Aggregated,9.200000,0.400000,170,190,190,540,540,540,540,540,540,540,540,784,36,13,4791.8835983805275,0.665765255689621,60351.689296774566,23.191326530612244
1791185455,16,POST,/api/playground/conversations,2.400000,0.200000,7,7,7,7,7,7,7,7,7,7,7,213,18,7,8.11964414462867,0.665765255689621,78.30155594274402,34.7887323943662
1791185455,16,POST,/api/playground/conversations/{conversation_id}/chat/sse,2.200000,0.000000,2,2,2,2,2,2,2,2,2,2,2,179,0,2,3.020314936781063,1.7779059708118439,13.533094897866249,0.0
1791185455,16,POST,/api/playground/conversations/{conversation_id}/chat/{chat_id}/attachment,2.200000,0.000000,190,190,190,190,190,190,190,190,190,190,190,195,0,160.0,158.1274969383883,62.12736526504159,271.9646291807294,26.0
1791185455,16,TXN,multimodal_e2e,2.400000,0.200000,540,540,540,540,540,540,540,540,540,540,540,197,18,1200.0,18902.19166827847,0.7854243740439415,60351.689296774566,28.944162436548222
1791185455,16,,Aggregated,9.200000,0.400000,170,190,190,540,540,540,540,540,540,540,540,784,36,13,4791.8835983805275,0.665765255689621,60351.689296774566,23.191326530612244
1791185456,16,POST,/api/playground/conversations,2.400000,0.200000,7,7,7,7,7,7,7,7,7,7,7,213,18,7,8.11964414462867,0.665765255689621,78.30155594274402,34.7887323943662
1791185456,16,POST,/api/playground/conversations/{conversation_id}/chat/sse,2.200000,0.000000,2,2,2,2,2,2,2,2,2,2,2,179,0,2,3.020314936781063,1.7779059708118439,13.533094897866249,0.0
1791185456,16,POST,/api/playground/conversations/{conversation_id}/chat/{chat_id}/attachment,2.200000,0.000000,190,190,190,190,190,190,190,190,190,190,190,195,0,160.0,158.1274969383883,62.12736526504159,271.9646291807294,26.0
1791185456,16,TXN,multimodal_e2e,2.400000,0.200000,540,540,540,540,540,540,540,540,540,540,540,197,18,1200.0,18902.19166827847,0.7854243740439415,60351.689296774566,28.944162436548222
1791185456,16,,Aggregated,9.200000,0.400000,170,190,190,540,540,540,540,540,540,540,540,784,36,13,4791.8835983805275,0.665765255689621,60351.689296774566,23.191326530612244
1791185457,16,POST,/api/playground/conversations,2.400000,0.200000,0,0,0,0,0,0,0,0,0,0,0,213,18,7,8.11964414462867,0.665765255689621,78.30155594274402,34.7887323943662
1791185457,16,POST,/api/playground/conversations/{conversation_id}/chat/sse,2.200000,0.000000,0,0,0,0,0,0,0,0,0,0,0,179,0,2,3.020314936781063,1.7779059708118439,13.533094897866249,0.0
1791185457,16,POST,/api/playground/conversations/{conversation_id}/chat/{chat_id}/attachment,2.200000,0.000000,0,0,0,0,0,0,0,0,0,0,0,195,0,160.0,158.1274969383883,62.12736526504159,271.9646291807294,26.0
1791185457,16,TXN,multimodal_e2e,2.400000,0.200000,0,0,0,0,0,0,0,0,0,0,0,197,18,1200.0,18902.19166827847,0.7854243740439415,60351.689296774566,28.944162436548222
1791185457,16,,Aggregated,9.200000,0.400000,0,0,0,0,0,0,0,0,0,0,0,784,36,13,4791.8835983805275,0.665765255689621,60351.689296774566,23.191326530612244
1791185458,16,POST,/api/playground/conversations,2.400000,0.200000,0,0,0,0,0,0,0,0,0,0,0,213,18,7,8.11964414462867,0.665765255689621,78.30155594274402,34.7887323943662
1791185458,16,POST,/api/playground/conversations/{conversation_id}/chat/sse,2.200000,0.000000,0,0,0,0,0,0,0,0,0,0,0,179,0,2,3.020314936781063,1.7779059708118439,13.533094897866249,0.0
1791185458,16,POST,/api/playground/conversations/{conversation_id}/chat/{chat_id}/attachment,2.200000,0.000000,0,0,0,0,0,0,0,0,0,0,0,195,0,160.0,158.1274969383883,62.12736526504159,271.9646291807294,26.0
1791185458,16,TXN,multimodal_e2e,2.400000,0.200000,0,0,0,0,0,0,0,0,0,0,0,197,18,1200.0,18902.19166827847,0.7854243740439415,60351.689296774566,28.944162436548222
1791185458,16,,Aggregated,9.200000,0.400000,0,0,0,0,0,0,0,0,0,0,0,784,36,13,4791.8835983805275,0.665765255689621,60351.689296774566,23.191326530612244
1791185459,16,POST,/api/playground/conversations,2.400000,0.200000,0,0,0,0,0,0,0,0,0,0,0,213,18,7,8.11964414462867,0.665765255689621,78.30155594274402,34.7887323943662
1791185459,16,POST,/api/playground/conversations/{conversation_id}/chat/sse,2.200000,0.000000,0,0,0,0,0,0,0,0,0,0,0,179,0,2,3.020314936781063,1.7779059708118439,13.533094897866249,0.0
1791185459,16,POST,/api/playground/conversations/{conversation_id}/chat/{chat_id}/attachment,2.200000,0.000000,0,0,0,0,0,0,0,0,0,0,0,195,0,160.0,158.1274969383883,62.12736526504159,271.9646291807294,26.0
1791185459,16,TXN,multimodal_e2e,2.400000,0.200000,0,0,0,0,0,0,0,0,0,0,0,197,18,1200.0,18902.19166827847,0.7854243740439415,60351.689296774566,28.944162436548222
1791185459,16,,Aggregated,9.200000,0.400000,0,0,0,0,0,0,0,0,0,0,0,784,36,13,4791.8835983805275,0.665765255689621,60351.689296774566,23.191326530612244
1791185460,16,POST,/api/playground/conversations,2.400000,0.200000,0,0,0,0,0,0,0,0,0,0,0,213,18,7,8.11964414462867,0.665765255689621,78.30155594274402,34.7887323943662
1791185460,16,POST,/api/playground/conversations/{conversation_id}/chat/sse,2.200000,0.000000,0,0,0,0,0,0,0,0,0,0,0,179,0,2,3.020314936781063,1.7779059708118439,13.533094897866249,0.0
1791185460,16,POST,/api/playground/conversations/{conversation_id}/chat/{chat_id}/attachment,2.200000,0.000000,0,0,0,0,0,0,0,0,0,0,0,195,0,160.0,158.1274969383883,62.12736526504159,271.9646291807294,26.0
1791185460,16,TXN,multimodal_e2e,2.400000,0.200000,0,0,0,0,0,0,0,0,0,0,0,197,18,1200.0,18902.19166827847,0.7854243740439415,60351.689296774566,28.944162436548222
1791185460,16,,Aggregated,9.200000,0.400000,0,0,0,0,0,0,0,0,0,0,0,784,36,13,4791.8835983805275,0.665765255689621,60351.689296774566,23.191326530612244
1791185461,16,POST,/api/playground/conversations,2.400000,0.200000,0,0,0,0,0,0,0,0,0,0,0,213,18,7,8.11964414462867,0.665765255689621,78.30155594274402,34.7887323943662
1791185461,16,POST,/api/playground/conversations/{conversation_id}/chat/sse,2.200000,0.000000,0,0,0,0,0,0,0,0,0,0,0,179,0,2,3.020314936781063,1.7779059708118439,13.533094897866249,0.0
1791185461,16,POST,/api/playground/conversations/{conversation_id}/chat/{chat_id}/attachment,2.200000,0.000000,0,0,0,0,0,0,0,0,0,0,0,195,0,160.0,158.1274969383883,62.12736526504159,271.9646291807294,26.0
1791185461,16,TXN,multimodal_e2e,2.400000,0.200000,0,0,0,0,0,0,0,0,0,0,0,197,18,1200.0,18902.19166827847,0.7854243740439415,60351.689296774566,28.944162436548222
1791185461,16,,Aggregated,9.200000,0.400000,0,0,0,0,0,0,0,0,0,0,0,784,36,13,4791.8835983805275,0.665765255689621,60351.689296774566,23.191326530612244
1791185462,16,POST,/api/playground/conversations,2.400000,0.200000,0,0,0,0,0,0,0,0,0,0,0,213,18,7,8.11964414462867,0.665765255689621,78.30155594274402,34.7887323943662
1791185462,16,POST,/api/playground/conversations/{conversation_id}/chat/sse,2.200000,0.000000,0,0,0,0,0,0,0,0,0,0,0,179,0,2,3.020314936781063,1.7779059708118439,13.533094897866249,0.0
1791185462,16,POST,/api/playground/conversations/{conversation_id}/chat/{chat_id}/attachment,2.200000,0.000000,0,0,0,0,0,0,0,0,0,0,0,195,0,160.0,158.1274969383883,62.12736526504159,271.9646291807294,26.0
1791185462,16,TXN,multimodal_e2e,2.400000,0.200000,0,0,0,0,0,0,0,0,0,0,0,197,18,1200.0,18902.19166827847,0.7854243740439415,60351.689296774566,28.944162436548222
1791185462,16,,Aggregated,9.200000,0.400000,0,0,0,0,0,0,0,0,0,0,0,784,36,13,4791.8835983805275,0.665765255689621,60351.689296774566,23.191326530612244
1791185463,16,POST,/api/playground/conversations,2.400000,0.200000,0,0,0,0,0,0,0,0,0,0,0,213,18,7,8.11964414462867,0.665765255689621,78.30155594274402,34.7887323943662
1791185463,16,POST,/api/playground/conversations/{conversation_id}/chat/sse,2.200000,0.000000,0,0,0,0,0,0,0,0,0,0,0,179,0,2,3.020314936781063,1.7779059708118439,13.533094897866249,0.0
1791185463,16,POST,/api/playground/conversations/{conversation_id}/chat/{chat_id}/attachment,2.200000,0.000000,0,0,0,0,0,0,0,0,0,0,0,195,0,160.0,158.1274969383883,62.12736526504159,271.9646291807294,26.0
1791185463,16,TXN,multimodal_e2e,2.400000,0.200000,0,0,0,0,0,0,0,0,0,0,0,197,18,1200.0,18902.19166827847,0.7854243740439415,60351.689296774566,28.944162436548222
1791185463,16,,Aggregated,9.200000,0.400000,0,0,0,0,0,0,0,0,0,0,0,784,36,13,4791.8835983805275,0.665765255689621,60351.689296774566,23.191326530612244
1791185464,16,POST,/api/playground/conversations,2.400000,0.200000,0,0,0,0,0,0,0,0,0,0,0,213,18,7,8.11964414462867,0.665765255689621,78.30155594274402,34.7887323943662
1791185464,16,POST,/api/playground/conversations/{conversation_id}/chat/sse,2.200000,0.000000,0,0,0,0,0,0,0,0,0,0,0,179,0,2,3.020314936781063,1.7779059708118439,13.533094897866249,0.0
1791185464,16,POST,/api/playground/conversations/{conversation_id}/chat/{chat_id}/attachment,2.200000,0.000000,0,0,0,0,0,0,0,0,0,0,0,195,0,160.0,158.1274969383883,62.12736526504159,271.9646291807294,26.0
1791185464,16,TXN,multimodal_e2e,2.400000,0.200000,0,0,0,0,0,0,0,0,0,0,0,197,18,1200.0,18902.19166827847,0.7854243740439415,60351.689296774566,28.944162436548222
1791185464,16,,Aggregated,9.200000,0.400000,0,0,0,0,0,0,0,0,0,0,0,784,36,13,4791.8835983805275,0.665765255689621,60351.689296774566,23.191326530612244
1791185465,16,POST,/api/playground/conversations,2.400000,0.200000,0,0,0,0,0,0,0,0,0,0,0,213,18,7,8.11964414462867,0.665765255689621,78.30155594274402,34.7887323943662
1791185465,16,POST,/api/playground/conversations/{conversation_id}/chat/sse,2.200000,0.000000,0,0,0,0,0,0,0,0,0,0,0,179,0,2,3.020314936781063,1.7779059708118439,13.533094897866249,0.0
1791185465,16,POST,/api/playground/conversations/{conversation_id}/chat/{chat_id}/attachment,2.200000,0.000000,0,0,0,0,0,0,0,0,0,0,0,195,0,160.0,158.1274969383883,62.12736526504159,271.9646291807294,26.0
1791185465,16,TXN,multimodal_e2e,2.400000,0.200000,0,0,0,0,0,0,0,0,0,0,0,197,18,1200.0,18902.19166827847,0.7854243740439415,60351.689296774566,28.944162436548222
1791185465,16,,Aggregated,9.200000,0.400000,0,0,0,0,0,0,0,0,0,0,0,784,36,13,4791.8835983805275,0.665765255689621,60351.689296774566,23.191326530612244
1791185466,16,POST,/api/playground/conversations,2.400000,0.200000,0,0,0,0,0,0,0,0,0,0,0,213,18,7,8.11964414462867,0.665765255689621,78.30155594274402,34.7887323943662
1791185466,16,POST,/api/playground/conversations/{conversation_id}/chat/sse,2.200000,0.000000,0,0,0,0,0,0,0,0,0,0,0,179,0,2,3.020314936781063,1.7779059708118439,13.533094897866249,0.0
1791185466,16,POST,/api/playground/conversations/{conversation_id}/chat/{chat_id}/attachment,2.200000,0.000000,0,0,0,0,0,0,0,0,0,0,0,195,0,160.0,158.1274969383883,62.12736526504159,271.9646291807294,26.0
1791185466,16,TXN,multimodal_e2e,2.400000,0.200000,0,0,0,0,0,0,0,0,0,0,0,197,18,1200.0,18902.19166827847,0.7854243740439415,60351.689296774566,28.944162436548222
1791185466,16,,Aggregated,9.200000,0.400000,0,0,0,0,0,0,0,0,0,0,0,784,36,13,4791.8835983805275,0.665765255689621,60351.689296774566,23.191326530612244
1791185467,16,POST,/api/playground/conversations,2.400000,0.200000,0,0,0,0,0,0,0,0,0,0,0,213,18,7,8.11964414462867,0.665765255689621,78.30155594274402,34.7887323943662
1791185467,16,POST,/api/playground/conversations/{conversation_id}/chat/sse,2.200000,0.000000,0,0,0,0,0,0,0,0,0,0,0,179,0,2,3.020314936781063,1.7779059708118439,13.533094897866249,0.0
1791185467,16,POST,/api/playground/conversations/{conversation_id}/chat/{chat_id}/attachment,2.200000,0.000000,0,0,0,0,0,0,0,0,0,0,0,195,0,160.0,158.1274969383883,62.12736526504159,271.9646291807294,26.0
1791185467,16,TXN,multimodal_e2e,2.400000,0.200000,0,0,0,0,0,0,0,0,0,0,0,197,18,1200.0,18902.19166827847,0.7854243740439415,60351.689296774566,28.944162436548222
1791185467,16,,Aggregated,9.200000,0.400000,0,0,0,0,0,0,0,0,0,0,0,784,36,13,4791.8835983805275,0.665765255689621,60351.689296774566,23.191326530612244
1791185468,16,POST,/api/playground/conversations,2.400000,0.200000,0,0,0,0,0,0,0,0,0,0,0,213,18,7,8.11964414462867,0.665765255689621,78.30155594274402,34.7887323943662
1791185468,16,POST,/api/playground/conversations/{conversation_id}/chat/sse,2.200000,0.000000,0,0,0,0,0,0,0,0,0,0,0,179,0,2,3.020314936781063,1.7779059708118439,13.533094897866249,0.0
1791185468,16,POST,/api/playground/conversations/{conversation_id}/chat/{chat_id}/attachment,2.200000,0.000000,0,0,0,0,0,0,0,0,0,0,0,195,0,160.0,158.1274969383883,62.12736526504159,271.9646291807294,26.0
1791185468,16,TXN,multimodal_e2e,2.400000,0.200000,0,0,0,0,0,0,0,0,0,0,0,197,18,1200.0,18902.19166827847,0.7854243740439415,60351.689296774566,28.944162436548222
1791185468,16,,Aggregated,9.200000,0.400000,0,0,0,0,0,0,0,0,0,0,0,784,36,13,4791.8835983805275,0.665765255689621,60351.689296774566,23.191326530612244
1791185469,16,POST,/api/playground/conversations,2.400000,0.200000,0,0,0,0,0,0,0,0,0,0,0,213,18,7,8.11964414462867,0.665765255689621,78.30155594274402,34.7887323943662
1791185469,16,POST,/api/playground/conversations/{conversation_id}/chat/sse,2.200000,0.000000,0,0,0,0,0,0,0,0,0,0,0,179,0,2,3.020314936781063,1.7779059708118439,13.533094897866249,0.0
1791185469,16,POST,/api/playground/conversations/{conversation_id}/chat/{chat_id}/attachment,2.200000,0.000000,0,0,0,0,0,0,0,0,0,0,0,195,0,160.0,158.1274969383883,62.12736526504159,271.9646291807294,26.0
1791185469,16,TXN,multimodal_e2e,2.400000,0.200000,0,0,0,0,0,0,0,0,0,0,0,197,18,1200.0,18902.19166827847,0.7854243740439415,60351.689296774566,28.944162436548222
1791185469,16,,Aggregated,9.200000,0.400000,0,0,0,0,0,0,0,0,0,0,0,784,36,13,4791.8835983805275,0.665765255689621,60351.689296774566,23.191326530612244
1791185470,16,POST,/api/playground/conversations,2.400000,0.200000,0,0,0,0,0,0,0,0,0,0,0,213,18,7,8.11964414462867,0.665765255689621,78.30155594274402,34.7887323943662
1791185470,16,POST,/api/playground/conversations/{conversation_id}/chat/sse,2.200000,0.000000,0,0,0,0,0,0,0,0,0,0,0,179,0,2,3.020314936781063,1.7779059708118439,13.533094897866249,0.0
1791185470,16,POST,/api/playground/conversations/{conversation_id}/chat/{chat_id}/attachment,2.200000,0.000000,0,0,0,0,0,0,0,0,0,0,0,195,0,160.0,158.1274969383883,62.12736526504159,271.9646291807294,26.0
1791185470,16,TXN,multimodal_e2e,2.400000,0.200000,0,0,0,0,0,0,0,0,0,0,0,197,18,1200.0,18902.19166827847,0.7854243740439415,60351.689296774566,28.944162436548222
1791185470,16,,Aggregated,9.200000,0.400000,0,0,0,0,0,0,0,0,0,0,0,784,36,13,4791.8835983805275,0.665765255689621,60351.689296774566,23.191326530612244
1791185471,16,POST,/api/playground/conversations,2.400000,0.200000,0,0,0,0,0,0,0,0,0,0,0,213,18,7,8.11964414462867,0.665765255689621,78.30155594274402,34.7887323943662
1791185471,16,POST,/api/playground/conversations/{conversation_id}/chat/sse,2.200000,0.000000,0,0,0,0,0,0,0,0,0,0,0,179,0,2,3.020314936781063,1.7779059708118439,13.533094897866249,0.0
1791185471,16,POST,/api/playground/conversations/{conversation_id}/chat/{chat_id}/attachment,2.200000,0.000000,0,0,0,0,0,0,0,0,0,0,0,195,0,160.0,158.1274969383883,62.12736526504159,271.9646291807294,26.0
1791185471,16,TXN,multimodal_e2e,2.400000,0.200000,0,0,0,0,0,0,0,0,0,0,0,197,18,1200.0,18902.19166827847,0.7854243740439415,60351.689296774566,28.944162436548222
1791185471,16,,Aggregated,9.200000,0.400000,0,0,0,0,0,0,0,0,0,0,0,784,36,13,4791.8835983805275,0.665765255689621,60351.689296774566,23.191326530612244
1791185472,16,POST,/api/playground/conversations,2.400000,0.200000,0,0,0,0,0,0,0,0,0,0,0,213,18,7,8.11964414462867,0.665765255689621,78.30155594274402,34.7887323943662
1791185472,16,POST,/api/playground/conversations/{conversation_id}/chat/sse,2.200000,0.000000,0,0,0,0,0,0,0,0,0,0,0,179,0,2,3.020314936781063,1.7779059708118439,13.533094897866249,0.0
1791185472,16,POST,/api/playground/conversations/{conversation_id}/chat/{chat_id}/attachment,2.200000,0.000000,0,0,0,0,0,0,0,0,0,0,0,195,0,160.0,158.1274969383883,62.12736526504159,271.9646291807294,26.0
1791185472,16,TXN,multimodal_e2e,2.400000,0.200000,0,0,0,0,0,0,0,0,0,0,0,197,18,1200.0,18902.19166827847,0.7854243740439415,60351.689296774566,28.944162436548222
1791185472,16,,Aggregated,9.200000,0.400000,0,0,0,0,0,0,0,0,0,0,0,784,36,13,4791.8835983805275,0.665765255689621,60351.689296774566,23.191326530612244
1791185473,16,POST,/api/playground/conversations,2.400000,0.200000,0,0,0,0,0,0,0,0,0,0,0,213,18,7,8.11964414462867,0.665765255689621,78.30155594274402,34.7887323943662
1791185473,16,POST,/api/playground/conversations/{conversation_id}/chat/sse,2.200000,0.000000,0,0,0,0,0,0,0,0,0,0,0,179,0,2,3.020314936781063,1.7779059708118439,13.533094897866249,0.0
1791185473,16,POST,/api/playground/conversations/{conversation_id}/chat/{chat_id}/attachment,2.200000,0.000000,0,0,0,0,0,0,0,0,0,0,0,195,0,160.0,158.1274969383883,62.12736526504159,271.9646291807294,26.0
1791185473,16,TXN,multimodal_e2e,2.400000,0.200000,0,0,0,0,0,0,0,0,0,0,0,197,18,1200.0,18902.19166827847,0.7854243740439415,60351.689296774566,28.944162436548222
1791185473,16,,Aggregated,9.200000,0.400000,0,0,0,0,0,0,0,0,0,0,0,784,36,13,4791.8835983805275,0.665765255689621,60351.689296774566,23.191326530612244
1791185474,16,POST,/api/playground/conversations,2.400000,0.200000,0,0,0,0,0,0,0,0,0,0,0,213,18,7,8.11964414462867,0.665765255689621,78.30155594274402,34.7887323943662
1791185474,16,POST,/api/playground/conversations/{conversation_id}/chat/sse,2.200000,0.000000,0,0,0,0,0,0,0,0,0,0,0,179,0,2,3.020314936781063,1.7779059708118439,13.533094897866249,0.0
1791185474,16,POST,/api/playground/conversations/{conversation_id}/chat/{chat_id}/attachment,2.200000,0.000000,0,0,0,0,0,0,0,0,0,0,0,195,0,160.0,158.1274969383883,62.12736526504159,271.9646291807294,26.0
1791185474,16,TXN,multimodal_e2e,2.400000,0.200000,0,0,0,0,0,0,0,0,0,0,0,197,18,1200.0,18902.19166827847,0.7854243740439415,60351.689296774566,28.944162436548222
1791185474,16,,Aggregated,9.200000,0.400000,0,0,0,0,0,0,0,0,0,0,0,784,36,13,4791.8835983805275,0.665765255689621,60351.689296774566,23.191326530612244
1791185475,16,POST,/api/playground/conversations,2.400000,0.200000,0,0,0,0,0,0,0,0,0,0,0,213,18,7,8.11964414462867,0.665765255689621,78.30155594274402,34.7887323943662
1791185475,16,POST,/api/playground/conversations/{conversation_id}/chat/sse,2.200000,0.000000,0,0,0,0,0,0,0,0,0,0,0,179,0,2,3.020314936781063,1.7779059708118439,13.533094897866249,0.0
1791185475,16,POST,/api/playground/conversations/{conversation_id}/chat/{chat_id}/attachment,2.200000,0.000000,0,0,0,0,0,0,0,0,0,0,0,195,0,160.0,158.1274969383883,62.12736526504159,271.9646291807294,26.0
1791185475,16,TXN,multimodal_e2e,2.400000,0.200000,0,0,0,0,0,0,0,0,0,0,0,197,18,1200.0,18902.19166827847,0.7854243740439415,60351.689296774566,28.944162436548222
1791185475,16,,Aggregated,9.200000,0.400000,0,0,0,0,0,0,0,0,0,0,0,784,36,13,4791.8835983805275,0.665765255689621,60351.689296774566,23.191326530612244
1791185476,16,POST,/api/playground/conversations,2.400000,0.200000,0,0,0,0,0,0,0,0,0,0,0,213,18,7,8.11964414462867,0.665765255689621,78.30155594274402,34.7887323943662
1791185476,16,POST,/api/playground/conversations/{conversation_id}/chat/sse,2.200000,0.000000,0,0,0,0,0,0,0,0,0,0,0,179,0,2,3.020314936781063,1.7779059708118439,13.533094897866249,0.0
1791185476,16,POST,/api/playground/conversations/{conversation_id}/chat/{chat_id}/attachment,2.200000,0.000000,0,0,0,0,0,0,0,0,0,0,0,195,0,160.0,158.1274969383883,62.12736526504159,271.9646291807294,26.0
1791185476,16,TXN,multimodal_e2e,2.400000,0.200000,0,0,0,0,0,0,0,0,0,0,0,197,18,1200.0,18902.19166827847,0.7854243740439415,60351.689296774566,28.944162436548222
1791185476,16,,Aggregated,9.200000,0.400000,0,0,0,0,0,0,0,0,0,0,0,784,36,13,4791.8835983805275,0.665765255689621,60351.689296774566,23.191326530612244
1791185477,16,POST,/api/playground/conversations,2.400000,0.200000,0,0,0,0,0,0,0,0,0,0,0,213,18,7,8.11964414462867,0.665765255689621,78.30155594274402,34.7887323943662
1791185477,16,POST,/api/playground/conversations/{conversation_id}/chat/sse,2.200000,0.000000,0,0,0,0,0,0,0,0,0,0,0,179,0,2,3.020314936781063,1.7779059708118439,13.533094897866249,0.0
1791185477,16,POST,/api/playground/conversations/{conversation_id}/chat/{chat_id}/attachment,2.200000,0.000000,0,0,0,0,0,0,0,0,0,0,0,195,0,160.0,158.1274969383883,62.12736526504159,271.9646291807294,26.0
1791185477,16,TXN,multimodal_e2e,2.400000,0.200000,0,0,0,0,0,0,0,0,0,0,0,197,18,1200.0,18902.19166827847,0.7854243740439415,60351.689296774566,28.944162436548222
1791185477,16,,Aggregated,9.200000,0.400000,0,0,0,0,0,0,0,0,0,0,0,784,36,13,4791.8835983805275,0.665765255689621,60351.689296774566,23.191326530612244
1791185478,16,POST,/api/playground/conversations,2.400000,0.200000,0,0,0,0,0,0,0,0,0,0,0,213,18,7,8.11964414462867,0.665765255689621,78.30155594274402,34.7887323943662
1791185478,16,POST,/api/playground/conversations/{conversation_id}/chat/sse,2.200000,0.000000,0,0,0,0,0,0,0,0,0,0,0,179,0,2,3.020314936781063,1.7779059708118439,13.533094897866249,0.0
1791185478,16,POST,/api/playground/conversations/{conversation_id}/chat/{chat_id}/attachment,2.200000,0.000000,0,0,0,0,0,0,0,0,0,0,0,195,0,160.0,158.1274969383883,62.12736526504159,271.9646291807294,26.0
1791185478,16,TXN,multimodal_e2e,2.400000,0.200000,0,0,0,0,0,0,0,0,0,0,0,197,18,1200.0,18902.19166827847,0.7854243740439415,60351.689296774566,28.944162436548222
1791185478,16,,Aggregated,9.200000,0.400000,0,0,0,0,0,0,0,0,0,0,0,784,36,13,4791.8835983805275,0.665765255689621,60351.689296774566,23.191326530612244
1791185479,16,POST,/api/playground/conversations,2.400000,0.200000,0,0,0,0,0,0,0,0,0,0,0,213,18,7,8.11964414462867,0.665765255689621,78.30155594274402,34.7887323943662
1791185479,16,POST,/api/playground/conversations/{conversation_id}/chat/sse,2.200000,0.000000,0,0,0,0,0,0,0,0,0,0,0,179,0,2,3.020314936781063,1.7779059708118439,13.533094897866249,0.0
1791185479,16,POST,/api/playground/conversations/{conversation_id}/chat/{chat_id}/attachment,2.200000,0.000000,0,0,0,0,0,0,0,0,0,0,0,195,0,160.0,158.1274969383883,62.12736526504159,271.9646291807294,26.0
1791185479,16,TXN,multimodal_e2e,2.400000,0.200000,0,0,0,0,0,0,0,0,0,0,0,197,18,1200.0,18902.19166827847,0.7854243740439415,60351.689296774566,28.944162436548222
1791185479,16,,Aggregated,9.200000,0.400000,0,0,0,0,0,0,0,0,0,0,0,784,36,13,4791.8835983805275,0.665765255689621,60351.689296774566,23.191326530612244
1791185480,16,POST,/api/playground/conversations,2.400000,0.200000,0,0,0,0,0,0,0,0,0,0,0,213,18,7,8.11964414462867,0.665765255689621,78.30155594274402,34.7887323943662
1791185480,16,POST,/api/playground/conversations/{conversation_id}/chat/sse,2.200000,0.000000,0,0,0,0,0,0,0,0,0,0,0,179,0,2,3.020314936781063,1.7779059708118439,13.533094897866249,0.0
1791185480,16,POST,/api/playground/conversations/{conversation_id}/chat/{chat_id}/attachment,2.200000,0.000000,0,0,0,0,0,0,0,0,0,0,0,195,0,160.0,158.1274969383883,62.12736526504159,271.9646291807294,26.0
1791185480,16,TXN,multimodal_e2e,2.400000,0.200000,0,0,0,0,0,0,0,0,0,0,0,197,18,1200.0,18902.19166827847,0.7854243740439415,60351.689296774566,28.944162436548222
1791185480,16,,Aggregated,9.200000,0.400000,0,0,0,0,0,0,0,0,0,0,0,784,36,13,4791.8835983805275,0.665765255689621,60351.689296774566,23.191326530612244
1791185481,16,POST,/api/playground/conversations,2.400000,0.200000,0,0,0,0,0,0,0,0,0,0,0,213,18,7,8.11964414462867,0.665765255689621,78.30155594274402,34.7887323943662
1791185481,16,POST,/api/playground/conversations/{conversation_id}/chat/sse,2.200000,0.000000,0,0,0,0,0,0,0,0,0,0,0,179,0,2,3.020314936781063,1.7779059708118439,13.533094897866249,0.0
1791185481,16,POST,/api/playground/conversations/{conversation_id}/chat/{chat_id}/attachment,2.200000,0.000000,0,0,0,0,0,0,0,0,0,0,0,195,0,160.0,158.1274969383883,62.12736526504159,271.9646291807294,26.0
1791185481,16,TXN,multimodal_e2e,2.400000,0.200000,0,0,0,0,0,0,0,0,0,0,0,197,18,1200.0,18902.19166827847,0.7854243740439415,60351.689296774566,28.944162436548222
1791185481,16,,Aggregated,9.200000,0.400000,0,0,0,0,0,0,0,0,0,0,0,784,36,13,4791.8835983805275,0.665765255689621,60351.689296774566,23.191326530612244
1791185482,16,POST,/api/playground/conversations,2.400000,0.200000,0,0,0,0,0,0,0,0,0,0,0,213,18,7,8.11964414462867,0.665765255689621,78.30155594274402,34.7887323943662
1791185482,16,POST,/api/playground/conversations/{conversation_id}/chat/sse,2.200000,0.000000,0,0,0,0,0,0,0,0,0,0,0,179,0,2,3.020314936781063,1.7779059708118439,13.533094897866249,0.0
1791185482,16,POST,/api/playground/conversations/{conversation_id}/chat/{chat_id}/attachment,2.200000,0.000000,0,0,0,0,0,0,0,0,0,0,0,195,0,160.0,158.1274969383883,62.12736526504159,271.9646291807294,26.0
1791185482,16,TXN,multimodal_e2e,2.400000,0.200000,0,0,0,0,0,0,0,0,0,0,0,197,18,1200.0,18902.19166827847,0.7854243740439415,60351.689296774566,28.944162436548222
1791185482,16,,Aggregated,9.200000,0.400000,0,0,0,0,0,0,0,0,0,0,0,784,36,13,4791.8835983805275,0.665765255689621,60351.689296774566,23.191326530612244
1791185483,16,POST,/api/playground/conversations,2.400000,0.200000,0,0,0,0,0,0,0,0,0,0,0,213,18,7,8.11964414462867,0.665765255689621,78.30155594274402,34.7887323943662
1791185483,16,POST,/api/playground/conversations/{conversation_id}/chat/sse,2.200000,0.000000,0,0,0,0,0,0,0,0,0,0,0,179,0,2,3.020314936781063,1.7779059708118439,13.533094897866249,0.0
1791185483,16,POST,/api/playground/conversations/{conversation_id}/chat/{chat_id}/attachment,2.200000,0.000000,0,0,0,0,0,0,0,0,0,0,0,195,0,160.0,158.1274969383883,62.12736526504159,271.9646291807294,26.0
1791185483,16,TXN,multimodal_e2e,2.400000,0.200000,0,0,0,0,0,0,0,0,0,0,0,197,18,1200.0,18902.19166827847,0.7854243740439415,60351.689296774566,28.944162436548222
1791185483,16,,Aggregated,9.200000,0.400000,0,0,0,0,0,0,0,0,0,0,0,784,36,13,4791.8835983805275,0.665765255689621,60351.689296774566,23.191326530612244
1791185484,16,POST,/api/playground/conversations,2.400000,0.200000,0,0,0,0,0,0,0,0,0,0,0,213,18,7,8.11964414462867,0.665765255689621,78.30155594274402,34.7887323943662
1791185484,16,POST,/api/playground/conversations/{conversation_id}/chat/sse,2.200000,0.000000,0,0,0,0,0,0,0,0,0,0,0,179,0,2,3.020314936781063,1.7779059708118439,13.533094897866249,0.0
1791185484,16,POST,/api/playground/conversations/{conversation_id}/chat/{chat_id}/attachment,2.200000,0.000000,0,0,0,0,0,0,0,0,0,0,0,195,0,160.0,158.1274969383883,62.12736526504159,271.9646291807294,26.0
1791185484,16,TXN,multimodal_e2e,2.400000,0.200000,0,0,0,0,0,0,0,0,0,0,0,197,18,1200.0,18902.19166827847,0.7854243740439415,60351.689296774566,28.944162436548222
1791185484,16,,Aggregated,9.200000,0.400000,0,0,0,0,0,0,0,0,0,0,0,784,36,13,4791.8835983805275,0.665765255689621,60351.689296774566,23.191326530612244
1791185485,16,POST,/api/playground/conversations,2.400000,0.200000,0,0,0,0,0,0,0,0,0,0,0,213,18,7,8.11964414462867,0.665765255689621,78.30155594274402,34.7887323943662
1791185485,16,POST,/api/playground/conversations/{conversation_id}/chat/sse,2.200000,0.000000,0,0,0,0,0,0,0,0,0,0,0,179,0,2,3.020314936781063,1.7779059708118439,13.533094897866249,0.0
1791185485,16,POST,/api/playground/conversations/{conversation_id}/chat/{chat_id}/attachment,2.200000,0.000000,0,0,0,0,0,0,0,0,0,0,0,195,0,160.0,158.1274969383883,62.12736526504159,271.9646291807294,26.0
1791185485,16,TXN,multimodal_e2e,2.400000,0.200000,0,0,0,0,0,0,0,0,0,0,0,197,18,1200.0,18902.19166827847,0.7854243740439415,60351.689296774566,28.944162436548222
1791185485,16,,Aggregated,9.200000,0.400000,0,0,0,0,0,0,0,0,0,0,0,784,36,13,4791.8835983805275,0.665765255689621,60351.689296774566,23.191326530612244
1791185486,14,POST,/api/playground/conversations,0.000000,0.000000,0,0,0,0,0,0,0,0,0,0,0,213,18,7,8.11964414462867,0.665765255689621,78.30155594274402,34.7887323943662
1791185486,14,POST,/api/playground/conversations/{conversation_id}/chat/sse,0.000000,0.000000,3,3,3,3,3,3,3,3,3,3,3,181,0,2,3.0232687218330843,1.7779059708118439,13.533094897866249,0.0
1791185486,14,POST,/api/playground/conversations/{conversation_id}/chat/{chat_id}/attachment,0.000000,0.000000,0,0,0,0,0,0,0,0,0,0,0,195,0,160.0,158.1274969383883,62.12736526504159,271.9646291807294,26.0
1791185486,14,TXN,multimodal_e2e,0.000000,0.000000,60000,60000,60000,60000,60000,60000,60000,60000,60000,60000,60000,199,18,1200.0,19318.06799542655,0.7854243740439415,60351.689296774566,29.025125628140703
1791185486,14,,Aggregated,0.000000,0.000000,60000,60000,60000,60000,60000,60000,60000,60000,60000,60000,60000,788,36,13,4920.567371617166,0.665765255689621,60351.689296774566,23.16751269035533
1791185487,13,POST,/api/playground/conversations,0.000000,0.000000,0,0,0,0,0,0,0,0,0,0,0,213,18,7,8.11964414462867,0.665765255689621,78.30155594274402,34.7887323943662
1791185487,13,POST,/api/playground/conversations/{conversation_id}/chat/sse,0.000000,0.000000,3,3,3,3,3,3,3,3,3,3,3,182,0,2,3.02000509595478,1.7779059708118439,13.533094897866249,0.0
1791185487,13,POST,/api/playground/conversations/{conversation_id}/chat/{chat_id}/attachment,0.000000,0.000000,0,0,0,0,0,0,0,0,0,0,0,195,0,160.0,158.1274969383883,62.12736526504159,271.9646291807294,26.0
1791185487,13,TXN,multimodal_e2e,0.000000,0.000000,60000,60000,60000,60000,60000,60000,60000,60000,60000,60000,60000,200,18,1200.0,19522.576765865088,0.7854243740439415,60351.689296774566,29.095
1791185487,13,,Aggregated,0.000000,0.000000,60000,60000,60000,60000,60000,60000,60000,60000,60000,60000,60000,790,36,13,4984.340936969966,0.665765255689621,60351.689296774566,23.163291139240506
1791185488,12,POST,/api/playground/conversations,0.000000,0.000000,0,0,0,0,0,0,0,0,0,0,0,213,18,7,8.11964414462867,0.665765255689621,78.30155594274402,34.7887323943662
1791185488,12,POST,/api/playground/conversations/{conversation_id}/chat/sse,0.100000,0.000000,3,3,3,3,3,3,3,3,3,3,3,183,0,2,3.0169067293649814,1.7779059708118439,13.533094897866249,0.0
1791185488,12,POST,/api/playground/conversations/{conversation_id}/chat/{chat_id}/attachment,0.000000,0.000000,0,0,0,0,0,0,0,0,0,0,0,195,0,160.0,158.1274969383883,62.12736526504159,271.9646291807294,26.0
1791185488,12,TXN,multimodal_e2e,0.100000,0.000000,60000,60000,60000,60000,60000,60000,60000,60000,60000,60000,60000,201,18,1200.0,19725.293413601557,0.7854243740439415,60351.689296774566,29.109452736318406
1791185488,12,,Aggregated,0.200000,0.000000,60000,60000,60000,60000,60000,60000,60000,60000,60000,60000,60000,792,36,13,5047.854060822195,0.665765255689621,60351.689296774566,23.14520202020202
1791185489,11,POST,/api/playground/conversations,0.000000,0.000000,0,0,0,0,0,0,0,0,0,0,0,213,18,7,8.11964414462867,0.665765255689621,78.30155594274402,34.7887323943662
1791185489,11,POST,/api/playground/conversations/{conversation_id}/chat/sse,0.300000,0.000000,3,3,3,7,7,7,7,7,7,7,7,184,0,2,3.038235388331763,1.7779059708118439,13.533094897866249,0.0
1791185489,11,POST,/api/playground/conversations/{conversation_id}/chat/{chat_id}/attachment,0.000000,0.000000,0,0,0,0,0,0,0,0,0,0,0,195,0,160.0,158.1274969383883,62.12736526504159,271.9646291807294,26.0
1791185489,11,TXN,multimodal_e2e,0.300000,0.000000,60000,60000,60000,60000,60000,60000,60000,60000,60000,60000,60000,202,18,1200.0,19925.706148152192,0.7854243740439415,60351.689296774566,29.138613861386137
1791185489,11,,Aggregated,0.600000,0.000000,60000,60000,60000,60000,60000,60000,60000,60000,60000,60000,60000,794,36,13,5110.9773593753,0.665765255689621,60351.689296774566,23.130982367758186
1791185490,10,POST,/api/playground/conversations,0.000000,0.000000,0,0,0,0,0,0,0,0,0,0,0,213,18,7,8.11964414462867,0.665765255689621,78.30155594274402,34.7887323943662
1791185490,10,POST,/api/playground/conversations/{conversation_id}/chat/sse,0.300000,0.000000,3,3,3,3,7,7,7,7,7,7,7,185,0,2,3.033694315298989,1.7779059708118439,13.533094897866249,0.0
1791185490,10,POST,/api/playground/conversations/{conversation_id}/chat/{chat_id}/attachment,0.000000,0.000000,0,0,0,0,0,0,0,0,0,0,0,195,0,160.0,158.1274969383883,62.12736526504159,271.9646291807294,26.0
1791185490,10,TXN,multimodal_e2e,0.300000,0.000000,60000,60000,60000,60000,60000,60000,60000,60000,60000,60000,60000,203,18,1300.0,20124.221350160413,0.7854243740439415,60351.689296774566,29.20689655172414
1791185490,10,,Aggregated,0.600000,0.000000,60000,60000,60000,60000,60000,60000,60000,60000,60000,60000,60000,796,36,13,5173.797127684279,0.665765255689621,60351.689296774566,23.126884422110553
1791185491,8,POST,/api/playground/conversations,0.000000,0.000000,0,0,0,0,0,0,0,0,0,0,0,213,18,7,8.11964414462867,0.665765255689621,78.30155594274402,34.7887323943662
1791185491,8,POST,/api/playground/conversations/{conversation_id}/chat/sse,0.400000,0.000000,3,3,3,3,7,7,7,7,7,7,7,187,0,2,3.0347745352608952,1.7779059708118439,13.533094897866249,0.0
1791185491,8,POST,/api/playground/conversations/{conversation_id}/chat/{chat_id}/attachment,0.000000,0.000000,0,0,0,0,0,0,0,0,0,0,0,195,0,160.0,158.1274969383883,62.12736526504159,271.9646291807294,26.0
1791185491,8,TXN,multimodal_e2e,0.400000,0.000000,60000,60000,60000,60000,60000,60000,60000,60000,60000,60000,60000,205,18,1300.0,20515.519954607164,0.7854243740439415,60351.689296774566,29.302439024390242
1791185491,8,,Aggregated,0.800000,0.000000,60000,60000,60000,60000,60000,60000,60000,60000,60000,60000,60000,800,36,13,5298.516799547942,0.665765255689621,60351.689296774566,23.10875
1791185492,8,POST,/api/playground/conversations,0.000000,0.000000,0,0,0,0,0,0,0,0,0,0,0,213,18,7,8.11964414462867,0.665765255689621,78.30155594274402,34.7887323943662
1791185492,8,POST,/api/playground/conversations/{conversation_id}/chat/sse,0.400000,0.000000,3,3,3,3,7,7,7,7,7,7,7,187,0,2,3.0347745352608952,1.7779059708118439,13.533094897866249,0.0
1791185492,8,POST,/api/playground/conversations/{conversation_id}/chat/{chat_id}/attachment,0.000000,0.000000,0,0,0,0,0,0,0,0,0,0,0,195,0,160.0,158.1274969383883,62.12736526504159,271.9646291807294,26.0
1791185492,8,TXN,multimodal_e2e,0.400000,0.000000,60000,60000,60000,60000,60000,60000,60000,60000,60000,60000,60000,205,18,1300.0,20515.519954607164,0.7854243740439415,60351.689296774566,29.302439024390242
1791185492,8,,Aggregated,0.800000,0.000000,60000,60000,60000,60000,60000,60000,60000,60000,60000,60000,60000,800,36,13,5298.516799547942,0.665765255689621,60351.689296774566,23.10875
1791185493,7,POST,/api/playground/conversations,0.000000,0.000000,0,0,0,0,0,0,0,0,0,0,0,213,18,7,8.11964414462867,0.665765255689621,78.30155594274402,34.7887323943662
1791185493,7,POST,/api/playground/conversations/{conversation_id}/chat/sse,0.700000,0.000000,3,3,3,3,7,7,7,7,7,7,7,188,0,2,3.030763280161835,1.7779059708118439,13.533094897866249,0.0
1791185493,7,POST,/api/playground/conversations/{conversation_id}/chat/{chat_id}/attachment,0.000000,0.000000,0,0,0,0,0,0,0,0,0,0,0,195,0,160.0,158.1274969383883,62.12736526504159,271.9646291807294,26.0
1791185493,7,TXN,multimodal_e2e,0.700000,0.000000,60000,60000,60000,60000,60000,60000,60000,60000,60000,60000,60000,206,18,1300.0,20708.34904750221,0.7854243740439415,60351.689296774566,29.368932038834952
1791185493,7,,Aggregated,1.400000,0.000000,60000,60000,60000,60000,60000,60000,60000,60000,60000,60000,60000,802,36,13,5360.416500483689,0.665765255689621,60351.689296774566,23.104738154613468
1791185494,5,POST,/api/playground/conversations,0.000000,0.000000,0,0,0,0,0,0,0,0,0,0,0,213,18,7,8.11964414462867,0.665765255689621,78.30155594274402,34.7887323943662
1791185494,5,POST,/api/playground/conversations/{conversation_id}/chat/sse,0.700000,0.000000,3,3,3,3,3,7,7,7,7,7,7,190,0,2,3.0251460591037023,1.7779059708118439,13.533094897866249,0.0
1791185494,5,POST,/api/playground/conversations/{conversation_id}/chat/{chat_id}/attachment,0.000000,0.000000,0,0,0,0,0,0,0,0,0,0,0,195,0,160.0,158.1274969383883,62.12736526504159,271.9646291807294,26.0
1791185494,5,TXN,multimodal_e2e,0.700000,0.000000,60000,60000,60000,60000,60000,60000,60000,60000,60000,60000,60000,208,18,1300.0,21088.544482723453,0.7854243740439415,60351.689296774566,29.5
1791185494,5,,Aggregated,1.400000,0.000000,60000,60000,60000,60000,60000,60000,60000,60000,60000,60000,60000,806,36,13,5483.320566083746,0.665765255689621,60351.689296774566,23.096774193548388
1791185495,4,POST,/api/playground/conversations,0.000000,0.000000,0,0,0,0,0,0,0,0,0,0,0,213,18,7,8.11964414462867,0.665765255689621,78.30155594274402,34.7887323943662
1791185495,4,POST,/api/playground/conversations/{conversation_id}/chat/sse,0.800000,0.000000,3,3,3,3,5,7,7,7,7,7,7,191,0,2,3.0369358551712873,1.7779059708118439,13.533094897866249,0.0
1791185495,4,POST,/api/playground/conversations/{conversation_id}/chat/{chat_id}/attachment,0.000000,0.000000,0,0,0,0,0,0,0,0,0,0,0,195,0,160.0,158.1274969383883,62.12736526504159,271.9646291807294,26.0
1791185495,4,TXN,multimodal_e2e,0.800000,0.000000,60000,60000,60000,60000,60000,60000,60000,60000,60000,60000,60000,209,18,1300.0,21276.061740619214,0.7854243740439415,60351.689296774566,29.564593301435405
1791185495,4,,Aggregated,1.600000,0.000000,60000,60000,60000,60000,60000,60000,60000,60000,60000,60000,60000,808,36,13,5544.358050301417,0.665765255689621,60351.689296774566,23.092821782178216
1791185496,2,POST,/api/playground/conversations,0.000000,0.000000,0,0,0,0,0,0,0,0,0,0,0,213,18,7,8.11964414462867,0.665765255689621,78.30155594274402,34.7887323943662
1791185496,2,POST,/api/playground/conversations/{conversation_id}/chat/sse,1.100000,0.000000,2,3,3,3,5,7,7,7,7,7,7,193,0,2,3.0308574790357,1.7779059708118439,13.533094897866249,0.0
1791185496,2,POST,/api/playground/conversations/{conversation_id}/chat/{chat_id}/attachment,0.000000,0.000000,0,0,0,0,0,0,0,0,0,0,0,195,0,160.0,158.1274969383883,62.12736526504159,271.9646291807294,26.0
1791185496,2,TXN,multimodal_e2e,1.100000,0.000000,60000,60000,60000,60000,60000,60000,60000,60000,60000,60000,60000,211,18,1300.0,21645.367858011134,0.7854243740439415,60351.689296774566,29.677725118483412
1791185496,2,,Aggregated,2.200000,0.000000,60000,60000,60000,60000,60000,60000,60000,60000,60000,60000,60000,812,36,13,5665.421083299993,0.665765255689621,60351.689296774566,23.08128078817734
1791185497,2,POST,/api/playground/conversations,0.000000,0.000000,0,0,0,0,0,0,0,0,0,0,0,213,18,7,8.11964414462867,0.665765255689621,78.30155594274402,34.7887323943662
1791185497,2,POST,/api/playground/conversations/{conversation_id}/chat/sse,1.100000,0.000000,2,3,3,3,5,7,7,7,7,7,7,193,0,2,3.0308574790357,1.7779059708118439,13.533094897866249,0.0
1791185497,2,POST,/api/playground/conversations/{conversation_id}/chat/{chat_id}/attachment,0.000000,0.000000,0,0,0,0,0,0,0,0,0,0,0,195,0,160.0,158.1274969383883,62.12736526504159,271.9646291807294,26.0
1791185497,2,TXN,multimodal_e2e,1.100000,0.000000,60000,60000,60000,60000,60000,60000,60000,60000,60000,60000,60000,211,18,1300.0,21645.367858011134,0.7854243740439415,60351.689296774566,29.677725118483412
1791185497,2,,Aggregated,2.200000,0.000000,60000,60000,60000,60000,60000,60000,60000,60000,60000,60000,60000,812,36,13,5665.421083299993,0.665765255689621,60351.689296774566,23.08128078817734
1791185498,2,POST,/api/playground/conversations,0.000000,0.000000,0,0,0,0,0,0,0,0,0,0,0,213,18,7,8.11964414462867,0.665765255689621,78.30155594274402,34.7887323943662
1791185498,2,POST,/api/playground/conversations/{conversation_id}/chat/sse,1.100000,0.000000,3,3,3,5,7,7,7,7,7,7,7,193,0,2,3.0308574790357,1.7779059708118439,13.533094897866249,0.0
1791185498,2,POST,/api/playground/conversations/{conversation_id}/chat/{chat_id}/attachment,0.000000,0.000000,0,0,0,0,0,0,0,0,0,0,0,195,0,160.0,158.1274969383883,62.12736526504159,271.9646291807294,26.0
1791185498,2,TXN,multimodal_e2e,1.100000,0.000000,60000,60000,60000,60000,60000,60000,60000,60000,60000,60000,60000,211,18,1300.0,21645.367858011134,0.7854243740439415,60351.689296774566,29.677725118483412
1791185498,2,,Aggregated,2.200000,0.000000,60000,60000,60000,60000,60000,60000,60000,60000,60000,60000,60000,812,36,13,5665.421083299993,0.665765255689621,60351.689296774566,23.08128078817734
1791185499,2,POST,/api/playground/conversations,0.000000,0.000000,0,0,0,0,0,0,0,0,0,0,0,213,18,7,8.11964414462867,0.665765255689621,78.30155594274402,34.7887323943662
1791185499,2,POST,/api/playground/conversations/{conversation_id}/chat/sse,1.100000,0.000000,3,3,3,3,5,5,5,5,5,5,5,193,0,2,3.0308574790357,1.7779059708118439,13.533094897866249,0.0
1791185499,2,POST,/api/playground/conversations/{conversation_id}/chat/{chat_id}/attachment,0.000000,0.000000,0,0,0,0,0,0,0,0,0,0,0,195,0,160.0,158.1274969383883,62.12736526504159,271.9646291807294,26.0
1791185499,2,TXN,multimodal_e2e,1.100000,0.000000,60000,60000,60000,60000,60000,60000,60000,60000,60000,60000,60000,211,18,1300.0,21645.367858011134,0.7854243740439415,60351.689296774566,29.677725118483412
1791185499,2,,Aggregated,2.200000,0.000000,60000,60000,60000,60000,60000,60000,60000,60000,60000,60000,60000,812,36,13,5665.421083299993,0.665765255689621,60351.689296774566,23.08128078817734
1791185500,1,POST,/api/playground/conversations,0.000000,0.000000,0,0,0,0,0,0,0,0,0,0,0,213,18,7,8.11964414462867,0.665765255689621,78.30155594274402,34.7887323943662
1791185500,1,POST,/api/playground/conversations/{conversation_id}/chat/sse,1.100000,0.000000,2,3,3,3,5,5,5,5,5,5,5,194,0,2,3.0259038993762326,1.7779059708118439,13.533094897866249,0.0
1791185500,1,POST,/api/playground/conversations/{conversation_id}/chat/{chat_id}/attachment,0.000000,0.000000,0,0,0,0,0,0,0,0,0,0,0,195,0,160.0,158.1274969383883,62.12736526504159,271.9646291807294,26.0
1791185500,1,TXN,multimodal_e2e,1.100000,0.000000,60000,60000,60000,60000,60000,60000,60000,60000,60000,60000,60000,212,18,1300.0,21827.29221097378,0.7854243740439415,60351.689296774566,29.735849056603772
1791185500,1,,Aggregated,2.200000,0.000000,60000,60000,60000,60000,60000,60000,60000,60000,60000,60000,60000,814,36,13,5725.475823327656,0.665765255689621,60351.689296774566,23.076167076167078
1791185501,1,POST,/api/playground/conversations,0.000000,0.000000,0,0,0,0,0,0,0,0,0,0,0,213,18,7,8.11964414462867,0.665765255689621,78.30155594274402,34.7887323943662
1791185501,1,POST,/api/playground/conversations/{conversation_id}/chat/sse,1.100000,0.000000,2,3,3,3,5,5,5,5,5,5,5,194,0,2,3.0259038993762326,1.7779059708118439,13.533094897866249,0.0
1791185501,1,POST,/api/playground/conversations/{conversation_id}/chat/{chat_id}/attachment,0.000000,0.000000,0,0,0,0,0,0,0,0,0,0,0,195,0,160.0,158.1274969383883,62.12736526504159,271.9646291807294,26.0
1791185501,1,TXN,multimodal_e2e,1.100000,0.000000,60000,60000,60000,60000,60000,60000,60000,60000,60000,60000,60000,212,18,1300.0,21827.29221097378,0.7854243740439415,60351.689296774566,29.735849056603772
1791185501,1,,Aggregated,2.200000,0.000000,60000,60000,60000,60000,60000,60000,60000,60000,60000,60000,60000,814,36,13,5725.475823327656,0.665765255689621,60351.689296774566,23.076167076167078
1791185502,1,POST,/api/playground/conversations,0.000000,0.000000,0,0,0,0,0,0,0,0,0,0,0,213,18,7,8.11964414462867,0.665765255689621,78.30155594274402,34.7887323943662
1791185502,1,POST,/api/playground/conversations/{conversation_id}/chat/sse,1.100000,0.000000,2,2,3,3,5,5,5,5,5,5,5,194,0,2,3.0259038993762326,1.7779059708118439,13.533094897866249,0.0
1791185502,1,POST,/api/playground/conversations/{conversation_id}/chat/{chat_id}/attachment,0.000000,0.000000,0,0,0,0,0,0,0,0,0,0,0,195,0,160.0,158.1274969383883,62.12736526504159,271.9646291807294,26.0
1791185502,1,TXN,multimodal_e2e,1.100000,0.000000,60000,60000,60000,60000,60000,60000,60000,60000,60000,60000,60000,212,18,1300.0,21827.29221097378,0.7854243740439415,60351.689296774566,29.735849056603772
1791185502,1,,Aggregated,2.200000,0.000000,60000,60000,60000,60000,60000,60000,60000,60000,60000,60000,60000,814,36,13,5725.475823327656,0.665765255689621,60351.689296774566,23.076167076167078
1791185503,1,POST,/api/playground/conversations,0.000000,0.000000,0,0,0,0,0,0,0,0,0,0,0,213,18,7,8.11964414462867,0.665765255689621,78.30155594274402,34.7887323943662
1791185503,1,POST,/api/playground/conversations/{conversation_id}/chat/sse,1.100000,0.000000,2,2,5,5,5,5,5,5,5,5,5,194,0,2,3.0259038993762326,1.7779059708118439,13.533094897866249,0.0
1791185503,1,POST,/api/playground/conversations/{conversation_id}/chat/{chat_id}/attachment,0.000000,0.000000,0,0,0,0,0,0,0,0,0,0,0,195,0,160.0,158.1274969383883,62.12736526504159,271.9646291807294,26.0
1791185503,1,TXN,multimodal_e2e,1.100000,0.000000,60000,60000,60000,60000,60000,60000,60000,60000,60000,60000,60000,212,18,1300.0,21827.29221097378,0.7854243740439415,60351.689296774566,29.735849056603772
1791185503,1,,Aggregated,2.200000,0.000000,60000,60000,60000,60000,60000,60000,60000,60000,60000,60000,60000,814,36,13,5725.475823327656,0.665765255689621,60351.689296774566,23.076167076167078
1791185504,1,POST,/api/playground/conversations,0.000000,0.000000,0,0,0,0,0,0,0,0,0,0,0,213,18,7,8.11964414462867,0.665765255689621,78.30155594274402,34.7887323943662
1791185504,1,POST,/api/playground/conversations/{conversation_id}/chat/sse,1.100000,0.000000,2,2,5,5,5,5,5,5,5,5,5,194,0,2,3.0259038993762326,1.7779059708118439,13.533094897866249,0.0
1791185504,1,POST,/api/playground/conversations/{conversation_id}/chat/{chat_id}/attachment,0.000000,0.000000,0,0,0,0,0,0,0,0,0,0,0,195,0,160.0,158.1274969383883,62.12736526504159,271.9646291807294,26.0
1791185504,1,TXN,multimodal_e2e,1.100000,0.000000,60000,60000,60000,60000,60000,60000,60000,60000,60000,60000,60000,212,18,1300.0,21827.29221097378,0.7854243740439415,60351.689296774566,29.735849056603772
1791185504,1,,Aggregated,2.200000,0.000000,60000,60000,60000,60000,60000,60000,60000,60000,60000,60000,60000,814,36,13,5725.475823327656,0.665765255689621,60351.689296774566,23.076167076167078
1791185505,1,POST,/api/playground/conversations,0.000000,0.000000,0,0,0,0,0,0,0,0,0,0,0,213,18,7,8.11964414462867,0.665765255689621,78.30155594274402,34.7887323943662
1791185505,1,POST,/api/playground/conversations/{conversation_id}/chat/sse,1.100000,0.000000,2,2,2,2,2,2,2,2,2,2,2,194,0,2,3.0259038993762326,1.7779059708118439,13.533094897866249,0.0
1791185505,1,POST,/api/playground/conversations/{conversation_id}/chat/{chat_id}/attachment,0.000000,0.000000,0,0,0,0,0,0,0,0,0,0,0,195,0,160.0,158.1274969383883,62.12736526504159,271.9646291807294,26.0
1791185505,1,TXN,multimodal_e2e,1.100000,0.000000,60000,60000,60000,60000,60000,60000,60000,60000,60000,60000,60000,212,18,1300.0,21827.29221097378,0.7854243740439415,60351.689296774566,29.735849056603772
1791185505,1,,Aggregated,2.200000,0.000000,60000,60000,60000,60000,60000,60000,60000,60000,60000,60000,60000,814,36,13,5725.475823327656,0.665765255689621,60351.689296774566,23.076167076167078
1791185506,1,POST,/api/playground/conversations,0.000000,0.000000,0,0,0,0,0,0,0,0,0,0,0,213,18,7,8.11964414462867,0.665765255689621,78.30155594274402,34.7887323943662
1791185506,1,POST,/api/playground/conversations/{conversation_id}/chat/sse,1.100000,0.000000,2,2,2,2,2,2,2,2,2,2,2,194,0,2,3.0259038993762326,1.7779059708118439,13.533094897866249,0.0
1791185506,1,POST,/api/playground/conversations/{conversation_id}/chat/{chat_id}/attachment,0.000000,0.000000,0,0,0,0,0,0,0,0,0,0,0,195,0,160.0,158.1274969383883,62.12736526504159,271.9646291807294,26.0
1791185506,1,TXN,multimodal_e2e,1.100000,0.000000,60000,60000,60000,60000,60000,60000,60000,60000,60000,60000,60000,212,18,1300.0,21827.29221097378,0.7854243740439415,60351.689296774566,29.735849056603772
1791185506,1,,Aggregated,2.200000,0.000000,60000,60000,60000,60000,60000,60000,60000,60000,60000,60000,60000,814,36,13,5725.475823327656,0.665765255689621,60351.689296774566,23.076167076167078
1791185507,1,POST,/api/playground/conversations,0.000000,0.000000,0,0,0,0,0,0,0,0,0,0,0,213,18,7,8.11964414462867,0.665765255689621,78.30155594274402,34.7887323943662
1791185507,1,POST,/api/playground/conversations/{conversation_id}/chat/sse,1.100000,0.000000,2,2,2,2,2,2,2,2,2,2,2,194,0,2,3.0259038993762326,1.7779059708118439,13.533094897866249,0.0
1791185507,1,POST,/api/playground/conversations/{conversation_id}/chat/{chat_id}/attachment,0.000000,0.000000,0,0,0,0,0,0,0,0,0,0,0,195,0,160.0,158.1274969383883,62.12736526504159,271.9646291807294,26.0
1791185507,1,TXN,multimodal_e2e,1.100000,0.000000,60000,60000,60000,60000,60000,60000,60000,60000,60000,60000,60000,212,18,1300.0,21827.29221097378,0.7854243740439415,60351.689296774566,29.735849056603772
1791185507,1,,Aggregated,2.200000,0.000000,60000,60000,60000,60000,60000,60000,60000,60000,60000,60000,60000,814,36,13,5725.475823327656,0.665765255689621,60351.689296774566,23.076167076167078
1791185508,1,POST,/api/playground/conversations,0.000000,0.000000,0,0,0,0,0,0,0,0,0,0,0,213,18,7,8.11964414462867,0.665765255689621,78.30155594274402,34.7887323943662
1791185508,1,POST,/api/playground/conversations/{conversation_id}/chat/sse,1.100000,0.000000,2,2,2,2,2,2,2,2,2,2,2,194,0,2,3.0259038993762326,1.7779059708118439,13.533094897866249,0.0
1791185508,1,POST,/api/playground/conversations/{conversation_id}/chat/{chat_id}/attachment,0.000000,0.000000,0,0,0,0,0,0,0,0,0,0,0,195,0,160.0,158.1274969383883,62.12736526504159,271.9646291807294,26.0
1791185508,1,TXN,multimodal_e2e,1.100000,0.000000,60000,60000,60000,60000,60000,60000,60000,60000,60000,60000,60000,212,18,1300.0,21827.29221097378,0.7854243740439415,60351.689296774566,29.735849056603772
1791185508,1,,Aggregated,2.200000,0.000000,60000,60000,60000,60000,60000,60000,60000,60000,60000,60000,60000,814,36,13,5725.475823327656,0.665765255689621,60351.689296774566,23.076167076167078
1791185509,1,POST,/api/playground/conversations,0.000000,0.000000,0,0,0,0,0,0,0,0,0,0,0,213,18,7,8.11964414462867,0.665765255689621,78.30155594274402,34.7887323943662
1791185509,1,POST,/api/playground/conversations/{conversation_id}/chat/sse,1.100000,0.000000,2,2,2,2,2,2,2,2,2,2,2,194,0,2,3.0259038993762326,1.7779059708118439,13.533094897866249,0.0
