count,avg_ttft,p50_ttft,p90_ttft,p95_ttft,p99_ttft,max_ttft,under_3s_count,under_3s_rate
60,3.761121719330549,3.3979114182293415,5.304231211543083,5.75836912356317,5.92694634757936,6.125437105074525,20,0.3333333333333333
