count,avg_ttft,p50_ttft,p90_ttft,p95_ttft,p99_ttft,max_ttft,under_3s_count,under_3s_rate
141,22.824032504071898,23.684763427823782,27.570736709982157,28.580403339117765,29.986596051603556,31.316934948787093,1,0.0070921985815602835
