count,avg_ttft,p50_ttft,p90_ttft,p95_ttft,p99_ttft,max_ttft,under_3s_count,under_3s_rate
112,7.302995430671477,7.210644673556089,10.977359725162387,11.813931355252862,12.600723907351494,13.184339132159948,6,0.05357142857142857
