count,avg_ttft,p50_ttft,p90_ttft,p95_ttft,p99_ttft,max_ttft,under_3s_count,under_3s_rate
44,3.138022743461823,3.1363758370280266,4.082303334027529,4.162835938856006,4.293551305308938,4.9043105617165565,21,0.4772727272727273
