count,avg_ttft,p50_ttft,p90_ttft,p95_ttft,p99_ttft,max_ttft,under_3s_count,under_3s_rate
155,12.401321506992943,12.185063449665904,15.784946603700519,16.672102903947234,19.10111996345222,19.7016665302217,1,0.0064516129032258064
