count,avg_ttft,p50_ttft,p90_ttft,p95_ttft,p99_ttft,max_ttft,under_3s_count,under_3s_rate
25,2.768562801629305,2.7510827351361513,3.367117242887616,3.474341420456767,3.6638137865811586,3.9407692458480597,19,0.76
