count,avg_ttft,p50_ttft,p90_ttft,p95_ttft,p99_ttft,max_ttft,under_3s_count,under_3s_rate
129,7.266291276501247,7.056990327313542,11.778935752809048,12.287139806896448,14.447215843945742,15.125625958666205,9,0.06976744186046512
