count,avg_ttft,p50_ttft,p90_ttft,p95_ttft,p99_ttft,max_ttft,under_3s_count,under_3s_rate
148,8.155081391384876,8.023152008652687,11.352203270420432,11.75652821175754,13.035572057589889,19.176118332892656,1,0.006756756756756757
