count,avg_ttft,p50_ttft,p90_ttft,p95_ttft,p99_ttft,max_ttft,under_3s_count,under_3s_rate
88,4.433231410866773,4.288524551317096,6.474209036678076,7.170277891680598,7.849291173741221,9.136373609304428,12,0.13636363636363635
