Timestamp,User Count,Type,Name,Requests/s,Failures/s,50%,66%,75%,80%,90%,95%,98%,99%,99.9%,99.99%,100%,Total Request Count,Total Failure Count,Total Median Response Time,Total Average Response Time,Total Min Response Time,Total Max Response Time,Total Average Content Size
1791183942,0,,Aggregated,0.000000,0.000000,N/A,N/A,N/A,N/A,N/A,N/A,N/A,N/A,N/A,N/A,N/A,0,0,0,0.0,0,0,0
1791183943,1,POST,/api/playground/conversations,0.000000,0.000000,0,0,0,0,0,0,0,0,0,0,0,2,0,5.310514010488987,10.720864403992891,5.310514010488987,16.131214797496796,38.0
1791183943,1,POST,/api/playground/conversations/{conversation_id}/chat/sse,0.000000,0.000000,0,0,0,0,0,0,0,0,0,0,0,1,0,1.985797192901373,1.985797192901373,1.985797192901373,1.985797192901373,0.0
1791183943,1,POST,/api/playground/conversations/{conversation_id}/chat/{chat_id}/attachment,0.000000,0.000000,0,0,0,0,0,0,0,0,0,0,0,2,0,47,60.07223529741168,46.66956188157201,73.47490871325135,26.0
1791183943,1,TXN,multimodal_e2e,0.000000,0.000000,0,0,0,0,0,0,0,0,0,0,0,1,0,368.1399757042527,368.1399757042527,368.1399757042527,368.1399757042527,11.0
1791183943,1,,Aggregated,0.000000,0.000000,0,0,0,0,0,0,0,0,0,0,0,6,0,16,85.28532871666054,1.985797192901373,368.1399757042527,23.166666666666668
1791183944,1,POST,/api/playground/conversations,0.000000,0.000000,6,6,6,6,6,6,6,6,6,6,6,3,0,6,9.090224280953407,5.310514010488987,16.131214797496796,38.0
1791183944,1,POST,/api/playground/conversations/{conversation_id}/chat/sse,0.000000,0.000000,2,2,2,2,2,2,2,2,2,2,2,2,0,1.985797192901373,1.9009271636605263,1.8160571344196796,1.985797192901373,0.0
1791183944,1,POST,/api/playground/conversations/{conversation_id}/chat/{chat_id}/attachment,0.000000,0.000000,61,61,61,61,61,61,61,61,61,61,61,3,0,61,60.43435617660483,46.66956188157201,73.47490871325135,26.0
1791183944,1,TXN,multimodal_e2e,0.000000,0.000000,780,780,780,780,780,780,780,780,780,780,780,2,0,370.0,576.4974567573518,368.1399757042527,784.8549378104508,15.0
1791183944,1,,Aggregated,0.000000,0.000000,61,61,780,780,780,780,780,780,780,780,780,10,0,16,136.53705092146993,1.8160571344196796,784.8549378104508,22.2
1791183945,1,POST,/api/playground/conversations,0.000000,0.000000,6,6,6,6,6,6,6,6,6,6,6,3,0,6,9.090224280953407,5.310514010488987,16.131214797496796,38.0
1791183945,1,POST,/api/playground/conversations/{conversation_id}/chat/sse,0.000000,0.000000,2,2,2,2,2,2,2,2,2,2,2,2,0,1.985797192901373,1.9009271636605263,1.8160571344196796,1.985797192901373,0.0
1791183945,1,POST,/api/playground/conversations/{conversation_id}/chat/{chat_id}/attachment,0.000000,0.000000,61,61,61,61,61,61,61,61,61,61,61,3,0,61,60.43435617660483,46.66956188157201,73.47490871325135,26.0
1791183945,1,TXN,multimodal_e2e,0.000000,0.000000,780,780,780,780,780,780,780,780,780,780,780,2,0,370.0,576.4974567573518,368.1399757042527,784.8549378104508,15.0
1791183945,1,,Aggregated,0.000000,0.000000,61,61,780,780,780,780,780,780,780,780,780,10,0,16,136.53705092146993,1.8160571344196796,784.8549378104508,22.2
1791183946,1,POST,/api/playground/conversations,0.000000,0.000000,6,6,6,6,6,6,6,6,6,6,6,3,0,6,9.090224280953407,5.310514010488987,16.131214797496796,38.0
1791183946,1,POST,/api/playground/conversations/{conversation_id}/chat/sse,0.000000,0.000000,2,2,2,2,2,2,2,2,2,2,2,2,0,1.985797192901373,1.9009271636605263,1.8160571344196796,1.985797192901373,0.0
1791183946,1,POST,/api/playground/conversations/{conversation_id}/chat/{chat_id}/attachment,0.000000,0.000000,61,61,61,61,61,61,61,61,61,61,61,3,0,61,60.43435617660483,46.66956188157201,73.47490871325135,26.0
1791183946,1,TXN,multimodal_e2e,0.000000,0.000000,780,780,780,780,780,780,780,780,780,780,780,2,0,370.0,576.4974567573518,368.1399757042527,784.8549378104508,15.0
1791183946,1,,Aggregated,0.000000,0.000000,61,61,780,780,780,780,780,780,780,780,780,10,0,16,136.53705092146993,1.8160571344196796,784.8549378104508,22.2
1791183947,1,POST,/api/playground/conversations,0.000000,0.000000,6,6,6,6,6,6,6,6,6,6,6,3,0,6,9.090224280953407,5.310514010488987,16.131214797496796,38.0
1791183947,1,POST,/api/playground/conversations/{conversation_id}/chat/sse,0.000000,0.000000,2,2,2,2,2,2,2,2,2,2,2,2,0,1.985797192901373,1.9009271636605263,1.8160571344196796,1.985797192901373,0.0
1791183947,1,POST,/api/playground/conversations/{conversation_id}/chat/{chat_id}/attachment,0.000000,0.000000,61,61,61,61,61,61,61,61,61,61,61,3,0,61,60.43435617660483,46.66956188157201,73.47490871325135,26.0
1791183947,1,TXN,multimodal_e2e,0.000000,0.000000,780,780,780,780,780,780,780,780,780,780,780,2,0,370.0,576.4974567573518,368.1399757042527,784.8549378104508,15.0
1791183947,1,,Aggregated,0.000000,0.000000,61,61,780,780,780,780,780,780,780,780,780,10,0,16,136.53705092146993,1.8160571344196796,784.8549378104508,22.2
1791183948,1,POST,/api/playground/conversations,0.000000,0.000000,6,6,6,6,6,6,6,6,6,6,6,3,0,6,9.090224280953407,5.310514010488987,16.131214797496796,38.0
1791183948,1,POST,/api/playground/conversations/{conversation_id}/chat/sse,0.000000,0.000000,2,2,2,2,2,2,2,2,2,2,2,2,0,1.985797192901373,1.9009271636605263,1.8160571344196796,1.985797192901373,0.0
1791183948,1,POST,/api/playground/conversations/{conversation_id}/chat/{chat_id}/attachment,0.000000,0.000000,61,61,61,61,61,61,61,61,61,61,61,3,0,61,60.43435617660483,46.66956188157201,73.47490871325135,26.0
1791183948,1,TXN,multimodal_e2e,0.000000,0.000000,780,780,780,780,780,780,780,780,780,780,780,2,0,370.0,576.4974567573518,368.1399757042527,784.8549378104508,15.0
1791183948,1,,Aggregated,0.000000,0.000000,61,61,780,780,780,780,780,780,780,780,780,10,0,16,136.53705092146993,1.8160571344196796,784.8549378104508,22.2
1791183949,1,POST,/api/playground/conversations,0.000000,0.000000,6,6,6,6,6,6,6,6,6,6,6,3,0,6,9.090224280953407,5.310514010488987,16.131214797496796,38.0
1791183949,1,POST,/api/playground/conversations/{conversation_id}/chat/sse,0.000000,0.000000,2,2,2,2,2,2,2,2,2,2,2,2,0,1.985797192901373,1.9009271636605263,1.8160571344196796,1.985797192901373,0.0
1791183949,1,POST,/api/playground/conversations/{conversation_id}/chat/{chat_id}/attachment,0.000000,0.000000,61,61,61,61,61,61,61,61,61,61,61,3,0,61,60.43435617660483,46.66956188157201,73.47490871325135,26.0
1791183949,1,TXN,multimodal_e2e,0.000000,0.000000,780,780,780,780,780,780,780,780,780,780,780,2,0,370.0,576.4974567573518,368.1399757042527,784.8549378104508,15.0
1791183949,1,,Aggregated,0.000000,0.000000,61,61,780,780,780,780,780,780,780,780,780,10,0,16,136.53705092146993,1.8160571344196796,784.8549378104508,22.2
1791183950,1,POST,/api/playground/conversations,0.000000,0.000000,6,6,6,6,6,6,6,6,6,6,6,3,0,6,9.090224280953407,5.310514010488987,16.131214797496796,38.0
1791183950,1,POST,/api/playground/conversations/{conversation_id}/chat/sse,0.000000,0.000000,2,2,2,2,2,2,2,2,2,2,2,2,0,1.985797192901373,1.9009271636605263,1.8160571344196796,1.985797192901373,0.0
1791183950,1,POST,/api/playground/conversations/{conversation_id}/chat/{chat_id}/attachment,0.000000,0.000000,61,61,61,61,61,61,61,61,61,61,61,3,0,61,60.43435617660483,46.66956188157201,73.47490871325135,26.0
1791183950,1,TXN,multimodal_e2e,0.000000,0.000000,780,780,780,780,780,780,780,780,780,780,780,2,0,370.0,576.4974567573518,368.1399757042527,784.8549378104508,15.0
1791183950,1,,Aggregated,0.000000,0.000000,61,61,780,780,780,780,780,780,780,780,780,10,0,16,136.53705092146993,1.8160571344196796,784.8549378104508,22.2
1791183951,1,POST,/api/playground/conversations,0.000000,0.000000,6,6,6,6,6,6,6,6,6,6,6,3,0,6,9.090224280953407,5.310514010488987,16.131214797496796,38.0
1791183951,1,POST,/api/playground/conversations/{conversation_id}/chat/sse,0.000000,0.000000,2,2,2,2,2,2,2,2,2,2,2,2,0,1.985797192901373,1.9009271636605263,1.8160571344196796,1.985797192901373,0.0
1791183951,1,POST,/api/playground/conversations/{conversation_id}/chat/{chat_id}/attachment,0.000000,0.000000,61,61,61,61,61,61,61,61,61,61,61,3,0,61,60.43435617660483,46.66956188157201,73.47490871325135,26.0
1791183951,1,TXN,multimodal_e2e,0.000000,0.000000,780,780,780,780,780,780,780,780,780,780,780,2,0,370.0,576.4974567573518,368.1399757042527,784.8549378104508,15.0
1791183951,1,,Aggregated,0.000000,0.000000,61,61,780,780,780,780,780,780,780,780,780,10,0,16,136.53705092146993,1.8160571344196796,784.8549378104508,22.2
1791183952,1,POST,/api/playground/conversations,0.000000,0.000000,6,6,6,6,6,6,6,6,6,6,6,3,0,6,9.090224280953407,5.310514010488987,16.131214797496796,38.0
1791183952,1,POST,/api/playground/conversations/{conversation_id}/chat/sse,0.000000,0.000000,2,2,2,2,2,2,2,2,2,2,2,2,0,1.985797192901373,1.9009271636605263,1.8160571344196796,1.985797192901373,0.0
1791183952,1,POST,/api/playground/conversations/{conversation_id}/chat/{chat_id}/attachment,0.000000,0.000000,61,61,61,61,61,61,61,61,61,61,61,3,0,61,60.43435617660483,46.66956188157201,73.47490871325135,26.0
1791183952,1,TXN,multimodal_e2e,0.000000,0.000000,780,780,780,780,780,780,780,780,780,780,780,2,0,370.0,576.4974567573518,368.1399757042527,784.8549378104508,15.0
1791183952,1,,Aggregated,0.000000,0.000000,61,61,780,780,780,780,780,780,780,780,780,10,0,16,136.53705092146993,1.8160571344196796,784.8549378104508,22.2
1791183953,1,POST,/api/playground/conversations,0.000000,0.000000,6,6,6,6,6,6,6,6,6,6,6,3,0,6,9.090224280953407,5.310514010488987,16.131214797496796,38.0
1791183953,1,POST,/api/playground/conversations/{conversation_id}/chat/sse,0.000000,0.000000,2,2,2,2,2,2,2,2,2,2,2,2,0,1.985797192901373,1.9009271636605263,1.8160571344196796,1.985797192901373,0.0
1791183953,1,POST,/api/playground/conversations/{conversation_id}/chat/{chat_id}/attachment,0.000000,0.000000,61,61,61,61,61,61,61,61,61,61,61,3,0,61,60.43435617660483,46.66956188157201,73.47490871325135,26.0
1791183953,1,TXN,multimodal_e2e,0.000000,0.000000,780,780,780,780,780,780,780,780,780,780,780,2,0,370.0,576.4974567573518,368.1399757042527,784.8549378104508,15.0
1791183953,1,,Aggregated,0.000000,0.000000,61,61,780,780,780,780,780,780,780,780,780,10,0,16,136.53705092146993,1.8160571344196796,784.8549378104508,22.2
1791183954,1,POST,/api/playground/conversations,0.000000,0.000000,6,6,6,6,6,6,6,6,6,6,6,3,0,6,9.090224280953407,5.310514010488987,16.131214797496796,38.0
1791183954,1,POST,/api/playground/conversations/{conversation_id}/chat/sse,0.000000,0.000000,2,2,2,2,2,2,2,2,2,2,2,2,0,1.985797192901373,1.9009271636605263,1.8160571344196796,1.985797192901373,0.0
1791183954,1,POST,/api/playground/conversations/{conversation_id}/chat/{chat_id}/attachment,0.000000,0.000000,61,61,61,61,61,61,61,61,61,61,61,3,0,61,60.43435617660483,46.66956188157201,73.47490871325135,26.0
1791183954,1,TXN,multimodal_e2e,0.000000,0.000000,780,780,780,780,780,780,780,780,780,780,780,2,0,370.0,576.4974567573518,368.1399757042527,784.8549378104508,15.0
1791183954,1,,Aggregated,0.000000,0.000000,61,61,780,780,780,780,780,780,780,780,780,10,0,16,136.53705092146993,1.8160571344196796,784.8549378104508,22.2
1791183955,1,POST,/api/playground/conversations,0.000000,0.000000,6,6,6,6,6,6,6,6,6,6,6,3,0,6,9.090224280953407,5.310514010488987,16.131214797496796,38.0
1791183955,1,POST,/api/playground/conversations/{conversation_id}/chat/sse,0.000000,0.000000,2,2,2,2,2,2,2,2,2,2,2,2,0,1.985797192901373,1.9009271636605263,1.8160571344196796,1.985797192901373,0.0
1791183955,1,POST,/api/playground/conversations/{conversation_id}/chat/{chat_id}/attachment,0.000000,0.000000,61,61,61,61,61,61,61,61,61,61,61,3,0,61,60.43435617660483,46.66956188157201,73.47490871325135,26.0
1791183955,1,TXN,multimodal_e2e,0.000000,0.000000,780,780,780,780,780,780,780,780,780,780,780,2,0,370.0,576.4974567573518,368.1399757042527,784.8549378104508,15.0
1791183955,1,,Aggregated,0.000000,0.000000,61,61,780,780,780,780,780,780,780,780,780,10,0,16,136.53705092146993,1.8160571344196796,784.8549378104508,22.2
1791183956,1,POST,/api/playground/conversations,0.000000,0.000000,6,6,6,6,6,6,6,6,6,6,6,3,0,6,9.090224280953407,5.310514010488987,16.131214797496796,38.0
1791183956,1,POST,/api/playground/conversations/{conversation_id}/chat/sse,0.000000,0.000000,2,2,2,2,2,2,2,2,2,2,2,2,0,1.985797192901373,1.9009271636605263,1.8160571344196796,1.985797192901373,0.0
1791183956,1,POST,/api/playground/conversations/{conversation_id}/chat/{chat_id}/attachment,0.000000,0.000000,61,61,61,61,61,61,61,61,61,61,61,3,0,61,60.43435617660483,46.66956188157201,73.47490871325135,26.0
1791183956,1,TXN,multimodal_e2e,0.000000,0.000000,780,780,780,780,780,780,780,780,780,780,780,2,0,370.0,576.4974567573518,368.1399757042527,784.8549378104508,15.0
1791183956,1,,Aggregated,0.000000,0.000000,61,61,780,780,780,780,780,780,780,780,780,10,0,16,136.53705092146993,1.8160571344196796,784.8549378104508,22.2
1791183957,1,POST,/api/playground/conversations,0.000000,0.000000,6,6,6,6,6,6,6,6,6,6,6,3,0,6,9.090224280953407,5.310514010488987,16.131214797496796,38.0
1791183957,1,POST,/api/playground/conversations/{conversation_id}/chat/sse,0.000000,0.000000,2,2,2,2,2,2,2,2,2,2,2,2,0,1.985797192901373,1.9009271636605263,1.8160571344196796,1.985797192901373,0.0
1791183957,1,POST,/api/playground/conversations/{conversation_id}/chat/{chat_id}/attachment,0.000000,0.000000,61,61,61,61,61,61,61,61,61,61,61,3,0,61,60.43435617660483,46.66956188157201,73.47490871325135,26.0
1791183957,1,TXN,multimodal_e2e,0.000000,0.000000,780,780,780,780,780,780,780,780,780,780,780,2,0,370.0,576.4974567573518,368.1399757042527,784.8549378104508,15.0
1791183957,1,,Aggregated,0.000000,0.000000,61,61,780,780,780,780,780,780,780,780,780,10,0,16,136.53705092146993,1.8160571344196796,784.8549378104508,22.2
1791183958,1,POST,/api/playground/conversations,0.000000,0.000000,6,6,6,6,6,6,6,6,6,6,6,3,0,6,9.090224280953407,5.310514010488987,16.131214797496796,38.0
1791183958,1,POST,/api/playground/conversations/{conversation_id}/chat/sse,0.000000,0.000000,2,2,2,2,2,2,2,2,2,2,2,2,0,1.985797192901373,1.9009271636605263,1.8160571344196796,1.985797192901373,0.0
1791183958,1,POST,/api/playground/conversations/{conversation_id}/chat/{chat_id}/attachment,0.000000,0.000000,61,61,61,61,61,61,61,61,61,61,61,3,0,61,60.43435617660483,46.66956188157201,73.47490871325135,26.0
1791183958,1,TXN,multimodal_e2e,0.000000,0.000000,780,780,780,780,780,780,780,780,780,780,780,2,0,370.0,576.4974567573518,368.1399757042527,784.8549378104508,15.0
1791183958,1,,Aggregated,0.000000,0.000000,61,61,780,780,780,780,780,780,780,780,780,10,0,16,136.53705092146993,1.8160571344196796,784.8549378104508,22.2
1791183959,1,POST,/api/playground/conversations,0.000000,0.000000,6,6,6,6,6,6,6,6,6,6,6,3,0,6,9.090224280953407,5.310514010488987,16.131214797496796,38.0
1791183959,1,POST,/api/playground/conversations/{conversation_id}/chat/sse,0.000000,0.000000,2,2,2,2,2,2,2,2,2,2,2,2,0,1.985797192901373,1.9009271636605263,1.8160571344196796,1.985797192901373,0.0
1791183959,1,POST,/api/playground/conversations/{conversation_id}/chat/{chat_id}/attachment,0.000000,0.000000,61,61,61,61,61,61,61,61,61,61,61,3,0,61,60.43435617660483,46.66956188157201,73.47490871325135,26.0
1791183959,1,TXN,multimodal_e2e,0.000000,0.000000,780,780,780,780,780,780,780,780,780,780,780,2,0,370.0,576.4974567573518,368.1399757042527,784.8549378104508,15.0
1791183959,1,,Aggregated,0.000000,0.000000,61,61,780,780,780,780,780,780,780,780,780,10,0,16,136.53705092146993,1.8160571344196796,784.8549378104508,22.2
1791183960,1,POST,/api/playground/conversations,0.000000,0.000000,6,6,6,6,6,6,6,6,6,6,6,3,0,6,9.090224280953407,5.310514010488987,16.131214797496796,38.0
1791183960,1,POST,/api/playground/conversations/{conversation_id}/chat/sse,0.000000,0.000000,2,2,2,2,2,2,2,2,2,2,2,2,0,1.985797192901373,1.9009271636605263,1.8160571344196796,1.985797192901373,0.0
1791183960,1,POST,/api/playground/conversations/{conversation_id}/chat/{chat_id}/attachment,0.000000,0.000000,61,61,61,61,61,61,61,61,61,61,61,3,0,61,60.43435617660483,46.66956188157201,73.47490871325135,26.0
1791183960,1,TXN,multimodal_e2e,0.000000,0.000000,780,780,780,780,780,780,780,780,780,780,780,2,0,370.0,576.4974567573518,368.1399757042527,784.8549378104508,15.0
1791183960,1,,Aggregated,0.000000,0.000000,61,61,780,780,780,780,780,780,780,780,780,10,0,16,136.53705092146993,1.8160571344196796,784.8549378104508,22.2
1791183961,1,POST,/api/playground/conversations,0.000000,0.000000,0,0,0,0,0,0,0,0,0,0,0,3,0,6,9.090224280953407,5.310514010488987,16.131214797496796,38.0
1791183961,1,POST,/api/playground/conversations/{conversation_id}/chat/sse,0.000000,0.000000,0,0,0,0,0,0,0,0,0,0,0,2,0,1.985797192901373,1.9009271636605263,1.8160571344196796,1.985797192901373,0.0
1791183961,1,POST,/api/playground/conversations/{conversation_id}/chat/{chat_id}/attachment,0.000000,0.000000,0,0,0,0,0,0,0,0,0,0,0,3,0,61,60.43435617660483,46.66956188157201,73.47490871325135,26.0
1791183961,1,TXN,multimodal_e2e,0.000000,0.000000,0,0,0,0,0,0,0,0,0,0,0,2,0,370.0,576.4974567573518,368.1399757042527,784.8549378104508,15.0
1791183961,1,,Aggregated,0.000000,0.000000,0,0,0,0,0,0,0,0,0,0,0,10,0,16,136.53705092146993,1.8160571344196796,784.8549378104508,22.2
1791183962,1,POST,/api/playground/conversations,0.000000,0.000000,0,0,0,0,0,0,0,0,0,0,0,3,0,6,9.090224280953407,5.310514010488987,16.131214797496796,38.0
1791183962,1,POST,/api/playground/conversations/{conversation_id}/chat/sse,0.000000,0.000000,0,0,0,0,0,0,0,0,0,0,0,2,0,1.985797192901373,1.9009271636605263,1.8160571344196796,1.985797192901373,0.0
1791183962,1,POST,/api/playground/conversations/{conversation_id}/chat/{chat_id}/attachment,0.000000,0.000000,0,0,0,0,0,0,0,0,0,0,0,3,0,61,60.43435617660483,46.66956188157201,73.47490871325135,26.0
1791183962,1,TXN,multimodal_e2e,0.000000,0.000000,0,0,0,0,0,0,0,0,0,0,0,2,0,370.0,576.4974567573518,368.1399757042527,784.8549378104508,15.0
1791183962,1,,Aggregated,0.000000,0.000000,0,0,0,0,0,0,0,0,0,0,0,10,0,16,136.53705092146993,1.8160571344196796,784.8549378104508,22.2
1791183963,1,POST,/api/playground/conversations,0.000000,0.000000,0,0,0,0,0,0,0,0,0,0,0,3,0,6,9.090224280953407,5.310514010488987,16.131214797496796,38.0
1791183963,1,POST,/api/playground/conversations/{conversation_id}/chat/sse,0.000000,0.000000,0,0,0,0,0,0,0,0,0,0,0,2,0,1.985797192901373,1.9009271636605263,1.8160571344196796,1.985797192901373,0.0
1791183963,1,POST,/api/playground/conversations/{conversation_id}/chat/{chat_id}/attachment,0.000000,0.000000,0,0,0,0,0,0,0,0,0,0,0,3,0,61,60.43435617660483,46.66956188157201,73.47490871325135,26.0
1791183963,1,TXN,multimodal_e2e,0.000000,0.000000,0,0,0,0,0,0,0,0,0,0,0,2,0,370.0,576.4974567573518,368.1399757042527,784.8549378104508,15.0
1791183963,1,,Aggregated,0.000000,0.000000,0,0,0,0,0,0,0,0,0,0,0,10,0,16,136.53705092146993,1.8160571344196796,784.8549378104508,22.2
1791183964,1,POST,/api/playground/conversations,0.000000,0.000000,0,0,0,0,0,0,0,0,0,0,0,3,0,6,9.090224280953407,5.310514010488987,16.131214797496796,38.0
1791183964,1,POST,/api/playground/conversations/{conversation_id}/chat/sse,0.000000,0.000000,0,0,0,0,0,0,0,0,0,0,0,2,0,1.985797192901373,1.9009271636605263,1.8160571344196796,1.985797192901373,0.0
1791183964,1,POST,/api/playground/conversations/{conversation_id}/chat/{chat_id}/attachment,0.000000,0.000000,0,0,0,0,0,0,0,0,0,0,0,3,0,61,60.43435617660483,46.66956188157201,73.47490871325135,26.0
1791183964,1,TXN,multimodal_e2e,0.000000,0.000000,0,0,0,0,0,0,0,0,0,0,0,2,0,370.0,576.4974567573518,368.1399757042527,784.8549378104508,15.0
1791183964,1,,Aggregated,0.000000,0.000000,0,0,0,0,0,0,0,0,0,0,0,10,0,16,136.53705092146993,1.8160571344196796,784.8549378104508,22.2
1791183965,1,POST,/api/playground/conversations,0.000000,0.000000,0,0,0,0,0,0,0,0,0,0,0,3,0,6,9.090224280953407,5.310514010488987,16.131214797496796,38.0
1791183965,1,POST,/api/playground/conversations/{conversation_id}/chat/sse,0.000000,0.000000,0,0,0,0,0,0,0,0,0,0,0,2,0,1.985797192901373,1.9009271636605263,1.8160571344196796,1.985797192901373,0.0
1791183965,1,POST,/api/playground/conversations/{conversation_id}/chat/{chat_id}/attachment,0.000000,0.000000,0,0,0,0,0,0,0,0,0,0,0,3,0,61,60.43435617660483,46.66956188157201,73.47490871325135,26.0
1791183965,1,TXN,multimodal_e2e,0.000000,0.000000,0,0,0,0,0,0,0,0,0,0,0,2,0,370.0,576.4974567573518,368.1399757042527,784.8549378104508,15.0
1791183965,1,,Aggregated,0.000000,0.000000,0,0,0,0,0,0,0,0,0,0,0,10,0,16,136.53705092146993,1.8160571344196796,784.8549378104508,22.2
1791183966,1,POST,/api/playground/conversations,0.000000,0.000000,0,0,0,0,0,0,0,0,0,0,0,3,0,6,9.090224280953407,5.310514010488987,16.131214797496796,38.0
1791183966,1,POST,/api/playground/conversations/{conversation_id}/chat/sse,0.000000,0.000000,0,0,0,0,0,0,0,0,0,0,0,2,0,1.985797192901373,1.9009271636605263,1.8160571344196796,1.985797192901373,0.0
1791183966,1,POST,/api/playground/conversations/{conversation_id}/chat/{chat_id}/attachment,0.000000,0.000000,0,0,0,0,0,0,0,0,0,0,0,3,0,61,60.43435617660483,46.66956188157201,73.47490871325135,26.0
1791183966,1,TXN,multimodal_e2e,0.000000,0.000000,0,0,0,0,0,0,0,0,0,0,0,2,0,370.0,576.4974567573518,368.1399757042527,784.8549378104508,15.0
1791183966,1,,Aggregated,0.000000,0.000000,0,0,0,0,0,0,0,0,0,0,0,10,0,16,136.53705092146993,1.8160571344196796,784.8549378104508,22.2
1791183967,1,POST,/api/playground/conversations,0.000000,0.000000,0,0,0,0,0,0,0,0,0,0,0,3,0,6,9.090224280953407,5.310514010488987,16.131214797496796,38.0
1791183967,1,POST,/api/playground/conversations/{conversation_id}/chat/sse,0.000000,0.000000,0,0,0,0,0,0,0,0,0,0,0,2,0,1.985797192901373,1.9009271636605263,1.8160571344196796,1.985797192901373,0.0
1791183967,1,POST,/api/playground/conversations/{conversation_id}/chat/{chat_id}/attachment,0.000000,0.000000,0,0,0,0,0,0,0,0,0,0,0,3,0,61,60.43435617660483,46.66956188157201,73.47490871325135,26.0
1791183967,1,TXN,multimodal_e2e,0.000000,0.000000,0,0,0,0,0,0,0,0,0,0,0,2,0,370.0,576.4974567573518,368.1399757042527,784.8549378104508,15.0
1791183967,1,,Aggregated,0.000000,0.000000,0,0,0,0,0,0,0,0,0,0,0,10,0,16,136.53705092146993,1.8160571344196796,784.8549378104508,22.2
1791183968,1,POST,/api/playground/conversations,0.000000,0.000000,0,0,0,0,0,0,0,0,0,0,0,3,0,6,9.090224280953407,5.310514010488987,16.131214797496796,38.0
1791183968,1,POST,/api/playground/conversations/{conversation_id}/chat/sse,0.000000,0.000000,0,0,0,0,0,0,0,0,0,0,0,2,0,1.985797192901373,1.9009271636605263,1.8160571344196796,1.985797192901373,0.0
1791183968,1,POST,/api/playground/conversations/{conversation_id}/chat/{chat_id}/attachment,0.000000,0.000000,0,0,0,0,0,0,0,0,0,0,0,3,0,61,60.43435617660483,46.66956188157201,73.47490871325135,26.0
1791183968,1,TXN,multimodal_e2e,0.000000,0.000000,0,0,0,0,0,0,0,0,0,0,0,2,0,370.0,576.4974567573518,368.1399757042527,784.8549378104508,15.0
1791183968,1,,Aggregated,0.000000,0.000000,0,0,0,0,0,0,0,0,0,0,0,10,0,16,136.53705092146993,1.8160571344196796,784.8549378104508,22.2
1791183969,1,POST,/api/playground/conversations,0.000000,0.000000,0,0,0,0,0,0,0,0,0,0,0,3,0,6,9.090224280953407,5.310514010488987,16.131214797496796,38.0
1791183969,1,POST,/api/playground/conversations/{conversation_id}/chat/sse,0.000000,0.000000,0,0,0,0,0,0,0,0,0,0,0,2,0,1.985797192901373,1.9009271636605263,1.8160571344196796,1.985797192901373,0.0
1791183969,1,POST,/api/playground/conversations/{conversation_id}/chat/{chat_id}/attachment,0.000000,0.000000,0,0,0,0,0,0,0,0,0,0,0,3,0,61,60.43435617660483,46.66956188157201,73.47490871325135,26.0
1791183969,1,TXN,multimodal_e2e,0.000000,0.000000,0,0,0,0,0,0,0,0,0,0,0,2,0,370.0,576.4974567573518,368.1399757042527,784.8549378104508,15.0
1791183969,1,,Aggregated,0.000000,0.000000,0,0,0,0,0,0,0,0,0,0,0,10,0,16,136.53705092146993,1.8160571344196796,784.8549378104508,22.2
1791183970,1,POST,/api/playground/conversations,0.000000,0.000000,0,0,0,0,0,0,0,0,0,0,0,3,0,6,9.090224280953407,5.310514010488987,16.131214797496796,38.0
1791183970,1,POST,/api/playground/conversations/{conversation_id}/chat/sse,0.000000,0.000000,0,0,0,0,0,0,0,0,0,0,0,2,0,1.985797192901373,1.9009271636605263,1.8160571344196796,1.985797192901373,0.0
1791183970,1,POST,/api/playground/conversations/{conversation_id}/chat/{chat_id}/attachment,0.000000,0.000000,0,0,0,0,0,0,0,0,0,0,0,3,0,61,60.43435617660483,46.66956188157201,73.47490871325135,26.0
1791183970,1,TXN,multimodal_e2e,0.000000,0.000000,0,0,0,0,0,0,0,0,0,0,0,2,0,370.0,576.4974567573518,368.1399757042527,784.8549378104508,15.0
1791183970,1,,Aggregated,0.000000,0.000000,0,0,0,0,0,0,0,0,0,0,0,10,0,16,136.53705092146993,1.8160571344196796,784.8549378104508,22.2
1791183971,1,POST,/api/playground/conversations,0.000000,0.000000,0,0,0,0,0,0,0,0,0,0,0,3,0,6,9.090224280953407,5.310514010488987,16.131214797496796,38.0
1791183971,1,POST,/api/playground/conversations/{conversation_id}/chat/sse,0.000000,0.000000,0,0,0,0,0,0,0,0,0,0,0,2,0,1.985797192901373,1.9009271636605263,1.8160571344196796,1.985797192901373,0.0
1791183971,1,POST,/api/playground/conversations/{conversation_id}/chat/{chat_id}/attachment,0.000000,0.000000,0,0,0,0,0,0,0,0,0,0,0,3,0,61,60.43435617660483,46.66956188157201,73.47490871325135,26.0
1791183971,1,TXN,multimodal_e2e,0.000000,0.000000,0,0,0,0,0,0,0,0,0,0,0,2,0,370.0,576.4974567573518,368.1399757042527,784.8549378104508,15.0
1791183971,1,,Aggregated,0.000000,0.000000,0,0,0,0,0,0,0,0,0,0,0,10,0,16,136.53705092146993,1.8160571344196796,784.8549378104508,22.2
1791183972,1,POST,/api/playground/conversations,0.000000,0.000000,0,0,0,0,0,0,0,0,0,0,0,3,0,6,9.090224280953407,5.310514010488987,16.131214797496796,38.0
1791183972,1,POST,/api/playground/conversations/{conversation_id}/chat/sse,0.000000,0.000000,0,0,0,0,0,0,0,0,0,0,0,2,0,1.985797192901373,1.9009271636605263,1.8160571344196796,1.985797192901373,0.0
1791183972,1,POST,/api/playground/conversations/{conversation_id}/chat/{chat_id}/attachment,0.000000,0.000000,0,0,0,0,0,0,0,0,0,0,0,3,0,61,60.43435617660483,46.66956188157201,73.47490871325135,26.0
1791183972,1,TXN,multimodal_e2e,0.000000,0.000000,0,0,0,0,0,0,0,0,0,0,0,2,0,370.0,576.4974567573518,368.1399757042527,784.8549378104508,15.0
1791183972,1,,Aggregated,0.000000,0.000000,0,0,0,0,0,0,0,0,0,0,0,10,0,16,136.53705092146993,1.8160571344196796,784.8549378104508,22.2
1791183973,1,POST,/api/playground/conversations,0.000000,0.000000,0,0,0,0,0,0,0,0,0,0,0,3,0,6,9.090224280953407,5.310514010488987,16.131214797496796,38.0
1791183973,1,POST,/api/playground/conversations/{conversation_id}/chat/sse,0.000000,0.000000,0,0,0,0,0,0,0,0,0,0,0,2,0,1.985797192901373,1.9009271636605263,1.8160571344196796,1.985797192901373,0.0
1791183973,1,POST,/api/playground/conversations/{conversation_id}/chat/{chat_id}/attachment,0.000000,0.000000,0,0,0,0,0,0,0,0,0,0,0,3,0,61,60.43435617660483,46.66956188157201,73.47490871325135,26.0
1791183973,1,TXN,multimodal_e2e,0.000000,0.000000,0,0,0,0,0,0,0,0,0,0,0,2,0,370.0,576.4974567573518,368.1399757042527,784.8549378104508,15.0
1791183973,1,,Aggregated,0.000000,0.000000,0,0,0,0,0,0,0,0,0,0,0,10,0,16,136.53705092146993,1.8160571344196796,784.8549378104508,22.2
1791183974,1,POST,/api/playground/conversations,0.000000,0.000000,0,0,0,0,0,0,0,0,0,0,0,3,0,6,9.090224280953407,5.310514010488987,16.131214797496796,38.0
1791183974,1,POST,/api/playground/conversations/{conversation_id}/chat/sse,0.000000,0.000000,0,0,0,0,0,0,0,0,0,0,0,2,0,1.985797192901373,1.9009271636605263,1.8160571344196796,1.985797192901373,0.0
1791183974,1,POST,/api/playground/conversations/{conversation_id}/chat/{chat_id}/attachment,0.000000,0.000000,0,0,0,0,0,0,0,0,0,0,0,3,0,61,60.43435617660483,46.66956188157201,73.47490871325135,26.0
1791183974,1,TXN,multimodal_e2e,0.000000,0.000000,0,0,0,0,0,0,0,0,0,0,0,2,0,370.0,576.4974567573518,368.1399757042527,784.8549378104508,15.0
1791183974,1,,Aggregated,0.000000,0.000000,0,0,0,0,0,0,0,0,0,0,0,10,0,16,136.53705092146993,1.8160571344196796,784.8549378104508,22.2
1791183975,1,POST,/api/playground/conversations,0.000000,0.000000,0,0,0,0,0,0,0,0,0,0,0,3,0,6,9.090224280953407,5.310514010488987,16.131214797496796,38.0
1791183975,1,POST,/api/playground/conversations/{conversation_id}/chat/sse,0.000000,0.000000,0,0,0,0,0,0,0,0,0,0,0,2,0,1.985797192901373,1.9009271636605263,1.8160571344196796,1.985797192901373,0.0
1791183975,1,POST,/api/playground/conversations/{conversation_id}/chat/{chat_id}/attachment,0.000000,0.000000,0,0,0,0,0,0,0,0,0,0,0,3,0,61,60.43435617660483,46.66956188157201,73.47490871325135,26.0
1791183975,1,TXN,multimodal_e2e,0.000000,0.000000,0,0,0,0,0,0,0,0,0,0,0,2,0,370.0,576.4974567573518,368.1399757042527,784.8549378104508,15.0
1791183975,1,,Aggregated,0.000000,0.000000,0,0,0,0,0,0,0,0,0,0,0,10,0,16,136.53705092146993,1.8160571344196796,784.8549378104508,22.2
1791183976,1,POST,/api/playground/conversations,0.000000,0.000000,0,0,0,0,0,0,0,0,0,0,0,3,0,6,9.090224280953407,5.310514010488987,16.131214797496796,38.0
1791183976,1,POST,/api/playground/conversations/{conversation_id}/chat/sse,0.000000,0.000000,0,0,0,0,0,0,0,0,0,0,0,2,0,1.985797192901373,1.9009271636605263,1.8160571344196796,1.985797192901373,0.0
1791183976,1,POST,/api/playground/conversations/{conversation_id}/chat/{chat_id}/attachment,0.000000,0.000000,0,0,0,0,0,0,0,0,0,0,0,3,0,61,60.43435617660483,46.66956188157201,73.47490871325135,26.0
1791183976,1,TXN,multimodal_e2e,0.000000,0.000000,0,0,0,0,0,0,0,0,0,0,0,2,0,370.0,576.4974567573518,368.1399757042527,784.8549378104508,15.0
1791183976,1,,Aggregated,0.000000,0.000000,0,0,0,0,0,0,0,0,0,0,0,10,0,16,136.53705092146993,1.8160571344196796,784.8549378104508,22.2
1791183977,1,POST,/api/playground/conversations,0.000000,0.000000,0,0,0,0,0,0,0,0,0,0,0,3,0,6,9.090224280953407,5.310514010488987,16.131214797496796,38.0
1791183977,1,POST,/api/playground/conversations/{conversation_id}/chat/sse,0.000000,0.000000,0,0,0,0,0,0,0,0,0,0,0,2,0,1.985797192901373,1.9009271636605263,1.8160571344196796,1.985797192901373,0.0
1791183977,1,POST,/api/playground/conversations/{conversation_id}/chat/{chat_id}/attachment,0.000000,0.000000,0,0,0,0,0,0,0,0,0,0,0,3,0,61,60.43435617660483,46.66956188157201,73.47490871325135,26.0
1791183977,1,TXN,multimodal_e2e,0.000000,0.000000,0,0,0,0,0,0,0,0,0,0,0,2,0,370.0,576.4974567573518,368.1399757042527,784.8549378104508,15.0
1791183977,1,,Aggregated,0.000000,0.000000,0,0,0,0,0,0,0,0,0,0,0,10,0,16,136.53705092146993,1.8160571344196796,784.8549378104508,22.2
1791183978,1,POST,/api/playground/conversations,0.000000,0.000000,0,0,0,0,0,0,0,0,0,0,0,3,0,6,9.090224280953407,5.310514010488987,16.131214797496796,38.0
1791183978,1,POST,/api/playground/conversations/{conversation_id}/chat/sse,0.000000,0.000000,0,0,0,0,0,0,0,0,0,0,0,2,0,1.985797192901373,1.9009271636605263,1.8160571344196796,1.985797192901373,0.0
1791183978,1,POST,/api/playground/conversations/{conversation_id}/chat/{chat_id}/attachment,0.000000,0.000000,0,0,0,0,0,0,0,0,0,0,0,3,0,61,60.43435617660483,46.66956188157201,73.47490871325135,26.0
1791183978,1,TXN,multimodal_e2e,0.000000,0.000000,0,0,0,0,0,0,0,0,0,0,0,2,0,370.0,576.4974567573518,368.1399757042527,784.8549378104508,15.0
1791183978,1,,Aggregated,0.000000,0.000000,0,0,0,0,0,0,0,0,0,0,0,10,0,16,136.53705092146993,1.8160571344196796,784.8549378104508,22.2
1791183979,1,POST,/api/playground/conversations,0.000000,0.000000,0,0,0,0,0,0,0,0,0,0,0,3,0,6,9.090224280953407,5.310514010488987,16.131214797496796,38.0
1791183979,1,POST,/api/playground/conversations/{conversation_id}/chat/sse,0.000000,0.000000,0,0,0,0,0,0,0,0,0,0,0,2,0,1.985797192901373,1.9009271636605263,1.8160571344196796,1.985797192901373,0.0
1791183979,1,POST,/api/playground/conversations/{conversation_id}/chat/{chat_id}/attachment,0.000000,0.000000,0,0,0,0,0,0,0,0,0,0,0,3,0,61,60.43435617660483,46.66956188157201,73.47490871325135,26.0
1791183979,1,TXN,multimodal_e2e,0.000000,0.000000,0,0,0,0,0,0,0,0,0,0,0,2,0,370.0,576.4974567573518,368.1399757042527,784.8549378104508,15.0
1791183979,1,,Aggregated,0.000000,0.000000,0,0,0,0,0,0,0,0,0,0,0,10,0,16,136.53705092146993,1.8160571344196796,784.8549378104508,22.2
1791183980,1,POST,/api/playground/conversations,0.000000,0.000000,0,0,0,0,0,0,0,0,0,0,0,3,0,6,9.090224280953407,5.310514010488987,16.131214797496796,38.0
1791183980,1,POST,/api/playground/conversations/{conversation_id}/chat/sse,0.000000,0.000000,0,0,0,0,0,0,0,0,0,0,0,2,0,1.985797192901373,1.9009271636605263,1.8160571344196796,1.985797192901373,0.0
1791183980,1,POST,/api/playground/conversations/{conversation_id}/chat/{chat_id}/attachment,0.000000,0.000000,0,0,0,0,0,0,0,0,0,0,0,3,0,61,60.43435617660483,46.66956188157201,73.47490871325135,26.0
1791183980,1,TXN,multimodal_e2e,0.000000,0.000000,0,0,0,0,0,0,0,0,0,0,0,2,0,370.0,576.4974567573518,368.1399757042527,784.8549378104508,15.0
1791183980,1,,Aggregated,0.000000,0.000000,0,0,0,0,0,0,0,0,0,0,0,10,0,16,136.53705092146993,1.8160571344196796,784.8549378104508,22.2
1791183981,1,POST,/api/playground/conversations,0.000000,0.000000,0,0,0,0,0,0,0,0,0,0,0,3,0,6,9.090224280953407,5.310514010488987,16.131214797496796,38.0
1791183981,1,POST,/api/playground/conversations/{conversation_id}/chat/sse,0.000000,0.000000,0,0,0,0,0,0,0,0,0,0,0,2,0,1.985797192901373,1.9009271636605263,1.8160571344196796,1.985797192901373,0.0
1791183981,1,POST,/api/playground/conversations/{conversation_id}/chat/{chat_id}/attachment,0.000000,0.000000,0,0,0,0,0,0,0,0,0,0,0,3,0,61,60.43435617660483,46.66956188157201,73.47490871325135,26.0
1791183981,1,TXN,multimodal_e2e,0.000000,0.000000,0,0,0,0,0,0,0,0,0,0,0,2,0,370.0,576.4974567573518,368.1399757042527,784.8549378104508,15.0
1791183981,1,,Aggregated,0.000000,0.000000,0,0,0,0,0,0,0,0,0,0,0,10,0,16,136.53705092146993,1.8160571344196796,784.8549378104508,22.2
1791183982,1,POST,/api/playground/conversations,0.000000,0.000000,0,0,0,0,0,0,0,0,0,0,0,3,0,6,9.090224280953407,5.310514010488987,16.131214797496796,38.0
1791183982,1,POST,/api/playground/conversations/{conversation_id}/chat/sse,0.000000,0.000000,0,0,0,0,0,0,0,0,0,0,0,2,0,1.985797192901373,1.9009271636605263,1.8160571344196796,1.985797192901373,0.0
1791183982,1,POST,/api/playground/conversations/{conversation_id}/chat/{chat_id}/attachment,0.000000,0.000000,0,0,0,0,0,0,0,0,0,0,0,3,0,61,60.43435617660483,46.66956188157201,73.47490871325135,26.0
1791183982,1,TXN,multimodal_e2e,0.000000,0.000000,0,0,0,0,0,0,0,0,0,0,0,2,0,370.0,576.4974567573518,368.1399757042527,784.8549378104508,15.0
1791183982,1,,Aggregated,0.000000,0.000000,0,0,0,0,0,0,0,0,0,0,0,10,0,16,136.53705092146993,1.8160571344196796,784.8549378104508,22.2
1791183983,1,POST,/api/playground/conversations,0.000000,0.000000,0,0,0,0,0,0,0,0,0,0,0,3,0,6,9.090224280953407,5.310514010488987,16.131214797496796,38.0
1791183983,1,POST,/api/playground/conversations/{conversation_id}/chat/sse,0.000000,0.000000,0,0,0,0,0,0,0,0,0,0,0,2,0,1.985797192901373,1.9009271636605263,1.8160571344196796,1.985797192901373,0.0
1791183983,1,POST,/api/playground/conversations/{conversation_id}/chat/{chat_id}/attachment,0.000000,0.000000,0,0,0,0,0,0,0,0,0,0,0,3,0,61,60.43435617660483,46.66956188157201,73.47490871325135,26.0
1791183983,1,TXN,multimodal_e2e,0.000000,0.000000,0,0,0,0,0,0,0,0,0,0,0,2,0,370.0,576.4974567573518,368.1399757042527,784.8549378104508,15.0
1791183983,1,,Aggregated,0.000000,0.000000,0,0,0,0,0,0,0,0,0,0,0,10,0,16,136.53705092146993,1.8160571344196796,784.8549378104508,22.2
1791183984,1,POST,/api/playground/conversations,0.000000,0.000000,0,0,0,0,0,0,0,0,0,0,0,3,0,6,9.090224280953407,5.310514010488987,16.131214797496796,38.0
1791183984,1,POST,/api/playground/conversations/{conversation_id}/chat/sse,0.000000,0.000000,0,0,0,0,0,0,0,0,0,0,0,2,0,1.985797192901373,1.9009271636605263,1.8160571344196796,1.985797192901373,0.0
1791183984,1,POST,/api/playground/conversations/{conversation_id}/chat/{chat_id}/attachment,0.000000,0.000000,0,0,0,0,0,0,0,0,0,0,0,3,0,61,60.43435617660483,46.66956188157201,73.47490871325135,26.0
1791183984,1,TXN,multimodal_e2e,0.000000,0.000000,0,0,0,0,0,0,0,0,0,0,0,2,0,370.0,576.4974567573518,368.1399757042527,784.8549378104508,15.0
1791183984,1,,Aggregated,0.000000,0.000000,0,0,0,0,0,0,0,0,0,0,0,10,0,16,136.53705092146993,1.8160571344196796,784.8549378104508,22.2
1791183985,1,POST,/api/playground/conversations,0.000000,0.000000,0,0,0,0,0,0,0,0,0,0,0,3,0,6,9.090224280953407,5.310514010488987,16.131214797496796,38.0
1791183985,1,POST,/api/playground/conversations/{conversation_id}/chat/sse,0.000000,0.000000,0,0,0,0,0,0,0,0,0,0,0,2,0,1.985797192901373,1.9009271636605263,1.8160571344196796,1.985797192901373,0.0
1791183985,1,POST,/api/playground/conversations/{conversation_id}/chat/{chat_id}/attachment,0.000000,0.000000,0,0,0,0,0,0,0,0,0,0,0,3,0,61,60.43435617660483,46.66956188157201,73.47490871325135,26.0
1791183985,1,TXN,multimodal_e2e,0.000000,0.000000,0,0,0,0,0,0,0,0,0,0,0,2,0,370.0,576.4974567573518,368.1399757042527,784.8549378104508,15.0
1791183985,1,,Aggregated,0.000000,0.000000,0,0,0,0,0,0,0,0,0,0,0,10,0,16,136.53705092146993,1.8160571344196796,784.8549378104508,22.2
1791183986,1,POST,/api/playground/conversations,0.000000,0.000000,0,0,0,0,0,0,0,0,0,0,0,3,0,6,9.090224280953407,5.310514010488987,16.131214797496796,38.0
1791183986,1,POST,/api/playground/conversations/{conversation_id}/chat/sse,0.000000,0.000000,0,0,0,0,0,0,0,0,0,0,0,2,0,1.985797192901373,1.9009271636605263,1.8160571344196796,1.985797192901373,0.0
1791183986,1,POST,/api/playground/conversations/{conversation_id}/chat/{chat_id}/attachment,0.000000,0.000000,0,0,0,0,0,0,0,0,0,0,0,3,0,61,60.43435617660483,46.66956188157201,73.47490871325135,26.0
1791183986,1,TXN,multimodal_e2e,0.000000,0.000000,0,0,0,0,0,0,0,0,0,0,0,2,0,370.0,576.4974567573518,368.1399757042527,784.8549378104508,15.0
1791183986,1,,Aggregated,0.000000,0.000000,0,0,0,0,0,0,0,0,0,0,0,10,0,16,136.53705092146993,1.8160571344196796,784.8549378104508,22.2
1791183987,1,POST,/api/playground/conversations,0.000000,0.000000,0,0,0,0,0,0,0,0,0,0,0,3,0,6,9.090224280953407,5.310514010488987,16.131214797496796,38.0
1791183987,1,POST,/api/playground/conversations/{conversation_id}/chat/sse,0.000000,0.000000,0,0,0,0,0,0,0,0,0,0,0,2,0,1.985797192901373,1.9009271636605263,1.8160571344196796,1.985797192901373,0.0
1791183987,1,POST,/api/playground/conversations/{conversation_id}/chat/{chat_id}/attachment,0.000000,0.000000,0,0,0,0,0,0,0,0,0,0,0,3,0,61,60.43435617660483,46.66956188157201,73.47490871325135,26.0
1791183987,1,TXN,multimodal_e2e,0.000000,0.000000,0,0,0,0,0,0,0,0,0,0,0,2,0,370.0,576.4974567573518,368.1399757042527,784.8549378104508,15.0
1791183987,1,,Aggregated,0.000000,0.000000,0,0,0,0,0,0,0,0,0,0,0,10,0,16,136.53705092146993,1.8160571344196796,784.8549378104508,22.2
1791183988,1,POST,/api/playground/conversations,0.000000,0.000000,0,0,0,0,0,0,0,0,0,0,0,3,0,6,9.090224280953407,5.310514010488987,16.131214797496796,38.0
1791183988,1,POST,/api/playground/conversations/{conversation_id}/chat/sse,0.000000,0.000000,0,0,0,0,0,0,0,0,0,0,0,2,0,1.985797192901373,1.9009271636605263,1.8160571344196796,1.985797192901373,0.0
1791183988,1,POST,/api/playground/conversations/{conversation_id}/chat/{chat_id}/attachment,0.000000,0.000000,0,0,0,0,0,0,0,0,0,0,0,3,0,61,60.43435617660483,46.66956188157201,73.47490871325135,26.0
1791183988,1,TXN,multimodal_e2e,0.000000,0.000000,0,0,0,0,0,0,0,0,0,0,0,2,0,370.0,576.4974567573518,368.1399757042527,784.8549378104508,15.0
1791183988,1,,Aggregated,0.000000,0.000000,0,0,0,0,0,0,0,0,0,0,0,10,0,16,136.53705092146993,1.8160571344196796,784.8549378104508,22.2
1791183989,1,POST,/api/playground/conversations,0.000000,0.000000,0,0,0,0,0,0,0,0,0,0,0,3,0,6,9.090224280953407,5.310514010488987,16.131214797496796,38.0
1791183989,1,POST,/api/playground/conversations/{conversation_id}/chat/sse,0.000000,0.000000,0,0,0,0,0,0,0,0,0,0,0,2,0,1.985797192901373,1.9009271636605263,1.8160571344196796,1.985797192901373,0.0
1791183989,1,POST,/api/playground/conversations/{conversation_id}/chat/{chat_id}/attachment,0.000000,0.000000,0,0,0,0,0,0,0,0,0,0,0,3,0,61,60.43435617660483,46.66956188157201,73.47490871325135,26.0
1791183989,1,TXN,multimodal_e2e,0.000000,0.000000,0,0,0,0,0,0,0,0,0,0,0,2,0,370.0,576.4974567573518,368.1399757042527,784.8549378104508,15.0
1791183989,1,,Aggregated,0.000000,0.000000,0,0,0,0,0,0,0,0,0,0,0,10,0,16,136.53705092146993,1.8160571344196796,784.8549378104508,22.2
1791183990,1,POST,/api/playground/conversations,0.000000,0.000000,0,0,0,0,0,0,0,0,0,0,0,3,0,6,9.090224280953407,5.310514010488987,16.131214797496796,38.0
1791183990,1,POST,/api/playground/conversations/{conversation_id}/chat/sse,0.000000,0.000000,0,0,0,0,0,0,0,0,0,0,0,2,0,1.985797192901373,1.9009271636605263,1.8160571344196796,1.985797192901373,0.0
1791183990,1,POST,/api/playground/conversations/{conversation_id}/chat/{chat_id}/attachment,0.000000,0.000000,0,0,0,0,0,0,0,0,0,0,0,3,0,61,60.43435617660483,46.66956188157201,73.47490871325135,26.0
1791183990,1,TXN,multimodal_e2e,0.000000,0.000000,0,0,0,0,0,0,0,0,0,0,0,2,0,370.0,576.4974567573518,368.1399757042527,784.8549378104508,15.0
1791183990,1,,Aggregated,0.000000,0.000000,0,0,0,0,0,0,0,0,0,0,0,10,0,16,136.53705092146993,1.8160571344196796,784.8549378104508,22.2
1791183991,1,POST,/api/playground/conversations,0.000000,0.000000,0,0,0,0,0,0,0,0,0,0,0,3,0,6,9.090224280953407,5.310514010488987,16.131214797496796,38.0
1791183991,1,POST,/api/playground/conversations/{conversation_id}/chat/sse,0.000000,0.000000,0,0,0,0,0,0,0,0,0,0,0,2,0,1.985797192901373,1.9009271636605263,1.8160571344196796,1.985797192901373,0.0
1791183991,1,POST,/api/playground/conversations/{conversation_id}/chat/{chat_id}/attachment,0.000000,0.000000,0,0,0,0,0,0,0,0,0,0,0,3,0,61,60.43435617660483,46.66956188157201,73.47490871325135,26.0
1791183991,1,TXN,multimodal_e2e,0.000000,0.000000,0,0,0,0,0,0,0,0,0,0,0,2,0,370.0,576.4974567573518,368.1399757042527,784.8549378104508,15.0
1791183991,1,,Aggregated,0.000000,0.000000,0,0,0,0,0,0,0,0,0,0,0,10,0,16,136.53705092146993,1.8160571344196796,784.8549378104508,22.2
1791183992,1,POST,/api/playground/conversations,0.000000,0.000000,0,0,0,0,0,0,0,0,0,0,0,3,0,6,9.090224280953407,5.310514010488987,16.131214797496796,38.0
1791183992,1,POST,/api/playground/conversations/{conversation_id}/chat/sse,0.000000,0.000000,0,0,0,0,0,0,0,0,0,0,0,2,0,1.985797192901373,1.9009271636605263,1.8160571344196796,1.985797192901373,0.0
1791183992,1,POST,/api/playground/conversations/{conversation_id}/chat/{chat_id}/attachment,0.000000,0.000000,0,0,0,0,0,0,0,0,0,0,0,3,0,61,60.43435617660483,46.66956188157201,73.47490871325135,26.0
1791183992,1,TXN,multimodal_e2e,0.000000,0.000000,0,0,0,0,0,0,0,0,0,0,0,2,0,370.0,576.4974567573518,368.1399757042527,784.8549378104508,15.0
1791183992,1,,Aggregated,0.000000,0.000000,0,0,0,0,0,0,0,0,0,0,0,10,0,16,136.53705092146993,1.8160571344196796,784.8549378104508,22.2
1791183993,1,POST,/api/playground/conversations,0.000000,0.000000,0,0,0,0,0,0,0,0,0,0,0,3,0,6,9.090224280953407,5.310514010488987,16.131214797496796,38.0
1791183993,1,POST,/api/playground/conversations/{conversation_id}/chat/sse,0.000000,0.000000,0,0,0,0,0,0,0,0,0,0,0,2,0,1.985797192901373,1.9009271636605263,1.8160571344196796,1.985797192901373,0.0
1791183993,1,POST,/api/playground/conversations/{conversation_id}/chat/{chat_id}/attachment,0.000000,0.000000,0,0,0,0,0,0,0,0,0,0,0,3,0,61,60.43435617660483,46.66956188157201,73.47490871325135,26.0
1791183993,1,TXN,multimodal_e2e,0.000000,0.000000,0,0,0,0,0,0,0,0,0,0,0,2,0,370.0,576.4974567573518,368.1399757042527,784.8549378104508,15.0
1791183993,1,,Aggregated,0.000000,0.000000,0,0,0,0,0,0,0,0,0,0,0,10,0,16,136.53705092146993,1.8160571344196796,784.8549378104508,22.2
1791183994,1,POST,/api/playground/conversations,0.000000,0.000000,0,0,0,0,0,0,0,0,0,0,0,3,0,6,9.090224280953407,5.310514010488987,16.131214797496796,38.0
1791183994,1,POST,/api/playground/conversations/{conversation_id}/chat/sse,0.000000,0.000000,0,0,0,0,0,0,0,0,0,0,0,2,0,1.985797192901373,1.9009271636605263,1.8160571344196796,1.985797192901373,0.0
1791183994,1,POST,/api/playground/conversations/{conversation_id}/chat/{chat_id}/attachment,0.000000,0.000000,0,0,0,0,0,0,0,0,0,0,0,3,0,61,60.43435617660483,46.66956188157201,73.47490871325135,26.0
1791183994,1,TXN,multimodal_e2e,0.000000,0.000000,0,0,0,0,0,0,0,0,0,0,0,2,0,370.0,576.4974567573518,368.1399757042527,784.8549378104508,15.0
1791183994,1,,Aggregated,0.000000,0.000000,0,0,0,0,0,0,0,0,0,0,0,10,0,16,136.53705092146993,1.8160571344196796,784.8549378104508,22.2
1791183995,1,POST,/api/playground/conversations,0.000000,0.000000,0,0,0,0,0,0,0,0,0,0,0,3,0,6,9.090224280953407,5.310514010488987,16.131214797496796,38.0
1791183995,1,POST,/api/playground/conversations/{conversation_id}/chat/sse,0.000000,0.000000,0,0,0,0,0,0,0,0,0,0,0,2,0,1.985797192901373,1.9009271636605263,1.8160571344196796,1.985797192901373,0.0
1791183995,1,POST,/api/playground/conversations/{conversation_id}/chat/{chat_id}/attachment,0.000000,0.000000,0,0,0,0,0,0,0,0,0,0,0,3,0,61,60.43435617660483,46.66956188157201,73.47490871325135,26.0
1791183995,1,TXN,multimodal_e2e,0.000000,0.000000,0,0,0,0,0,0,0,0,0,0,0,2,0,370.0,576.4974567573518,368.1399757042527,784.8549378104508,15.0
1791183995,1,,Aggregated,0.000000,0.000000,0,0,0,0,0,0,0,0,0,0,0,10,0,16,136.53705092146993,1.8160571344196796,784.8549378104508,22.2
1791183996,1,POST,/api/playground/conversations,0.000000,0.000000,0,0,0,0,0,0,0,0,0,0,0,3,0,6,9.090224280953407,5.310514010488987,16.131214797496796,38.0
1791183996,1,POST,/api/playground/conversations/{conversation_id}/chat/sse,0.000000,0.000000,0,0,0,0,0,0,0,0,0,0,0,2,0,1.985797192901373,1.9009271636605263,1.8160571344196796,1.985797192901373,0.0
1791183996,1,POST,/api/playground/conversations/{conversation_id}/chat/{chat_id}/attachment,0.000000,0.000000,0,0,0,0,0,0,0,0,0,0,0,3,0,61,60.43435617660483,46.66956188157201,73.47490871325135,26.0
1791183996,1,TXN,multimodal_e2e,0.000000,0.000000,0,0,0,0,0,0,0,0,0,0,0,2,0,370.0,576.4974567573518,368.1399757042527,784.8549378104508,15.0
1791183996,1,,Aggregated,0.000000,0.000000,0,0,0,0,0,0,0,0,0,0,0,10,0,16,136.53705092146993,1.8160571344196796,784.8549378104508,22.2
1791183997,1,POST,/api/playground/conversations,0.000000,0.000000,0,0,0,0,0,0,0,0,0,0,0,3,0,6,9.090224280953407,5.310514010488987,16.131214797496796,38.0
1791183997,1,POST,/api/playground/conversations/{conversation_id}/chat/sse,0.000000,0.000000,0,0,0,0,0,0,0,0,0,0,0,2,0,1.985797192901373,1.9009271636605263,1.8160571344196796,1.985797192901373,0.0
1791183997,1,POST,/api/playground/conversations/{conversation_id}/chat/{chat_id}/attachment,0.000000,0.000000,0,0,0,0,0,0,0,0,0,0,0,3,0,61,60.43435617660483,46.66956188157201,73.47490871325135,26.0
1791183997,1,TXN,multimodal_e2e,0.000000,0.000000,0,0,0,0,0,0,0,0,0,0,0,2,0,370.0,576.4974567573518,368.1399757042527,784.8549378104508,15.0
1791183997,1,,Aggregated,0.000000,0.000000,0,0,0,0,0,0,0,0,0,0,0,10,0,16,136.53705092146993,1.8160571344196796,784.8549378104508,22.2
1791183998,1,POST,/api/playground/conversations,0.000000,0.000000,0,0,0,0,0,0,0,0,0,0,0,3,0,6,9.090224280953407,5.310514010488987,16.131214797496796,38.0
1791183998,1,POST,/api/playground/conversations/{conversation_id}/chat/sse,0.000000,0.000000,0,0,0,0,0,0,0,0,0,0,0,2,0,1.985797192901373,1.9009271636605263,1.8160571344196796,1.985797192901373,0.0
1791183998,1,POST,/api/playground/conversations/{conversation_id}/chat/{chat_id}/attachment,0.000000,0.000000,0,0,0,0,0,0,0,0,0,0,0,3,0,61,60.43435617660483,46.66956188157201,73.47490871325135,26.0
1791183998,1,TXN,multimodal_e2e,0.000000,0.000000,0,0,0,0,0,0,0,0,0,0,0,2,0,370.0,576.4974567573518,368.1399757042527,784.8549378104508,15.0
1791183998,1,,Aggregated,0.000000,0.000000,0,0,0,0,0,0,0,0,0,0,0,10,0,16,136.53705092146993,1.8160571344196796,784.8549378104508,22.2
1791183999,1,POST,/api/playground/conversations,0.000000,0.000000,0,0,0,0,0,0,0,0,0,0,0,3,0,6,9.090224280953407,5.310514010488987,16.131214797496796,38.0
1791183999,1,POST,/api/playground/conversations/{conversation_id}/chat/sse,0.000000,0.000000,0,0,0,0,0,0,0,0,0,0,0,2,0,1.985797192901373,1.9009271636605263,1.8160571344196796,1.985797192901373,0.0
1791183999,1,POST,/api/playground/conversations/{conversation_id}/chat/{chat_id}/attachment,0.000000,0.000000,0,0,0,0,0,0,0,0,0,0,0,3,0,61,60.43435617660483,46.66956188157201,73.47490871325135,26.0
1791183999,1,TXN,multimodal_e2e,0.000000,0.000000,0,0,0,0,0,0,0,0,0,0,0,2,0,370.0,576.4974567573518,368.1399757042527,784.8549378104508,15.0
1791183999,1,,Aggregated,0.000000,0.000000,0,0,0,0,0,0,0,0,0,0,0,10,0,16,136.53705092146993,1.8160571344196796,784.8549378104508,22.2
1791184000,1,POST,/api/playground/conversations,0.000000,0.000000,0,0,0,0,0,0,0,0,0,0,0,3,0,6,9.090224280953407,5.310514010488987,16.131214797496796,38.0
1791184000,1,POST,/api/playground/conversations/{conversation_id}/chat/sse,0.000000,0.000000,0,0,0,0,0,0,0,0,0,0,0,2,0,1.985797192901373,1.9009271636605263,1.8160571344196796,1.985797192901373,0.0
1791184000,1,POST,/api/playground/conversations/{conversation_id}/chat/{chat_id}/attachment,0.000000,0.000000,0,0,0,0,0,0,0,0,0,0,0,3,0,61,60.43435617660483,46.66956188157201,73.47490871325135,26.0
1791184000,1,TXN,multimodal_e2e,0.000000,0.000000,0,0,0,0,0,0,0,0,0,0,0,2,0,370.0,576.4974567573518,368.1399757042527,784.8549378104508,15.0
1791184000,1,,Aggregated,0.000000,0.000000,0,0,0,0,0,0,0,0,0,0,0,10,0,16,136.53705092146993,1.8160571344196796,784.8549378104508,22.2
1791184001,1,POST,/api/playground/conversations,0.000000,0.000000,0,0,0,0,0,0,0,0,0,0,0,3,0,6,9.090224280953407,5.310514010488987,16.131214797496796,38.0
1791184001,1,POST,/api/playground/conversations/{conversation_id}/chat/sse,0.000000,0.000000,0,0,0,0,0,0,0,0,0,0,0,2,0,1.985797192901373,1.9009271636605263,1.8160571344196796,1.985797192901373,0.0
1791184001,1,POST,/api/playground/conversations/{conversation_id}/chat/{chat_id}/attachment,0.000000,0.000000,0,0,0,0,0,0,0,0,0,0,0,3,0,61,60.43435617660483,46.66956188157201,73.47490871325135,26.0
1791184001,1,TXN,multimodal_e2e,0.000000,0.000000,0,0,0,0,0,0,0,0,0,0,0,2,0,370.0,576.4974567573518,368.1399757042527,784.8549378104508,15.0
1791184001,1,,Aggregated,0.000000,0.000000,0,0,0,0,0,0,0,0,0,0,0,10,0,16,136.53705092146993,1.8160571344196796,784.8549378104508,22.2
1791184002,1,POST,/api/playground/conversations,0.000000,0.000000,0,0,0,0,0,0,0,0,0,0,0,3,0,6,9.090224280953407,5.310514010488987,16.131214797496796,38.0
1791184002,1,POST,/api/playground/conversations/{conversation_id}/chat/sse,0.000000,0.000000,0,0,0,0,0,0,0,0,0,0,0,2,0,1.985797192901373,1.9009271636605263,1.8160571344196796,1.985797192901373,0.0
1791184002,1,POST,/api/playground/conversations/{conversation_id}/chat/{chat_id}/attachment,0.000000,0.000000,0,0,0,0,0,0,0,0,0,0,0,3,0,61,60.43435617660483,46.66956188157201,73.47490871325135,26.0
1791184002,1,TXN,multimodal_e2e,0.000000,0.000000,0,0,0,0,0,0,0,0,0,0,0,2,0,370.0,576.4974567573518,368.1399757042527,784.8549378104508,15.0
1791184002,1,,Aggregated,0.000000,0.000000,0,0,0,0,0,0,0,0,0,0,0,10,0,16,136.53705092146993,1.8160571344196796,784.8549378104508,22.2
1791184003,1,POST,/api/playground/conversations,0.000000,0.000000,0,0,0,0,0,0,0,0,0,0,0,3,0,6,9.090224280953407,5.310514010488987,16.131214797496796,38.0
1791184003,1,POST,/api/playground/conversations/{conversation_id}/chat/sse,0.000000,0.000000,0,0,0,0,0,0,0,0,0,0,0,2,0,1.985797192901373,1.9009271636605263,1.8160571344196796,1.985797192901373,0.0
1791184003,1,POST,/api/playground/conversations/{conversation_id}/chat/{chat_id}/attachment,0.000000,0.000000,0,0,0,0,0,0,0,0,0,0,0,3,0,61,60.43435617660483,46.66956188157201,73.47490871325135,26.0
1791184003,1,TXN,multimodal_e2e,0.000000,0.000000,0,0,0,0,0,0,0,0,0,0,0,2,0,370.0,576.4974567573518,368.1399757042527,784.8549378104508,15.0
1791184003,1,,Aggregated,0.000000,0.000000,0,0,0,0,0,0,0,0,0,0,0,10,0,16,136.53705092146993,1.8160571344196796,784.8549378104508,22.2
1791184004,1,POST,/api/playground/conversations,0.000000,0.000000,12,12,12,12,12,12,12,12,12,12,12,5,0,7,9.326483774930239,5.310514010488987,16.131214797496796,38.0
1791184004,1,POST,/api/playground/conversations/{conversation_id}/chat/sse,0.000000,0.000000,3,3,3,3,3,3,3,3,3,3,3,4,0,2,2.1550796227529645,1.8160571344196796,2.9146233573555946,0.0
1791184004,1,POST,/api/playground/conversations/{conversation_id}/chat/{chat_id}/attachment,0.000000,0.000000,70,70,70,70,70,70,70,70,70,70,70,5,0,68,63.8551882468164,46.66956188157201,73.47490871325135,26.0
1791184004,1,TXN,multimodal_e2e,0.000000,0.000000,60000,60000,60000,60000,60000,60000,60000,60000,60000,60000,60000,4,0,400.0,15410.268341889605,368.1399757042527,60089.62222002447,19.0
1791184004,1,,Aggregated,0.000000,0.000000,68,70,400,400,60000,60000,60000,60000,60000,60000,60000,18,0,16,3445.3112247865647,1.8160571344196796,60089.62222002447,22.0
1791184005,1,POST,/api/playground/conversations,0.000000,0.000000,8,8,12,12,12,12,12,12,12,12,12,6,0,7,9.155705959225694,5.310514010488987,16.131214797496796,38.0
1791184005,1,POST,/api/playground/conversations/{conversation_id}/chat/sse,0.000000,0.000000,3,3,3,3,3,3,3,3,3,3,3,5,0,2,2.4124869145452976,1.8160571344196796,3.44211608171463,0.0
1791184005,1,POST,/api/playground/conversations/{conversation_id}/chat/{chat_id}/attachment,0.000000,0.000000,68,68,70,70,70,70,70,70,70,70,70,6,0,64,63.81537400496503,46.66956188157201,73.47490871325135,26.0
1791184005,1,TXN,multimodal_e2e,0.000000,0.000000,770,770,60000,60000,60000,60000,60000,60000,60000,60000,60000,5,0,770.0,12482.358340546489,368.1399757042527,60089.62222002447,19.2
1791184005,1,,Aggregated,0.000000,0.000000,64,68,400,400,770,60000,60000,60000,60000,60000,60000,22,0,16,2857.3491189586507,1.8160571344196796,60089.62222002447,21.818181818181817
1791184006,1,POST,/api/playground/conversations,0.000000,0.000000,8,8,12,12,12,12,12,12,12,12,12,6,0,7,9.155705959225694,5.310514010488987,16.131214797496796,38.0
1791184006,1,POST,/api/playground/conversations/{conversation_id}/chat/sse,0.000000,0.000000,3,3,3,3,3,3,3,3,3,3,3,5,0,2,2.4124869145452976,1.8160571344196796,3.44211608171463,0.0
1791184006,1,POST,/api/playground/conversations/{conversation_id}/chat/{chat_id}/attachment,0.000000,0.000000,68,68,70,70,70,70,70,70,70,70,70,6,0,64,63.81537400496503,46.66956188157201,73.47490871325135,26.0
1791184006,1,TXN,multimodal_e2e,0.000000,0.000000,770,770,60000,60000,60000,60000,60000,60000,60000,60000,60000,5,0,770.0,12482.358340546489,368.1399757042527,60089.62222002447,19.2
1791184006,1,,Aggregated,0.000000,0.000000,64,68,400,400,770,60000,60000,60000,60000,60000,60000,22,0,16,2857.3491189586507,1.8160571344196796,60089.62222002447,21.818181818181817
1791184007,1,POST,/api/playground/conversations,0.000000,0.000000,8,8,12,12,12,12,12,12,12,12,12,6,0,7,9.155705959225694,5.310514010488987,16.131214797496796,38.0
1791184007,1,POST,/api/playground/conversations/{conversation_id}/chat/sse,0.000000,0.000000,3,3,3,3,3,3,3,3,3,3,3,5,0,2,2.4124869145452976,1.8160571344196796,3.44211608171463,0.0
1791184007,1,POST,/api/playground/conversations/{conversation_id}/chat/{chat_id}/attachment,0.000000,0.000000,68,68,70,70,70,70,70,70,70,70,70,6,0,64,63.81537400496503,46.66956188157201,73.47490871325135,26.0
1791184007,1,TXN,multimodal_e2e,0.000000,0.000000,770,770,60000,60000,60000,60000,60000,60000,60000,60000,60000,5,0,770.0,12482.358340546489,368.1399757042527,60089.62222002447,19.2
1791184007,1,,Aggregated,0.000000,0.000000,64,68,400,400,770,60000,60000,60000,60000,60000,60000,22,0,16,2857.3491189586507,1.8160571344196796,60089.62222002447,21.818181818181817
1791184008,1,POST,/api/playground/conversations,0.000000,0.000000,8,8,12,12,12,12,12,12,12,12,12,6,0,7,9.155705959225694,5.310514010488987,16.131214797496796,38.0
1791184008,1,POST,/api/playground/conversations/{conversation_id}/chat/sse,0.000000,0.000000,3,3,3,3,3,3,3,3,3,3,3,5,0,2,2.4124869145452976,1.8160571344196796,3.44211608171463,0.0
1791184008,1,POST,/api/playground/conversations/{conversation_id}/chat/{chat_id}/attachment,0.000000,0.000000,68,68,70,70,70,70,70,70,70,70,70,6,0,64,63.81537400496503,46.66956188157201,73.47490871325135,26.0
1791184008,1,TXN,multimodal_e2e,0.000000,0.000000,770,770,60000,60000,60000,60000,60000,60000,60000,60000,60000,5,0,770.0,12482.358340546489,368.1399757042527,60089.62222002447,19.2
1791184008,1,,Aggregated,0.000000,0.000000,64,68,400,400,770,60000,60000,60000,60000,60000,60000,22,0,16,2857.3491189586507,1.8160571344196796,60089.62222002447,21.818181818181817
1791184009,1,POST,/api/playground/conversations,0.000000,0.000000,8,8,12,12,12,12,12,12,12,12,12,6,0,7,9.155705959225694,5.310514010488987,16.131214797496796,38.0
1791184009,1,POST,/api/playground/conversations/{conversation_id}/chat/sse,0.000000,0.000000,3,3,3,3,3,3,3,3,3,3,3,5,0,2,2.4124869145452976,1.8160571344196796,3.44211608171463,0.0
1791184009,1,POST,/api/playground/conversations/{conversation_id}/chat/{chat_id}/attachment,0.000000,0.000000,68,68,70,70,70,70,70,70,70,70,70,6,0,64,63.81537400496503,46.66956188157201,73.47490871325135,26.0
1791184009,1,TXN,multimodal_e2e,0.000000,0.000000,770,770,60000,60000,60000,60000,60000,60000,60000,60000,60000,5,0,770.0,12482.358340546489,368.1399757042527,60089.62222002447,19.2
1791184009,1,,Aggregated,0.000000,0.000000,64,68,400,400,770,60000,60000,60000,60000,60000,60000,22,0,16,2857.3491189586507,1.8160571344196796,60089.62222002447,21.818181818181817
1791184010,1,POST,/api/playground/conversations,0.000000,0.000000,8,8,12,12,12,12,12,12,12,12,12,6,0,7,9.155705959225694,5.310514010488987,16.131214797496796,38.0
1791184010,1,POST,/api/playground/conversations/{conversation_id}/chat/sse,0.000000,0.000000,3,3,3,3,3,3,3,3,3,3,3,5,0,2,2.4124869145452976,1.8160571344196796,3.44211608171463,0.0
1791184010,1,POST,/api/playground/conversations/{conversation_id}/chat/{chat_id}/attachment,0.000000,0.000000,68,68,70,70,70,70,70,70,70,70,70,6,0,64,63.81537400496503,46.66956188157201,73.47490871325135,26.0
1791184010,1,TXN,multimodal_e2e,0.000000,0.000000,770,770,60000,60000,60000,60000,60000,60000,60000,60000,60000,5,0,770.0,12482.358340546489,368.1399757042527,60089.62222002447,19.2
1791184010,1,,Aggregated,0.000000,0.000000,64,68,400,400,770,60000,60000,60000,60000,60000,60000,22,0,16,2857.3491189586507,1.8160571344196796,60089.62222002447,21.818181818181817
1791184011,1,POST,/api/playground/conversations,0.000000,0.000000,8,8,12,12,12,12,12,12,12,12,12,6,0,7,9.155705959225694,5.310514010488987,16.131214797496796,38.0
1791184011,1,POST,/api/playground/conversations/{conversation_id}/chat/sse,0.000000,0.000000,3,3,3,3,3,3,3,3,3,3,3,5,0,2,2.4124869145452976,1.8160571344196796,3.44211608171463,0.0
1791184011,1,POST,/api/playground/conversations/{conversation_id}/chat/{chat_id}/attachment,0.000000,0.000000,68,68,70,70,70,70,70,70,70,70,70,6,0,64,63.81537400496503,46.66956188157201,73.47490871325135,26.0
1791184011,1,TXN,multimodal_e2e,0.000000,0.000000,770,770,60000,60000,60000,60000,60000,60000,60000,60000,60000,5,0,770.0,12482.358340546489,368.1399757042527,60089.62222002447,19.2
1791184011,1,,Aggregated,0.000000,0.000000,64,68,400,400,770,60000,60000,60000,60000,60000,60000,22,0,16,2857.3491189586507,1.8160571344196796,60089.62222002447,21.818181818181817
1791184012,1,POST,/api/playground/conversations,0.000000,0.000000,8,8,12,12,12,12,12,12,12,12,12,6,0,7,9.155705959225694,5.310514010488987,16.131214797496796,38.0
1791184012,1,POST,/api/playground/conversations/{conversation_id}/chat/sse,0.000000,0.000000,3,3,3,3,3,3,3,3,3,3,3,5,0,2,2.4124869145452976,1.8160571344196796,3.44211608171463,0.0
1791184012,1,POST,/api/playground/conversations/{conversation_id}/chat/{chat_id}/attachment,0.000000,0.000000,68,68,70,70,70,70,70,70,70,70,70,6,0,64,63.81537400496503,46.66956188157201,73.47490871325135,26.0
1791184012,1,TXN,multimodal_e2e,0.000000,0.000000,770,770,60000,60000,60000,60000,60000,60000,60000,60000,60000,5,0,770.0,12482.358340546489,368.1399757042527,60089.62222002447,19.2
1791184012,1,,Aggregated,0.000000,0.000000,64,68,400,400,770,60000,60000,60000,60000,60000,60000,22,0,16,2857.3491189586507,1.8160571344196796,60089.62222002447,21.818181818181817
1791184013,1,POST,/api/playground/conversations,0.000000,0.000000,8,8,8,8,8,8,8,8,8,8,8,6,0,7,9.155705959225694,5.310514010488987,16.131214797496796,38.0
1791184013,1,POST,/api/playground/conversations/{conversation_id}/chat/sse,0.000000,0.000000,3,3,3,3,3,3,3,3,3,3,3,5,0,2,2.4124869145452976,1.8160571344196796,3.44211608171463,0.0
1791184013,1,POST,/api/playground/conversations/{conversation_id}/chat/{chat_id}/attachment,0.000000,0.000000,64,64,64,64,64,64,64,64,64,64,64,6,0,64,63.81537400496503,46.66956188157201,73.47490871325135,26.0
1791184013,1,TXN,multimodal_e2e,0.000000,0.000000,770,770,770,770,770,770,770,770,770,770,770,5,0,770.0,12482.358340546489,368.1399757042527,60089.62222002447,19.2
1791184013,1,,Aggregated,0.000000,0.000000,64,64,770,770,770,770,770,770,770,770,770,22,0,16,2857.3491189586507,1.8160571344196796,60089.62222002447,21.818181818181817
1791184014,1,POST,/api/playground/conversations,0.000000,0.000000,8,8,8,8,8,8,8,8,8,8,8,6,0,7,9.155705959225694,5.310514010488987,16.131214797496796,38.0
1791184014,1,POST,/api/playground/conversations/{conversation_id}/chat/sse,0.000000,0.000000,3,3,3,3,3,3,3,3,3,3,3,5,0,2,2.4124869145452976,1.8160571344196796,3.44211608171463,0.0
1791184014,1,POST,/api/playground/conversations/{conversation_id}/chat/{chat_id}/attachment,0.000000,0.000000,64,64,64,64,64,64,64,64,64,64,64,6,0,64,63.81537400496503,46.66956188157201,73.47490871325135,26.0
1791184014,1,TXN,multimodal_e2e,0.000000,0.000000,770,770,770,770,770,770,770,770,770,770,770,5,0,770.0,12482.358340546489,368.1399757042527,60089.62222002447,19.2
1791184014,1,,Aggregated,0.000000,0.000000,64,64,770,770,770,770,770,770,770,770,770,22,0,16,2857.3491189586507,1.8160571344196796,60089.62222002447,21.818181818181817
1791184015,1,POST,/api/playground/conversations,0.000000,0.000000,8,8,8,8,8,8,8,8,8,8,8,6,0,7,9.155705959225694,5.310514010488987,16.131214797496796,38.0
1791184015,1,POST,/api/playground/conversations/{conversation_id}/chat/sse,0.000000,0.000000,3,3,3,3,3,3,3,3,3,3,3,5,0,2,2.4124869145452976,1.8160571344196796,3.44211608171463,0.0
1791184015,1,POST,/api/playground/conversations/{conversation_id}/chat/{chat_id}/attachment,0.000000,0.000000,64,64,64,64,64,64,64,64,64,64,64,6,0,64,63.81537400496503,46.66956188157201,73.47490871325135,26.0
1791184015,1,TXN,multimodal_e2e,0.000000,0.000000,770,770,770,770,770,770,770,770,770,770,770,5,0,770.0,12482.358340546489,368.1399757042527,60089.62222002447,19.2
1791184015,1,,Aggregated,0.000000,0.000000,64,64,770,770,770,770,770,770,770,770,770,22,0,16,2857.3491189586507,1.8160571344196796,60089.62222002447,21.818181818181817
1791184016,1,POST,/api/playground/conversations,0.000000,0.000000,8,8,8,8,8,8,8,8,8,8,8,6,0,7,9.155705959225694,5.310514010488987,16.131214797496796,38.0
1791184016,1,POST,/api/playground/conversations/{conversation_id}/chat/sse,0.000000,0.000000,3,3,3,3,3,3,3,3,3,3,3,5,0,2,2.4124869145452976,1.8160571344196796,3.44211608171463,0.0
1791184016,1,POST,/api/playground/conversations/{conversation_id}/chat/{chat_id}/attachment,0.000000,0.000000,64,64,64,64,64,64,64,64,64,64,64,6,0,64,63.81537400496503,46.66956188157201,73.47490871325135,26.0
1791184016,1,TXN,multimodal_e2e,0.000000,0.000000,770,770,770,770,770,770,770,770,770,770,770,5,0,770.0,12482.358340546489,368.1399757042527,60089.62222002447,19.2
1791184016,1,,Aggregated,0.000000,0.000000,64,64,770,770,770,770,770,770,770,770,770,22,0,16,2857.3491189586507,1.8160571344196796,60089.62222002447,21.818181818181817
1791184017,1,POST,/api/playground/conversations,0.000000,0.000000,8,8,8,8,8,8,8,8,8,8,8,6,0,7,9.155705959225694,5.310514010488987,16.131214797496796,38.0
1791184017,1,POST,/api/playground/conversations/{conversation_id}/chat/sse,0.000000,0.000000,3,3,3,3,3,3,3,3,3,3,3,5,0,2,2.4124869145452976,1.8160571344196796,3.44211608171463,0.0
1791184017,1,POST,/api/playground/conversations/{conversation_id}/chat/{chat_id}/attachment,0.000000,0.000000,64,64,64,64,64,64,64,64,64,64,64,6,0,64,63.81537400496503,46.66956188157201,73.47490871325135,26.0
1791184017,1,TXN,multimodal_e2e,0.000000,0.000000,770,770,770,770,770,770,770,770,770,770,770,5,0,770.0,12482.358340546489,368.1399757042527,60089.62222002447,19.2
1791184017,1,,Aggregated,0.000000,0.000000,64,64,770,770,770,770,770,770,770,770,770,22,0,16,2857.3491189586507,1.8160571344196796,60089.62222002447,21.818181818181817
1791184018,1,POST,/api/playground/conversations,0.000000,0.000000,8,8,8,8,8,8,8,8,8,8,8,6,0,7,9.155705959225694,5.310514010488987,16.131214797496796,38.0
1791184018,1,POST,/api/playground/conversations/{conversation_id}/chat/sse,0.000000,0.000000,3,3,3,3,3,3,3,3,3,3,3,5,0,2,2.4124869145452976,1.8160571344196796,3.44211608171463,0.0
1791184018,1,POST,/api/playground/conversations/{conversation_id}/chat/{chat_id}/attachment,0.000000,0.000000,64,64,64,64,64,64,64,64,64,64,64,6,0,64,63.81537400496503,46.66956188157201,73.47490871325135,26.0
1791184018,1,TXN,multimodal_e2e,0.000000,0.000000,770,770,770,770,770,770,770,770,770,770,770,5,0,770.0,12482.358340546489,368.1399757042527,60089.62222002447,19.2
1791184018,1,,Aggregated,0.000000,0.000000,64,64,770,770,770,770,770,770,770,770,770,22,0,16,2857.3491189586507,1.8160571344196796,60089.62222002447,21.818181818181817
1791184019,1,POST,/api/playground/conversations,0.000000,0.000000,8,8,8,8,8,8,8,8,8,8,8,6,0,7,9.155705959225694,5.310514010488987,16.131214797496796,38.0
1791184019,1,POST,/api/playground/conversations/{conversation_id}/chat/sse,0.000000,0.000000,3,3,3,3,3,3,3,3,3,3,3,5,0,2,2.4124869145452976,1.8160571344196796,3.44211608171463,0.0
1791184019,1,POST,/api/playground/conversations/{conversation_id}/chat/{chat_id}/attachment,0.000000,0.000000,64,64,64,64,64,64,64,64,64,64,64,6,0,64,63.81537400496503,46.66956188157201,73.47490871325135,26.0
1791184019,1,TXN,multimodal_e2e,0.000000,0.000000,770,770,770,770,770,770,770,770,770,770,770,5,0,770.0,12482.358340546489,368.1399757042527,60089.62222002447,19.2
1791184019,1,,Aggregated,0.000000,0.000000,64,64,770,770,770,770,770,770,770,770,770,22,0,16,2857.3491189586507,1.8160571344196796,60089.62222002447,21.818181818181817
1791184020,1,POST,/api/playground/conversations,0.000000,0.000000,8,8,8,8,8,8,8,8,8,8,8,6,0,7,9.155705959225694,5.310514010488987,16.131214797496796,38.0
1791184020,1,POST,/api/playground/conversations/{conversation_id}/chat/sse,0.000000,0.000000,3,3,3,3,3,3,3,3,3,3,3,5,0,2,2.4124869145452976,1.8160571344196796,3.44211608171463,0.0
1791184020,1,POST,/api/playground/conversations/{conversation_id}/chat/{chat_id}/attachment,0.000000,0.000000,64,64,64,64,64,64,64,64,64,64,64,6,0,64,63.81537400496503,46.66956188157201,73.47490871325135,26.0
1791184020,1,TXN,multimodal_e2e,0.000000,0.000000,770,770,770,770,770,770,770,770,770,770,770,5,0,770.0,12482.358340546489,368.1399757042527,60089.62222002447,19.2
1791184020,1,,Aggregated,0.000000,0.000000,64,64,770,770,770,770,770,770,770,770,770,22,0,16,2857.3491189586507,1.8160571344196796,60089.62222002447,21.818181818181817
1791184021,1,POST,/api/playground/conversations,0.000000,0.000000,8,8,8,8,8,8,8,8,8,8,8,6,0,7,9.155705959225694,5.310514010488987,16.131214797496796,38.0
1791184021,1,POST,/api/playground/conversations/{conversation_id}/chat/sse,0.000000,0.000000,3,3,3,3,3,3,3,3,3,3,3,5,0,2,2.4124869145452976,1.8160571344196796,3.44211608171463,0.0
1791184021,1,POST,/api/playground/conversations/{conversation_id}/chat/{chat_id}/attachment,0.000000,0.000000,64,64,64,64,64,64,64,64,64,64,64,6,0,64,63.81537400496503,46.66956188157201,73.47490871325135,26.0
1791184021,1,TXN,multimodal_e2e,0.000000,0.000000,770,770,770,770,770,770,770,770,770,770,770,5,0,770.0,12482.358340546489,368.1399757042527,60089.62222002447,19.2
1791184021,1,,Aggregated,0.000000,0.000000,64,64,770,770,770,770,770,770,770,770,770,22,0,16,2857.3491189586507,1.8160571344196796,60089.62222002447,21.818181818181817
1791184022,1,POST,/api/playground/conversations,0.000000,0.000000,0,0,0,0,0,0,0,0,0,0,0,6,0,7,9.155705959225694,5.310514010488987,16.131214797496796,38.0
1791184022,1,POST,/api/playground/conversations/{conversation_id}/chat/sse,0.000000,0.000000,0,0,0,0,0,0,0,0,0,0,0,5,0,2,2.4124869145452976,1.8160571344196796,3.44211608171463,0.0
1791184022,1,POST,/api/playground/conversations/{conversation_id}/chat/{chat_id}/attachment,0.000000,0.000000,0,0,0,0,0,0,0,0,0,0,0,6,0,64,63.81537400496503,46.66956188157201,73.47490871325135,26.0
1791184022,1,TXN,multimodal_e2e,0.000000,0.000000,0,0,0,0,0,0,0,0,0,0,0,5,0,770.0,12482.358340546489,368.1399757042527,60089.62222002447,19.2
1791184022,1,,Aggregated,0.000000,0.000000,0,0,0,0,0,0,0,0,0,0,0,22,0,16,2857.3491189586507,1.8160571344196796,60089.62222002447,21.818181818181817
1791184023,1,POST,/api/playground/conversations,0.000000,0.000000,0,0,0,0,0,0,0,0,0,0,0,6,0,7,9.155705959225694,5.310514010488987,16.131214797496796,38.0
1791184023,1,POST,/api/playground/conversations/{conversation_id}/chat/sse,0.000000,0.000000,0,0,0,0,0,0,0,0,0,0,0,5,0,2,2.4124869145452976,1.8160571344196796,3.44211608171463,0.0
1791184023,1,POST,/api/playground/conversations/{conversation_id}/chat/{chat_id}/attachment,0.000000,0.000000,0,0,0,0,0,0,0,0,0,0,0,6,0,64,63.81537400496503,46.66956188157201,73.47490871325135,26.0
1791184023,1,TXN,multimodal_e2e,0.000000,0.000000,0,0,0,0,0,0,0,0,0,0,0,5,0,770.0,12482.358340546489,368.1399757042527,60089.62222002447,19.2
1791184023,1,,Aggregated,0.000000,0.000000,0,0,0,0,0,0,0,0,0,0,0,22,0,16,2857.3491189586507,1.8160571344196796,60089.62222002447,21.818181818181817
1791184024,1,POST,/api/playground/conversations,0.000000,0.000000,0,0,0,0,0,0,0,0,0,0,0,6,0,7,9.155705959225694,5.310514010488987,16.131214797496796,38.0
1791184024,1,POST,/api/playground/conversations/{conversation_id}/chat/sse,0.000000,0.000000,0,0,0,0,0,0,0,0,0,0,0,5,0,2,2.4124869145452976,1.8160571344196796,3.44211608171463,0.0
1791184024,1,POST,/api/playground/conversations/{conversation_id}/chat/{chat_id}/attachment,0.000000,0.000000,0,0,0,0,0,0,0,0,0,0,0,6,0,64,63.81537400496503,46.66956188157201,73.47490871325135,26.0
1791184024,1,TXN,multimodal_e2e,0.000000,0.000000,0,0,0,0,0,0,0,0,0,0,0,5,0,770.0,12482.358340546489,368.1399757042527,60089.62222002447,19.2
1791184024,1,,Aggregated,0.000000,0.000000,0,0,0,0,0,0,0,0,0,0,0,22,0,16,2857.3491189586507,1.8160571344196796,60089.62222002447,21.818181818181817
1791184025,1,POST,/api/playground/conversations,0.000000,0.000000,0,0,0,0,0,0,0,0,0,0,0,6,0,7,9.155705959225694,5.310514010488987,16.131214797496796,38.0
1791184025,1,POST,/api/playground/conversations/{conversation_id}/chat/sse,0.000000,0.000000,0,0,0,0,0,0,0,0,0,0,0,5,0,2,2.4124869145452976,1.8160571344196796,3.44211608171463,0.0
1791184025,1,POST,/api/playground/conversations/{conversation_id}/chat/{chat_id}/attachment,0.000000,0.000000,0,0,0,0,0,0,0,0,0,0,0,6,0,64,63.81537400496503,46.66956188157201,73.47490871325135,26.0
1791184025,1,TXN,multimodal_e2e,0.000000,0.000000,0,0,0,0,0,0,0,0,0,0,0,5,0,770.0,12482.358340546489,368.1399757042527,60089.62222002447,19.2
1791184025,1,,Aggregated,0.000000,0.000000,0,0,0,0,0,0,0,0,0,0,0,22,0,16,2857.3491189586507,1.8160571344196796,60089.62222002447,21.818181818181817
1791184026,1,POST,/api/playground/conversations,0.000000,0.000000,0,0,0,0,0,0,0,0,0,0,0,6,0,7,9.155705959225694,5.310514010488987,16.131214797496796,38.0
1791184026,1,POST,/api/playground/conversations/{conversation_id}/chat/sse,0.000000,0.000000,0,0,0,0,0,0,0,0,0,0,0,5,0,2,2.4124869145452976,1.8160571344196796,3.44211608171463,0.0
1791184026,1,POST,/api/playground/conversations/{conversation_id}/chat/{chat_id}/attachment,0.000000,0.000000,0,0,0,0,0,0,0,0,0,0,0,6,0,64,63.81537400496503,46.66956188157201,73.47490871325135,26.0
1791184026,1,TXN,multimodal_e2e,0.000000,0.000000,0,0,0,0,0,0,0,0,0,0,0,5,0,770.0,12482.358340546489,368.1399757042527,60089.62222002447,19.2
1791184026,1,,Aggregated,0.000000,0.000000,0,0,0,0,0,0,0,0,0,0,0,22,0,16,2857.3491189586507,1.8160571344196796,60089.62222002447,21.818181818181817
1791184027,1,POST,/api/playground/conversations,0.000000,0.000000,0,0,0,0,0,0,0,0,0,0,0,6,0,7,9.155705959225694,5.310514010488987,16.131214797496796,38.0
1791184027,1,POST,/api/playground/conversations/{conversation_id}/chat/sse,0.000000,0.000000,0,0,0,0,0,0,0,0,0,0,0,5,0,2,2.4124869145452976,1.8160571344196796,3.44211608171463,0.0
1791184027,1,POST,/api/playground/conversations/{conversation_id}/chat/{chat_id}/attachment,0.000000,0.000000,0,0,0,0,0,0,0,0,0,0,0,6,0,64,63.81537400496503,46.66956188157201,73.47490871325135,26.0
1791184027,1,TXN,multimodal_e2e,0.000000,0.000000,0,0,0,0,0,0,0,0,0,0,0,5,0,770.0,12482.358340546489,368.1399757042527,60089.62222002447,19.2
1791184027,1,,Aggregated,0.000000,0.000000,0,0,0,0,0,0,0,0,0,0,0,22,0,16,2857.3491189586507,1.8160571344196796,60089.62222002447,21.818181818181817
1791184028,1,POST,/api/playground/conversations,0.000000,0.000000,0,0,0,0,0,0,0,0,0,0,0,6,0,7,9.155705959225694,5.310514010488987,16.131214797496796,38.0
1791184028,1,POST,/api/playground/conversations/{conversation_id}/chat/sse,0.000000,0.000000,0,0,0,0,0,0,0,0,0,0,0,5,0,2,2.4124869145452976,1.8160571344196796,3.44211608171463,0.0
1791184028,1,POST,/api/playground/conversations/{conversation_id}/chat/{chat_id}/attachment,0.000000,0.000000,0,0,0,0,0,0,0,0,0,0,0,6,0,64,63.81537400496503,46.66956188157201,73.47490871325135,26.0
1791184028,1,TXN,multimodal_e2e,0.000000,0.000000,0,0,0,0,0,0,0,0,0,0,0,5,0,770.0,12482.358340546489,368.1399757042527,60089.62222002447,19.2
1791184028,1,,Aggregated,0.000000,0.000000,0,0,0,0,0,0,0,0,0,0,0,22,0,16,2857.3491189586507,1.8160571344196796,60089.62222002447,21.818181818181817
1791184029,1,POST,/api/playground/conversations,0.000000,0.000000,0,0,0,0,0,0,0,0,0,0,0,6,0,7,9.155705959225694,5.310514010488987,16.131214797496796,38.0
1791184029,1,POST,/api/playground/conversations/{conversation_id}/chat/sse,0.000000,0.000000,0,0,0,0,0,0,0,0,0,0,0,5,0,2,2.4124869145452976,1.8160571344196796,3.44211608171463,0.0
1791184029,1,POST,/api/playground/conversations/{conversation_id}/chat/{chat_id}/attachment,0.000000,0.000000,0,0,0,0,0,0,0,0,0,0,0,6,0,64,63.81537400496503,46.66956188157201,73.47490871325135,26.0
1791184029,1,TXN,multimodal_e2e,0.000000,0.000000,0,0,0,0,0,0,0,0,0,0,0,5,0,770.0,12482.358340546489,368.1399757042527,60089.62222002447,19.2
1791184029,1,,Aggregated,0.000000,0.000000,0,0,0,0,0,0,0,0,0,0,0,22,0,16,2857.3491189586507,1.8160571344196796,60089.62222002447,21.818181818181817
1791184030,1,POST,/api/playground/conversations,0.000000,0.000000,0,0,0,0,0,0,0,0,0,0,0,6,0,7,9.155705959225694,5.310514010488987,16.131214797496796,38.0
1791184030,1,POST,/api/playground/conversations/{conversation_id}/chat/sse,0.000000,0.000000,0,0,0,0,0,0,0,0,0,0,0,5,0,2,2.4124869145452976,1.8160571344196796,3.44211608171463,0.0
1791184030,1,POST,/api/playground/conversations/{conversation_id}/chat/{chat_id}/attachment,0.000000,0.000000,0,0,0,0,0,0,0,0,0,0,0,6,0,64,63.81537400496503,46.66956188157201,73.47490871325135,26.0
1791184030,1,TXN,multimodal_e2e,0.000000,0.000000,0,0,0,0,0,0,0,0,0,0,0,5,0,770.0,12482.358340546489,368.1399757042527,60089.62222002447,19.2
1791184030,1,,Aggregated,0.000000,0.000000,0,0,0,0,0,0,0,0,0,0,0,22,0,16,2857.3491189586507,1.8160571344196796,60089.62222002447,21.818181818181817
1791184031,1,POST,/api/playground/conversations,0.000000,0.000000,0,0,0,0,0,0,0,0,0,0,0,6,0,7,9.155705959225694,5.310514010488987,16.131214797496796,38.0
1791184031,1,POST,/api/playground/conversations/{conversation_id}/chat/sse,0.000000,0.000000,0,0,0,0,0,0,0,0,0,0,0,5,0,2,2.4124869145452976,1.8160571344196796,3.44211608171463,0.0
1791184031,1,POST,/api/playground/conversations/{conversation_id}/chat/{chat_id}/attachment,0.000000,0.000000,0,0,0,0,0,0,0,0,0,0,0,6,0,64,63.81537400496503,46.66956188157201,73.47490871325135,26.0
1791184031,1,TXN,multimodal_e2e,0.000000,0.000000,0,0,0,0,0,0,0,0,0,0,0,5,0,770.0,12482.358340546489,368.1399757042527,60089.62222002447,19.2
1791184031,1,,Aggregated,0.000000,0.000000,0,0,0,0,0,0,0,0,0,0,0,22,0,16,2857.3491189586507,1.8160571344196796,60089.62222002447,21.818181818181817
1791184032,1,POST,/api/playground/conversations,0.000000,0.000000,0,0,0,0,0,0,0,0,0,0,0,6,0,7,9.155705959225694,5.310514010488987,16.131214797496796,38.0
1791184032,1,POST,/api/playground/conversations/{conversation_id}/chat/sse,0.000000,0.000000,0,0,0,0,0,0,0,0,0,0,0,5,0,2,2.4124869145452976,1.8160571344196796,3.44211608171463,0.0
1791184032,1,POST,/api/playground/conversations/{conversation_id}/chat/{chat_id}/attachment,0.000000,0.000000,0,0,0,0,0,0,0,0,0,0,0,6,0,64,63.81537400496503,46.66956188157201,73.47490871325135,26.0
1791184032,1,TXN,multimodal_e2e,0.000000,0.000000,0,0,0,0,0,0,0,0,0,0,0,5,0,770.0,12482.358340546489,368.1399757042527,60089.62222002447,19.2
1791184032,1,,Aggregated,0.000000,0.000000,0,0,0,0,0,0,0,0,0,0,0,22,0,16,2857.3491189586507,1.8160571344196796,60089.62222002447,21.818181818181817
1791184033,1,POST,/api/playground/conversations,0.000000,0.000000,0,0,0,0,0,0,0,0,0,0,0,6,0,7,9.155705959225694,5.310514010488987,16.131214797496796,38.0
1791184033,1,POST,/api/playground/conversations/{conversation_id}/chat/sse,0.000000,0.000000,0,0,0,0,0,0,0,0,0,0,0,5,0,2,2.4124869145452976,1.8160571344196796,3.44211608171463,0.0
1791184033,1,POST,/api/playground/conversations/{conversation_id}/chat/{chat_id}/attachment,0.000000,0.000000,0,0,0,0,0,0,0,0,0,0,0,6,0,64,63.81537400496503,46.66956188157201,73.47490871325135,26.0
1791184033,1,TXN,multimodal_e2e,0.000000,0.000000,0,0,0,0,0,0,0,0,0,0,0,5,0,770.0,12482.358340546489,368.1399757042527,60089.62222002447,19.2
1791184033,1,,Aggregated,0.000000,0.000000,0,0,0,0,0,0,0,0,0,0,0,22,0,16,2857.3491189586507,1.8160571344196796,60089.62222002447,21.818181818181817
1791184034,1,POST,/api/playground/conversations,0.000000,0.000000,0,0,0,0,0,0,0,0,0,0,0,6,0,7,9.155705959225694,5.310514010488987,16.131214797496796,38.0
1791184034,1,POST,/api/playground/conversations/{conversation_id}/chat/sse,0.000000,0.000000,0,0,0,0,0,0,0,0,0,0,0,5,0,2,2.4124869145452976,1.8160571344196796,3.44211608171463,0.0
1791184034,1,POST,/api/playground/conversations/{conversation_id}/chat/{chat_id}/attachment,0.000000,0.000000,0,0,0,0,0,0,0,0,0,0,0,6,0,64,63.81537400496503,46.66956188157201,73.47490871325135,26.0
1791184034,1,TXN,multimodal_e2e,0.000000,0.000000,0,0,0,0,0,0,0,0,0,0,0,5,0,770.0,12482.358340546489,368.1399757042527,60089.62222002447,19.2
1791184034,1,,Aggregated,0.000000,0.000000,0,0,0,0,0,0,0,0,0,0,0,22,0,16,2857.3491189586507,1.8160571344196796,60089.62222002447,21.818181818181817
1791184035,1,POST,/api/playground/conversations,0.000000,0.000000,0,0,0,0,0,0,0,0,0,0,0,6,0,7,9.155705959225694,5.310514010488987,16.131214797496796,38.0
1791184035,1,POST,/api/playground/conversations/{conversation_id}/chat/sse,0.000000,0.000000,0,0,0,0,0,0,0,0,0,0,0,5,0,2,2.4124869145452976,1.8160571344196796,3.44211608171463,0.0
1791184035,1,POST,/api/playground/conversations/{conversation_id}/chat/{chat_id}/attachment,0.000000,0.000000,0,0,0,0,0,0,0,0,0,0,0,6,0,64,63.81537400496503,46.66956188157201,73.47490871325135,26.0
1791184035,1,TXN,multimodal_e2e,0.000000,0.000000,0,0,0,0,0,0,0,0,0,0,0,5,0,770.0,12482.358340546489,368.1399757042527,60089.62222002447,19.2
1791184035,1,,Aggregated,0.000000,0.000000,0,0,0,0,0,0,0,0,0,0,0,22,0,16,2857.3491189586507,1.8160571344196796,60089.62222002447,21.818181818181817
1791184036,1,POST,/api/playground/conversations,0.000000,0.000000,0,0,0,0,0,0,0,0,0,0,0,6,0,7,9.155705959225694,5.310514010488987,16.131214797496796,38.0
1791184036,1,POST,/api/playground/conversations/{conversation_id}/chat/sse,0.000000,0.000000,0,0,0,0,0,0,0,0,0,0,0,5,0,2,2.4124869145452976,1.8160571344196796,3.44211608171463,0.0
1791184036,1,POST,/api/playground/conversations/{conversation_id}/chat/{chat_id}/attachment,0.000000,0.000000,0,0,0,0,0,0,0,0,0,0,0,6,0,64,63.81537400496503,46.66956188157201,73.47490871325135,26.0
1791184036,1,TXN,multimodal_e2e,0.000000,0.000000,0,0,0,0,0,0,0,0,0,0,0,5,0,770.0,12482.358340546489,368.1399757042527,60089.62222002447,19.2
1791184036,1,,Aggregated,0.000000,0.000000,0,0,0,0,0,0,0,0,0,0,0,22,0,16,2857.3491189586507,1.8160571344196796,60089.62222002447,21.818181818181817
1791184037,1,POST,/api/playground/conversations,0.000000,0.000000,0,0,0,0,0,0,0,0,0,0,0,6,0,7,9.155705959225694,5.310514010488987,16.131214797496796,38.0
1791184037,1,POST,/api/playground/conversations/{conversation_id}/chat/sse,0.000000,0.000000,0,0,0,0,0,0,0,0,0,0,0,5,0,2,2.4124869145452976,1.8160571344196796,3.44211608171463,0.0
1791184037,1,POST,/api/playground/conversations/{conversation_id}/chat/{chat_id}/attachment,0.000000,0.000000,0,0,0,0,0,0,0,0,0,0,0,6,0,64,63.81537400496503,46.66956188157201,73.47490871325135,26.0
1791184037,1,TXN,multimodal_e2e,0.000000,0.000000,0,0,0,0,0,0,0,0,0,0,0,5,0,770.0,12482.358340546489,368.1399757042527,60089.62222002447,19.2
1791184037,1,,Aggregated,0.000000,0.000000,0,0,0,0,0,0,0,0,0,0,0,22,0,16,2857.3491189586507,1.8160571344196796,60089.62222002447,21.818181818181817
1791184038,1,POST,/api/playground/conversations,0.000000,0.000000,0,0,0,0,0,0,0,0,0,0,0,6,0,7,9.155705959225694,5.310514010488987,16.131214797496796,38.0
1791184038,1,POST,/api/playground/conversations/{conversation_id}/chat/sse,0.000000,0.000000,0,0,0,0,0,0,0,0,0,0,0,5,0,2,2.4124869145452976,1.8160571344196796,3.44211608171463,0.0
1791184038,1,POST,/api/playground/conversations/{conversation_id}/chat/{chat_id}/attachment,0.000000,0.000000,0,0,0,0,0,0,0,0,0,0,0,6,0,64,63.81537400496503,46.66956188157201,73.47490871325135,26.0
1791184038,1,TXN,multimodal_e2e,0.000000,0.000000,0,0,0,0,0,0,0,0,0,0,0,5,0,770.0,12482.358340546489,368.1399757042527,60089.62222002447,19.2
1791184038,1,,Aggregated,0.000000,0.000000,0,0,0,0,0,0,0,0,0,0,0,22,0,16,2857.3491189586507,1.8160571344196796,60089.62222002447,21.818181818181817
1791184039,1,POST,/api/playground/conversations,0.000000,0.000000,0,0,0,0,0,0,0,0,0,0,0,6,0,7,9.155705959225694,5.310514010488987,16.131214797496796,38.0
1791184039,1,POST,/api/playground/conversations/{conversation_id}/chat/sse,0.000000,0.000000,0,0,0,0,0,0,0,0,0,0,0,5,0,2,2.4124869145452976,1.8160571344196796,3.44211608171463,0.0
1791184039,1,POST,/api/playground/conversations/{conversation_id}/chat/{chat_id}/attachment,0.000000,0.000000,0,0,0,0,0,0,0,0,0,0,0,6,0,64,63.81537400496503,46.66956188157201,73.47490871325135,26.0
1791184039,1,TXN,multimodal_e2e,0.000000,0.000000,0,0,0,0,0,0,0,0,0,0,0,5,0,770.0,12482.358340546489,368.1399757042527,60089.62222002447,19.2
1791184039,1,,Aggregated,0.000000,0.000000,0,0,0,0,0,0,0,0,0,0,0,22,0,16,2857.3491189586507,1.8160571344196796,60089.62222002447,21.818181818181817
1791184040,1,POST,/api/playground/conversations,0.000000,0.000000,0,0,0,0,0,0,0,0,0,0,0,6,0,7,9.155705959225694,5.310514010488987,16.131214797496796,38.0
1791184040,1,POST,/api/playground/conversations/{conversation_id}/chat/sse,0.000000,0.000000,0,0,0,0,0,0,0,0,0,0,0,5,0,2,2.4124869145452976,1.8160571344196796,3.44211608171463,0.0
1791184040,1,POST,/api/playground/conversations/{conversation_id}/chat/{chat_id}/attachment,0.000000,0.000000,0,0,0,0,0,0,0,0,0,0,0,6,0,64,63.81537400496503,46.66956188157201,73.47490871325135,26.0
1791184040,1,TXN,multimodal_e2e,0.000000,0.000000,0,0,0,0,0,0,0,0,0,0,0,5,0,770.0,12482.358340546489,368.1399757042527,60089.62222002447,19.2
1791184040,1,,Aggregated,0.000000,0.000000,0,0,0,0,0,0,0,0,0,0,0,22,0,16,2857.3491189586507,1.8160571344196796,60089.62222002447,21.818181818181817
1791184041,1,POST,/api/playground/conversations,0.000000,0.000000,0,0,0,0,0,0,0,0,0,0,0,6,0,7,9.155705959225694,5.310514010488987,16.131214797496796,38.0
1791184041,1,POST,/api/playground/conversations/{conversation_id}/chat/sse,0.000000,0.000000,0,0,0,0,0,0,0,0,0,0,0,5,0,2,2.4124869145452976,1.8160571344196796,3.44211608171463,0.0
1791184041,1,POST,/api/playground/conversations/{conversation_id}/chat/{chat_id}/attachment,0.000000,0.000000,0,0,0,0,0,0,0,0,0,0,0,6,0,64,63.81537400496503,46.66956188157201,73.47490871325135,26.0
1791184041,1,TXN,multimodal_e2e,0.000000,0.000000,0,0,0,0,0,0,0,0,0,0,0,5,0,770.0,12482.358340546489,368.1399757042527,60089.62222002447,19.2
1791184041,1,,Aggregated,0.000000,0.000000,0,0,0,0,0,0,0,0,0,0,0,22,0,16,2857.3491189586507,1.8160571344196796,60089.62222002447,21.818181818181817
1791184042,1,POST,/api/playground/conversations,0.000000,0.000000,0,0,0,0,0,0,0,0,0,0,0,6,0,7,9.155705959225694,5.310514010488987,16.131214797496796,38.0
1791184042,1,POST,/api/playground/conversations/{conversation_id}/chat/sse,0.000000,0.000000,0,0,0,0,0,0,0,0,0,0,0,5,0,2,2.4124869145452976,1.8160571344196796,3.44211608171463,0.0
1791184042,1,POST,/api/playground/conversations/{conversation_id}/chat/{chat_id}/attachment,0.000000,0.000000,0,0,0,0,0,0,0,0,0,0,0,6,0,64,63.81537400496503,46.66956188157201,73.47490871325135,26.0
1791184042,1,TXN,multimodal_e2e,0.000000,0.000000,0,0,0,0,0,0,0,0,0,0,0,5,0,770.0,12482.358340546489,368.1399757042527,60089.62222002447,19.2
1791184042,1,,Aggregated,0.000000,0.000000,0,0,0,0,0,0,0,0,0,0,0,22,0,16,2857.3491189586507,1.8160571344196796,60089.62222002447,21.818181818181817
1791184043,1,POST,/api/playground/conversations,0.000000,0.000000,0,0,0,0,0,0,0,0,0,0,0,6,0,7,9.155705959225694,5.310514010488987,16.131214797496796,38.0
1791184043,1,POST,/api/playground/conversations/{conversation_id}/chat/sse,0.000000,0.000000,0,0,0,0,0,0,0,0,0,0,0,5,0,2,2.4124869145452976,1.8160571344196796,3.44211608171463,0.0
1791184043,1,POST,/api/playground/conversations/{conversation_id}/chat/{chat_id}/attachment,0.000000,0.000000,0,0,0,0,0,0,0,0,0,0,0,6,0,64,63.81537400496503,46.66956188157201,73.47490871325135,26.0
1791184043,1,TXN,multimodal_e2e,0.000000,0.000000,0,0,0,0,0,0,0,0,0,0,0,5,0,770.0,12482.358340546489,368.1399757042527,60089.62222002447,19.2
1791184043,1,,Aggregated,0.000000,0.000000,0,0,0,0,0,0,0,0,0,0,0,22,0,16,2857.3491189586507,1.8160571344196796,60089.62222002447,21.818181818181817
1791184044,1,POST,/api/playground/conversations,0.000000,0.000000,0,0,0,0,0,0,0,0,0,0,0,6,0,7,9.155705959225694,5.310514010488987,16.131214797496796,38.0
1791184044,1,POST,/api/playground/conversations/{conversation_id}/chat/sse,0.000000,0.000000,0,0,0,0,0,0,0,0,0,0,0,5,0,2,2.4124869145452976,1.8160571344196796,3.44211608171463,0.0
1791184044,1,POST,/api/playground/conversations/{conversation_id}/chat/{chat_id}/attachment,0.000000,0.000000,0,0,0,0,0,0,0,0,0,0,0,6,0,64,63.81537400496503,46.66956188157201,73.47490871325135,26.0
1791184044,1,TXN,multimodal_e2e,0.000000,0.000000,0,0,0,0,0,0,0,0,0,0,0,5,0,770.0,12482.358340546489,368.1399757042527,60089.62222002447,19.2
1791184044,1,,Aggregated,0.000000,0.000000,0,0,0,0,0,0,0,0,0,0,0,22,0,16,2857.3491189586507,1.8160571344196796,60089.62222002447,21.818181818181817
1791184045,1,POST,/api/playground/conversations,0.000000,0.000000,0,0,0,0,0,0,0,0,0,0,0,6,0,7,9.155705959225694,5.310514010488987,16.131214797496796,38.0
1791184045,1,POST,/api/playground/conversations/{conversation_id}/chat/sse,0.000000,0.000000,0,0,0,0,0,0,0,0,0,0,0,5,0,2,2.4124869145452976,1.8160571344196796,3.44211608171463,0.0
1791184045,1,POST,/api/playground/conversations/{conversation_id}/chat/{chat_id}/attachment,0.000000,0.000000,0,0,0,0,0,0,0,0,0,0,0,6,0,64,63.81537400496503,46.66956188157201,73.47490871325135,26.0
1791184045,1,TXN,multimodal_e2e,0.000000,0.000000,0,0,0,0,0,0,0,0,0,0,0,5,0,770.0,12482.358340546489,368.1399757042527,60089.62222002447,19.2
1791184045,1,,Aggregated,0.000000,0.000000,0,0,0,0,0,0,0,0,0,0,0,22,0,16,2857.3491189586507,1.8160571344196796,60089.62222002447,21.818181818181817
1791184046,1,POST,/api/playground/conversations,0.000000,0.000000,0,0,0,0,0,0,0,0,0,0,0,6,0,7,9.155705959225694,5.310514010488987,16.131214797496796,38.0
1791184046,1,POST,/api/playground/conversations/{conversation_id}/chat/sse,0.000000,0.000000,0,0,0,0,0,0,0,0,0,0,0,5,0,2,2.4124869145452976,1.8160571344196796,3.44211608171463,0.0
1791184046,1,POST,/api/playground/conversations/{conversation_id}/chat/{chat_id}/attachment,0.000000,0.000000,0,0,0,0,0,0,0,0,0,0,0,6,0,64,63.81537400496503,46.66956188157201,73.47490871325135,26.0
1791184046,1,TXN,multimodal_e2e,0.000000,0.000000,0,0,0,0,0,0,0,0,0,0,0,5,0,770.0,12482.358340546489,368.1399757042527,60089.62222002447,19.2
1791184046,1,,Aggregated,0.000000,0.000000,0,0,0,0,0,0,0,0,0,0,0,22,0,16,2857.3491189586507,1.8160571344196796,60089.62222002447,21.818181818181817
1791184047,1,POST,/api/playground/conversations,0.000000,0.000000,0,0,0,0,0,0,0,0,0,0,0,6,0,7,9.155705959225694,5.310514010488987,16.131214797496796,38.0
1791184047,1,POST,/api/playground/conversations/{conversation_id}/chat/sse,0.000000,0.000000,0,0,0,0,0,0,0,0,0,0,0,5,0,2,2.4124869145452976,1.8160571344196796,3.44211608171463,0.0
1791184047,1,POST,/api/playground/conversations/{conversation_id}/chat/{chat_id}/attachment,0.000000,0.000000,0,0,0,0,0,0,0,0,0,0,0,6,0,64,63.81537400496503,46.66956188157201,73.47490871325135,26.0
1791184047,1,TXN,multimodal_e2e,0.000000,0.000000,0,0,0,0,0,0,0,0,0,0,0,5,0,770.0,12482.358340546489,368.1399757042527,60089.62222002447,19.2
1791184047,1,,Aggregated,0.000000,0.000000,0,0,0,0,0,0,0,0,0,0,0,22,0,16,2857.3491189586507,1.8160571344196796,60089.62222002447,21.818181818181817
1791184048,1,POST,/api/playground/conversations,0.000000,0.000000,0,0,0,0,0,0,0,0,0,0,0,6,0,7,9.155705959225694,5.310514010488987,16.131214797496796,38.0
1791184048,1,POST,/api/playground/conversations/{conversation_id}/chat/sse,0.000000,0.000000,0,0,0,0,0,0,0,0,0,0,0,5,0,2,2.4124869145452976,1.8160571344196796,3.44211608171463,0.0
1791184048,1,POST,/api/playground/conversations/{conversation_id}/chat/{chat_id}/attachment,0.000000,0.000000,0,0,0,0,0,0,0,0,0,0,0,6,0,64,63.81537400496503,46.66956188157201,73.47490871325135,26.0
1791184048,1,TXN,multimodal_e2e,0.000000,0.000000,0,0,0,0,0,0,0,0,0,0,0,5,0,770.0,12482.358340546489,368.1399757042527,60089.62222002447,19.2
1791184048,1,,Aggregated,0.000000,0.000000,0,0,0,0,0,0,0,0,0,0,0,22,0,16,2857.3491189586507,1.8160571344196796,60089.62222002447,21.818181818181817
1791184049,1,POST,/api/playground/conversations,0.000000,0.000000,0,0,0,0,0,0,0,0,0,0,0,6,0,7,9.155705959225694,5.310514010488987,16.131214797496796,38.0
1791184049,1,POST,/api/playground/conversations/{conversation_id}/chat/sse,0.000000,0.000000,0,0,0,0,0,0,0,0,0,0,0,5,0,2,2.4124869145452976,1.8160571344196796,3.44211608171463,0.0
1791184049,1,POST,/api/playground/conversations/{conversation_id}/chat/{chat_id}/attachment,0.000000,0.000000,0,0,0,0,0,0,0,0,0,0,0,6,0,64,63.81537400496503,46.66956188157201,73.47490871325135,26.0
1791184049,1,TXN,multimodal_e2e,0.000000,0.000000,0,0,0,0,0,0,0,0,0,0,0,5,0,770.0,12482.358340546489,368.1399757042527,60089.62222002447,19.2
1791184049,1,,Aggregated,0.000000,0.000000,0,0,0,0,0,0,0,0,0,0,0,22,0,16,2857.3491189586507,1.8160571344196796,60089.62222002447,21.818181818181817
1791184050,1,POST,/api/playground/conversations,0.000000,0.000000,0,0,0,0,0,0,0,0,0,0,0,6,0,7,9.155705959225694,5.310514010488987,16.131214797496796,38.0
1791184050,1,POST,/api/playground/conversations/{conversation_id}/chat/sse,0.000000,0.000000,0,0,0,0,0,0,0,0,0,0,0,5,0,2,2.4124869145452976,1.8160571344196796,3.44211608171463,0.0
1791184050,1,POST,/api/playground/conversations/{conversation_id}/chat/{chat_id}/attachment,0.000000,0.000000,0,0,0,0,0,0,0,0,0,0,0,6,0,64,63.81537400496503,46.66956188157201,73.47490871325135,26.0
1791184050,1,TXN,multimodal_e2e,0.000000,0.000000,0,0,0,0,0,0,0,0,0,0,0,5,0,770.0,12482.358340546489,368.1399757042527,60089.62222002447,19.2
1791184050,1,,Aggregated,0.000000,0.000000,0,0,0,0,0,0,0,0,0,0,0,22,0,16,2857.3491189586507,1.8160571344196796,60089.62222002447,21.818181818181817
1791184051,1,POST,/api/playground/conversations,0.000000,0.000000,0,0,0,0,0,0,0,0,0,0,0,6,0,7,9.155705959225694,5.310514010488987,16.131214797496796,38.0
1791184051,1,POST,/api/playground/conversations/{conversation_id}/chat/sse,0.000000,0.000000,0,0,0,0,0,0,0,0,0,0,0,5,0,2,2.4124869145452976,1.8160571344196796,3.44211608171463,0.0
1791184051,1,POST,/api/playground/conversations/{conversation_id}/chat/{chat_id}/attachment,0.000000,0.000000,0,0,0,0,0,0,0,0,0,0,0,6,0,64,63.81537400496503,46.66956188157201,73.47490871325135,26.0
1791184051,1,TXN,multimodal_e2e,0.000000,0.000000,0,0,0,0,0,0,0,0,0,0,0,5,0,770.0,12482.358340546489,368.1399757042527,60089.62222002447,19.2
1791184051,1,,Aggregated,0.000000,0.000000,0,0,0,0,0,0,0,0,0,0,0,22,0,16,2857.3491189586507,1.8160571344196796,60089.62222002447,21.818181818181817
1791184052,1,POST,/api/playground/conversations,0.000000,0.000000,0,0,0,0,0,0,0,0,0,0,0,6,0,7,9.155705959225694,5.310514010488987,16.131214797496796,38.0
1791184052,1,POST,/api/playground/conversations/{conversation_id}/chat/sse,0.000000,0.000000,0,0,0,0,0,0,0,0,0,0,0,5,0,2,2.4124869145452976,1.8160571344196796,3.44211608171463,0.0
1791184052,1,POST,/api/playground/conversations/{conversation_id}/chat/{chat_id}/attachment,0.000000,0.000000,0,0,0,0,0,0,0,0,0,0,0,6,0,64,63.81537400496503,46.66956188157201,73.47490871325135,26.0
1791184052,1,TXN,multimodal_e2e,0.000000,0.000000,0,0,0,0,0,0,0,0,0,0,0,5,0,770.0,12482.358340546489,368.1399757042527,60089.62222002447,19.2
1791184052,1,,Aggregated,0.000000,0.000000,0,0,0,0,0,0,0,0,0,0,0,22,0,16,2857.3491189586507,1.8160571344196796,60089.62222002447,21.818181818181817
1791184053,1,POST,/api/playground/conversations,0.000000,0.000000,0,0,0,0,0,0,0,0,0,0,0,6,0,7,9.155705959225694,5.310514010488987,16.131214797496796,38.0
1791184053,1,POST,/api/playground/conversations/{conversation_id}/chat/sse,0.000000,0.000000,0,0,0,0,0,0,0,0,0,0,0,5,0,2,2.4124869145452976,1.8160571344196796,3.44211608171463,0.0
1791184053,1,POST,/api/playground/conversations/{conversation_id}/chat/{chat_id}/attachment,0.000000,0.000000,0,0,0,0,0,0,0,0,0,0,0,6,0,64,63.81537400496503,46.66956188157201,73.47490871325135,26.0
1791184053,1,TXN,multimodal_e2e,0.000000,0.000000,0,0,0,0,0,0,0,0,0,0,0,5,0,770.0,12482.358340546489,368.1399757042527,60089.62222002447,19.2
1791184053,1,,Aggregated,0.000000,0.000000,0,0,0,0,0,0,0,0,0,0,0,22,0,16,2857.3491189586507,1.8160571344196796,60089.62222002447,21.818181818181817
1791184054,1,POST,/api/playground/conversations,0.000000,0.000000,0,0,0,0,0,0,0,0,0,0,0,6,0,7,9.155705959225694,5.310514010488987,16.131214797496796,38.0
1791184054,1,POST,/api/playground/conversations/{conversation_id}/chat/sse,0.000000,0.000000,0,0,0,0,0,0,0,0,0,0,0,5,0,2,2.4124869145452976,1.8160571344196796,3.44211608171463,0.0
1791184054,1,POST,/api/playground/conversations/{conversation_id}/chat/{chat_id}/attachment,0.000000,0.000000,0,0,0,0,0,0,0,0,0,0,0,6,0,64,63.81537400496503,46.66956188157201,73.47490871325135,26.0
1791184054,1,TXN,multimodal_e2e,0.000000,0.000000,0,0,0,0,0,0,0,0,0,0,0,5,0,770.0,12482.358340546489,368.1399757042527,60089.62222002447,19.2
1791184054,1,,Aggregated,0.000000,0.000000,0,0,0,0,0,0,0,0,0,0,0,22,0,16,2857.3491189586507,1.8160571344196796,60089.62222002447,21.818181818181817
1791184055,1,POST,/api/playground/conversations,0.000000,0.000000,0,0,0,0,0,0,0,0,0,0,0,6,0,7,9.155705959225694,5.310514010488987,16.131214797496796,38.0
1791184055,1,POST,/api/playground/conversations/{conversation_id}/chat/sse,0.000000,0.000000,0,0,0,0,0,0,0,0,0,0,0,5,0,2,2.4124869145452976,1.8160571344196796,3.44211608171463,0.0
1791184055,1,POST,/api/playground/conversations/{conversation_id}/chat/{chat_id}/attachment,0.000000,0.000000,0,0,0,0,0,0,0,0,0,0,0,6,0,64,63.81537400496503,46.66956188157201,73.47490871325135,26.0
1791184055,1,TXN,multimodal_e2e,0.000000,0.000000,0,0,0,0,0,0,0,0,0,0,0,5,0,770.0,12482.358340546489,368.1399757042527,60089.62222002447,19.2
1791184055,1,,Aggregated,0.000000,0.000000,0,0,0,0,0,0,0,0,0,0,0,22,0,16,2857.3491189586507,1.8160571344196796,60089.62222002447,21.818181818181817
1791184056,1,POST,/api/playground/conversations,0.000000,0.000000,0,0,0,0,0,0,0,0,0,0,0,6,0,7,9.155705959225694,5.310514010488987,16.131214797496796,38.0
1791184056,1,POST,/api/playground/conversations/{conversation_id}/chat/sse,0.000000,0.000000,0,0,0,0,0,0,0,0,0,0,0,5,0,2,2.4124869145452976,1.8160571344196796,3.44211608171463,0.0
1791184056,1,POST,/api/playground/conversations/{conversation_id}/chat/{chat_id}/attachment,0.000000,0.000000,0,0,0,0,0,0,0,0,0,0,0,6,0,64,63.81537400496503,46.66956188157201,73.47490871325135,26.0
1791184056,1,TXN,multimodal_e2e,0.000000,0.000000,0,0,0,0,0,0,0,0,0,0,0,5,0,770.0,12482.358340546489,368.1399757042527,60089.62222002447,19.2
1791184056,1,,Aggregated,0.000000,0.000000,0,0,0,0,0,0,0,0,0,0,0,22,0,16,2857.3491189586507,1.8160571344196796,60089.62222002447,21.818181818181817
1791184057,1,POST,/api/playground/conversations,0.000000,0.000000,0,0,0,0,0,0,0,0,0,0,0,6,0,7,9.155705959225694,5.310514010488987,16.131214797496796,38.0
1791184057,1,POST,/api/playground/conversations/{conversation_id}/chat/sse,0.000000,0.000000,0,0,0,0,0,0,0,0,0,0,0,5,0,2,2.4124869145452976,1.8160571344196796,3.44211608171463,0.0
1791184057,1,POST,/api/playground/conversations/{conversation_id}/chat/{chat_id}/attachment,0.000000,0.000000,0,0,0,0,0,0,0,0,0,0,0,6,0,64,63.81537400496503,46.66956188157201,73.47490871325135,26.0
1791184057,1,TXN,multimodal_e2e,0.000000,0.000000,0,0,0,0,0,0,0,0,0,0,0,5,0,770.0,12482.358340546489,368.1399757042527,60089.62222002447,19.2
1791184057,1,,Aggregated,0.000000,0.000000,0,0,0,0,0,0,0,0,0,0,0,22,0,16,2857.3491189586507,1.8160571344196796,60089.62222002447,21.818181818181817
1791184058,1,POST,/api/playground/conversations,0.000000,0.000000,0,0,0,0,0,0,0,0,0,0,0,6,0,7,9.155705959225694,5.310514010488987,16.131214797496796,38.0
1791184058,1,POST,/api/playground/conversations/{conversation_id}/chat/sse,0.000000,0.000000,0,0,0,0,0,0,0,0,0,0,0,5,0,2,2.4124869145452976,1.8160571344196796,3.44211608171463,0.0
1791184058,1,POST,/api/playground/conversations/{conversation_id}/chat/{chat_id}/attachment,0.000000,0.000000,0,0,0,0,0,0,0,0,0,0,0,6,0,64,63.81537400496503,46.66956188157201,73.47490871325135,26.0
1791184058,1,TXN,multimodal_e2e,0.000000,0.000000,0,0,0,0,0,0,0,0,0,0,0,5,0,770.0,12482.358340546489,368.1399757042527,60089.62222002447,19.2
1791184058,1,,Aggregated,0.000000,0.000000,0,0,0,0,0,0,0,0,0,0,0,22,0,16,2857.3491189586507,1.8160571344196796,60089.62222002447,21.818181818181817
1791184059,1,POST,/api/playground/conversations,0.000000,0.000000,0,0,0,0,0,0,0,0,0,0,0,6,0,7,9.155705959225694,5.310514010488987,16.131214797496796,38.0
1791184059,1,POST,/api/playground/conversations/{conversation_id}/chat/sse,0.000000,0.000000,0,0,0,0,0,0,0,0,0,0,0,5,0,2,2.4124869145452976,1.8160571344196796,3.44211608171463,0.0
1791184059,1,POST,/api/playground/conversations/{conversation_id}/chat/{chat_id}/attachment,0.000000,0.000000,0,0,0,0,0,0,0,0,0,0,0,6,0,64,63.81537400496503,46.66956188157201,73.47490871325135,26.0
1791184059,1,TXN,multimodal_e2e,0.000000,0.000000,0,0,0,0,0,0,0,0,0,0,0,5,0,770.0,12482.358340546489,368.1399757042527,60089.62222002447,19.2
1791184059,1,,Aggregated,0.000000,0.000000,0,0,0,0,0,0,0,0,0,0,0,22,0,16,2857.3491189586507,1.8160571344196796,60089.62222002447,21.818181818181817
1791184060,1,POST,/api/playground/conversations,0.000000,0.000000,0,0,0,0,0,0,0,0,0,0,0,6,0,7,9.155705959225694,5.310514010488987,16.131214797496796,38.0
1791184060,1,POST,/api/playground/conversations/{conversation_id}/chat/sse,0.000000,0.000000,0,0,0,0,0,0,0,0,0,0,0,5,0,2,2.4124869145452976,1.8160571344196796,3.44211608171463,0.0
1791184060,1,POST,/api/playground/conversations/{conversation_id}/chat/{chat_id}/attachment,0.000000,0.000000,0,0,0,0,0,0,0,0,0,0,0,6,0,64,63.81537400496503,46.66956188157201,73.47490871325135,26.0
1791184060,1,TXN,multimodal_e2e,0.000000,0.000000,0,0,0,0,0,0,0,0,0,0,0,5,0,770.0,12482.358340546489,368.1399757042527,60089.62222002447,19.2
1791184060,1,,Aggregated,0.000000,0.000000,0,0,0,0,0,0,0,0,0,0,0,22,0,16,2857.3491189586507,1.8160571344196796,60089.62222002447,21.818181818181817
1791184061,1,POST,/api/playground/conversations,0.000000,0.000000,0,0,0,0,0,0,0,0,0,0,0,6,0,7,9.155705959225694,5.310514010488987,16.131214797496796,38.0
1791184061,1,POST,/api/playground/conversations/{conversation_id}/chat/sse,0.000000,0.000000,0,0,0,0,0,0,0,0,0,0,0,5,0,2,2.4124869145452976,1.8160571344196796,3.44211608171463,0.0
1791184061,1,POST,/api/playground/conversations/{conversation_id}/chat/{chat_id}/attachment,0.000000,0.000000,0,0,0,0,0,0,0,0,0,0,0,6,0,64,63.81537400496503,46.66956188157201,73.47490871325135,26.0
1791184061,1,TXN,multimodal_e2e,0.000000,0.000000,0,0,0,0,0,0,0,0,0,0,0,5,0,770.0,12482.358340546489,368.1399757042527,60089.62222002447,19.2
1791184061,1,,Aggregated,0.000000,0.000000,0,0,0,0,0,0,0,0,0,0,0,22,0,16,2857.3491189586507,1.8160571344196796,60089.62222002447,21.818181818181817
1791184062,1,POST,/api/playground/conversations,0.000000,0.000000,0,0,0,0,0,0,0,0,0,0,0,6,0,7,9.155705959225694,5.310514010488987,16.131214797496796,38.0
1791184062,1,POST,/api/playground/conversations/{conversation_id}/chat/sse,0.000000,0.000000,0,0,0,0,0,0,0,0,0,0,0,5,0,2,2.4124869145452976,1.8160571344196796,3.44211608171463,0.0
1791184062,1,POST,/api/playground/conversations/{conversation_id}/chat/{chat_id}/attachment,0.000000,0.000000,0,0,0,0,0,0,0,0,0,0,0,6,0,64,63.81537400496503,46.66956188157201,73.47490871325135,26.0
1791184062,1,TXN,multimodal_e2e,0.000000,0.000000,0,0,0,0,0,0,0,0,0,0,0,5,0,770.0,12482.358340546489,368.1399757042527,60089.62222002447,19.2
1791184062,1,,Aggregated,0.000000,0.000000,0,0,0,0,0,0,0,0,0,0,0,22,0,16,2857.3491189586507,1.8160571344196796,60089.62222002447,21.818181818181817
1791184063,1,POST,/api/playground/conversations,0.000000,0.000000,0,0,0,0,0,0,0,0,0,0,0,6,0,7,9.155705959225694,5.310514010488987,16.131214797496796,38.0
1791184063,1,POST,/api/playground/conversations/{conversation_id}/chat/sse,0.000000,0.000000,0,0,0,0,0,0,0,0,0,0,0,5,0,2,2.4124869145452976,1.8160571344196796,3.44211608171463,0.0
1791184063,1,POST,/api/playground/conversations/{conversation_id}/chat/{chat_id}/attachment,0.000000,0.000000,0,0,0,0,0,0,0,0,0,0,0,6,0,64,63.81537400496503,46.66956188157201,73.47490871325135,26.0
1791184063,1,TXN,multimodal_e2e,0.000000,0.000000,0,0,0,0,0,0,0,0,0,0,0,5,0,770.0,12482.358340546489,368.1399757042527,60089.62222002447,19.2
1791184063,1,,Aggregated,0.000000,0.000000,0,0,0,0,0,0,0,0,0,0,0,22,0,16,2857.3491189586507,1.8160571344196796,60089.62222002447,21.818181818181817
1791184064,1,POST,/api/playground/conversations,0.000000,0.000000,0,0,0,0,0,0,0,0,0,0,0,6,0,7,9.155705959225694,5.310514010488987,16.131214797496796,38.0
1791184064,1,POST,/api/playground/conversations/{conversation_id}/chat/sse,0.000000,0.000000,0,0,0,0,0,0,0,0,0,0,0,5,0,2,2.4124869145452976,1.8160571344196796,3.44211608171463,0.0
1791184064,1,POST,/api/playground/conversations/{conversation_id}/chat/{chat_id}/attachment,0.000000,0.000000,0,0,0,0,0,0,0,0,0,0,0,6,0,64,63.81537400496503,46.66956188157201,73.47490871325135,26.0
1791184064,1,TXN,multimodal_e2e,0.000000,0.000000,0,0,0,0,0,0,0,0,0,0,0,5,0,770.0,12482.358340546489,368.1399757042527,60089.62222002447,19.2
1791184064,1,,Aggregated,0.000000,0.000000,0,0,0,0,0,0,0,0,0,0,0,22,0,16,2857.3491189586507,1.8160571344196796,60089.62222002447,21.818181818181817
1791184065,1,POST,/api/playground/conversations,0.000000,0.000000,12,12,12,12,12,12,12,12,12,12,12,8,0,7,9.19394672382623,5.310514010488987,16.131214797496796,38.0
1791184065,1,POST,/api/playground/conversations/{conversation_id}/chat/sse,0.000000,0.000000,2,2,2,2,2,2,2,2,2,2,2,7,0,2,2.3835302064461366,1.8160571344196796,3.44211608171463,0.0
1791184065,1,POST,/api/playground/conversations/{conversation_id}/chat/{chat_id}/attachment,0.000000,0.000000,80,80,80,80,80,80,80,80,80,80,80,8,0,64,65.806117025204,46.66956188157201,80.21830301731825,26.0
1791184065,1,TXN,multimodal_e2e,0.000000,0.000000,60000,60000,60000,60000,60000,60000,60000,60000,60000,60000,60000,7,0,770.0,17579.24718502909,368.1399757042527,60098.20909565315,21.714285714285715
1791184065,1,,Aggregated,0.000000,0.000000,63,80,540,540,60000,60000,60000,60000,60000,60000,60000,30,0,16,4122.380517221366,1.8160571344196796,60098.20909565315,22.133333333333333
1791184066,1,POST,/api/playground/conversations,0.000000,0.000000,8,8,12,12,12,12,12,12,12,12,12,9,0,8,9.009629643211762,5.310514010488987,16.131214797496796,38.0
1791184066,1,POST,/api/playground/conversations/{conversation_id}/chat/sse,0.000000,0.000000,2,2,2,2,2,2,2,2,2,2,2,8,0,2,2.3425726685673,1.8160571344196796,3.44211608171463,0.0
1791184066,1,POST,/api/playground/conversations/{conversation_id}/chat/{chat_id}/attachment,0.000000,0.000000,69,69,80,80,80,80,80,80,80,80,80,9,0,68,66.15056361382206,46.66956188157201,80.21830301731825,26.0
1791184066,1,TXN,multimodal_e2e,0.000000,0.000000,760,760,60000,60000,60000,60000,60000,60000,60000,60000,60000,8,0,760.0,15476.589480647817,368.1399757042527,60098.20909565315,20.375
1791184066,1,,Aggregated,0.000000,0.000000,63,69,540,540,760,60000,60000,60000,60000,60000,60000,34,0,16,3661.997004877776,1.8160571344196796,60098.20909565315,21.735294117647058
1791184067,1,POST,/api/playground/conversations,0.000000,0.000000,8,8,12,12,12,12,12,12,12,12,12,9,0,8,9.009629643211762,5.310514010488987,16.131214797496796,38.0
1791184067,1,POST,/api/playground/conversations/{conversation_id}/chat/sse,0.000000,0.000000,2,2,2,2,2,2,2,2,2,2,2,8,0,2,2.3425726685673,1.8160571344196796,3.44211608171463,0.0
1791184067,1,POST,/api/playground/conversations/{conversation_id}/chat/{chat_id}/attachment,0.000000,0.000000,69,69,80,80,80,80,80,80,80,80,80,9,0,68,66.15056361382206,46.66956188157201,80.21830301731825,26.0
1791184067,1,TXN,multimodal_e2e,0.000000,0.000000,760,760,60000,60000,60000,60000,60000,60000,60000,60000,60000,8,0,760.0,15476.589480647817,368.1399757042527,60098.20909565315,20.375
1791184067,1,,Aggregated,0.000000,0.000000,63,69,540,540,760,60000,60000,60000,60000,60000,60000,34,0,16,3661.997004877776,1.8160571344196796,60098.20909565315,21.735294117647058
1791184068,1,POST,/api/playground/conversations,0.000000,0.000000,8,8,12,12,12,12,12,12,12,12,12,9,0,8,9.009629643211762,5.310514010488987,16.131214797496796,38.0
1791184068,1,POST,/api/playground/conversations/{conversation_id}/chat/sse,0.000000,0.000000,2,2,2,2,2,2,2,2,2,2,2,8,0,2,2.3425726685673,1.8160571344196796,3.44211608171463,0.0
1791184068,1,POST,/api/playground/conversations/{conversation_id}/chat/{chat_id}/attachment,0.000000,0.000000,69,69,80,80,80,80,80,80,80,80,80,9,0,68,66.15056361382206,46.66956188157201,80.21830301731825,26.0
1791184068,1,TXN,multimodal_e2e,0.000000,0.000000,760,760,60000,60000,60000,60000,60000,60000,60000,60000,60000,8,0,760.0,15476.589480647817,368.1399757042527,60098.20909565315,20.375
1791184068,1,,Aggregated,0.000000,0.000000,63,69,540,540,760,60000,60000,60000,60000,60000,60000,34,0,16,3661.997004877776,1.8160571344196796,60098.20909565315,21.735294117647058
1791184069,1,POST,/api/playground/conversations,0.000000,0.000000,8,8,12,12,12,12,12,12,12,12,12,9,0,8,9.009629643211762,5.310514010488987,16.131214797496796,38.0
1791184069,1,POST,/api/playground/conversations/{conversation_id}/chat/sse,0.000000,0.000000,2,2,2,2,2,2,2,2,2,2,2,8,0,2,2.3425726685673,1.8160571344196796,3.44211608171463,0.0
1791184069,1,POST,/api/playground/conversations/{conversation_id}/chat/{chat_id}/attachment,0.000000,0.000000,69,69,80,80,80,80,80,80,80,80,80,9,0,68,66.15056361382206,46.66956188157201,80.21830301731825,26.0
1791184069,1,TXN,multimodal_e2e,0.000000,0.000000,760,760,60000,60000,60000,60000,60000,60000,60000,60000,60000,8,0,760.0,15476.589480647817,368.1399757042527,60098.20909565315,20.375
1791184069,1,,Aggregated,0.000000,0.000000,63,69,540,540,760,60000,60000,60000,60000,60000,60000,34,0,16,3661.997004877776,1.8160571344196796,60098.20909565315,21.735294117647058
1791184070,1,POST,/api/playground/conversations,0.000000,0.000000,8,8,12,12,12,12,12,12,12,12,12,9,0,8,9.009629643211762,5.310514010488987,16.131214797496796,38.0
1791184070,1,POST,/api/playground/conversations/{conversation_id}/chat/sse,0.000000,0.000000,2,2,2,2,2,2,2,2,2,2,2,8,0,2,2.3425726685673,1.8160571344196796,3.44211608171463,0.0
1791184070,1,POST,/api/playground/conversations/{conversation_id}/chat/{chat_id}/attachment,0.000000,0.000000,69,69,80,80,80,80,80,80,80,80,80,9,0,68,66.15056361382206,46.66956188157201,80.21830301731825,26.0
1791184070,1,TXN,multimodal_e2e,0.000000,0.000000,760,760,60000,60000,60000,60000,60000,60000,60000,60000,60000,8,0,760.0,15476.589480647817,368.1399757042527,60098.20909565315,20.375
1791184070,1,,Aggregated,0.000000,0.000000,63,69,540,540,760,60000,60000,60000,60000,60000,60000,34,0,16,3661.997004877776,1.8160571344196796,60098.20909565315,21.735294117647058
1791184071,1,POST,/api/playground/conversations,0.000000,0.000000,8,8,12,12,12,12,12,12,12,12,12,9,0,8,9.009629643211762,5.310514010488987,16.131214797496796,38.0
1791184071,1,POST,/api/playground/conversations/{conversation_id}/chat/sse,0.000000,0.000000,2,2,2,2,2,2,2,2,2,2,2,8,0,2,2.3425726685673,1.8160571344196796,3.44211608171463,0.0
1791184071,1,POST,/api/playground/conversations/{conversation_id}/chat/{chat_id}/attachment,0.000000,0.000000,69,69,80,80,80,80,80,80,80,80,80,9,0,68,66.15056361382206,46.66956188157201,80.21830301731825,26.0
1791184071,1,TXN,multimodal_e2e,0.000000,0.000000,760,760,60000,60000,60000,60000,60000,60000,60000,60000,60000,8,0,760.0,15476.589480647817,368.1399757042527,60098.20909565315,20.375
1791184071,1,,Aggregated,0.000000,0.000000,63,69,540,540,760,60000,60000,60000,60000,60000,60000,34,0,16,3661.997004877776,1.8160571344196796,60098.20909565315,21.735294117647058
1791184072,1,POST,/api/playground/conversations,0.000000,0.000000,8,8,12,12,12,12,12,12,12,12,12,9,0,8,9.009629643211762,5.310514010488987,16.131214797496796,38.0
1791184072,1,POST,/api/playground/conversations/{conversation_id}/chat/sse,0.000000,0.000000,2,2,2,2,2,2,2,2,2,2,2,8,0,2,2.3425726685673,1.8160571344196796,3.44211608171463,0.0
1791184072,1,POST,/api/playground/conversations/{conversation_id}/chat/{chat_id}/attachment,0.000000,0.000000,69,69,80,80,80,80,80,80,80,80,80,9,0,68,66.15056361382206,46.66956188157201,80.21830301731825,26.0
1791184072,1,TXN,multimodal_e2e,0.000000,0.000000,760,760,60000,60000,60000,60000,60000,60000,60000,60000,60000,8,0,760.0,15476.589480647817,368.1399757042527,60098.20909565315,20.375
1791184072,1,,Aggregated,0.000000,0.000000,63,69,540,540,760,60000,60000,60000,60000,60000,60000,34,0,16,3661.997004877776,1.8160571344196796,60098.20909565315,21.735294117647058
1791184073,1,POST,/api/playground/conversations,0.000000,0.000000,8,8,12,12,12,12,12,12,12,12,12,9,0,8,9.009629643211762,5.310514010488987,16.131214797496796,38.0
1791184073,1,POST,/api/playground/conversations/{conversation_id}/chat/sse,0.000000,0.000000,2,2,2,2,2,2,2,2,2,2,2,8,0,2,2.3425726685673,1.8160571344196796,3.44211608171463,0.0
1791184073,1,POST,/api/playground/conversations/{conversation_id}/chat/{chat_id}/attachment,0.000000,0.000000,69,69,80,80,80,80,80,80,80,80,80,9,0,68,66.15056361382206,46.66956188157201,80.21830301731825,26.0
1791184073,1,TXN,multimodal_e2e,0.000000,0.000000,760,760,60000,60000,60000,60000,60000,60000,60000,60000,60000,8,0,760.0,15476.589480647817,368.1399757042527,60098.20909565315,20.375
1791184073,1,,Aggregated,0.000000,0.000000,63,69,540,540,760,60000,60000,60000,60000,60000,60000,34,0,16,3661.997004877776,1.8160571344196796,60098.20909565315,21.735294117647058
1791184074,1,POST,/api/playground/conversations,0.000000,0.000000,8,8,8,8,8,8,8,8,8,8,8,9,0,8,9.009629643211762,5.310514010488987,16.131214797496796,38.0
1791184074,1,POST,/api/playground/conversations/{conversation_id}/chat/sse,0.000000,0.000000,2,2,2,2,2,2,2,2,2,2,2,8,0,2,2.3425726685673,1.8160571344196796,3.44211608171463,0.0
1791184074,1,POST,/api/playground/conversations/{conversation_id}/chat/{chat_id}/attachment,0.000000,0.000000,69,69,69,69,69,69,69,69,69,69,69,9,0,68,66.15056361382206,46.66956188157201,80.21830301731825,26.0
1791184074,1,TXN,multimodal_e2e,0.000000,0.000000,760,760,760,760,760,760,760,760,760,760,760,8,0,760.0,15476.589480647817,368.1399757042527,60098.20909565315,20.375
1791184074,1,,Aggregated,0.000000,0.000000,63,69,540,540,760,760,760,760,760,760,760,34,0,16,3661.997004877776,1.8160571344196796,60098.20909565315,21.735294117647058
1791184075,1,POST,/api/playground/conversations,0.000000,0.000000,8,8,8,8,8,8,8,8,8,8,8,9,0,8,9.009629643211762,5.310514010488987,16.131214797496796,38.0
1791184075,1,POST,/api/playground/conversations/{conversation_id}/chat/sse,0.000000,0.000000,2,2,2,2,2,2,2,2,2,2,2,8,0,2,2.3425726685673,1.8160571344196796,3.44211608171463,0.0
1791184075,1,POST,/api/playground/conversations/{conversation_id}/chat/{chat_id}/attachment,0.000000,0.000000,69,69,69,69,69,69,69,69,69,69,69,9,0,68,66.15056361382206,46.66956188157201,80.21830301731825,26.0
1791184075,1,TXN,multimodal_e2e,0.000000,0.000000,760,760,760,760,760,760,760,760,760,760,760,8,0,760.0,15476.589480647817,368.1399757042527,60098.20909565315,20.375
1791184075,1,,Aggregated,0.000000,0.000000,69,69,760,760,760,760,760,760,760,760,760,34,0,16,3661.997004877776,1.8160571344196796,60098.20909565315,21.735294117647058
1791184076,1,POST,/api/playground/conversations,0.000000,0.000000,8,8,8,8,8,8,8,8,8,8,8,9,0,8,9.009629643211762,5.310514010488987,16.131214797496796,38.0
1791184076,1,POST,/api/playground/conversations/{conversation_id}/chat/sse,0.000000,0.000000,2,2,2,2,2,2,2,2,2,2,2,8,0,2,2.3425726685673,1.8160571344196796,3.44211608171463,0.0
1791184076,1,POST,/api/playground/conversations/{conversation_id}/chat/{chat_id}/attachment,0.000000,0.000000,69,69,69,69,69,69,69,69,69,69,69,9,0,68,66.15056361382206,46.66956188157201,80.21830301731825,26.0
1791184076,1,TXN,multimodal_e2e,0.000000,0.000000,760,760,760,760,760,760,760,760,760,760,760,8,0,760.0,15476.589480647817,368.1399757042527,60098.20909565315,20.375
1791184076,1,,Aggregated,0.000000,0.000000,69,69,760,760,760,760,760,760,760,760,760,34,0,16,3661.997004877776,1.8160571344196796,60098.20909565315,21.735294117647058
1791184077,1,POST,/api/playground/conversations,0.000000,0.000000,8,8,8,8,8,8,8,8,8,8,8,9,0,8,9.009629643211762,5.310514010488987,16.131214797496796,38.0
1791184077,1,POST,/api/playground/conversations/{conversation_id}/chat/sse,0.000000,0.000000,2,2,2,2,2,2,2,2,2,2,2,8,0,2,2.3425726685673,1.8160571344196796,3.44211608171463,0.0
1791184077,1,POST,/api/playground/conversations/{conversation_id}/chat/{chat_id}/attachment,0.000000,0.000000,69,69,69,69,69,69,69,69,69,69,69,9,0,68,66.15056361382206,46.66956188157201,80.21830301731825,26.0
1791184077,1,TXN,multimodal_e2e,0.000000,0.000000,760,760,760,760,760,760,760,760,760,760,760,8,0,760.0,15476.589480647817,368.1399757042527,60098.20909565315,20.375
1791184077,1,,Aggregated,0.000000,0.000000,69,69,760,760,760,760,760,760,760,760,760,34,0,16,3661.997004877776,1.8160571344196796,60098.20909565315,21.735294117647058
1791184078,1,POST,/api/playground/conversations,0.000000,0.000000,8,8,8,8,8,8,8,8,8,8,8,9,0,8,9.009629643211762,5.310514010488987,16.131214797496796,38.0
1791184078,1,POST,/api/playground/conversations/{conversation_id}/chat/sse,0.000000,0.000000,2,2,2,2,2,2,2,2,2,2,2,8,0,2,2.3425726685673,1.8160571344196796,3.44211608171463,0.0
1791184078,1,POST,/api/playground/conversations/{conversation_id}/chat/{chat_id}/attachment,0.000000,0.000000,69,69,69,69,69,69,69,69,69,69,69,9,0,68,66.15056361382206,46.66956188157201,80.21830301731825,26.0
1791184078,1,TXN,multimodal_e2e,0.000000,0.000000,760,760,760,760,760,760,760,760,760,760,760,8,0,760.0,15476.589480647817,368.1399757042527,60098.20909565315,20.375
1791184078,1,,Aggregated,0.000000,0.000000,69,69,760,760,760,760,760,760,760,760,760,34,0,16,3661.997004877776,1.8160571344196796,60098.20909565315,21.735294117647058
1791184079,1,POST,/api/playground/conversations,0.000000,0.000000,8,8,8,8,8,8,8,8,8,8,8,9,0,8,9.009629643211762,5.310514010488987,16.131214797496796,38.0
1791184079,1,POST,/api/playground/conversations/{conversation_id}/chat/sse,0.000000,0.000000,2,2,2,2,2,2,2,2,2,2,2,8,0,2,2.3425726685673,1.8160571344196796,3.44211608171463,0.0
1791184079,1,POST,/api/playground/conversations/{conversation_id}/chat/{chat_id}/attachment,0.000000,0.000000,69,69,69,69,69,69,69,69,69,69,69,9,0,68,66.15056361382206,46.66956188157201,80.21830301731825,26.0
1791184079,1,TXN,multimodal_e2e,0.000000,0.000000,760,760,760,760,760,760,760,760,760,760,760,8,0,760.0,15476.589480647817,368.1399757042527,60098.20909565315,20.375
1791184079,1,,Aggregated,0.000000,0.000000,69,69,760,760,760,760,760,760,760,760,760,34,0,16,3661.997004877776,1.8160571344196796,60098.20909565315,21.735294117647058
1791184080,1,POST,/api/playground/conversations,0.000000,0.000000,8,8,8,8,8,8,8,8,8,8,8,9,0,8,9.009629643211762,5.310514010488987,16.131214797496796,38.0
1791184080,1,POST,/api/playground/conversations/{conversation_id}/chat/sse,0.000000,0.000000,2,2,2,2,2,2,2,2,2,2,2,8,0,2,2.3425726685673,1.8160571344196796,3.44211608171463,0.0
1791184080,1,POST,/api/playground/conversations/{conversation_id}/chat/{chat_id}/attachment,0.000000,0.000000,69,69,69,69,69,69,69,69,69,69,69,9,0,68,66.15056361382206,46.66956188157201,80.21830301731825,26.0
1791184080,1,TXN,multimodal_e2e,0.000000,0.000000,760,760,760,760,760,760,760,760,760,760,760,8,0,760.0,15476.589480647817,368.1399757042527,60098.20909565315,20.375
1791184080,1,,Aggregated,0.000000,0.000000,69,69,760,760,760,760,760,760,760,760,760,34,0,16,3661.997004877776,1.8160571344196796,60098.20909565315,21.735294117647058
1791184081,1,POST,/api/playground/conversations,0.000000,0.000000,8,8,8,8,8,8,8,8,8,8,8,9,0,8,9.009629643211762,5.310514010488987,16.131214797496796,38.0
1791184081,1,POST,/api/playground/conversations/{conversation_id}/chat/sse,0.000000,0.000000,2,2,2,2,2,2,2,2,2,2,2,8,0,2,2.3425726685673,1.8160571344196796,3.44211608171463,0.0
1791184081,1,POST,/api/playground/conversations/{conversation_id}/chat/{chat_id}/attachment,0.000000,0.000000,69,69,69,69,69,69,69,69,69,69,69,9,0,68,66.15056361382206,46.66956188157201,80.21830301731825,26.0
1791184081,1,TXN,multimodal_e2e,0.000000,0.000000,760,760,760,760,760,760,760,760,760,760,760,8,0,760.0,15476.589480647817,368.1399757042527,60098.20909565315,20.375
1791184081,1,,Aggregated,0.000000,0.000000,69,69,760,760,760,760,760,760,760,760,760,34,0,16,3661.997004877776,1.8160571344196796,60098.20909565315,21.735294117647058
1791184082,1,POST,/api/playground/conversations,0.000000,0.000000,8,8,8,8,8,8,8,8,8,8,8,9,0,8,9.009629643211762,5.310514010488987,16.131214797496796,38.0
1791184082,1,POST,/api/playground/conversations/{conversation_id}/chat/sse,0.000000,0.000000,2,2,2,2,2,2,2,2,2,2,2,8,0,2,2.3425726685673,1.8160571344196796,3.44211608171463,0.0
1791184082,1,POST,/api/playground/conversations/{conversation_id}/chat/{chat_id}/attachment,0.000000,0.000000,69,69,69,69,69,69,69,69,69,69,69,9,0,68,66.15056361382206,46.66956188157201,80.21830301731825,26.0
1791184082,1,TXN,multimodal_e2e,0.000000,0.000000,760,760,760,760,760,760,760,760,760,760,760,8,0,760.0,15476.589480647817,368.1399757042527,60098.20909565315,20.375
1791184082,1,,Aggregated,0.000000,0.000000,69,69,760,760,760,760,760,760,760,760,760,34,0,16,3661.997004877776,1.8160571344196796,60098.20909565315,21.735294117647058
1791184083,1,POST,/api/playground/conversations,0.000000,0.000000,8,8,8,8,8,8,8,8,8,8,8,9,0,8,9.009629643211762,5.310514010488987,16.131214797496796,38.0
1791184083,1,POST,/api/playground/conversations/{conversation_id}/chat/sse,0.000000,0.000000,2,2,2,2,2,2,2,2,2,2,2,8,0,2,2.3425726685673,1.8160571344196796,3.44211608171463,0.0
1791184083,1,POST,/api/playground/conversations/{conversation_id}/chat/{chat_id}/attachment,0.000000,0.000000,69,69,69,69,69,69,69,69,69,69,69,9,0,68,66.15056361382206,46.66956188157201,80.21830301731825,26.0
1791184083,1,TXN,multimodal_e2e,0.000000,0.000000,760,760,760,760,760,760,760,760,760,760,760,8,0,760.0,15476.589480647817,368.1399757042527,60098.20909565315,20.375
1791184083,1,,Aggregated,0.000000,0.000000,69,69,760,760,760,760,760,760,760,760,760,34,0,16,3661.997004877776,1.8160571344196796,60098.20909565315,21.735294117647058
1791184084,1,POST,/api/playground/conversations,0.000000,0.000000,0,0,0,0,0,0,0,0,0,0,0,9,0,8,9.009629643211762,5.310514010488987,16.131214797496796,38.0
1791184084,1,POST,/api/playground/conversations/{conversation_id}/chat/sse,0.000000,0.000000,0,0,0,0,0,0,0,0,0,0,0,8,0,2,2.3425726685673,1.8160571344196796,3.44211608171463,0.0
1791184084,1,POST,/api/playground/conversations/{conversation_id}/chat/{chat_id}/attachment,0.000000,0.000000,0,0,0,0,0,0,0,0,0,0,0,9,0,68,66.15056361382206,46.66956188157201,80.21830301731825,26.0
1791184084,1,TXN,multimodal_e2e,0.000000,0.000000,0,0,0,0,0,0,0,0,0,0,0,8,0,760.0,15476.589480647817,368.1399757042527,60098.20909565315,20.375
1791184084,1,,Aggregated,0.000000,0.000000,0,0,0,0,0,0,0,0,0,0,0,34,0,16,3661.997004877776,1.8160571344196796,60098.20909565315,21.735294117647058
1791184085,1,POST,/api/playground/conversations,0.000000,0.000000,0,0,0,0,0,0,0,0,0,0,0,9,0,8,9.009629643211762,5.310514010488987,16.131214797496796,38.0
1791184085,1,POST,/api/playground/conversations/{conversation_id}/chat/sse,0.000000,0.000000,0,0,0,0,0,0,0,0,0,0,0,8,0,2,2.3425726685673,1.8160571344196796,3.44211608171463,0.0
1791184085,1,POST,/api/playground/conversations/{conversation_id}/chat/{chat_id}/attachment,0.000000,0.000000,0,0,0,0,0,0,0,0,0,0,0,9,0,68,66.15056361382206,46.66956188157201,80.21830301731825,26.0
1791184085,1,TXN,multimodal_e2e,0.000000,0.000000,0,0,0,0,0,0,0,0,0,0,0,8,0,760.0,15476.589480647817,368.1399757042527,60098.20909565315,20.375
1791184085,1,,Aggregated,0.000000,0.000000,0,0,0,0,0,0,0,0,0,0,0,34,0,16,3661.997004877776,1.8160571344196796,60098.20909565315,21.735294117647058
1791184086,1,POST,/api/playground/conversations,0.000000,0.000000,0,0,0,0,0,0,0,0,0,0,0,9,0,8,9.009629643211762,5.310514010488987,16.131214797496796,38.0
1791184086,1,POST,/api/playground/conversations/{conversation_id}/chat/sse,0.000000,0.000000,0,0,0,0,0,0,0,0,0,0,0,8,0,2,2.3425726685673,1.8160571344196796,3.44211608171463,0.0
1791184086,1,POST,/api/playground/conversations/{conversation_id}/chat/{chat_id}/attachment,0.000000,0.000000,0,0,0,0,0,0,0,0,0,0,0,9,0,68,66.15056361382206,46.66956188157201,80.21830301731825,26.0
1791184086,1,TXN,multimodal_e2e,0.000000,0.000000,0,0,0,0,0,0,0,0,0,0,0,8,0,760.0,15476.589480647817,368.1399757042527,60098.20909565315,20.375
1791184086,1,,Aggregated,0.000000,0.000000,0,0,0,0,0,0,0,0,0,0,0,34,0,16,3661.997004877776,1.8160571344196796,60098.20909565315,21.735294117647058
1791184087,1,POST,/api/playground/conversations,0.000000,0.000000,0,0,0,0,0,0,0,0,0,0,0,9,0,8,9.009629643211762,5.310514010488987,16.131214797496796,38.0
1791184087,1,POST,/api/playground/conversations/{conversation_id}/chat/sse,0.000000,0.000000,0,0,0,0,0,0,0,0,0,0,0,8,0,2,2.3425726685673,1.8160571344196796,3.44211608171463,0.0
1791184087,1,POST,/api/playground/conversations/{conversation_id}/chat/{chat_id}/attachment,0.000000,0.000000,0,0,0,0,0,0,0,0,0,0,0,9,0,68,66.15056361382206,46.66956188157201,80.21830301731825,26.0
1791184087,1,TXN,multimodal_e2e,0.000000,0.000000,0,0,0,0,0,0,0,0,0,0,0,8,0,760.0,15476.589480647817,368.1399757042527,60098.20909565315,20.375
1791184087,1,,Aggregated,0.000000,0.000000,0,0,0,0,0,0,0,0,0,0,0,34,0,16,3661.997004877776,1.8160571344196796,60098.20909565315,21.735294117647058
1791184088,1,POST,/api/playground/conversations,0.000000,0.000000,0,0,0,0,0,0,0,0,0,0,0,9,0,8,9.009629643211762,5.310514010488987,16.131214797496796,38.0
1791184088,1,POST,/api/playground/conversations/{conversation_id}/chat/sse,0.000000,0.000000,0,0,0,0,0,0,0,0,0,0,0,8,0,2,2.3425726685673,1.8160571344196796,3.44211608171463,0.0
1791184088,1,POST,/api/playground/conversations/{conversation_id}/chat/{chat_id}/attachment,0.000000,0.000000,0,0,0,0,0,0,0,0,0,0,0,9,0,68,66.15056361382206,46.66956188157201,80.21830301731825,26.0
1791184088,1,TXN,multimodal_e2e,0.000000,0.000000,0,0,0,0,0,0,0,0,0,0,0,8,0,760.0,15476.589480647817,368.1399757042527,60098.20909565315,20.375
1791184088,1,,Aggregated,0.000000,0.000000,0,0,0,0,0,0,0,0,0,0,0,34,0,16,3661.997004877776,1.8160571344196796,60098.20909565315,21.735294117647058
1791184089,1,POST,/api/playground/conversations,0.000000,0.000000,0,0,0,0,0,0,0,0,0,0,0,9,0,8,9.009629643211762,5.310514010488987,16.131214797496796,38.0
1791184089,1,POST,/api/playground/conversations/{conversation_id}/chat/sse,0.000000,0.000000,0,0,0,0,0,0,0,0,0,0,0,8,0,2,2.3425726685673,1.8160571344196796,3.44211608171463,0.0
1791184089,1,POST,/api/playground/conversations/{conversation_id}/chat/{chat_id}/attachment,0.000000,0.000000,0,0,0,0,0,0,0,0,0,0,0,9,0,68,66.15056361382206,46.66956188157201,80.21830301731825,26.0
1791184089,1,TXN,multimodal_e2e,0.000000,0.000000,0,0,0,0,0,0,0,0,0,0,0,8,0,760.0,15476.589480647817,368.1399757042527,60098.20909565315,20.375
1791184089,1,,Aggregated,0.000000,0.000000,0,0,0,0,0,0,0,0,0,0,0,34,0,16,3661.997004877776,1.8160571344196796,60098.20909565315,21.735294117647058
1791184090,1,POST,/api/playground/conversations,0.000000,0.000000,0,0,0,0,0,0,0,0,0,0,0,9,0,8,9.009629643211762,5.310514010488987,16.131214797496796,38.0
1791184090,1,POST,/api/playground/conversations/{conversation_id}/chat/sse,0.000000,0.000000,0,0,0,0,0,0,0,0,0,0,0,8,0,2,2.3425726685673,1.8160571344196796,3.44211608171463,0.0
1791184090,1,POST,/api/playground/conversations/{conversation_id}/chat/{chat_id}/attachment,0.000000,0.000000,0,0,0,0,0,0,0,0,0,0,0,9,0,68,66.15056361382206,46.66956188157201,80.21830301731825,26.0
1791184090,1,TXN,multimodal_e2e,0.000000,0.000000,0,0,0,0,0,0,0,0,0,0,0,8,0,760.0,15476.589480647817,368.1399757042527,60098.20909565315,20.375
1791184090,1,,Aggregated,0.000000,0.000000,0,0,0,0,0,0,0,0,0,0,0,34,0,16,3661.997004877776,1.8160571344196796,60098.20909565315,21.735294117647058
1791184091,1,POST,/api/playground/conversations,0.000000,0.000000,0,0,0,0,0,0,0,0,0,0,0,9,0,8,9.009629643211762,5.310514010488987,16.131214797496796,38.0
1791184091,1,POST,/api/playground/conversations/{conversation_id}/chat/sse,0.000000,0.000000,0,0,0,0,0,0,0,0,0,0,0,8,0,2,2.3425726685673,1.8160571344196796,3.44211608171463,0.0
1791184091,1,POST,/api/playground/conversations/{conversation_id}/chat/{chat_id}/attachment,0.000000,0.000000,0,0,0,0,0,0,0,0,0,0,0,9,0,68,66.15056361382206,46.66956188157201,80.21830301731825,26.0
1791184091,1,TXN,multimodal_e2e,0.000000,0.000000,0,0,0,0,0,0,0,0,0,0,0,8,0,760.0,15476.589480647817,368.1399757042527,60098.20909565315,20.375
1791184091,1,,Aggregated,0.000000,0.000000,0,0,0,0,0,0,0,0,0,0,0,34,0,16,3661.997004877776,1.8160571344196796,60098.20909565315,21.735294117647058
1791184092,1,POST,/api/playground/conversations,0.000000,0.000000,0,0,0,0,0,0,0,0,0,0,0,9,0,8,9.009629643211762,5.310514010488987,16.131214797496796,38.0
1791184092,1,POST,/api/playground/conversations/{conversation_id}/chat/sse,0.000000,0.000000,0,0,0,0,0,0,0,0,0,0,0,8,0,2,2.3425726685673,1.8160571344196796,3.44211608171463,0.0
1791184092,1,POST,/api/playground/conversations/{conversation_id}/chat/{chat_id}/attachment,0.000000,0.000000,0,0,0,0,0,0,0,0,0,0,0,9,0,68,66.15056361382206,46.66956188157201,80.21830301731825,26.0
1791184092,1,TXN,multimodal_e2e,0.000000,0.000000,0,0,0,0,0,0,0,0,0,0,0,8,0,760.0,15476.589480647817,368.1399757042527,60098.20909565315,20.375
1791184092,1,,Aggregated,0.000000,0.000000,0,0,0,0,0,0,0,0,0,0,0,34,0,16,3661.997004877776,1.8160571344196796,60098.20909565315,21.735294117647058
1791184093,1,POST,/api/playground/conversations,0.000000,0.000000,0,0,0,0,0,0,0,0,0,0,0,9,0,8,9.009629643211762,5.310514010488987,16.131214797496796,38.0
1791184093,1,POST,/api/playground/conversations/{conversation_id}/chat/sse,0.000000,0.000000,0,0,0,0,0,0,0,0,0,0,0,8,0,2,2.3425726685673,1.8160571344196796,3.44211608171463,0.0
1791184093,1,POST,/api/playground/conversations/{conversation_id}/chat/{chat_id}/attachment,0.000000,0.000000,0,0,0,0,0,0,0,0,0,0,0,9,0,68,66.15056361382206,46.66956188157201,80.21830301731825,26.0
1791184093,1,TXN,multimodal_e2e,0.000000,0.000000,0,0,0,0,0,0,0,0,0,0,0,8,0,760.0,15476.589480647817,368.1399757042527,60098.20909565315,20.375
1791184093,1,,Aggregated,0.000000,0.000000,0,0,0,0,0,0,0,0,0,0,0,34,0,16,3661.997004877776,1.8160571344196796,60098.20909565315,21.735294117647058
1791184094,1,POST,/api/playground/conversations,0.000000,0.000000,0,0,0,0,0,0,0,0,0,0,0,9,0,8,9.009629643211762,5.310514010488987,16.131214797496796,38.0
1791184094,1,POST,/api/playground/conversations/{conversation_id}/chat/sse,0.000000,0.000000,0,0,0,0,0,0,0,0,0,0,0,8,0,2,2.3425726685673,1.8160571344196796,3.44211608171463,0.0
1791184094,1,POST,/api/playground/conversations/{conversation_id}/chat/{chat_id}/attachment,0.000000,0.000000,0,0,0,0,0,0,0,0,0,0,0,9,0,68,66.15056361382206,46.66956188157201,80.21830301731825,26.0
1791184094,1,TXN,multimodal_e2e,0.000000,0.000000,0,0,0,0,0,0,0,0,0,0,0,8,0,760.0,15476.589480647817,368.1399757042527,60098.20909565315,20.375
1791184094,1,,Aggregated,0.000000,0.000000,0,0,0,0,0,0,0,0,0,0,0,34,0,16,3661.997004877776,1.8160571344196796,60098.20909565315,21.735294117647058
1791184095,1,POST,/api/playground/conversations,0.000000,0.000000,0,0,0,0,0,0,0,0,0,0,0,9,0,8,9.009629643211762,5.310514010488987,16.131214797496796,38.0
1791184095,1,POST,/api/playground/conversations/{conversation_id}/chat/sse,0.000000,0.000000,0,0,0,0,0,0,0,0,0,0,0,8,0,2,2.3425726685673,1.8160571344196796,3.44211608171463,0.0
1791184095,1,POST,/api/playground/conversations/{conversation_id}/chat/{chat_id}/attachment,0.000000,0.000000,0,0,0,0,0,0,0,0,0,0,0,9,0,68,66.15056361382206,46.66956188157201,80.21830301731825,26.0
1791184095,1,TXN,multimodal_e2e,0.000000,0.000000,0,0,0,0,0,0,0,0,0,0,0,8,0,760.0,15476.589480647817,368.1399757042527,60098.20909565315,20.375
1791184095,1,,Aggregated,0.000000,0.000000,0,0,0,0,0,0,0,0,0,0,0,34,0,16,3661.997004877776,1.8160571344196796,60098.20909565315,21.735294117647058
1791184096,1,POST,/api/playground/conversations,0.000000,0.000000,0,0,0,0,0,0,0,0,0,0,0,9,0,8,9.009629643211762,5.310514010488987,16.131214797496796,38.0
1791184096,1,POST,/api/playground/conversations/{conversation_id}/chat/sse,0.000000,0.000000,0,0,0,0,0,0,0,0,0,0,0,8,0,2,2.3425726685673,1.8160571344196796,3.44211608171463,0.0
1791184096,1,POST,/api/playground/conversations/{conversation_id}/chat/{chat_id}/attachment,0.000000,0.000000,0,0,0,0,0,0,0,0,0,0,0,9,0,68,66.15056361382206,46.66956188157201,80.21830301731825,26.0
1791184096,1,TXN,multimodal_e2e,0.000000,0.000000,0,0,0,0,0,0,0,0,0,0,0,8,0,760.0,15476.589480647817,368.1399757042527,60098.20909565315,20.375
1791184096,1,,Aggregated,0.000000,0.000000,0,0,0,0,0,0,0,0,0,0,0,34,0,16,3661.997004877776,1.8160571344196796,60098.20909565315,21.735294117647058
1791184097,1,POST,/api/playground/conversations,0.000000,0.000000,0,0,0,0,0,0,0,0,0,0,0,9,0,8,9.009629643211762,5.310514010488987,16.131214797496796,38.0
1791184097,1,POST,/api/playground/conversations/{conversation_id}/chat/sse,0.000000,0.000000,0,0,0,0,0,0,0,0,0,0,0,8,0,2,2.3425726685673,1.8160571344196796,3.44211608171463,0.0
1791184097,1,POST,/api/playground/conversations/{conversation_id}/chat/{chat_id}/attachment,0.000000,0.000000,0,0,0,0,0,0,0,0,0,0,0,9,0,68,66.15056361382206,46.66956188157201,80.21830301731825,26.0
1791184097,1,TXN,multimodal_e2e,0.000000,0.000000,0,0,0,0,0,0,0,0,0,0,0,8,0,760.0,15476.589480647817,368.1399757042527,60098.20909565315,20.375
1791184097,1,,Aggregated,0.000000,0.000000,0,0,0,0,0,0,0,0,0,0,0,34,0,16,3661.997004877776,1.8160571344196796,60098.20909565315,21.735294117647058
1791184098,1,POST,/api/playground/conversations,0.000000,0.000000,0,0,0,0,0,0,0,0,0,0,0,9,0,8,9.009629643211762,5.310514010488987,16.131214797496796,38.0
1791184098,1,POST,/api/playground/conversations/{conversation_id}/chat/sse,0.000000,0.000000,0,0,0,0,0,0,0,0,0,0,0,8,0,2,2.3425726685673,1.8160571344196796,3.44211608171463,0.0
1791184098,1,POST,/api/playground/conversations/{conversation_id}/chat/{chat_id}/attachment,0.000000,0.000000,0,0,0,0,0,0,0,0,0,0,0,9,0,68,66.15056361382206,46.66956188157201,80.21830301731825,26.0
1791184098,1,TXN,multimodal_e2e,0.000000,0.000000,0,0,0,0,0,0,0,0,0,0,0,8,0,760.0,15476.589480647817,368.1399757042527,60098.20909565315,20.375
1791184098,1,,Aggregated,0.000000,0.000000,0,0,0,0,0,0,0,0,0,0,0,34,0,16,3661.997004877776,1.8160571344196796,60098.20909565315,21.735294117647058
1791184099,1,POST,/api/playground/conversations,0.000000,0.000000,0,0,0,0,0,0,0,0,0,0,0,9,0,8,9.009629643211762,5.310514010488987,16.131214797496796,38.0
1791184099,1,POST,/api/playground/conversations/{conversation_id}/chat/sse,0.000000,0.000000,0,0,0,0,0,0,0,0,0,0,0,8,0,2,2.3425726685673,1.8160571344196796,3.44211608171463,0.0
1791184099,1,POST,/api/playground/conversations/{conversation_id}/chat/{chat_id}/attachment,0.000000,0.000000,0,0,0,0,0,0,0,0,0,0,0,9,0,68,66.15056361382206,46.66956188157201,80.21830301731825,26.0
1791184099,1,TXN,multimodal_e2e,0.000000,0.000000,0,0,0,0,0,0,0,0,0,0,0,8,0,760.0,15476.589480647817,368.1399757042527,60098.20909565315,20.375
1791184099,1,,Aggregated,0.000000,0.000000,0,0,0,0,0,0,0,0,0,0,0,34,0,16,3661.997004877776,1.8160571344196796,60098.20909565315,21.735294117647058
1791184100,1,POST,/api/playground/conversations,0.000000,0.000000,0,0,0,0,0,0,0,0,0,0,0,9,0,8,9.009629643211762,5.310514010488987,16.131214797496796,38.0
1791184100,1,POST,/api/playground/conversations/{conversation_id}/chat/sse,0.000000,0.000000,0,0,0,0,0,0,0,0,0,0,0,8,0,2,2.3425726685673,1.8160571344196796,3.44211608171463,0.0
1791184100,1,POST,/api/playground/conversations/{conversation_id}/chat/{chat_id}/attachment,0.000000,0.000000,0,0,0,0,0,0,0,0,0,0,0,9,0,68,66.15056361382206,46.66956188157201,80.21830301731825,26.0
1791184100,1,TXN,multimodal_e2e,0.000000,0.000000,0,0,0,0,0,0,0,0,0,0,0,8,0,760.0,15476.589480647817,368.1399757042527,60098.20909565315,20.375
1791184100,1,,Aggregated,0.000000,0.000000,0,0,0,0,0,0,0,0,0,0,0,34,0,16,3661.997004877776,1.8160571344196796,60098.20909565315,21.735294117647058
1791184101,1,POST,/api/playground/conversations,0.000000,0.000000,0,0,0,0,0,0,0,0,0,0,0,9,0,8,9.009629643211762,5.310514010488987,16.131214797496796,38.0
1791184101,1,POST,/api/playground/conversations/{conversation_id}/chat/sse,0.000000,0.000000,0,0,0,0,0,0,0,0,0,0,0,8,0,2,2.3425726685673,1.8160571344196796,3.44211608171463,0.0
1791184101,1,POST,/api/playground/conversations/{conversation_id}/chat/{chat_id}/attachment,0.000000,0.000000,0,0,0,0,0,0,0,0,0,0,0,9,0,68,66.15056361382206,46.66956188157201,80.21830301731825,26.0
1791184101,1,TXN,multimodal_e2e,0.000000,0.000000,0,0,0,0,0,0,0,0,0,0,0,8,0,760.0,15476.589480647817,368.1399757042527,60098.20909565315,20.375
1791184101,1,,Aggregated,0.000000,0.000000,0,0,0,0,0,0,0,0,0,0,0,34,0,16,3661.997004877776,1.8160571344196796,60098.20909565315,21.735294117647058
1791184102,1,POST,/api/playground/conversations,0.000000,0.000000,0,0,0,0,0,0,0,0,0,0,0,9,0,8,9.009629643211762,5.310514010488987,16.131214797496796,38.0
1791184102,1,POST,/api/playground/conversations/{conversation_id}/chat/sse,0.000000,0.000000,0,0,0,0,0,0,0,0,0,0,0,8,0,2,2.3425726685673,1.8160571344196796,3.44211608171463,0.0
1791184102,1,POST,/api/playground/conversations/{conversation_id}/chat/{chat_id}/attachment,0.000000,0.000000,0,0,0,0,0,0,0,0,0,0,0,9,0,68,66.15056361382206,46.66956188157201,80.21830301731825,26.0
1791184102,1,TXN,multimodal_e2e,0.000000,0.000000,0,0,0,0,0,0,0,0,0,0,0,8,0,760.0,15476.589480647817,368.1399757042527,60098.20909565315,20.375
1791184102,1,,Aggregated,0.000000,0.000000,0,0,0,0,0,0,0,0,0,0,0,34,0,16,3661.997004877776,1.8160571344196796,60098.20909565315,21.735294117647058
1791184103,1,POST,/api/playground/conversations,0.000000,0.000000,0,0,0,0,0,0,0,0,0,0,0,9,0,8,9.009629643211762,5.310514010488987,16.131214797496796,38.0
1791184103,1,POST,/api/playground/conversations/{conversation_id}/chat/sse,0.000000,0.000000,0,0,0,0,0,0,0,0,0,0,0,8,0,2,2.3425726685673,1.8160571344196796,3.44211608171463,0.0
1791184103,1,POST,/api/playground/conversations/{conversation_id}/chat/{chat_id}/attachment,0.000000,0.000000,0,0,0,0,0,0,0,0,0,0,0,9,0,68,66.15056361382206,46.66956188157201,80.21830301731825,26.0
1791184103,1,TXN,multimodal_e2e,0.000000,0.000000,0,0,0,0,0,0,0,0,0,0,0,8,0,760.0,15476.589480647817,368.1399757042527,60098.20909565315,20.375
1791184103,1,,Aggregated,0.000000,0.000000,0,0,0,0,0,0,0,0,0,0,0,34,0,16,3661.997004877776,1.8160571344196796,60098.20909565315,21.735294117647058
1791184104,1,POST,/api/playground/conversations,0.000000,0.000000,0,0,0,0,0,0,0,0,0,0,0,9,0,8,9.009629643211762,5.310514010488987,16.131214797496796,38.0
1791184104,1,POST,/api/playground/conversations/{conversation_id}/chat/sse,0.000000,0.000000,0,0,0,0,0,0,0,0,0,0,0,8,0,2,2.3425726685673,1.8160571344196796,3.44211608171463,0.0
1791184104,1,POST,/api/playground/conversations/{conversation_id}/chat/{chat_id}/attachment,0.000000,0.000000,0,0,0,0,0,0,0,0,0,0,0,9,0,68,66.15056361382206,46.66956188157201,80.21830301731825,26.0
1791184104,1,TXN,multimodal_e2e,0.000000,0.000000,0,0,0,0,0,0,0,0,0,0,0,8,0,760.0,15476.589480647817,368.1399757042527,60098.20909565315,20.375
1791184104,1,,Aggregated,0.000000,0.000000,0,0,0,0,0,0,0,0,0,0,0,34,0,16,3661.997004877776,1.8160571344196796,60098.20909565315,21.735294117647058
1791184105,1,POST,/api/playground/conversations,0.000000,0.000000,0,0,0,0,0,0,0,0,0,0,0,9,0,8,9.009629643211762,5.310514010488987,16.131214797496796,38.0
1791184105,1,POST,/api/playground/conversations/{conversation_id}/chat/sse,0.000000,0.000000,0,0,0,0,0,0,0,0,0,0,0,8,0,2,2.3425726685673,1.8160571344196796,3.44211608171463,0.0
1791184105,1,POST,/api/playground/conversations/{conversation_id}/chat/{chat_id}/attachment,0.000000,0.000000,0,0,0,0,0,0,0,0,0,0,0,9,0,68,66.15056361382206,46.66956188157201,80.21830301731825,26.0
1791184105,1,TXN,multimodal_e2e,0.000000,0.000000,0,0,0,0,0,0,0,0,0,0,0,8,0,760.0,15476.589480647817,368.1399757042527,60098.20909565315,20.375
1791184105,1,,Aggregated,0.000000,0.000000,0,0,0,0,0,0,0,0,0,0,0,34,0,16,3661.997004877776,1.8160571344196796,60098.20909565315,21.735294117647058
1791184106,1,POST,/api/playground/conversations,0.000000,0.000000,0,0,0,0,0,0,0,0,0,0,0,9,0,8,9.009629643211762,5.310514010488987,16.131214797496796,38.0
1791184106,1,POST,/api/playground/conversations/{conversation_id}/chat/sse,0.000000,0.000000,0,0,0,0,0,0,0,0,0,0,0,8,0,2,2.3425726685673,1.8160571344196796,3.44211608171463,0.0
1791184106,1,POST,/api/playground/conversations/{conversation_id}/chat/{chat_id}/attachment,0.000000,0.000000,0,0,0,0,0,0,0,0,0,0,0,9,0,68,66.15056361382206,46.66956188157201,80.21830301731825,26.0
1791184106,1,TXN,multimodal_e2e,0.000000,0.000000,0,0,0,0,0,0,0,0,0,0,0,8,0,760.0,15476.589480647817,368.1399757042527,60098.20909565315,20.375
1791184106,1,,Aggregated,0.000000,0.000000,0,0,0,0,0,0,0,0,0,0,0,34,0,16,3661.997004877776,1.8160571344196796,60098.20909565315,21.735294117647058
1791184107,1,POST,/api/playground/conversations,0.000000,0.000000,0,0,0,0,0,0,0,0,0,0,0,9,0,8,9.009629643211762,5.310514010488987,16.131214797496796,38.0
1791184107,1,POST,/api/playground/conversations/{conversation_id}/chat/sse,0.000000,0.000000,0,0,0,0,0,0,0,0,0,0,0,8,0,2,2.3425726685673,1.8160571344196796,3.44211608171463,0.0
1791184107,1,POST,/api/playground/conversations/{conversation_id}/chat/{chat_id}/attachment,0.000000,0.000000,0,0,0,0,0,0,0,0,0,0,0,9,0,68,66.15056361382206,46.66956188157201,80.21830301731825,26.0
1791184107,1,TXN,multimodal_e2e,0.000000,0.000000,0,0,0,0,0,0,0,0,0,0,0,8,0,760.0,15476.589480647817,368.1399757042527,60098.20909565315,20.375
1791184107,1,,Aggregated,0.000000,0.000000,0,0,0,0,0,0,0,0,0,0,0,34,0,16,3661.997004877776,1.8160571344196796,60098.20909565315,21.735294117647058
1791184108,1,POST,/api/playground/conversations,0.000000,0.000000,0,0,0,0,0,0,0,0,0,0,0,9,0,8,9.009629643211762,5.310514010488987,16.131214797496796,38.0
1791184108,1,POST,/api/playground/conversations/{conversation_id}/chat/sse,0.000000,0.000000,0,0,0,0,0,0,0,0,0,0,0,8,0,2,2.3425726685673,1.8160571344196796,3.44211608171463,0.0
1791184108,1,POST,/api/playground/conversations/{conversation_id}/chat/{chat_id}/attachment,0.000000,0.000000,0,0,0,0,0,0,0,0,0,0,0,9,0,68,66.15056361382206,46.66956188157201,80.21830301731825,26.0
1791184108,1,TXN,multimodal_e2e,0.000000,0.000000,0,0,0,0,0,0,0,0,0,0,0,8,0,760.0,15476.589480647817,368.1399757042527,60098.20909565315,20.375
1791184108,1,,Aggregated,0.000000,0.000000,0,0,0,0,0,0,0,0,0,0,0,34,0,16,3661.997004877776,1.8160571344196796,60098.20909565315,21.735294117647058
1791184109,1,POST,/api/playground/conversations,0.000000,0.000000,0,0,0,0,0,0,0,0,0,0,0,9,0,8,9.009629643211762,5.310514010488987,16.131214797496796,38.0
1791184109,1,POST,/api/playground/conversations/{conversation_id}/chat/sse,0.000000,0.000000,0,0,0,0,0,0,0,0,0,0,0,8,0,2,2.3425726685673,1.8160571344196796,3.44211608171463,0.0
1791184109,1,POST,/api/playground/conversations/{conversation_id}/chat/{chat_id}/attachment,0.000000,0.000000,0,0,0,0,0,0,0,0,0,0,0,9,0,68,66.15056361382206,46.66956188157201,80.21830301731825,26.0
1791184109,1,TXN,multimodal_e2e,0.000000,0.000000,0,0,0,0,0,0,0,0,0,0,0,8,0,760.0,15476.589480647817,368.1399757042527,60098.20909565315,20.375
1791184109,1,,Aggregated,0.000000,0.000000,0,0,0,0,0,0,0,0,0,0,0,34,0,16,3661.997004877776,1.8160571344196796,60098.20909565315,21.735294117647058
1791184110,1,POST,/api/playground/conversations,0.000000,0.000000,0,0,0,0,0,0,0,0,0,0,0,9,0,8,9.009629643211762,5.310514010488987,16.131214797496796,38.0
1791184110,1,POST,/api/playground/conversations/{conversation_id}/chat/sse,0.000000,0.000000,0,0,0,0,0,0,0,0,0,0,0,8,0,2,2.3425726685673,1.8160571344196796,3.44211608171463,0.0
1791184110,1,POST,/api/playground/conversations/{conversation_id}/chat/{chat_id}/attachment,0.000000,0.000000,0,0,0,0,0,0,0,0,0,0,0,9,0,68,66.15056361382206,46.66956188157201,80.21830301731825,26.0
1791184110,1,TXN,multimodal_e2e,0.000000,0.000000,0,0,0,0,0,0,0,0,0,0,0,8,0,760.0,15476.589480647817,368.1399757042527,60098.20909565315,20.375
1791184110,1,,Aggregated,0.000000,0.000000,0,0,0,0,0,0,0,0,0,0,0,34,0,16,3661.997004877776,1.8160571344196796,60098.20909565315,21.735294117647058
1791184111,1,POST,/api/playground/conversations,0.000000,0.000000,0,0,0,0,0,0,0,0,0,0,0,9,0,8,9.009629643211762,5.310514010488987,16.131214797496796,38.0
1791184111,1,POST,/api/playground/conversations/{conversation_id}/chat/sse,0.000000,0.000000,0,0,0,0,0,0,0,0,0,0,0,8,0,2,2.3425726685673,1.8160571344196796,3.44211608171463,0.0
1791184111,1,POST,/api/playground/conversations/{conversation_id}/chat/{chat_id}/attachment,0.000000,0.000000,0,0,0,0,0,0,0,0,0,0,0,9,0,68,66.15056361382206,46.66956188157201,80.21830301731825,26.0
1791184111,1,TXN,multimodal_e2e,0.000000,0.000000,0,0,0,0,0,0,0,0,0,0,0,8,0,760.0,15476.589480647817,368.1399757042527,60098.20909565315,20.375
1791184111,1,,Aggregated,0.000000,0.000000,0,0,0,0,0,0,0,0,0,0,0,34,0,16,3661.997004877776,1.8160571344196796,60098.20909565315,21.735294117647058
1791184112,1,POST,/api/playground/conversations,0.000000,0.000000,0,0,0,0,0,0,0,0,0,0,0,9,0,8,9.009629643211762,5.310514010488987,16.131214797496796,38.0
1791184112,1,POST,/api/playground/conversations/{conversation_id}/chat/sse,0.000000,0.000000,0,0,0,0,0,0,0,0,0,0,0,8,0,2,2.3425726685673,1.8160571344196796,3.44211608171463,0.0
1791184112,1,POST,/api/playground/conversations/{conversation_id}/chat/{chat_id}/attachment,0.000000,0.000000,0,0,0,0,0,0,0,0,0,0,0,9,0,68,66.15056361382206,46.66956188157201,80.21830301731825,26.0
1791184112,1,TXN,multimodal_e2e,0.000000,0.000000,0,0,0,0,0,0,0,0,0,0,0,8,0,760.0,15476.589480647817,368.1399757042527,60098.20909565315,20.375
1791184112,1,,Aggregated,0.000000,0.000000,0,0,0,0,0,0,0,0,0,0,0,34,0,16,3661.997004877776,1.8160571344196796,60098.20909565315,21.735294117647058
1791184113,1,POST,/api/playground/conversations,0.000000,0.000000,0,0,0,0,0,0,0,0,0,0,0,9,0,8,9.009629643211762,5.310514010488987,16.131214797496796,38.0
1791184113,1,POST,/api/playground/conversations/{conversation_id}/chat/sse,0.000000,0.000000,0,0,0,0,0,0,0,0,0,0,0,8,0,2,2.3425726685673,1.8160571344196796,3.44211608171463,0.0
1791184113,1,POST,/api/playground/conversations/{conversation_id}/chat/{chat_id}/attachment,0.000000,0.000000,0,0,0,0,0,0,0,0,0,0,0,9,0,68,66.15056361382206,46.66956188157201,80.21830301731825,26.0
1791184113,1,TXN,multimodal_e2e,0.000000,0.000000,0,0,0,0,0,0,0,0,0,0,0,8,0,760.0,15476.589480647817,368.1399757042527,60098.20909565315,20.375
1791184113,1,,Aggregated,0.000000,0.000000,0,0,0,0,0,0,0,0,0,0,0,34,0,16,3661.997004877776,1.8160571344196796,60098.20909565315,21.735294117647058
1791184114,1,POST,/api/playground/conversations,0.000000,0.000000,0,0,0,0,0,0,0,0,0,0,0,9,0,8,9.009629643211762,5.310514010488987,16.131214797496796,38.0
1791184114,1,POST,/api/playground/conversations/{conversation_id}/chat/sse,0.000000,0.000000,0,0,0,0,0,0,0,0,0,0,0,8,0,2,2.3425726685673,1.8160571344196796,3.44211608171463,0.0
1791184114,1,POST,/api/playground/conversations/{conversation_id}/chat/{chat_id}/attachment,0.000000,0.000000,0,0,0,0,0,0,0,0,0,0,0,9,0,68,66.15056361382206,46.66956188157201,80.21830301731825,26.0
1791184114,1,TXN,multimodal_e2e,0.000000,0.000000,0,0,0,0,0,0,0,0,0,0,0,8,0,760.0,15476.589480647817,368.1399757042527,60098.20909565315,20.375
1791184114,1,,Aggregated,0.000000,0.000000,0,0,0,0,0,0,0,0,0,0,0,34,0,16,3661.997004877776,1.8160571344196796,60098.20909565315,21.735294117647058
1791184115,1,POST,/api/playground/conversations,0.000000,0.000000,0,0,0,0,0,0,0,0,0,0,0,9,0,8,9.009629643211762,5.310514010488987,16.131214797496796,38.0
1791184115,1,POST,/api/playground/conversations/{conversation_id}/chat/sse,0.000000,0.000000,0,0,0,0,0,0,0,0,0,0,0,8,0,2,2.3425726685673,1.8160571344196796,3.44211608171463,0.0
1791184115,1,POST,/api/playground/conversations/{conversation_id}/chat/{chat_id}/attachment,0.000000,0.000000,0,0,0,0,0,0,0,0,0,0,0,9,0,68,66.15056361382206,46.66956188157201,80.21830301731825,26.0
1791184115,1,TXN,multimodal_e2e,0.000000,0.000000,0,0,0,0,0,0,0,0,0,0,0,8,0,760.0,15476.589480647817,368.1399757042527,60098.20909565315,20.375
1791184115,1,,Aggregated,0.000000,0.000000,0,0,0,0,0,0,0,0,0,0,0,34,0,16,3661.997004877776,1.8160571344196796,60098.20909565315,21.735294117647058
1791184116,1,POST,/api/playground/conversations,0.000000,0.000000,0,0,0,0,0,0,0,0,0,0,0,9,0,8,9.009629643211762,5.310514010488987,16.131214797496796,38.0
1791184116,1,POST,/api/playground/conversations/{conversation_id}/chat/sse,0.000000,0.000000,0,0,0,0,0,0,0,0,0,0,0,8,0,2,2.3425726685673,1.8160571344196796,3.44211608171463,0.0
1791184116,1,POST,/api/playground/conversations/{conversation_id}/chat/{chat_id}/attachment,0.000000,0.000000,0,0,0,0,0,0,0,0,0,0,0,9,0,68,66.15056361382206,46.66956188157201,80.21830301731825,26.0
1791184116,1,TXN,multimodal_e2e,0.000000,0.000000,0,0,0,0,0,0,0,0,0,0,0,8,0,760.0,15476.589480647817,368.1399757042527,60098.20909565315,20.375
1791184116,1,,Aggregated,0.000000,0.000000,0,0,0,0,0,0,0,0,0,0,0,34,0,16,3661.997004877776,1.8160571344196796,60098.20909565315,21.735294117647058
1791184117,1,POST,/api/playground/conversations,0.000000,0.000000,0,0,0,0,0,0,0,0,0,0,0,9,0,8,9.009629643211762,5.310514010488987,16.131214797496796,38.0
1791184117,1,POST,/api/playground/conversations/{conversation_id}/chat/sse,0.000000,0.000000,0,0,0,0,0,0,0,0,0,0,0,8,0,2,2.3425726685673,1.8160571344196796,3.44211608171463,0.0
1791184117,1,POST,/api/playground/conversations/{conversation_id}/chat/{chat_id}/attachment,0.000000,0.000000,0,0,0,0,0,0,0,0,0,0,0,9,0,68,66.15056361382206,46.66956188157201,80.21830301731825,26.0
1791184117,1,TXN,multimodal_e2e,0.000000,0.000000,0,0,0,0,0,0,0,0,0,0,0,8,0,760.0,15476.589480647817,368.1399757042527,60098.20909565315,20.375
1791184117,1,,Aggregated,0.000000,0.000000,0,0,0,0,0,0,0,0,0,0,0,34,0,16,3661.997004877776,1.8160571344196796,60098.20909565315,21.735294117647058
1791184118,1,POST,/api/playground/conversations,0.000000,0.000000,0,0,0,0,0,0,0,0,0,0,0,9,0,8,9.009629643211762,5.310514010488987,16.131214797496796,38.0
1791184118,1,POST,/api/playground/conversations/{conversation_id}/chat/sse,0.000000,0.000000,0,0,0,0,0,0,0,0,0,0,0,8,0,2,2.3425726685673,1.8160571344196796,3.44211608171463,0.0
1791184118,1,POST,/api/playground/conversations/{conversation_id}/chat/{chat_id}/attachment,0.000000,0.000000,0,0,0,0,0,0,0,0,0,0,0,9,0,68,66.15056361382206,46.66956188157201,80.21830301731825,26.0
1791184118,1,TXN,multimodal_e2e,0.000000,0.000000,0,0,0,0,0,0,0,0,0,0,0,8,0,760.0,15476.589480647817,368.1399757042527,60098.20909565315,20.375
1791184118,1,,Aggregated,0.000000,0.000000,0,0,0,0,0,0,0,0,0,0,0,34,0,16,3661.997004877776,1.8160571344196796,60098.20909565315,21.735294117647058
1791184119,1,POST,/api/playground/conversations,0.000000,0.000000,0,0,0,0,0,0,0,0,0,0,0,9,0,8,9.009629643211762,5.310514010488987,16.131214797496796,38.0
1791184119,1,POST,/api/playground/conversations/{conversation_id}/chat/sse,0.000000,0.000000,0,0,0,0,0,0,0,0,0,0,0,8,0,2,2.3425726685673,1.8160571344196796,3.44211608171463,0.0
1791184119,1,POST,/api/playground/conversations/{conversation_id}/chat/{chat_id}/attachment,0.000000,0.000000,0,0,0,0,0,0,0,0,0,0,0,9,0,68,66.15056361382206,46.66956188157201,80.21830301731825,26.0
1791184119,1,TXN,multimodal_e2e,0.000000,0.000000,0,0,0,0,0,0,0,0,0,0,0,8,0,760.0,15476.589480647817,368.1399757042527,60098.20909565315,20.375
1791184119,1,,Aggregated,0.000000,0.000000,0,0,0,0,0,0,0,0,0,0,0,34,0,16,3661.997004877776,1.8160571344196796,60098.20909565315,21.735294117647058
1791184120,1,POST,/api/playground/conversations,0.000000,0.000000,0,0,0,0,0,0,0,0,0,0,0,9,0,8,9.009629643211762,5.310514010488987,16.131214797496796,38.0
1791184120,1,POST,/api/playground/conversations/{conversation_id}/chat/sse,0.000000,0.000000,0,0,0,0,0,0,0,0,0,0,0,8,0,2,2.3425726685673,1.8160571344196796,3.44211608171463,0.0
1791184120,1,POST,/api/playground/conversations/{conversation_id}/chat/{chat_id}/attachment,0.000000,0.000000,0,0,0,0,0,0,0,0,0,0,0,9,0,68,66.15056361382206,46.66956188157201,80.21830301731825,26.0
1791184120,1,TXN,multimodal_e2e,0.000000,0.000000,0,0,0,0,0,0,0,0,0,0,0,8,0,760.0,15476.589480647817,368.1399757042527,60098.20909565315,20.375
1791184120,1,,Aggregated,0.000000,0.000000,0,0,0,0,0,0,0,0,0,0,0,34,0,16,3661.997004877776,1.8160571344196796,60098.20909565315,21.735294117647058
1791184121,1,POST,/api/playground/conversations,0.000000,0.000000,0,0,0,0,0,0,0,0,0,0,0,9,0,8,9.009629643211762,5.310514010488987,16.131214797496796,38.0
1791184121,1,POST,/api/playground/conversations/{conversation_id}/chat/sse,0.000000,0.000000,0,0,0,0,0,0,0,0,0,0,0,8,0,2,2.3425726685673,1.8160571344196796,3.44211608171463,0.0
1791184121,1,POST,/api/playground/conversations/{conversation_id}/chat/{chat_id}/attachment,0.000000,0.000000,0,0,0,0,0,0,0,0,0,0,0,9,0,68,66.15056361382206,46.66956188157201,80.21830301731825,26.0
1791184121,1,TXN,multimodal_e2e,0.000000,0.000000,0,0,0,0,0,0,0,0,0,0,0,8,0,760.0,15476.589480647817,368.1399757042527,60098.20909565315,20.375
1791184121,1,,Aggregated,0.000000,0.000000,0,0,0,0,0,0,0,0,0,0,0,34,0,16,3661.997004877776,1.8160571344196796,60098.20909565315,21.735294117647058
1791184122,1,POST,/api/playground/conversations,0.000000,0.000000,0,0,0,0,0,0,0,0,0,0,0,9,0,8,9.009629643211762,5.310514010488987,16.131214797496796,38.0
1791184122,1,POST,/api/playground/conversations/{conversation_id}/chat/sse,0.000000,0.000000,0,0,0,0,0,0,0,0,0,0,0,8,0,2,2.3425726685673,1.8160571344196796,3.44211608171463,0.0
1791184122,1,POST,/api/playground/conversations/{conversation_id}/chat/{chat_id}/attachment,0.000000,0.000000,0,0,0,0,0,0,0,0,0,0,0,9,0,68,66.15056361382206,46.66956188157201,80.21830301731825,26.0
1791184122,1,TXN,multimodal_e2e,0.000000,0.000000,0,0,0,0,0,0,0,0,0,0,0,8,0,760.0,15476.589480647817,368.1399757042527,60098.20909565315,20.375
1791184122,1,,Aggregated,0.000000,0.000000,0,0,0,0,0,0,0,0,0,0,0,34,0,16,3661.997004877776,1.8160571344196796,60098.20909565315,21.735294117647058
1791184123,1,POST,/api/playground/conversations,0.000000,0.000000,0,0,0,0,0,0,0,0,0,0,0,9,0,8,9.009629643211762,5.310514010488987,16.131214797496796,38.0
1791184123,1,POST,/api/playground/conversations/{conversation_id}/chat/sse,0.000000,0.000000,0,0,0,0,0,0,0,0,0,0,0,8,0,2,2.3425726685673,1.8160571344196796,3.44211608171463,0.0
1791184123,1,POST,/api/playground/conversations/{conversation_id}/chat/{chat_id}/attachment,0.000000,0.000000,0,0,0,0,0,0,0,0,0,0,0,9,0,68,66.15056361382206,46.66956188157201,80.21830301731825,26.0
1791184123,1,TXN,multimodal_e2e,0.000000,0.000000,0,0,0,0,0,0,0,0,0,0,0,8,0,760.0,15476.589480647817,368.1399757042527,60098.20909565315,20.375
1791184123,1,,Aggregated,0.000000,0.000000,0,0,0,0,0,0,0,0,0,0,0,34,0,16,3661.997004877776,1.8160571344196796,60098.20909565315,21.735294117647058
1791184124,1,POST,/api/playground/conversations,0.000000,0.000000,0,0,0,0,0,0,0,0,0,0,0,9,0,8,9.009629643211762,5.310514010488987,16.131214797496796,38.0
1791184124,1,POST,/api/playground/conversations/{conversation_id}/chat/sse,0.000000,0.000000,0,0,0,0,0,0,0,0,0,0,0,8,0,2,2.3425726685673,1.8160571344196796,3.44211608171463,0.0
1791184124,1,POST,/api/playground/conversations/{conversation_id}/chat/{chat_id}/attachment,0.000000,0.000000,0,0,0,0,0,0,0,0,0,0,0,9,0,68,66.15056361382206,46.66956188157201,80.21830301731825,26.0
1791184124,1,TXN,multimodal_e2e,0.000000,0.000000,0,0,0,0,0,0,0,0,0,0,0,8,0,760.0,15476.589480647817,368.1399757042527,60098.20909565315,20.375
1791184124,1,,Aggregated,0.000000,0.000000,0,0,0,0,0,0,0,0,0,0,0,34,0,16,3661.997004877776,1.8160571344196796,60098.20909565315,21.735294117647058
1791184125,1,POST,/api/playground/conversations,0.000000,0.000000,0,0,0,0,0,0,0,0,0,0,0,9,0,8,9.009629643211762,5.310514010488987,16.131214797496796,38.0
1791184125,1,POST,/api/playground/conversations/{conversation_id}/chat/sse,0.000000,0.000000,0,0,0,0,0,0,0,0,0,0,0,8,0,2,2.3425726685673,1.8160571344196796,3.44211608171463,0.0
1791184125,1,POST,/api/playground/conversations/{conversation_id}/chat/{chat_id}/attachment,0.000000,0.000000,0,0,0,0,0,0,0,0,0,0,0,9,0,68,66.15056361382206,46.66956188157201,80.21830301731825,26.0
1791184125,1,TXN,multimodal_e2e,0.000000,0.000000,0,0,0,0,0,0,0,0,0,0,0,8,0,760.0,15476.589480647817,368.1399757042527,60098.20909565315,20.375
1791184125,1,,Aggregated,0.000000,0.000000,0,0,0,0,0,0,0,0,0,0,0,34,0,16,3661.997004877776,1.8160571344196796,60098.20909565315,21.735294117647058
1791184126,1,POST,/api/playground/conversations,0.000000,0.000000,0,0,0,0,0,0,0,0,0,0,0,11,0,8,8.822168985551054,5.310514010488987,16.131214797496796,38.0
1791184126,1,POST,/api/playground/conversations/{conversation_id}/chat/sse,0.000000,0.000000,0,0,0,0,0,0,0,0,0,0,0,10,0,2,2.3324138950556517,1.8160571344196796,3.44211608171463,0.0
1791184126,1,POST,/api/playground/conversations/{conversation_id}/chat/{chat_id}/attachment,0.000000,0.000000,0,0,0,0,0,0,0,0,0,0,0,10,0,67,66.24102964997292,46.66956188157201,80.21830301731825,26.0
1791184126,1,TXN,multimodal_e2e,0.000000,0.000000,0,0,0,0,0,0,0,0,0,0,0,10,0,760.0,18426.705629006028,350.4378669895232,60103.90257788822,21.7
1791184126,1,,Aggregated,0.000000,0.000000,0,0,0,0,0,0,0,0,0,0,0,41,0,16,4513.4105996183325,1.8160571344196796,60103.90257788822,21.829268292682926
1791184127,1,POST,/api/playground/conversations,0.000000,0.000000,6,6,10,10,10,10,10,10,10,10,10,12,0,7,8.586450014263391,5.310514010488987,16.131214797496796,38.0
1791184127,1,POST,/api/playground/conversations/{conversation_id}/chat/sse,0.000000,0.000000,2,2,3,3,3,3,3,3,3,3,3,11,0,2,2.3245984603735534,1.8160571344196796,3.44211608171463,0.0
1791184127,1,POST,/api/playground/conversations/{conversation_id}/chat/{chat_id}/attachment,0.000000,0.000000,67,67,67,67,67,67,67,67,67,67,67,12,0,67,65.89455844368786,46.66956188157201,80.21830301731825,26.0
1791184127,1,TXN,multimodal_e2e,0.000000,0.000000,540,540,60000,60000,60000,60000,60000,60000,60000,60000,60000,11,0,760.0,16800.198836294425,350.4378669895232,60103.90257788822,21.545454545454547
1791184127,1,,Aggregated,0.000000,0.000000,61,67,350,350,540,60000,60000,60000,60000,60000,60000,46,0,16,4037.4245626912657,1.8160571344196796,60103.90257788822,21.847826086956523
1791184128,1,POST,/api/playground/conversations,0.000000,0.000000,6,6,10,10,10,10,10,10,10,10,10,12,0,7,8.586450014263391,5.310514010488987,16.131214797496796,38.0
1791184128,1,POST,/api/playground/conversations/{conversation_id}/chat/sse,0.000000,0.000000,2,2,3,3,3,3,3,3,3,3,3,11,0,2,2.3245984603735534,1.8160571344196796,3.44211608171463,0.0
1791184128,1,POST,/api/playground/conversations/{conversation_id}/chat/{chat_id}/attachment,0.000000,0.000000,67,67,67,67,67,67,67,67,67,67,67,12,0,67,65.89455844368786,46.66956188157201,80.21830301731825,26.0
1791184128,1,TXN,multimodal_e2e,0.000000,0.000000,540,540,60000,60000,60000,60000,60000,60000,60000,60000,60000,11,0,760.0,16800.198836294425,350.4378669895232,60103.90257788822,21.545454545454547
1791184128,1,,Aggregated,0.000000,0.000000,61,67,350,350,540,60000,60000,60000,60000,60000,60000,46,0,16,4037.4245626912657,1.8160571344196796,60103.90257788822,21.847826086956523
1791184129,1,POST,/api/playground/conversations,0.000000,0.000000,6,6,10,10,10,10,10,10,10,10,10,12,0,7,8.586450014263391,5.310514010488987,16.131214797496796,38.0
1791184129,1,POST,/api/playground/conversations/{conversation_id}/chat/sse,0.000000,0.000000,2,2,3,3,3,3,3,3,3,3,3,11,0,2,2.3245984603735534,1.8160571344196796,3.44211608171463,0.0
1791184129,1,POST,/api/playground/conversations/{conversation_id}/chat/{chat_id}/attachment,0.000000,0.000000,67,67,67,67,67,67,67,67,67,67,67,12,0,67,65.89455844368786,46.66956188157201,80.21830301731825,26.0
1791184129,1,TXN,multimodal_e2e,0.000000,0.000000,540,540,60000,60000,60000,60000,60000,60000,60000,60000,60000,11,0,760.0,16800.198836294425,350.4378669895232,60103.90257788822,21.545454545454547
1791184129,1,,Aggregated,0.000000,0.000000,61,67,350,350,540,60000,60000,60000,60000,60000,60000,46,0,16,4037.4245626912657,1.8160571344196796,60103.90257788822,21.847826086956523
1791184130,1,POST,/api/playground/conversations,0.000000,0.000000,6,6,10,10,10,10,10,10,10,10,10,12,0,7,8.586450014263391,5.310514010488987,16.131214797496796,38.0
1791184130,1,POST,/api/playground/conversations/{conversation_id}/chat/sse,0.000000,0.000000,2,2,3,3,3,3,3,3,3,3,3,11,0,2,2.3245984603735534,1.8160571344196796,3.44211608171463,0.0
1791184130,1,POST,/api/playground/conversations/{conversation_id}/chat/{chat_id}/attachment,0.000000,0.000000,67,67,67,67,67,67,67,67,67,67,67,12,0,67,65.89455844368786,46.66956188157201,80.21830301731825,26.0
1791184130,1,TXN,multimodal_e2e,0.000000,0.000000,540,540,60000,60000,60000,60000,60000,60000,60000,60000,60000,11,0,760.0,16800.198836294425,350.4378669895232,60103.90257788822,21.545454545454547
1791184130,1,,Aggregated,0.000000,0.000000,61,67,350,350,540,60000,60000,60000,60000,60000,60000,46,0,16,4037.4245626912657,1.8160571344196796,60103.90257788822,21.847826086956523
1791184131,1,POST,/api/playground/conversations,0.000000,0.000000,6,6,10,10,10,10,10,10,10,10,10,12,0,7,8.586450014263391,5.310514010488987,16.131214797496796,38.0
1791184131,1,POST,/api/playground/conversations/{conversation_id}/chat/sse,0.000000,0.000000,2,2,3,3,3,3,3,3,3,3,3,11,0,2,2.3245984603735534,1.8160571344196796,3.44211608171463,0.0
1791184131,1,POST,/api/playground/conversations/{conversation_id}/chat/{chat_id}/attachment,0.000000,0.000000,67,67,67,67,67,67,67,67,67,67,67,12,0,67,65.89455844368786,46.66956188157201,80.21830301731825,26.0
1791184131,1,TXN,multimodal_e2e,0.000000,0.000000,540,540,60000,60000,60000,60000,60000,60000,60000,60000,60000,11,0,760.0,16800.198836294425,350.4378669895232,60103.90257788822,21.545454545454547
1791184131,1,,Aggregated,0.000000,0.000000,61,67,350,350,540,60000,60000,60000,60000,60000,60000,46,0,16,4037.4245626912657,1.8160571344196796,60103.90257788822,21.847826086956523
1791184132,1,POST,/api/playground/conversations,0.000000,0.000000,6,6,10,10,10,10,10,10,10,10,10,12,0,7,8.586450014263391,5.310514010488987,16.131214797496796,38.0
1791184132,1,POST,/api/playground/conversations/{conversation_id}/chat/sse,0.000000,0.000000,2,2,3,3,3,3,3,3,3,3,3,11,0,2,2.3245984603735534,1.8160571344196796,3.44211608171463,0.0
1791184132,1,POST,/api/playground/conversations/{conversation_id}/chat/{chat_id}/attachment,0.000000,0.000000,67,67,67,67,67,67,67,67,67,67,67,12,0,67,65.89455844368786,46.66956188157201,80.21830301731825,26.0
1791184132,1,TXN,multimodal_e2e,0.000000,0.000000,540,540,60000,60000,60000,60000,60000,60000,60000,60000,60000,11,0,760.0,16800.198836294425,350.4378669895232,60103.90257788822,21.545454545454547
1791184132,1,,Aggregated,0.000000,0.000000,61,67,350,350,540,60000,60000,60000,60000,60000,60000,46,0,16,4037.4245626912657,1.8160571344196796,60103.90257788822,21.847826086956523
1791184133,1,POST,/api/playground/conversations,0.000000,0.000000,6,6,10,10,10,10,10,10,10,10,10,12,0,7,8.586450014263391,5.310514010488987,16.131214797496796,38.0
1791184133,1,POST,/api/playground/conversations/{conversation_id}/chat/sse,0.000000,0.000000,2,2,3,3,3,3,3,3,3,3,3,11,0,2,2.3245984603735534,1.8160571344196796,3.44211608171463,0.0
1791184133,1,POST,/api/playground/conversations/{conversation_id}/chat/{chat_id}/attachment,0.000000,0.000000,67,67,67,67,67,67,67,67,67,67,67,12,0,67,65.89455844368786,46.66956188157201,80.21830301731825,26.0
1791184133,1,TXN,multimodal_e2e,0.000000,0.000000,540,540,60000,60000,60000,60000,60000,60000,60000,60000,60000,11,0,760.0,16800.198836294425,350.4378669895232,60103.90257788822,21.545454545454547
1791184133,1,,Aggregated,0.000000,0.000000,61,67,350,350,540,60000,60000,60000,60000,60000,60000,46,0,16,4037.4245626912657,1.8160571344196796,60103.90257788822,21.847826086956523
1791184134,1,POST,/api/playground/conversations,0.000000,0.000000,6,6,10,10,10,10,10,10,10,10,10,12,0,7,8.586450014263391,5.310514010488987,16.131214797496796,38.0
1791184134,1,POST,/api/playground/conversations/{conversation_id}/chat/sse,0.000000,0.000000,2,2,3,3,3,3,3,3,3,3,3,11,0,2,2.3245984603735534,1.8160571344196796,3.44211608171463,0.0
1791184134,1,POST,/api/playground/conversations/{conversation_id}/chat/{chat_id}/attachment,0.000000,0.000000,67,67,67,67,67,67,67,67,67,67,67,12,0,67,65.89455844368786,46.66956188157201,80.21830301731825,26.0
1791184134,1,TXN,multimodal_e2e,0.000000,0.000000,540,540,60000,60000,60000,60000,60000,60000,60000,60000,60000,11,0,760.0,16800.198836294425,350.4378669895232,60103.90257788822,21.545454545454547
1791184134,1,,Aggregated,0.000000,0.000000,61,67,350,350,540,60000,60000,60000,60000,60000,60000,46,0,16,4037.4245626912657,1.8160571344196796,60103.90257788822,21.847826086956523
1791184135,1,POST,/api/playground/conversations,0.000000,0.000000,6,6,10,10,10,10,10,10,10,10,10,12,0,7,8.586450014263391,5.310514010488987,16.131214797496796,38.0
1791184135,1,POST,/api/playground/conversations/{conversation_id}/chat/sse,0.000000,0.000000,2,2,3,3,3,3,3,3,3,3,3,11,0,2,2.3245984603735534,1.8160571344196796,3.44211608171463,0.0
1791184135,1,POST,/api/playground/conversations/{conversation_id}/chat/{chat_id}/attachment,0.000000,0.000000,67,67,67,67,67,67,67,67,67,67,67,12,0,67,65.89455844368786,46.66956188157201,80.21830301731825,26.0
1791184135,1,TXN,multimodal_e2e,0.000000,0.000000,540,540,60000,60000,60000,60000,60000,60000,60000,60000,60000,11,0,760.0,16800.198836294425,350.4378669895232,60103.90257788822,21.545454545454547
1791184135,1,,Aggregated,0.000000,0.000000,61,67,350,350,540,60000,60000,60000,60000,60000,60000,46,0,16,4037.4245626912657,1.8160571344196796,60103.90257788822,21.847826086956523
1791184136,1,POST,/api/playground/conversations,0.000000,0.000000,6,6,6,6,6,6,6,6,6,6,6,12,0,7,8.586450014263391,5.310514010488987,16.131214797496796,38.0
1791184136,1,POST,/api/playground/conversations/{conversation_id}/chat/sse,0.000000,0.000000,2,2,2,2,2,2,2,2,2,2,2,11,0,2,2.3245984603735534,1.8160571344196796,3.44211608171463,0.0
1791184136,1,POST,/api/playground/conversations/{conversation_id}/chat/{chat_id}/attachment,0.000000,0.000000,67,67,67,67,67,67,67,67,67,67,67,12,0,67,65.89455844368786,46.66956188157201,80.21830301731825,26.0
1791184136,1,TXN,multimodal_e2e,0.000000,0.000000,540,540,540,540,540,540,540,540,540,540,540,11,0,760.0,16800.198836294425,350.4378669895232,60103.90257788822,21.545454545454547
1791184136,1,,Aggregated,0.000000,0.000000,67,67,540,540,540,540,540,540,540,540,540,46,0,16,4037.4245626912657,1.8160571344196796,60103.90257788822,21.847826086956523
1791184137,1,POST,/api/playground/conversations,0.000000,0.000000,6,6,6,6,6,6,6,6,6,6,6,12,0,7,8.586450014263391,5.310514010488987,16.131214797496796,38.0
1791184137,1,POST,/api/playground/conversations/{conversation_id}/chat/sse,0.000000,0.000000,2,2,2,2,2,2,2,2,2,2,2,11,0,2,2.3245984603735534,1.8160571344196796,3.44211608171463,0.0
1791184137,1,POST,/api/playground/conversations/{conversation_id}/chat/{chat_id}/attachment,0.000000,0.000000,67,67,67,67,67,67,67,67,67,67,67,12,0,67,65.89455844368786,46.66956188157201,80.21830301731825,26.0
1791184137,1,TXN,multimodal_e2e,0.000000,0.000000,540,540,540,540,540,540,540,540,540,540,540,11,0,760.0,16800.198836294425,350.4378669895232,60103.90257788822,21.545454545454547
1791184137,1,,Aggregated,0.000000,0.000000,67,67,540,540,540,540,540,540,540,540,540,46,0,16,4037.4245626912657,1.8160571344196796,60103.90257788822,21.847826086956523
1791184138,1,POST,/api/playground/conversations,0.000000,0.000000,6,6,6,6,6,6,6,6,6,6,6,12,0,7,8.586450014263391,5.310514010488987,16.131214797496796,38.0
1791184138,1,POST,/api/playground/conversations/{conversation_id}/chat/sse,0.000000,0.000000,2,2,2,2,2,2,2,2,2,2,2,11,0,2,2.3245984603735534,1.8160571344196796,3.44211608171463,0.0
1791184138,1,POST,/api/playground/conversations/{conversation_id}/chat/{chat_id}/attachment,0.000000,0.000000,67,67,67,67,67,67,67,67,67,67,67,12,0,67,65.89455844368786,46.66956188157201,80.21830301731825,26.0
1791184138,1,TXN,multimodal_e2e,0.000000,0.000000,540,540,540,540,540,540,540,540,540,540,540,11,0,760.0,16800.198836294425,350.4378669895232,60103.90257788822,21.545454545454547
1791184138,1,,Aggregated,0.000000,0.000000,67,67,540,540,540,540,540,540,540,540,540,46,0,16,4037.4245626912657,1.8160571344196796,60103.90257788822,21.847826086956523
1791184139,1,POST,/api/playground/conversations,0.000000,0.000000,6,6,6,6,6,6,6,6,6,6,6,12,0,7,8.586450014263391,5.310514010488987,16.131214797496796,38.0
1791184139,1,POST,/api/playground/conversations/{conversation_id}/chat/sse,0.000000,0.000000,2,2,2,2,2,2,2,2,2,2,2,11,0,2,2.3245984603735534,1.8160571344196796,3.44211608171463,0.0
1791184139,1,POST,/api/playground/conversations/{conversation_id}/chat/{chat_id}/attachment,0.000000,0.000000,67,67,67,67,67,67,67,67,67,67,67,12,0,67,65.89455844368786,46.66956188157201,80.21830301731825,26.0
1791184139,1,TXN,multimodal_e2e,0.000000,0.000000,540,540,540,540,540,540,540,540,540,540,540,11,0,760.0,16800.198836294425,350.4378669895232,60103.90257788822,21.545454545454547
1791184139,1,,Aggregated,0.000000,0.000000,67,67,540,540,540,540,540,540,540,540,540,46,0,16,4037.4245626912657,1.8160571344196796,60103.90257788822,21.847826086956523
1791184140,1,POST,/api/playground/conversations,0.000000,0.000000,6,6,6,6,6,6,6,6,6,6,6,12,0,7,8.586450014263391,5.310514010488987,16.131214797496796,38.0
1791184140,1,POST,/api/playground/conversations/{conversation_id}/chat/sse,0.000000,0.000000,2,2,2,2,2,2,2,2,2,2,2,11,0,2,2.3245984603735534,1.8160571344196796,3.44211608171463,0.0
1791184140,1,POST,/api/playground/conversations/{conversation_id}/chat/{chat_id}/attachment,0.000000,0.000000,67,67,67,67,67,67,67,67,67,67,67,12,0,67,65.89455844368786,46.66956188157201,80.21830301731825,26.0
1791184140,1,TXN,multimodal_e2e,0.000000,0.000000,540,540,540,540,540,540,540,540,540,540,540,11,0,760.0,16800.198836294425,350.4378669895232,60103.90257788822,21.545454545454547
1791184140,1,,Aggregated,0.000000,0.000000,67,67,540,540,540,540,540,540,540,540,540,46,0,16,4037.4245626912657,1.8160571344196796,60103.90257788822,21.847826086956523
1791184141,1,POST,/api/playground/conversations,0.000000,0.000000,6,6,6,6,6,6,6,6,6,6,6,12,0,7,8.586450014263391,5.310514010488987,16.131214797496796,38.0
1791184141,1,POST,/api/playground/conversations/{conversation_id}/chat/sse,0.000000,0.000000,2,2,2,2,2,2,2,2,2,2,2,11,0,2,2.3245984603735534,1.8160571344196796,3.44211608171463,0.0
1791184141,1,POST,/api/playground/conversations/{conversation_id}/chat/{chat_id}/attachment,0.000000,0.000000,67,67,67,67,67,67,67,67,67,67,67,12,0,67,65.89455844368786,46.66956188157201,80.21830301731825,26.0
1791184141,1,TXN,multimodal_e2e,0.000000,0.000000,540,540,540,540,540,540,540,540,540,540,540,11,0,760.0,16800.198836294425,350.4378669895232,60103.90257788822,21.545454545454547
1791184141,1,,Aggregated,0.000000,0.000000,67,67,540,540,540,540,540,540,540,540,540,46,0,16,4037.4245626912657,1.8160571344196796,60103.90257788822,21.847826086956523
1791184142,1,POST,/api/playground/conversations,0.000000,0.000000,6,6,6,6,6,6,6,6,6,6,6,12,0,7,8.586450014263391,5.310514010488987,16.131214797496796,38.0
1791184142,1,POST,/api/playground/conversations/{conversation_id}/chat/sse,0.000000,0.000000,2,2,2,2,2,2,2,2,2,2,2,11,0,2,2.3245984603735534,1.8160571344196796,3.44211608171463,0.0
1791184142,1,POST,/api/playground/conversations/{conversation_id}/chat/{chat_id}/attachment,0.000000,0.000000,67,67,67,67,67,67,67,67,67,67,67,12,0,67,65.89455844368786,46.66956188157201,80.21830301731825,26.0
1791184142,1,TXN,multimodal_e2e,0.000000,0.000000,540,540,540,540,540,540,540,540,540,540,540,11,0,760.0,16800.198836294425,350.4378669895232,60103.90257788822,21.545454545454547
1791184142,1,,Aggregated,0.000000,0.000000,67,67,540,540,540,540,540,540,540,540,540,46,0,16,4037.4245626912657,1.8160571344196796,60103.90257788822,21.847826086956523
1791184143,1,POST,/api/playground/conversations,0.000000,0.000000,6,6,6,6,6,6,6,6,6,6,6,12,0,7,8.586450014263391,5.310514010488987,16.131214797496796,38.0
1791184143,1,POST,/api/playground/conversations/{conversation_id}/chat/sse,0.000000,0.000000,2,2,2,2,2,2,2,2,2,2,2,11,0,2,2.3245984603735534,1.8160571344196796,3.44211608171463,0.0
1791184143,1,POST,/api/playground/conversations/{conversation_id}/chat/{chat_id}/attachment,0.000000,0.000000,67,67,67,67,67,67,67,67,67,67,67,12,0,67,65.89455844368786,46.66956188157201,80.21830301731825,26.0
1791184143,1,TXN,multimodal_e2e,0.000000,0.000000,540,540,540,540,540,540,540,540,540,540,540,11,0,760.0,16800.198836294425,350.4378669895232,60103.90257788822,21.545454545454547
1791184143,1,,Aggregated,0.000000,0.000000,67,67,540,540,540,540,540,540,540,540,540,46,0,16,4037.4245626912657,1.8160571344196796,60103.90257788822,21.847826086956523
1791184144,1,POST,/api/playground/conversations,0.000000,0.000000,6,6,6,6,6,6,6,6,6,6,6,12,0,7,8.586450014263391,5.310514010488987,16.131214797496796,38.0
1791184144,1,POST,/api/playground/conversations/{conversation_id}/chat/sse,0.000000,0.000000,2,2,2,2,2,2,2,2,2,2,2,11,0,2,2.3245984603735534,1.8160571344196796,3.44211608171463,0.0
1791184144,1,POST,/api/playground/conversations/{conversation_id}/chat/{chat_id}/attachment,0.000000,0.000000,67,67,67,67,67,67,67,67,67,67,67,12,0,67,65.89455844368786,46.66956188157201,80.21830301731825,26.0
1791184144,1,TXN,multimodal_e2e,0.000000,0.000000,540,540,540,540,540,540,540,540,540,540,540,11,0,760.0,16800.198836294425,350.4378669895232,60103.90257788822,21.545454545454547
1791184144,1,,Aggregated,0.000000,0.000000,67,67,540,540,540,540,540,540,540,540,540,46,0,16,4037.4245626912657,1.8160571344196796,60103.90257788822,21.847826086956523
1791184145,1,POST,/api/playground/conversations,0.000000,0.000000,0,0,0,0,0,0,0,0,0,0,0,12,0,7,8.586450014263391,5.310514010488987,16.131214797496796,38.0
1791184145,1,POST,/api/playground/conversations/{conversation_id}/chat/sse,0.000000,0.000000,0,0,0,0,0,0,0,0,0,0,0,11,0,2,2.3245984603735534,1.8160571344196796,3.44211608171463,0.0
1791184145,1,POST,/api/playground/conversations/{conversation_id}/chat/{chat_id}/attachment,0.000000,0.000000,0,0,0,0,0,0,0,0,0,0,0,12,0,67,65.89455844368786,46.66956188157201,80.21830301731825,26.0
1791184145,1,TXN,multimodal_e2e,0.000000,0.000000,0,0,0,0,0,0,0,0,0,0,0,11,0,760.0,16800.198836294425,350.4378669895232,60103.90257788822,21.545454545454547
1791184145,1,,Aggregated,0.000000,0.000000,0,0,0,0,0,0,0,0,0,0,0,46,0,16,4037.4245626912657,1.8160571344196796,60103.90257788822,21.847826086956523
1791184146,1,POST,/api/playground/conversations,0.000000,0.000000,0,0,0,0,0,0,0,0,0,0,0,12,0,7,8.586450014263391,5.310514010488987,16.131214797496796,38.0
1791184146,1,POST,/api/playground/conversations/{conversation_id}/chat/sse,0.000000,0.000000,0,0,0,0,0,0,0,0,0,0,0,11,0,2,2.3245984603735534,1.8160571344196796,3.44211608171463,0.0
1791184146,1,POST,/api/playground/conversations/{conversation_id}/chat/{chat_id}/attachment,0.000000,0.000000,0,0,0,0,0,0,0,0,0,0,0,12,0,67,65.89455844368786,46.66956188157201,80.21830301731825,26.0
1791184146,1,TXN,multimodal_e2e,0.000000,0.000000,0,0,0,0,0,0,0,0,0,0,0,11,0,760.0,16800.198836294425,350.4378669895232,60103.90257788822,21.545454545454547
1791184146,1,,Aggregated,0.000000,0.000000,0,0,0,0,0,0,0,0,0,0,0,46,0,16,4037.4245626912657,1.8160571344196796,60103.90257788822,21.847826086956523
1791184147,1,POST,/api/playground/conversations,0.000000,0.000000,0,0,0,0,0,0,0,0,0,0,0,12,0,7,8.586450014263391,5.310514010488987,16.131214797496796,38.0
1791184147,1,POST,/api/playground/conversations/{conversation_id}/chat/sse,0.000000,0.000000,0,0,0,0,0,0,0,0,0,0,0,11,0,2,2.3245984603735534,1.8160571344196796,3.44211608171463,0.0
1791184147,1,POST,/api/playground/conversations/{conversation_id}/chat/{chat_id}/attachment,0.000000,0.000000,0,0,0,0,0,0,0,0,0,0,0,12,0,67,65.89455844368786,46.66956188157201,80.21830301731825,26.0
1791184147,1,TXN,multimodal_e2e,0.000000,0.000000,0,0,0,0,0,0,0,0,0,0,0,11,0,760.0,16800.198836294425,350.4378669895232,60103.90257788822,21.545454545454547
1791184147,1,,Aggregated,0.000000,0.000000,0,0,0,0,0,0,0,0,0,0,0,46,0,16,4037.4245626912657,1.8160571344196796,60103.90257788822,21.847826086956523
1791184148,1,POST,/api/playground/conversations,0.000000,0.000000,0,0,0,0,0,0,0,0,0,0,0,12,0,7,8.586450014263391,5.310514010488987,16.131214797496796,38.0
1791184148,1,POST,/api/playground/conversations/{conversation_id}/chat/sse,0.000000,0.000000,0,0,0,0,0,0,0,0,0,0,0,11,0,2,2.3245984603735534,1.8160571344196796,3.44211608171463,0.0
1791184148,1,POST,/api/playground/conversations/{conversation_id}/chat/{chat_id}/attachment,0.000000,0.000000,0,0,0,0,0,0,0,0,0,0,0,12,0,67,65.89455844368786,46.66956188157201,80.21830301731825,26.0
1791184148,1,TXN,multimodal_e2e,0.000000,0.000000,0,0,0,0,0,0,0,0,0,0,0,11,0,760.0,16800.198836294425,350.4378669895232,60103.90257788822,21.545454545454547
1791184148,1,,Aggregated,0.000000,0.000000,0,0,0,0,0,0,0,0,0,0,0,46,0,16,4037.4245626912657,1.8160571344196796,60103.90257788822,21.847826086956523
1791184149,1,POST,/api/playground/conversations,0.000000,0.000000,0,0,0,0,0,0,0,0,0,0,0,12,0,7,8.586450014263391,5.310514010488987,16.131214797496796,38.0
1791184149,1,POST,/api/playground/conversations/{conversation_id}/chat/sse,0.000000,0.000000,0,0,0,0,0,0,0,0,0,0,0,11,0,2,2.3245984603735534,1.8160571344196796,3.44211608171463,0.0
1791184149,1,POST,/api/playground/conversations/{conversation_id}/chat/{chat_id}/attachment,0.000000,0.000000,0,0,0,0,0,0,0,0,0,0,0,12,0,67,65.89455844368786,46.66956188157201,80.21830301731825,26.0
1791184149,1,TXN,multimodal_e2e,0.000000,0.000000,0,0,0,0,0,0,0,0,0,0,0,11,0,760.0,16800.198836294425,350.4378669895232,60103.90257788822,21.545454545454547
1791184149,1,,Aggregated,0.000000,0.000000,0,0,0,0,0,0,0,0,0,0,0,46,0,16,4037.4245626912657,1.8160571344196796,60103.90257788822,21.847826086956523
1791184150,1,POST,/api/playground/conversations,0.000000,0.000000,0,0,0,0,0,0,0,0,0,0,0,12,0,7,8.586450014263391,5.310514010488987,16.131214797496796,38.0
1791184150,1,POST,/api/playground/conversations/{conversation_id}/chat/sse,0.000000,0.000000,0,0,0,0,0,0,0,0,0,0,0,11,0,2,2.3245984603735534,1.8160571344196796,3.44211608171463,0.0
1791184150,1,POST,/api/playground/conversations/{conversation_id}/chat/{chat_id}/attachment,0.000000,0.000000,0,0,0,0,0,0,0,0,0,0,0,12,0,67,65.89455844368786,46.66956188157201,80.21830301731825,26.0
1791184150,1,TXN,multimodal_e2e,0.000000,0.000000,0,0,0,0,0,0,0,0,0,0,0,11,0,760.0,16800.198836294425,350.4378669895232,60103.90257788822,21.545454545454547
1791184150,1,,Aggregated,0.000000,0.000000,0,0,0,0,0,0,0,0,0,0,0,46,0,16,4037.4245626912657,1.8160571344196796,60103.90257788822,21.847826086956523
1791184151,1,POST,/api/playground/conversations,0.000000,0.000000,0,0,0,0,0,0,0,0,0,0,0,12,0,7,8.586450014263391,5.310514010488987,16.131214797496796,38.0
1791184151,1,POST,/api/playground/conversations/{conversation_id}/chat/sse,0.000000,0.000000,0,0,0,0,0,0,0,0,0,0,0,11,0,2,2.3245984603735534,1.8160571344196796,3.44211608171463,0.0
1791184151,1,POST,/api/playground/conversations/{conversation_id}/chat/{chat_id}/attachment,0.000000,0.000000,0,0,0,0,0,0,0,0,0,0,0,12,0,67,65.89455844368786,46.66956188157201,80.21830301731825,26.0
1791184151,1,TXN,multimodal_e2e,0.000000,0.000000,0,0,0,0,0,0,0,0,0,0,0,11,0,760.0,16800.198836294425,350.4378669895232,60103.90257788822,21.545454545454547
1791184151,1,,Aggregated,0.000000,0.000000,0,0,0,0,0,0,0,0,0,0,0,46,0,16,4037.4245626912657,1.8160571344196796,60103.90257788822,21.847826086956523
1791184152,1,POST,/api/playground/conversations,0.000000,0.000000,0,0,0,0,0,0,0,0,0,0,0,12,0,7,8.586450014263391,5.310514010488987,16.131214797496796,38.0
1791184152,1,POST,/api/playground/conversations/{conversation_id}/chat/sse,0.000000,0.000000,0,0,0,0,0,0,0,0,0,0,0,11,0,2,2.3245984603735534,1.8160571344196796,3.44211608171463,0.0
1791184152,1,POST,/api/playground/conversations/{conversation_id}/chat/{chat_id}/attachment,0.000000,0.000000,0,0,0,0,0,0,0,0,0,0,0,12,0,67,65.89455844368786,46.66956188157201,80.21830301731825,26.0
1791184152,1,TXN,multimodal_e2e,0.000000,0.000000,0,0,0,0,0,0,0,0,0,0,0,11,0,760.0,16800.198836294425,350.4378669895232,60103.90257788822,21.545454545454547
1791184152,1,,Aggregated,0.000000,0.000000,0,0,0,0,0,0,0,0,0,0,0,46,0,16,4037.4245626912657,1.8160571344196796,60103.90257788822,21.847826086956523
1791184153,1,POST,/api/playground/conversations,0.000000,0.000000,0,0,0,0,0,0,0,0,0,0,0,12,0,7,8.586450014263391,5.310514010488987,16.131214797496796,38.0
1791184153,1,POST,/api/playground/conversations/{conversation_id}/chat/sse,0.000000,0.000000,0,0,0,0,0,0,0,0,0,0,0,11,0,2,2.3245984603735534,1.8160571344196796,3.44211608171463,0.0
1791184153,1,POST,/api/playground/conversations/{conversation_id}/chat/{chat_id}/attachment,0.000000,0.000000,0,0,0,0,0,0,0,0,0,0,0,12,0,67,65.89455844368786,46.66956188157201,80.21830301731825,26.0
1791184153,1,TXN,multimodal_e2e,0.000000,0.000000,0,0,0,0,0,0,0,0,0,0,0,11,0,760.0,16800.198836294425,350.4378669895232,60103.90257788822,21.545454545454547
1791184153,1,,Aggregated,0.000000,0.000000,0,0,0,0,0,0,0,0,0,0,0,46,0,16,4037.4245626912657,1.8160571344196796,60103.90257788822,21.847826086956523
1791184154,1,POST,/api/playground/conversations,0.000000,0.000000,0,0,0,0,0,0,0,0,0,0,0,12,0,7,8.586450014263391,5.310514010488987,16.131214797496796,38.0
1791184154,1,POST,/api/playground/conversations/{conversation_id}/chat/sse,0.000000,0.000000,0,0,0,0,0,0,0,0,0,0,0,11,0,2,2.3245984603735534,1.8160571344196796,3.44211608171463,0.0
1791184154,1,POST,/api/playground/conversations/{conversation_id}/chat/{chat_id}/attachment,0.000000,0.000000,0,0,0,0,0,0,0,0,0,0,0,12,0,67,65.89455844368786,46.66956188157201,80.21830301731825,26.0
1791184154,1,TXN,multimodal_e2e,0.000000,0.000000,0,0,0,0,0,0,0,0,0,0,0,11,0,760.0,16800.198836294425,350.4378669895232,60103.90257788822,21.545454545454547
1791184154,1,,Aggregated,0.000000,0.000000,0,0,0,0,0,0,0,0,0,0,0,46,0,16,4037.4245626912657,1.8160571344196796,60103.90257788822,21.847826086956523
1791184155,1,POST,/api/playground/conversations,0.000000,0.000000,0,0,0,0,0,0,0,0,0,0,0,12,0,7,8.586450014263391,5.310514010488987,16.131214797496796,38.0
1791184155,1,POST,/api/playground/conversations/{conversation_id}/chat/sse,0.000000,0.000000,0,0,0,0,0,0,0,0,0,0,0,11,0,2,2.3245984603735534,1.8160571344196796,3.44211608171463,0.0
1791184155,1,POST,/api/playground/conversations/{conversation_id}/chat/{chat_id}/attachment,0.000000,0.000000,0,0,0,0,0,0,0,0,0,0,0,12,0,67,65.89455844368786,46.66956188157201,80.21830301731825,26.0
1791184155,1,TXN,multimodal_e2e,0.000000,0.000000,0,0,0,0,0,0,0,0,0,0,0,11,0,760.0,16800.198836294425,350.4378669895232,60103.90257788822,21.545454545454547
1791184155,1,,Aggregated,0.000000,0.000000,0,0,0,0,0,0,0,0,0,0,0,46,0,16,4037.4245626912657,1.8160571344196796,60103.90257788822,21.847826086956523
1791184156,1,POST,/api/playground/conversations,0.000000,0.000000,0,0,0,0,0,0,0,0,0,0,0,12,0,7,8.586450014263391,5.310514010488987,16.131214797496796,38.0
1791184156,1,POST,/api/playground/conversations/{conversation_id}/chat/sse,0.000000,0.000000,0,0,0,0,0,0,0,0,0,0,0,11,0,2,2.3245984603735534,1.8160571344196796,3.44211608171463,0.0
1791184156,1,POST,/api/playground/conversations/{conversation_id}/chat/{chat_id}/attachment,0.000000,0.000000,0,0,0,0,0,0,0,0,0,0,0,12,0,67,65.89455844368786,46.66956188157201,80.21830301731825,26.0
1791184156,1,TXN,multimodal_e2e,0.000000,0.000000,0,0,0,0,0,0,0,0,0,0,0,11,0,760.0,16800.198836294425,350.4378669895232,60103.90257788822,21.545454545454547
1791184156,1,,Aggregated,0.000000,0.000000,0,0,0,0,0,0,0,0,0,0,0,46,0,16,4037.4245626912657,1.8160571344196796,60103.90257788822,21.847826086956523
1791184157,1,POST,/api/playground/conversations,0.000000,0.000000,0,0,0,0,0,0,0,0,0,0,0,12,0,7,8.586450014263391,5.310514010488987,16.131214797496796,38.0
1791184157,1,POST,/api/playground/conversations/{conversation_id}/chat/sse,0.000000,0.000000,0,0,0,0,0,0,0,0,0,0,0,11,0,2,2.3245984603735534,1.8160571344196796,3.44211608171463,0.0
1791184157,1,POST,/api/playground/conversations/{conversation_id}/chat/{chat_id}/attachment,0.000000,0.000000,0,0,0,0,0,0,0,0,0,0,0,12,0,67,65.89455844368786,46.66956188157201,80.21830301731825,26.0
1791184157,1,TXN,multimodal_e2e,0.000000,0.000000,0,0,0,0,0,0,0,0,0,0,0,11,0,760.0,16800.198836294425,350.4378669895232,60103.90257788822,21.545454545454547
1791184157,1,,Aggregated,0.000000,0.000000,0,0,0,0,0,0,0,0,0,0,0,46,0,16,4037.4245626912657,1.8160571344196796,60103.90257788822,21.847826086956523
1791184158,1,POST,/api/playground/conversations,0.000000,0.000000,0,0,0,0,0,0,0,0,0,0,0,12,0,7,8.586450014263391,5.310514010488987,16.131214797496796,38.0
1791184158,1,POST,/api/playground/conversations/{conversation_id}/chat/sse,0.000000,0.000000,0,0,0,0,0,0,0,0,0,0,0,11,0,2,2.3245984603735534,1.8160571344196796,3.44211608171463,0.0
1791184158,1,POST,/api/playground/conversations/{conversation_id}/chat/{chat_id}/attachment,0.000000,0.000000,0,0,0,0,0,0,0,0,0,0,0,12,0,67,65.89455844368786,46.66956188157201,80.21830301731825,26.0
1791184158,1,TXN,multimodal_e2e,0.000000,0.000000,0,0,0,0,0,0,0,0,0,0,0,11,0,760.0,16800.198836294425,350.4378669895232,60103.90257788822,21.545454545454547
1791184158,1,,Aggregated,0.000000,0.000000,0,0,0,0,0,0,0,0,0,0,0,46,0,16,4037.4245626912657,1.8160571344196796,60103.90257788822,21.847826086956523
1791184159,1,POST,/api/playground/conversations,0.000000,0.000000,0,0,0,0,0,0,0,0,0,0,0,12,0,7,8.586450014263391,5.310514010488987,16.131214797496796,38.0
1791184159,1,POST,/api/playground/conversations/{conversation_id}/chat/sse,0.000000,0.000000,0,0,0,0,0,0,0,0,0,0,0,11,0,2,2.3245984603735534,1.8160571344196796,3.44211608171463,0.0
1791184159,1,POST,/api/playground/conversations/{conversation_id}/chat/{chat_id}/attachment,0.000000,0.000000,0,0,0,0,0,0,0,0,0,0,0,12,0,67,65.89455844368786,46.66956188157201,80.21830301731825,26.0
1791184159,1,TXN,multimodal_e2e,0.000000,0.000000,0,0,0,0,0,0,0,0,0,0,0,11,0,760.0,16800.198836294425,350.4378669895232,60103.90257788822,21.545454545454547
1791184159,1,,Aggregated,0.000000,0.000000,0,0,0,0,0,0,0,0,0,0,0,46,0,16,4037.4245626912657,1.8160571344196796,60103.90257788822,21.847826086956523
1791184160,1,POST,/api/playground/conversations,0.000000,0.000000,0,0,0,0,0,0,0,0,0,0,0,12,0,7,8.586450014263391,5.310514010488987,16.131214797496796,38.0
1791184160,1,POST,/api/playground/conversations/{conversation_id}/chat/sse,0.000000,0.000000,0,0,0,0,0,0,0,0,0,0,0,11,0,2,2.3245984603735534,1.8160571344196796,3.44211608171463,0.0
1791184160,1,POST,/api/playground/conversations/{conversation_id}/chat/{chat_id}/attachment,0.000000,0.000000,0,0,0,0,0,0,0,0,0,0,0,12,0,67,65.89455844368786,46.66956188157201,80.21830301731825,26.0
1791184160,1,TXN,multimodal_e2e,0.000000,0.000000,0,0,0,0,0,0,0,0,0,0,0,11,0,760.0,16800.198836294425,350.4378669895232,60103.90257788822,21.545454545454547
1791184160,1,,Aggregated,0.000000,0.000000,0,0,0,0,0,0,0,0,0,0,0,46,0,16,4037.4245626912657,1.8160571344196796,60103.90257788822,21.847826086956523
1791184161,1,POST,/api/playground/conversations,0.000000,0.000000,0,0,0,0,0,0,0,0,0,0,0,12,0,7,8.586450014263391,5.310514010488987,16.131214797496796,38.0
1791184161,1,POST,/api/playground/conversations/{conversation_id}/chat/sse,0.000000,0.000000,0,0,0,0,0,0,0,0,0,0,0,11,0,2,2.3245984603735534,1.8160571344196796,3.44211608171463,0.0
1791184161,1,POST,/api/playground/conversations/{conversation_id}/chat/{chat_id}/attachment,0.000000,0.000000,0,0,0,0,0,0,0,0,0,0,0,12,0,67,65.89455844368786,46.66956188157201,80.21830301731825,26.0
1791184161,1,TXN,multimodal_e2e,0.000000,0.000000,0,0,0,0,0,0,0,0,0,0,0,11,0,760.0,16800.198836294425,350.4378669895232,60103.90257788822,21.545454545454547
1791184161,1,,Aggregated,0.000000,0.000000,0,0,0,0,0,0,0,0,0,0,0,46,0,16,4037.4245626912657,1.8160571344196796,60103.90257788822,21.847826086956523
1791184162,1,POST,/api/playground/conversations,0.000000,0.000000,0,0,0,0,0,0,0,0,0,0,0,12,0,7,8.586450014263391,5.310514010488987,16.131214797496796,38.0
1791184162,1,POST,/api/playground/conversations/{conversation_id}/chat/sse,0.000000,0.000000,0,0,0,0,0,0,0,0,0,0,0,11,0,2,2.3245984603735534,1.8160571344196796,3.44211608171463,0.0
1791184162,1,POST,/api/playground/conversations/{conversation_id}/chat/{chat_id}/attachment,0.000000,0.000000,0,0,0,0,0,0,0,0,0,0,0,12,0,67,65.89455844368786,46.66956188157201,80.21830301731825,26.0
1791184162,1,TXN,multimodal_e2e,0.000000,0.000000,0,0,0,0,0,0,0,0,0,0,0,11,0,760.0,16800.198836294425,350.4378669895232,60103.90257788822,21.545454545454547
1791184162,1,,Aggregated,0.000000,0.000000,0,0,0,0,0,0,0,0,0,0,0,46,0,16,4037.4245626912657,1.8160571344196796,60103.90257788822,21.847826086956523
1791184163,1,POST,/api/playground/conversations,0.000000,0.000000,0,0,0,0,0,0,0,0,0,0,0,12,0,7,8.586450014263391,5.310514010488987,16.131214797496796,38.0
1791184163,1,POST,/api/playground/conversations/{conversation_id}/chat/sse,0.000000,0.000000,0,0,0,0,0,0,0,0,0,0,0,11,0,2,2.3245984603735534,1.8160571344196796,3.44211608171463,0.0
1791184163,1,POST,/api/playground/conversations/{conversation_id}/chat/{chat_id}/attachment,0.000000,0.000000,0,0,0,0,0,0,0,0,0,0,0,12,0,67,65.89455844368786,46.66956188157201,80.21830301731825,26.0
1791184163,1,TXN,multimodal_e2e,0.000000,0.000000,0,0,0,0,0,0,0,0,0,0,0,11,0,760.0,16800.198836294425,350.4378669895232,60103.90257788822,21.545454545454547
1791184163,1,,Aggregated,0.000000,0.000000,0,0,0,0,0,0,0,0,0,0,0,46,0,16,4037.4245626912657,1.8160571344196796,60103.90257788822,21.847826086956523
1791184164,1,POST,/api/playground/conversations,0.000000,0.000000,0,0,0,0,0,0,0,0,0,0,0,12,0,7,8.586450014263391,5.310514010488987,16.131214797496796,38.0
1791184164,1,POST,/api/playground/conversations/{conversation_id}/chat/sse,0.000000,0.000000,0,0,0,0,0,0,0,0,0,0,0,11,0,2,2.3245984603735534,1.8160571344196796,3.44211608171463,0.0
1791184164,1,POST,/api/playground/conversations/{conversation_id}/chat/{chat_id}/attachment,0.000000,0.000000,0,0,0,0,0,0,0,0,0,0,0,12,0,67,65.89455844368786,46.66956188157201,80.21830301731825,26.0
1791184164,1,TXN,multimodal_e2e,0.000000,0.000000,0,0,0,0,0,0,0,0,0,0,0,11,0,760.0,16800.198836294425,350.4378669895232,60103.90257788822,21.545454545454547
1791184164,1,,Aggregated,0.000000,0.000000,0,0,0,0,0,0,0,0,0,0,0,46,0,16,4037.4245626912657,1.8160571344196796,60103.90257788822,21.847826086956523
1791184165,1,POST,/api/playground/conversations,0.000000,0.000000,0,0,0,0,0,0,0,0,0,0,0,12,0,7,8.586450014263391,5.310514010488987,16.131214797496796,38.0
1791184165,1,POST,/api/playground/conversations/{conversation_id}/chat/sse,0.000000,0.000000,0,0,0,0,0,0,0,0,0,0,0,11,0,2,2.3245984603735534,1.8160571344196796,3.44211608171463,0.0
1791184165,1,POST,/api/playground/conversations/{conversation_id}/chat/{chat_id}/attachment,0.000000,0.000000,0,0,0,0,0,0,0,0,0,0,0,12,0,67,65.89455844368786,46.66956188157201,80.21830301731825,26.0
1791184165,1,TXN,multimodal_e2e,0.000000,0.000000,0,0,0,0,0,0,0,0,0,0,0,11,0,760.0,16800.198836294425,350.4378669895232,60103.90257788822,21.545454545454547
1791184165,1,,Aggregated,0.000000,0.000000,0,0,0,0,0,0,0,0,0,0,0,46,0,16,4037.4245626912657,1.8160571344196796,60103.90257788822,21.847826086956523
1791184166,1,POST,/api/playground/conversations,0.000000,0.000000,0,0,0,0,0,0,0,0,0,0,0,12,0,7,8.586450014263391,5.310514010488987,16.131214797496796,38.0
1791184166,1,POST,/api/playground/conversations/{conversation_id}/chat/sse,0.000000,0.000000,0,0,0,0,0,0,0,0,0,0,0,11,0,2,2.3245984603735534,1.8160571344196796,3.44211608171463,0.0
1791184166,1,POST,/api/playground/conversations/{conversation_id}/chat/{chat_id}/attachment,0.000000,0.000000,0,0,0,0,0,0,0,0,0,0,0,12,0,67,65.89455844368786,46.66956188157201,80.21830301731825,26.0
1791184166,1,TXN,multimodal_e2e,0.000000,0.000000,0,0,0,0,0,0,0,0,0,0,0,11,0,760.0,16800.198836294425,350.4378669895232,60103.90257788822,21.545454545454547
1791184166,1,,Aggregated,0.000000,0.000000,0,0,0,0,0,0,0,0,0,0,0,46,0,16,4037.4245626912657,1.8160571344196796,60103.90257788822,21.847826086956523
1791184167,1,POST,/api/playground/conversations,0.000000,0.000000,0,0,0,0,0,0,0,0,0,0,0,12,0,7,8.586450014263391,5.310514010488987,16.131214797496796,38.0
1791184167,1,POST,/api/playground/conversations/{conversation_id}/chat/sse,0.000000,0.000000,0,0,0,0,0,0,0,0,0,0,0,11,0,2,2.3245984603735534,1.8160571344196796,3.44211608171463,0.0
1791184167,1,POST,/api/playground/conversations/{conversation_id}/chat/{chat_id}/attachment,0.000000,0.000000,0,0,0,0,0,0,0,0,0,0,0,12,0,67,65.89455844368786,46.66956188157201,80.21830301731825,26.0
1791184167,1,TXN,multimodal_e2e,0.000000,0.000000,0,0,0,0,0,0,0,0,0,0,0,11,0,760.0,16800.198836294425,350.4378669895232,60103.90257788822,21.545454545454547
1791184167,1,,Aggregated,0.000000,0.000000,0,0,0,0,0,0,0,0,0,0,0,46,0,16,4037.4245626912657,1.8160571344196796,60103.90257788822,21.847826086956523
1791184168,1,POST,/api/playground/conversations,0.000000,0.000000,0,0,0,0,0,0,0,0,0,0,0,12,0,7,8.586450014263391,5.310514010488987,16.131214797496796,38.0
1791184168,1,POST,/api/playground/conversations/{conversation_id}/chat/sse,0.000000,0.000000,0,0,0,0,0,0,0,0,0,0,0,11,0,2,2.3245984603735534,1.8160571344196796,3.44211608171463,0.0
1791184168,1,POST,/api/playground/conversations/{conversation_id}/chat/{chat_id}/attachment,0.000000,0.000000,0,0,0,0,0,0,0,0,0,0,0,12,0,67,65.89455844368786,46.66956188157201,80.21830301731825,26.0
1791184168,1,TXN,multimodal_e2e,0.000000,0.000000,0,0,0,0,0,0,0,0,0,0,0,11,0,760.0,16800.198836294425,350.4378669895232,60103.90257788822,21.545454545454547
1791184168,1,,Aggregated,0.000000,0.000000,0,0,0,0,0,0,0,0,0,0,0,46,0,16,4037.4245626912657,1.8160571344196796,60103.90257788822,21.847826086956523
1791184169,1,POST,/api/playground/conversations,0.000000,0.000000,0,0,0,0,0,0,0,0,0,0,0,12,0,7,8.586450014263391,5.310514010488987,16.131214797496796,38.0
1791184169,1,POST,/api/playground/conversations/{conversation_id}/chat/sse,0.000000,0.000000,0,0,0,0,0,0,0,0,0,0,0,11,0,2,2.3245984603735534,1.8160571344196796,3.44211608171463,0.0
1791184169,1,POST,/api/playground/conversations/{conversation_id}/chat/{chat_id}/attachment,0.000000,0.000000,0,0,0,0,0,0,0,0,0,0,0,12,0,67,65.89455844368786,46.66956188157201,80.21830301731825,26.0
1791184169,1,TXN,multimodal_e2e,0.000000,0.000000,0,0,0,0,0,0,0,0,0,0,0,11,0,760.0,16800.198836294425,350.4378669895232,60103.90257788822,21.545454545454547
1791184169,1,,Aggregated,0.000000,0.000000,0,0,0,0,0,0,0,0,0,0,0,46,0,16,4037.4245626912657,1.8160571344196796,60103.90257788822,21.847826086956523
1791184170,1,POST,/api/playground/conversations,0.000000,0.000000,0,0,0,0,0,0,0,0,0,0,0,12,0,7,8.586450014263391,5.310514010488987,16.131214797496796,38.0
1791184170,1,POST,/api/playground/conversations/{conversation_id}/chat/sse,0.000000,0.000000,0,0,0,0,0,0,0,0,0,0,0,11,0,2,2.3245984603735534,1.8160571344196796,3.44211608171463,0.0
1791184170,1,POST,/api/playground/conversations/{conversation_id}/chat/{chat_id}/attachment,0.000000,0.000000,0,0,0,0,0,0,0,0,0,0,0,12,0,67,65.89455844368786,46.66956188157201,80.21830301731825,26.0
1791184170,1,TXN,multimodal_e2e,0.000000,0.000000,0,0,0,0,0,0,0,0,0,0,0,11,0,760.0,16800.198836294425,350.4378669895232,60103.90257788822,21.545454545454547
1791184170,1,,Aggregated,0.000000,0.000000,0,0,0,0,0,0,0,0,0,0,0,46,0,16,4037.4245626912657,1.8160571344196796,60103.90257788822,21.847826086956523
1791184171,1,POST,/api/playground/conversations,0.000000,0.000000,0,0,0,0,0,0,0,0,0,0,0,12,0,7,8.586450014263391,5.310514010488987,16.131214797496796,38.0
1791184171,1,POST,/api/playground/conversations/{conversation_id}/chat/sse,0.000000,0.000000,0,0,0,0,0,0,0,0,0,0,0,11,0,2,2.3245984603735534,1.8160571344196796,3.44211608171463,0.0
1791184171,1,POST,/api/playground/conversations/{conversation_id}/chat/{chat_id}/attachment,0.000000,0.000000,0,0,0,0,0,0,0,0,0,0,0,12,0,67,65.89455844368786,46.66956188157201,80.21830301731825,26.0
1791184171,1,TXN,multimodal_e2e,0.000000,0.000000,0,0,0,0,0,0,0,0,0,0,0,11,0,760.0,16800.198836294425,350.4378669895232,60103.90257788822,21.545454545454547
1791184171,1,,Aggregated,0.000000,0.000000,0,0,0,0,0,0,0,0,0,0,0,46,0,16,4037.4245626912657,1.8160571344196796,60103.90257788822,21.847826086956523
1791184172,1,POST,/api/playground/conversations,0.000000,0.000000,0,0,0,0,0,0,0,0,0,0,0,12,0,7,8.586450014263391,5.310514010488987,16.131214797496796,38.0
1791184172,1,POST,/api/playground/conversations/{conversation_id}/chat/sse,0.000000,0.000000,0,0,0,0,0,0,0,0,0,0,0,11,0,2,2.3245984603735534,1.8160571344196796,3.44211608171463,0.0
1791184172,1,POST,/api/playground/conversations/{conversation_id}/chat/{chat_id}/attachment,0.000000,0.000000,0,0,0,0,0,0,0,0,0,0,0,12,0,67,65.89455844368786,46.66956188157201,80.21830301731825,26.0
1791184172,1,TXN,multimodal_e2e,0.000000,0.000000,0,0,0,0,0,0,0,0,0,0,0,11,0,760.0,16800.198836294425,350.4378669895232,60103.90257788822,21.545454545454547
1791184172,1,,Aggregated,0.000000,0.000000,0,0,0,0,0,0,0,0,0,0,0,46,0,16,4037.4245626912657,1.8160571344196796,60103.90257788822,21.847826086956523
1791184173,1,POST,/api/playground/conversations,0.000000,0.000000,0,0,0,0,0,0,0,0,0,0,0,12,0,7,8.586450014263391,5.310514010488987,16.131214797496796,38.0
1791184173,1,POST,/api/playground/conversations/{conversation_id}/chat/sse,0.000000,0.000000,0,0,0,0,0,0,0,0,0,0,0,11,0,2,2.3245984603735534,1.8160571344196796,3.44211608171463,0.0
1791184173,1,POST,/api/playground/conversations/{conversation_id}/chat/{chat_id}/attachment,0.000000,0.000000,0,0,0,0,0,0,0,0,0,0,0,12,0,67,65.89455844368786,46.66956188157201,80.21830301731825,26.0
1791184173,1,TXN,multimodal_e2e,0.000000,0.000000,0,0,0,0,0,0,0,0,0,0,0,11,0,760.0,16800.198836294425,350.4378669895232,60103.90257788822,21.545454545454547
1791184173,1,,Aggregated,0.000000,0.000000,0,0,0,0,0,0,0,0,0,0,0,46,0,16,4037.4245626912657,1.8160571344196796,60103.90257788822,21.847826086956523
1791184174,1,POST,/api/playground/conversations,0.000000,0.000000,0,0,0,0,0,0,0,0,0,0,0,12,0,7,8.586450014263391,5.310514010488987,16.131214797496796,38.0
1791184174,1,POST,/api/playground/conversations/{conversation_id}/chat/sse,0.000000,0.000000,0,0,0,0,0,0,0,0,0,0,0,11,0,2,2.3245984603735534,1.8160571344196796,3.44211608171463,0.0
1791184174,1,POST,/api/playground/conversations/{conversation_id}/chat/{chat_id}/attachment,0.000000,0.000000,0,0,0,0,0,0,0,0,0,0,0,12,0,67,65.89455844368786,46.66956188157201,80.21830301731825,26.0
1791184174,1,TXN,multimodal_e2e,0.000000,0.000000,0,0,0,0,0,0,0,0,0,0,0,11,0,760.0,16800.198836294425,350.4378669895232,60103.90257788822,21.545454545454547
1791184174,1,,Aggregated,0.000000,0.000000,0,0,0,0,0,0,0,0,0,0,0,46,0,16,4037.4245626912657,1.8160571344196796,60103.90257788822,21.847826086956523
1791184175,1,POST,/api/playground/conversations,0.000000,0.000000,0,0,0,0,0,0,0,0,0,0,0,12,0,7,8.586450014263391,5.310514010488987,16.131214797496796,38.0
1791184175,1,POST,/api/playground/conversations/{conversation_id}/chat/sse,0.000000,0.000000,0,0,0,0,0,0,0,0,0,0,0,11,0,2,2.3245984603735534,1.8160571344196796,3.44211608171463,0.0
1791184175,1,POST,/api/playground/conversations/{conversation_id}/chat/{chat_id}/attachment,0.000000,0.000000,0,0,0,0,0,0,0,0,0,0,0,12,0,67,65.89455844368786,46.66956188157201,80.21830301731825,26.0
1791184175,1,TXN,multimodal_e2e,0.000000,0.000000,0,0,0,0,0,0,0,0,0,0,0,11,0,760.0,16800.198836294425,350.4378669895232,60103.90257788822,21.545454545454547
1791184175,1,,Aggregated,0.000000,0.000000,0,0,0,0,0,0,0,0,0,0,0,46,0,16,4037.4245626912657,1.8160571344196796,60103.90257788822,21.847826086956523
1791184176,1,POST,/api/playground/conversations,0.000000,0.000000,0,0,0,0,0,0,0,0,0,0,0,12,0,7,8.586450014263391,5.310514010488987,16.131214797496796,38.0
1791184176,1,POST,/api/playground/conversations/{conversation_id}/chat/sse,0.000000,0.000000,0,0,0,0,0,0,0,0,0,0,0,11,0,2,2.3245984603735534,1.8160571344196796,3.44211608171463,0.0
1791184176,1,POST,/api/playground/conversations/{conversation_id}/chat/{chat_id}/attachment,0.000000,0.000000,0,0,0,0,0,0,0,0,0,0,0,12,0,67,65.89455844368786,46.66956188157201,80.21830301731825,26.0
1791184176,1,TXN,multimodal_e2e,0.000000,0.000000,0,0,0,0,0,0,0,0,0,0,0,11,0,760.0,16800.198836294425,350.4378669895232,60103.90257788822,21.545454545454547
1791184176,1,,Aggregated,0.000000,0.000000,0,0,0,0,0,0,0,0,0,0,0,46,0,16,4037.4245626912657,1.8160571344196796,60103.90257788822,21.847826086956523
1791184177,1,POST,/api/playground/conversations,0.000000,0.000000,0,0,0,0,0,0,0,0,0,0,0,12,0,7,8.586450014263391,5.310514010488987,16.131214797496796,38.0
1791184177,1,POST,/api/playground/conversations/{conversation_id}/chat/sse,0.000000,0.000000,0,0,0,0,0,0,0,0,0,0,0,11,0,2,2.3245984603735534,1.8160571344196796,3.44211608171463,0.0
1791184177,1,POST,/api/playground/conversations/{conversation_id}/chat/{chat_id}/attachment,0.000000,0.000000,0,0,0,0,0,0,0,0,0,0,0,12,0,67,65.89455844368786,46.66956188157201,80.21830301731825,26.0
1791184177,1,TXN,multimodal_e2e,0.000000,0.000000,0,0,0,0,0,0,0,0,0,0,0,11,0,760.0,16800.198836294425,350.4378669895232,60103.90257788822,21.545454545454547
1791184177,1,,Aggregated,0.000000,0.000000,0,0,0,0,0,0,0,0,0,0,0,46,0,16,4037.4245626912657,1.8160571344196796,60103.90257788822,21.847826086956523
1791184178,1,POST,/api/playground/conversations,0.000000,0.000000,0,0,0,0,0,0,0,0,0,0,0,12,0,7,8.586450014263391,5.310514010488987,16.131214797496796,38.0
1791184178,1,POST,/api/playground/conversations/{conversation_id}/chat/sse,0.000000,0.000000,0,0,0,0,0,0,0,0,0,0,0,11,0,2,2.3245984603735534,1.8160571344196796,3.44211608171463,0.0
1791184178,1,POST,/api/playground/conversations/{conversation_id}/chat/{chat_id}/attachment,0.000000,0.000000,0,0,0,0,0,0,0,0,0,0,0,12,0,67,65.89455844368786,46.66956188157201,80.21830301731825,26.0
1791184178,1,TXN,multimodal_e2e,0.000000,0.000000,0,0,0,0,0,0,0,0,0,0,0,11,0,760.0,16800.198836294425,350.4378669895232,60103.90257788822,21.545454545454547
1791184178,1,,Aggregated,0.000000,0.000000,0,0,0,0,0,0,0,0,0,0,0,46,0,16,4037.4245626912657,1.8160571344196796,60103.90257788822,21.847826086956523
1791184179,1,POST,/api/playground/conversations,0.000000,0.000000,0,0,0,0,0,0,0,0,0,0,0,12,0,7,8.586450014263391,5.310514010488987,16.131214797496796,38.0
1791184179,1,POST,/api/playground/conversations/{conversation_id}/chat/sse,0.000000,0.000000,0,0,0,0,0,0,0,0,0,0,0,11,0,2,2.3245984603735534,1.8160571344196796,3.44211608171463,0.0
1791184179,1,POST,/api/playground/conversations/{conversation_id}/chat/{chat_id}/attachment,0.000000,0.000000,0,0,0,0,0,0,0,0,0,0,0,12,0,67,65.89455844368786,46.66956188157201,80.21830301731825,26.0
1791184179,1,TXN,multimodal_e2e,0.000000,0.000000,0,0,0,0,0,0,0,0,0,0,0,11,0,760.0,16800.198836294425,350.4378669895232,60103.90257788822,21.545454545454547
1791184179,1,,Aggregated,0.000000,0.000000,0,0,0,0,0,0,0,0,0,0,0,46,0,16,4037.4245626912657,1.8160571344196796,60103.90257788822,21.847826086956523
1791184180,1,POST,/api/playground/conversations,0.000000,0.000000,0,0,0,0,0,0,0,0,0,0,0,12,0,7,8.586450014263391,5.310514010488987,16.131214797496796,38.0
1791184180,1,POST,/api/playground/conversations/{conversation_id}/chat/sse,0.000000,0.000000,0,0,0,0,0,0,0,0,0,0,0,11,0,2,2.3245984603735534,1.8160571344196796,3.44211608171463,0.0
1791184180,1,POST,/api/playground/conversations/{conversation_id}/chat/{chat_id}/attachment,0.000000,0.000000,0,0,0,0,0,0,0,0,0,0,0,12,0,67,65.89455844368786,46.66956188157201,80.21830301731825,26.0
1791184180,1,TXN,multimodal_e2e,0.000000,0.000000,0,0,0,0,0,0,0,0,0,0,0,11,0,760.0,16800.198836294425,350.4378669895232,60103.90257788822,21.545454545454547
1791184180,1,,Aggregated,0.000000,0.000000,0,0,0,0,0,0,0,0,0,0,0,46,0,16,4037.4245626912657,1.8160571344196796,60103.90257788822,21.847826086956523
1791184181,1,POST,/api/playground/conversations,0.000000,0.000000,0,0,0,0,0,0,0,0,0,0,0,12,0,7,8.586450014263391,5.310514010488987,16.131214797496796,38.0
1791184181,1,POST,/api/playground/conversations/{conversation_id}/chat/sse,0.000000,0.000000,0,0,0,0,0,0,0,0,0,0,0,11,0,2,2.3245984603735534,1.8160571344196796,3.44211608171463,0.0
1791184181,1,POST,/api/playground/conversations/{conversation_id}/chat/{chat_id}/attachment,0.000000,0.000000,0,0,0,0,0,0,0,0,0,0,0,12,0,67,65.89455844368786,46.66956188157201,80.21830301731825,26.0
1791184181,1,TXN,multimodal_e2e,0.000000,0.000000,0,0,0,0,0,0,0,0,0,0,0,11,0,760.0,16800.198836294425,350.4378669895232,60103.90257788822,21.545454545454547
1791184181,1,,Aggregated,0.000000,0.000000,0,0,0,0,0,0,0,0,0,0,0,46,0,16,4037.4245626912657,1.8160571344196796,60103.90257788822,21.847826086956523
1791184182,1,POST,/api/playground/conversations,0.000000,0.000000,0,0,0,0,0,0,0,0,0,0,0,12,0,7,8.586450014263391,5.310514010488987,16.131214797496796,38.0
1791184182,1,POST,/api/playground/conversations/{conversation_id}/chat/sse,0.000000,0.000000,0,0,0,0,0,0,0,0,0,0,0,11,0,2,2.3245984603735534,1.8160571344196796,3.44211608171463,0.0
1791184182,1,POST,/api/playground/conversations/{conversation_id}/chat/{chat_id}/attachment,0.000000,0.000000,0,0,0,0,0,0,0,0,0,0,0,12,0,67,65.89455844368786,46.66956188157201,80.21830301731825,26.0
1791184182,1,TXN,multimodal_e2e,0.000000,0.000000,0,0,0,0,0,0,0,0,0,0,0,11,0,760.0,16800.198836294425,350.4378669895232,60103.90257788822,21.545454545454547
1791184182,1,,Aggregated,0.000000,0.000000,0,0,0,0,0,0,0,0,0,0,0,46,0,16,4037.4245626912657,1.8160571344196796,60103.90257788822,21.847826086956523
1791184183,1,POST,/api/playground/conversations,0.000000,0.000000,0,0,0,0,0,0,0,0,0,0,0,12,0,7,8.586450014263391,5.310514010488987,16.131214797496796,38.0
1791184183,1,POST,/api/playground/conversations/{conversation_id}/chat/sse,0.000000,0.000000,0,0,0,0,0,0,0,0,0,0,0,11,0,2,2.3245984603735534,1.8160571344196796,3.44211608171463,0.0
1791184183,1,POST,/api/playground/conversations/{conversation_id}/chat/{chat_id}/attachment,0.000000,0.000000,0,0,0,0,0,0,0,0,0,0,0,12,0,67,65.89455844368786,46.66956188157201,80.21830301731825,26.0
1791184183,1,TXN,multimodal_e2e,0.000000,0.000000,0,0,0,0,0,0,0,0,0,0,0,11,0,760.0,16800.198836294425,350.4378669895232,60103.90257788822,21.545454545454547
1791184183,1,,Aggregated,0.000000,0.000000,0,0,0,0,0,0,0,0,0,0,0,46,0,16,4037.4245626912657,1.8160571344196796,60103.90257788822,21.847826086956523
1791184184,1,POST,/api/playground/conversations,0.000000,0.000000,0,0,0,0,0,0,0,0,0,0,0,12,0,7,8.586450014263391,5.310514010488987,16.131214797496796,38.0
1791184184,1,POST,/api/playground/conversations/{conversation_id}/chat/sse,0.000000,0.000000,0,0,0,0,0,0,0,0,0,0,0,11,0,2,2.3245984603735534,1.8160571344196796,3.44211608171463,0.0
1791184184,1,POST,/api/playground/conversations/{conversation_id}/chat/{chat_id}/attachment,0.000000,0.000000,0,0,0,0,0,0,0,0,0,0,0,12,0,67,65.89455844368786,46.66956188157201,80.21830301731825,26.0
1791184184,1,TXN,multimodal_e2e,0.000000,0.000000,0,0,0,0,0,0,0,0,0,0,0,11,0,760.0,16800.198836294425,350.4378669895232,60103.90257788822,21.545454545454547
1791184184,1,,Aggregated,0.000000,0.000000,0,0,0,0,0,0,0,0,0,0,0,46,0,16,4037.4245626912657,1.8160571344196796,60103.90257788822,21.847826086956523
1791184185,1,POST,/api/playground/conversations,0.000000,0.000000,0,0,0,0,0,0,0,0,0,0,0,12,0,7,8.586450014263391,5.310514010488987,16.131214797496796,38.0
1791184185,1,POST,/api/playground/conversations/{conversation_id}/chat/sse,0.000000,0.000000,0,0,0,0,0,0,0,0,0,0,0,11,0,2,2.3245984603735534,1.8160571344196796,3.44211608171463,0.0
1791184185,1,POST,/api/playground/conversations/{conversation_id}/chat/{chat_id}/attachment,0.000000,0.000000,0,0,0,0,0,0,0,0,0,0,0,12,0,67,65.89455844368786,46.66956188157201,80.21830301731825,26.0
1791184185,1,TXN,multimodal_e2e,0.000000,0.000000,0,0,0,0,0,0,0,0,0,0,0,11,0,760.0,16800.198836294425,350.4378669895232,60103.90257788822,21.545454545454547
1791184185,1,,Aggregated,0.000000,0.000000,0,0,0,0,0,0,0,0,0,0,0,46,0,16,4037.4245626912657,1.8160571344196796,60103.90257788822,21.847826086956523
1791184186,1,POST,/api/playground/conversations,0.000000,0.000000,0,0,0,0,0,0,0,0,0,0,0,12,0,7,8.586450014263391,5.310514010488987,16.131214797496796,38.0
1791184186,1,POST,/api/playground/conversations/{conversation_id}/chat/sse,0.000000,0.000000,0,0,0,0,0,0,0,0,0,0,0,11,0,2,2.3245984603735534,1.8160571344196796,3.44211608171463,0.0
1791184186,1,POST,/api/playground/conversations/{conversation_id}/chat/{chat_id}/attachment,0.000000,0.000000,0,0,0,0,0,0,0,0,0,0,0,12,0,67,65.89455844368786,46.66956188157201,80.21830301731825,26.0
1791184186,1,TXN,multimodal_e2e,0.000000,0.000000,0,0,0,0,0,0,0,0,0,0,0,11,0,760.0,16800.198836294425,350.4378669895232,60103.90257788822,21.545454545454547
1791184186,1,,Aggregated,0.000000,0.000000,0,0,0,0,0,0,0,0,0,0,0,46,0,16,4037.4245626912657,1.8160571344196796,60103.90257788822,21.847826086956523
1791184187,1,POST,/api/playground/conversations,0.000000,0.000000,0,0,0,0,0,0,0,0,0,0,0,14,0,7,8.405023786638465,4.7522918321192265,16.131214797496796,38.0
1791184187,1,POST,/api/playground/conversations/{conversation_id}/chat/sse,0.000000,0.000000,0,0,0,0,0,0,0,0,0,0,0,13,0,2,2.277976081061822,1.8160571344196796,3.44211608171463,0.0
1791184187,1,POST,/api/playground/conversations/{conversation_id}/chat/{chat_id}/attachment,0.000000,0.000000,0,0,0,0,0,0,0,0,0,0,0,14,0,67,65.27472763056201,46.66956188157201,80.21830301731825,26.0
1791184187,1,TXN,multimodal_e2e,0.000000,0.000000,0,0,0,0,0,0,0,0,0,0,0,13,0,760.0,18865.254174953756,350.31062830239534,60103.90257788822,21.692307692307693
1791184187,1,,Aggregated,0.000000,0.000000,0,0,0,0,0,0,0,0,0,0,0,54,0,16,4561.285823764693,1.8160571344196796,60103.90257788822,21.814814814814813
1791184188,1,POST,/api/playground/conversations,0.000000,0.000000,5,5,10,10,10,10,10,10,10,10,10,15,0,7,8.174815215170383,4.7522918321192265,16.131214797496796,38.0
1791184188,1,POST,/api/playground/conversations/{conversation_id}/chat/sse,0.000000,0.000000,2,2,2,2,2,2,2,2,2,2,2,14,0,2,2.2864159462707385,1.8160571344196796,3.44211608171463,0.0
1791184188,1,POST,/api/playground/conversations/{conversation_id}/chat/{chat_id}/attachment,0.000000,0.000000,64,64,68,68,68,68,68,68,68,68,68,15,0,67,65.1924766600132,46.66956188157201,80.21830301731825,26.0
1791184188,1,TXN,multimodal_e2e,0.000000,0.000000,350,350,60000,60000,60000,60000,60000,60000,60000,60000,60000,14,0,540.0,17541.76393666837,336.390838958323,60103.90257788822,21.5
1791184188,1,,Aggregated,0.000000,0.000000,55,64,340,340,350,60000,60000,60000,60000,60000,60000,58,0,16,4253.7450743919435,1.8160571344196796,60103.90257788822,21.74137931034483
1791184189,1,POST,/api/playground/conversations,0.000000,0.000000,5,5,10,10,10,10,10,10,10,10,10,15,0,7,8.174815215170383,4.7522918321192265,16.131214797496796,38.0
1791184189,1,POST,/api/playground/conversations/{conversation_id}/chat/sse,0.000000,0.000000,2,2,2,2,2,2,2,2,2,2,2,14,0,2,2.2864159462707385,1.8160571344196796,3.44211608171463,0.0
1791184189,1,POST,/api/playground/conversations/{conversation_id}/chat/{chat_id}/attachment,0.000000,0.000000,64,64,68,68,68,68,68,68,68,68,68,15,0,67,65.1924766600132,46.66956188157201,80.21830301731825,26.0
1791184189,1,TXN,multimodal_e2e,0.000000,0.000000,350,350,60000,60000,60000,60000,60000,60000,60000,60000,60000,14,0,540.0,17541.76393666837,336.390838958323,60103.90257788822,21.5
1791184189,1,,Aggregated,0.000000,0.000000,55,64,340,340,350,60000,60000,60000,60000,60000,60000,58,0,16,4253.7450743919435,1.8160571344196796,60103.90257788822,21.74137931034483
1791184190,1,POST,/api/playground/conversations,0.000000,0.000000,5,5,10,10,10,10,10,10,10,10,10,15,0,7,8.174815215170383,4.7522918321192265,16.131214797496796,38.0
1791184190,1,POST,/api/playground/conversations/{conversation_id}/chat/sse,0.000000,0.000000,2,2,2,2,2,2,2,2,2,2,2,14,0,2,2.2864159462707385,1.8160571344196796,3.44211608171463,0.0
1791184190,1,POST,/api/playground/conversations/{conversation_id}/chat/{chat_id}/attachment,0.000000,0.000000,64,64,68,68,68,68,68,68,68,68,68,15,0,67,65.1924766600132,46.66956188157201,80.21830301731825,26.0
1791184190,1,TXN,multimodal_e2e,0.000000,0.000000,350,350,60000,60000,60000,60000,60000,60000,60000,60000,60000,14,0,540.0,17541.76393666837,336.390838958323,60103.90257788822,21.5
1791184190,1,,Aggregated,0.000000,0.000000,55,64,340,340,350,60000,60000,60000,60000,60000,60000,58,0,16,4253.7450743919435,1.8160571344196796,60103.90257788822,21.74137931034483
1791184191,1,POST,/api/playground/conversations,0.000000,0.000000,5,5,10,10,10,10,10,10,10,10,10,15,0,7,8.174815215170383,4.7522918321192265,16.131214797496796,38.0
1791184191,1,POST,/api/playground/conversations/{conversation_id}/chat/sse,0.000000,0.000000,2,2,2,2,2,2,2,2,2,2,2,14,0,2,2.2864159462707385,1.8160571344196796,3.44211608171463,0.0
1791184191,1,POST,/api/playground/conversations/{conversation_id}/chat/{chat_id}/attachment,0.000000,0.000000,64,64,68,68,68,68,68,68,68,68,68,15,0,67,65.1924766600132,46.66956188157201,80.21830301731825,26.0
1791184191,1,TXN,multimodal_e2e,0.000000,0.000000,350,350,60000,60000,60000,60000,60000,60000,60000,60000,60000,14,0,540.0,17541.76393666837,336.390838958323,60103.90257788822,21.5
1791184191,1,,Aggregated,0.000000,0.000000,55,64,340,340,350,60000,60000,60000,60000,60000,60000,58,0,16,4253.7450743919435,1.8160571344196796,60103.90257788822,21.74137931034483
1791184192,1,POST,/api/playground/conversations,0.000000,0.000000,5,5,10,10,10,10,10,10,10,10,10,15,0,7,8.174815215170383,4.7522918321192265,16.131214797496796,38.0
1791184192,1,POST,/api/playground/conversations/{conversation_id}/chat/sse,0.000000,0.000000,2,2,2,2,2,2,2,2,2,2,2,14,0,2,2.2864159462707385,1.8160571344196796,3.44211608171463,0.0
1791184192,1,POST,/api/playground/conversations/{conversation_id}/chat/{chat_id}/attachment,0.000000,0.000000,64,64,68,68,68,68,68,68,68,68,68,15,0,67,65.1924766600132,46.66956188157201,80.21830301731825,26.0
1791184192,1,TXN,multimodal_e2e,0.000000,0.000000,350,350,60000,60000,60000,60000,60000,60000,60000,60000,60000,14,0,540.0,17541.76393666837,336.390838958323,60103.90257788822,21.5
1791184192,1,,Aggregated,0.000000,0.000000,55,64,340,340,350,60000,60000,60000,60000,60000,60000,58,0,16,4253.7450743919435,1.8160571344196796,60103.90257788822,21.74137931034483
1791184193,1,POST,/api/playground/conversations,0.000000,0.000000,5,5,10,10,10,10,10,10,10,10,10,15,0,7,8.174815215170383,4.7522918321192265,16.131214797496796,38.0
1791184193,1,POST,/api/playground/conversations/{conversation_id}/chat/sse,0.000000,0.000000,2,2,2,2,2,2,2,2,2,2,2,14,0,2,2.2864159462707385,1.8160571344196796,3.44211608171463,0.0
1791184193,1,POST,/api/playground/conversations/{conversation_id}/chat/{chat_id}/attachment,0.000000,0.000000,64,64,68,68,68,68,68,68,68,68,68,15,0,67,65.1924766600132,46.66956188157201,80.21830301731825,26.0
1791184193,1,TXN,multimodal_e2e,0.000000,0.000000,350,350,60000,60000,60000,60000,60000,60000,60000,60000,60000,14,0,540.0,17541.76393666837,336.390838958323,60103.90257788822,21.5
1791184193,1,,Aggregated,0.000000,0.000000,55,64,340,340,350,60000,60000,60000,60000,60000,60000,58,0,16,4253.7450743919435,1.8160571344196796,60103.90257788822,21.74137931034483
1791184194,1,POST,/api/playground/conversations,0.000000,0.000000,5,5,10,10,10,10,10,10,10,10,10,15,0,7,8.174815215170383,4.7522918321192265,16.131214797496796,38.0
1791184194,1,POST,/api/playground/conversations/{conversation_id}/chat/sse,0.000000,0.000000,2,2,2,2,2,2,2,2,2,2,2,14,0,2,2.2864159462707385,1.8160571344196796,3.44211608171463,0.0
1791184194,1,POST,/api/playground/conversations/{conversation_id}/chat/{chat_id}/attachment,0.000000,0.000000,64,64,68,68,68,68,68,68,68,68,68,15,0,67,65.1924766600132,46.66956188157201,80.21830301731825,26.0
1791184194,1,TXN,multimodal_e2e,0.000000,0.000000,350,350,60000,60000,60000,60000,60000,60000,60000,60000,60000,14,0,540.0,17541.76393666837,336.390838958323,60103.90257788822,21.5
1791184194,1,,Aggregated,0.000000,0.000000,55,64,340,340,350,60000,60000,60000,60000,60000,60000,58,0,16,4253.7450743919435,1.8160571344196796,60103.90257788822,21.74137931034483
1791184195,1,POST,/api/playground/conversations,0.000000,0.000000,5,5,10,10,10,10,10,10,10,10,10,15,0,7,8.174815215170383,4.7522918321192265,16.131214797496796,38.0
1791184195,1,POST,/api/playground/conversations/{conversation_id}/chat/sse,0.000000,0.000000,2,2,2,2,2,2,2,2,2,2,2,14,0,2,2.2864159462707385,1.8160571344196796,3.44211608171463,0.0
1791184195,1,POST,/api/playground/conversations/{conversation_id}/chat/{chat_id}/attachment,0.000000,0.000000,64,64,68,68,68,68,68,68,68,68,68,15,0,67,65.1924766600132,46.66956188157201,80.21830301731825,26.0
1791184195,1,TXN,multimodal_e2e,0.000000,0.000000,350,350,60000,60000,60000,60000,60000,60000,60000,60000,60000,14,0,540.0,17541.76393666837,336.390838958323,60103.90257788822,21.5
1791184195,1,,Aggregated,0.000000,0.000000,55,64,340,340,350,60000,60000,60000,60000,60000,60000,58,0,16,4253.7450743919435,1.8160571344196796,60103.90257788822,21.74137931034483
1791184196,1,POST,/api/playground/conversations,0.000000,0.000000,5,5,10,10,10,10,10,10,10,10,10,15,0,7,8.174815215170383,4.7522918321192265,16.131214797496796,38.0
1791184196,1,POST,/api/playground/conversations/{conversation_id}/chat/sse,0.000000,0.000000,2,2,2,2,2,2,2,2,2,2,2,14,0,2,2.2864159462707385,1.8160571344196796,3.44211608171463,0.0
1791184196,1,POST,/api/playground/conversations/{conversation_id}/chat/{chat_id}/attachment,0.000000,0.000000,64,64,68,68,68,68,68,68,68,68,68,15,0,67,65.1924766600132,46.66956188157201,80.21830301731825,26.0
1791184196,1,TXN,multimodal_e2e,0.000000,0.000000,350,350,60000,60000,60000,60000,60000,60000,60000,60000,60000,14,0,540.0,17541.76393666837,336.390838958323,60103.90257788822,21.5
1791184196,1,,Aggregated,0.000000,0.000000,55,64,340,340,350,60000,60000,60000,60000,60000,60000,58,0,16,4253.7450743919435,1.8160571344196796,60103.90257788822,21.74137931034483
1791184197,1,POST,/api/playground/conversations,0.000000,0.000000,5,5,10,10,10,10,10,10,10,10,10,15,0,7,8.174815215170383,4.7522918321192265,16.131214797496796,38.0
1791184197,1,POST,/api/playground/conversations/{conversation_id}/chat/sse,0.000000,0.000000,2,2,2,2,2,2,2,2,2,2,2,14,0,2,2.2864159462707385,1.8160571344196796,3.44211608171463,0.0
1791184197,1,POST,/api/playground/conversations/{conversation_id}/chat/{chat_id}/attachment,0.000000,0.000000,64,64,68,68,68,68,68,68,68,68,68,15,0,67,65.1924766600132,46.66956188157201,80.21830301731825,26.0
1791184197,1,TXN,multimodal_e2e,0.000000,0.000000,350,350,60000,60000,60000,60000,60000,60000,60000,60000,60000,14,0,540.0,17541.76393666837,336.390838958323,60103.90257788822,21.5
1791184197,1,,Aggregated,0.000000,0.000000,55,64,340,340,350,60000,60000,60000,60000,60000,60000,58,0,16,4253.7450743919435,1.8160571344196796,60103.90257788822,21.74137931034483
1791184198,1,POST,/api/playground/conversations,0.000000,0.000000,5,5,10,10,10,10,10,10,10,10,10,15,0,7,8.174815215170383,4.7522918321192265,16.131214797496796,38.0
1791184198,1,POST,/api/playground/conversations/{conversation_id}/chat/sse,0.000000,0.000000,2,2,2,2,2,2,2,2,2,2,2,14,0,2,2.2864159462707385,1.8160571344196796,3.44211608171463,0.0
1791184198,1,POST,/api/playground/conversations/{conversation_id}/chat/{chat_id}/attachment,0.000000,0.000000,64,64,68,68,68,68,68,68,68,68,68,15,0,67,65.1924766600132,46.66956188157201,80.21830301731825,26.0
1791184198,1,TXN,multimodal_e2e,0.000000,0.000000,350,350,60000,60000,60000,60000,60000,60000,60000,60000,60000,14,0,540.0,17541.76393666837,336.390838958323,60103.90257788822,21.5
1791184198,1,,Aggregated,0.000000,0.000000,55,64,340,340,350,60000,60000,60000,60000,60000,60000,58,0,16,4253.7450743919435,1.8160571344196796,60103.90257788822,21.74137931034483
1791184199,1,POST,/api/playground/conversations,0.000000,0.000000,5,5,10,10,10,10,10,10,10,10,10,15,0,7,8.174815215170383,4.7522918321192265,16.131214797496796,38.0
1791184199,1,POST,/api/playground/conversations/{conversation_id}/chat/sse,0.000000,0.000000,2,2,2,2,2,2,2,2,2,2,2,14,0,2,2.2864159462707385,1.8160571344196796,3.44211608171463,0.0
1791184199,1,POST,/api/playground/conversations/{conversation_id}/chat/{chat_id}/attachment,0.000000,0.000000,64,64,68,68,68,68,68,68,68,68,68,15,0,67,65.1924766600132,46.66956188157201,80.21830301731825,26.0
1791184199,1,TXN,multimodal_e2e,0.000000,0.000000,350,350,60000,60000,60000,60000,60000,60000,60000,60000,60000,14,0,540.0,17541.76393666837,336.390838958323,60103.90257788822,21.5
1791184199,1,,Aggregated,0.000000,0.000000,55,64,340,340,350,60000,60000,60000,60000,60000,60000,58,0,16,4253.7450743919435,1.8160571344196796,60103.90257788822,21.74137931034483
1791184200,1,POST,/api/playground/conversations,0.000000,0.000000,5,5,10,10,10,10,10,10,10,10,10,15,0,7,8.174815215170383,4.7522918321192265,16.131214797496796,38.0
1791184200,1,POST,/api/playground/conversations/{conversation_id}/chat/sse,0.000000,0.000000,2,2,2,2,2,2,2,2,2,2,2,14,0,2,2.2864159462707385,1.8160571344196796,3.44211608171463,0.0
1791184200,1,POST,/api/playground/conversations/{conversation_id}/chat/{chat_id}/attachment,0.000000,0.000000,64,64,68,68,68,68,68,68,68,68,68,15,0,67,65.1924766600132,46.66956188157201,80.21830301731825,26.0
1791184200,1,TXN,multimodal_e2e,0.000000,0.000000,350,350,60000,60000,60000,60000,60000,60000,60000,60000,60000,14,0,540.0,17541.76393666837,336.390838958323,60103.90257788822,21.5
1791184200,1,,Aggregated,0.000000,0.000000,55,64,340,340,350,60000,60000,60000,60000,60000,60000,58,0,16,4253.7450743919435,1.8160571344196796,60103.90257788822,21.74137931034483
1791184201,1,POST,/api/playground/conversations,0.000000,0.000000,5,5,10,10,10,10,10,10,10,10,10,15,0,7,8.174815215170383,4.7522918321192265,16.131214797496796,38.0
1791184201,1,POST,/api/playground/conversations/{conversation_id}/chat/sse,0.000000,0.000000,2,2,2,2,2,2,2,2,2,2,2,14,0,2,2.2864159462707385,1.8160571344196796,3.44211608171463,0.0
1791184201,1,POST,/api/playground/conversations/{conversation_id}/chat/{chat_id}/attachment,0.000000,0.000000,64,64,68,68,68,68,68,68,68,68,68,15,0,67,65.1924766600132,46.66956188157201,80.21830301731825,26.0
1791184201,1,TXN,multimodal_e2e,0.000000,0.000000,350,350,60000,60000,60000,60000,60000,60000,60000,60000,60000,14,0,540.0,17541.76393666837,336.390838958323,60103.90257788822,21.5
1791184201,1,,Aggregated,0.000000,0.000000,55,64,340,340,350,60000,60000,60000,60000,60000,60000,58,0,16,4253.7450743919435,1.8160571344196796,60103.90257788822,21.74137931034483
1791184202,1,POST,/api/playground/conversations,0.000000,0.000000,5,5,10,10,10,10,10,10,10,10,10,15,0,7,8.174815215170383,4.7522918321192265,16.131214797496796,38.0
1791184202,1,POST,/api/playground/conversations/{conversation_id}/chat/sse,0.000000,0.000000,2,2,2,2,2,2,2,2,2,2,2,14,0,2,2.2864159462707385,1.8160571344196796,3.44211608171463,0.0
1791184202,1,POST,/api/playground/conversations/{conversation_id}/chat/{chat_id}/attachment,0.000000,0.000000,64,64,68,68,68,68,68,68,68,68,68,15,0,67,65.1924766600132,46.66956188157201,80.21830301731825,26.0
1791184202,1,TXN,multimodal_e2e,0.000000,0.000000,350,350,60000,60000,60000,60000,60000,60000,60000,60000,60000,14,0,540.0,17541.76393666837,336.390838958323,60103.90257788822,21.5
1791184202,1,,Aggregated,0.000000,0.000000,55,64,340,340,350,60000,60000,60000,60000,60000,60000,58,0,16,4253.7450743919435,1.8160571344196796,60103.90257788822,21.74137931034483
1791184203,1,POST,/api/playground/conversations,0.000000,0.000000,5,5,10,10,10,10,10,10,10,10,10,15,0,7,8.174815215170383,4.7522918321192265,16.131214797496796,38.0
1791184203,1,POST,/api/playground/conversations/{conversation_id}/chat/sse,0.000000,0.000000,2,2,2,2,2,2,2,2,2,2,2,14,0,2,2.2864159462707385,1.8160571344196796,3.44211608171463,0.0
1791184203,1,POST,/api/playground/conversations/{conversation_id}/chat/{chat_id}/attachment,0.000000,0.000000,64,64,68,68,68,68,68,68,68,68,68,15,0,67,65.1924766600132,46.66956188157201,80.21830301731825,26.0
1791184203,1,TXN,multimodal_e2e,0.000000,0.000000,350,350,60000,60000,60000,60000,60000,60000,60000,60000,60000,14,0,540.0,17541.76393666837,336.390838958323,60103.90257788822,21.5
1791184203,1,,Aggregated,0.000000,0.000000,55,64,340,340,350,60000,60000,60000,60000,60000,60000,58,0,16,4253.7450743919435,1.8160571344196796,60103.90257788822,21.74137931034483
1791184204,1,POST,/api/playground/conversations,0.000000,0.000000,5,5,10,10,10,10,10,10,10,10,10,15,0,7,8.174815215170383,4.7522918321192265,16.131214797496796,38.0
1791184204,1,POST,/api/playground/conversations/{conversation_id}/chat/sse,0.000000,0.000000,2,2,2,2,2,2,2,2,2,2,2,14,0,2,2.2864159462707385,1.8160571344196796,3.44211608171463,0.0
1791184204,1,POST,/api/playground/conversations/{conversation_id}/chat/{chat_id}/attachment,0.000000,0.000000,64,64,68,68,68,68,68,68,68,68,68,15,0,67,65.1924766600132,46.66956188157201,80.21830301731825,26.0
1791184204,1,TXN,multimodal_e2e,0.000000,0.000000,350,350,60000,60000,60000,60000,60000,60000,60000,60000,60000,14,0,540.0,17541.76393666837,336.390838958323,60103.90257788822,21.5
1791184204,1,,Aggregated,0.000000,0.000000,55,64,340,340,350,60000,60000,60000,60000,60000,60000,58,0,16,4253.7450743919435,1.8160571344196796,60103.90257788822,21.74137931034483
1791184205,1,POST,/api/playground/conversations,0.000000,0.000000,0,0,0,0,0,0,0,0,0,0,0,15,0,7,8.174815215170383,4.7522918321192265,16.131214797496796,38.0
1791184205,1,POST,/api/playground/conversations/{conversation_id}/chat/sse,0.000000,0.000000,0,0,0,0,0,0,0,0,0,0,0,14,0,2,2.2864159462707385,1.8160571344196796,3.44211608171463,0.0
1791184205,1,POST,/api/playground/conversations/{conversation_id}/chat/{chat_id}/attachment,0.000000,0.000000,0,0,0,0,0,0,0,0,0,0,0,15,0,67,65.1924766600132,46.66956188157201,80.21830301731825,26.0
1791184205,1,TXN,multimodal_e2e,0.000000,0.000000,0,0,0,0,0,0,0,0,0,0,0,14,0,540.0,17541.76393666837,336.390838958323,60103.90257788822,21.5
1791184205,1,,Aggregated,0.000000,0.000000,0,0,0,0,0,0,0,0,0,0,0,58,0,16,4253.7450743919435,1.8160571344196796,60103.90257788822,21.74137931034483
1791184206,1,POST,/api/playground/conversations,0.000000,0.000000,0,0,0,0,0,0,0,0,0,0,0,15,0,7,8.174815215170383,4.7522918321192265,16.131214797496796,38.0
1791184206,1,POST,/api/playground/conversations/{conversation_id}/chat/sse,0.000000,0.000000,0,0,0,0,0,0,0,0,0,0,0,14,0,2,2.2864159462707385,1.8160571344196796,3.44211608171463,0.0
1791184206,1,POST,/api/playground/conversations/{conversation_id}/chat/{chat_id}/attachment,0.000000,0.000000,0,0,0,0,0,0,0,0,0,0,0,15,0,67,65.1924766600132,46.66956188157201,80.21830301731825,26.0
1791184206,1,TXN,multimodal_e2e,0.000000,0.000000,0,0,0,0,0,0,0,0,0,0,0,14,0,540.0,17541.76393666837,336.390838958323,60103.90257788822,21.5
1791184206,1,,Aggregated,0.000000,0.000000,0,0,0,0,0,0,0,0,0,0,0,58,0,16,4253.7450743919435,1.8160571344196796,60103.90257788822,21.74137931034483
1791184207,1,POST,/api/playground/conversations,0.000000,0.000000,0,0,0,0,0,0,0,0,0,0,0,15,0,7,8.174815215170383,4.7522918321192265,16.131214797496796,38.0
1791184207,1,POST,/api/playground/conversations/{conversation_id}/chat/sse,0.000000,0.000000,0,0,0,0,0,0,0,0,0,0,0,14,0,2,2.2864159462707385,1.8160571344196796,3.44211608171463,0.0
1791184207,1,POST,/api/playground/conversations/{conversation_id}/chat/{chat_id}/attachment,0.000000,0.000000,0,0,0,0,0,0,0,0,0,0,0,15,0,67,65.1924766600132,46.66956188157201,80.21830301731825,26.0
1791184207,1,TXN,multimodal_e2e,0.000000,0.000000,0,0,0,0,0,0,0,0,0,0,0,14,0,540.0,17541.76393666837,336.390838958323,60103.90257788822,21.5
1791184207,1,,Aggregated,0.000000,0.000000,0,0,0,0,0,0,0,0,0,0,0,58,0,16,4253.7450743919435,1.8160571344196796,60103.90257788822,21.74137931034483
1791184208,1,POST,/api/playground/conversations,0.000000,0.000000,0,0,0,0,0,0,0,0,0,0,0,15,0,7,8.174815215170383,4.7522918321192265,16.131214797496796,38.0
1791184208,1,POST,/api/playground/conversations/{conversation_id}/chat/sse,0.000000,0.000000,0,0,0,0,0,0,0,0,0,0,0,14,0,2,2.2864159462707385,1.8160571344196796,3.44211608171463,0.0
1791184208,1,POST,/api/playground/conversations/{conversation_id}/chat/{chat_id}/attachment,0.000000,0.000000,0,0,0,0,0,0,0,0,0,0,0,15,0,67,65.1924766600132,46.66956188157201,80.21830301731825,26.0
1791184208,1,TXN,multimodal_e2e,0.000000,0.000000,0,0,0,0,0,0,0,0,0,0,0,14,0,540.0,17541.76393666837,336.390838958323,60103.90257788822,21.5
1791184208,1,,Aggregated,0.000000,0.000000,0,0,0,0,0,0,0,0,0,0,0,58,0,16,4253.7450743919435,1.8160571344196796,60103.90257788822,21.74137931034483
1791184209,1,POST,/api/playground/conversations,0.000000,0.000000,0,0,0,0,0,0,0,0,0,0,0,15,0,7,8.174815215170383,4.7522918321192265,16.131214797496796,38.0
1791184209,1,POST,/api/playground/conversations/{conversation_id}/chat/sse,0.000000,0.000000,0,0,0,0,0,0,0,0,0,0,0,14,0,2,2.2864159462707385,1.8160571344196796,3.44211608171463,0.0
1791184209,1,POST,/api/playground/conversations/{conversation_id}/chat/{chat_id}/attachment,0.000000,0.000000,0,0,0,0,0,0,0,0,0,0,0,15,0,67,65.1924766600132,46.66956188157201,80.21830301731825,26.0
1791184209,1,TXN,multimodal_e2e,0.000000,0.000000,0,0,0,0,0,0,0,0,0,0,0,14,0,540.0,17541.76393666837,336.390838958323,60103.90257788822,21.5
1791184209,1,,Aggregated,0.000000,0.000000,0,0,0,0,0,0,0,0,0,0,0,58,0,16,4253.7450743919435,1.8160571344196796,60103.90257788822,21.74137931034483
1791184210,1,POST,/api/playground/conversations,0.000000,0.000000,0,0,0,0,0,0,0,0,0,0,0,15,0,7,8.174815215170383,4.7522918321192265,16.131214797496796,38.0
1791184210,1,POST,/api/playground/conversations/{conversation_id}/chat/sse,0.000000,0.000000,0,0,0,0,0,0,0,0,0,0,0,14,0,2,2.2864159462707385,1.8160571344196796,3.44211608171463,0.0
1791184210,1,POST,/api/playground/conversations/{conversation_id}/chat/{chat_id}/attachment,0.000000,0.000000,0,0,0,0,0,0,0,0,0,0,0,15,0,67,65.1924766600132,46.66956188157201,80.21830301731825,26.0
1791184210,1,TXN,multimodal_e2e,0.000000,0.000000,0,0,0,0,0,0,0,0,0,0,0,14,0,540.0,17541.76393666837,336.390838958323,60103.90257788822,21.5
1791184210,1,,Aggregated,0.000000,0.000000,0,0,0,0,0,0,0,0,0,0,0,58,0,16,4253.7450743919435,1.8160571344196796,60103.90257788822,21.74137931034483
1791184211,1,POST,/api/playground/conversations,0.000000,0.000000,0,0,0,0,0,0,0,0,0,0,0,15,0,7,8.174815215170383,4.7522918321192265,16.131214797496796,38.0
1791184211,1,POST,/api/playground/conversations/{conversation_id}/chat/sse,0.000000,0.000000,0,0,0,0,0,0,0,0,0,0,0,14,0,2,2.2864159462707385,1.8160571344196796,3.44211608171463,0.0
1791184211,1,POST,/api/playground/conversations/{conversation_id}/chat/{chat_id}/attachment,0.000000,0.000000,0,0,0,0,0,0,0,0,0,0,0,15,0,67,65.1924766600132,46.66956188157201,80.21830301731825,26.0
1791184211,1,TXN,multimodal_e2e,0.000000,0.000000,0,0,0,0,0,0,0,0,0,0,0,14,0,540.0,17541.76393666837,336.390838958323,60103.90257788822,21.5
1791184211,1,,Aggregated,0.000000,0.000000,0,0,0,0,0,0,0,0,0,0,0,58,0,16,4253.7450743919435,1.8160571344196796,60103.90257788822,21.74137931034483
1791184212,1,POST,/api/playground/conversations,0.000000,0.000000,0,0,0,0,0,0,0,0,0,0,0,15,0,7,8.174815215170383,4.7522918321192265,16.131214797496796,38.0
1791184212,1,POST,/api/playground/conversations/{conversation_id}/chat/sse,0.000000,0.000000,0,0,0,0,0,0,0,0,0,0,0,14,0,2,2.2864159462707385,1.8160571344196796,3.44211608171463,0.0
1791184212,1,POST,/api/playground/conversations/{conversation_id}/chat/{chat_id}/attachment,0.000000,0.000000,0,0,0,0,0,0,0,0,0,0,0,15,0,67,65.1924766600132,46.66956188157201,80.21830301731825,26.0
1791184212,1,TXN,multimodal_e2e,0.000000,0.000000,0,0,0,0,0,0,0,0,0,0,0,14,0,540.0,17541.76393666837,336.390838958323,60103.90257788822,21.5
1791184212,1,,Aggregated,0.000000,0.000000,0,0,0,0,0,0,0,0,0,0,0,58,0,16,4253.7450743919435,1.8160571344196796,60103.90257788822,21.74137931034483
1791184213,1,POST,/api/playground/conversations,0.000000,0.000000,0,0,0,0,0,0,0,0,0,0,0,15,0,7,8.174815215170383,4.7522918321192265,16.131214797496796,38.0
1791184213,1,POST,/api/playground/conversations/{conversation_id}/chat/sse,0.000000,0.000000,0,0,0,0,0,0,0,0,0,0,0,14,0,2,2.2864159462707385,1.8160571344196796,3.44211608171463,0.0
1791184213,1,POST,/api/playground/conversations/{conversation_id}/chat/{chat_id}/attachment,0.000000,0.000000,0,0,0,0,0,0,0,0,0,0,0,15,0,67,65.1924766600132,46.66956188157201,80.21830301731825,26.0
1791184213,1,TXN,multimodal_e2e,0.000000,0.000000,0,0,0,0,0,0,0,0,0,0,0,14,0,540.0,17541.76393666837,336.390838958323,60103.90257788822,21.5
1791184213,1,,Aggregated,0.000000,0.000000,0,0,0,0,0,0,0,0,0,0,0,58,0,16,4253.7450743919435,1.8160571344196796,60103.90257788822,21.74137931034483
1791184214,1,POST,/api/playground/conversations,0.000000,0.000000,0,0,0,0,0,0,0,0,0,0,0,15,0,7,8.174815215170383,4.7522918321192265,16.131214797496796,38.0
1791184214,1,POST,/api/playground/conversations/{conversation_id}/chat/sse,0.000000,0.000000,0,0,0,0,0,0,0,0,0,0,0,14,0,2,2.2864159462707385,1.8160571344196796,3.44211608171463,0.0
1791184214,1,POST,/api/playground/conversations/{conversation_id}/chat/{chat_id}/attachment,0.000000,0.000000,0,0,0,0,0,0,0,0,0,0,0,15,0,67,65.1924766600132,46.66956188157201,80.21830301731825,26.0
1791184214,1,TXN,multimodal_e2e,0.000000,0.000000,0,0,0,0,0,0,0,0,0,0,0,14,0,540.0,17541.76393666837,336.390838958323,60103.90257788822,21.5
1791184214,1,,Aggregated,0.000000,0.000000,0,0,0,0,0,0,0,0,0,0,0,58,0,16,4253.7450743919435,1.8160571344196796,60103.90257788822,21.74137931034483
1791184215,1,POST,/api/playground/conversations,0.000000,0.000000,0,0,0,0,0,0,0,0,0,0,0,15,0,7,8.174815215170383,4.7522918321192265,16.131214797496796,38.0
1791184215,1,POST,/api/playground/conversations/{conversation_id}/chat/sse,0.000000,0.000000,0,0,0,0,0,0,0,0,0,0,0,14,0,2,2.2864159462707385,1.8160571344196796,3.44211608171463,0.0
1791184215,1,POST,/api/playground/conversations/{conversation_id}/chat/{chat_id}/attachment,0.000000,0.000000,0,0,0,0,0,0,0,0,0,0,0,15,0,67,65.1924766600132,46.66956188157201,80.21830301731825,26.0
1791184215,1,TXN,multimodal_e2e,0.000000,0.000000,0,0,0,0,0,0,0,0,0,0,0,14,0,540.0,17541.76393666837,336.390838958323,60103.90257788822,21.5
1791184215,1,,Aggregated,0.000000,0.000000,0,0,0,0,0,0,0,0,0,0,0,58,0,16,4253.7450743919435,1.8160571344196796,60103.90257788822,21.74137931034483
1791184216,1,POST,/api/playground/conversations,0.000000,0.000000,0,0,0,0,0,0,0,0,0,0,0,15,0,7,8.174815215170383,4.7522918321192265,16.131214797496796,38.0
1791184216,1,POST,/api/playground/conversations/{conversation_id}/chat/sse,0.000000,0.000000,0,0,0,0,0,0,0,0,0,0,0,14,0,2,2.2864159462707385,1.8160571344196796,3.44211608171463,0.0
1791184216,1,POST,/api/playground/conversations/{conversation_id}/chat/{chat_id}/attachment,0.000000,0.000000,0,0,0,0,0,0,0,0,0,0,0,15,0,67,65.1924766600132,46.66956188157201,80.21830301731825,26.0
1791184216,1,TXN,multimodal_e2e,0.000000,0.000000,0,0,0,0,0,0,0,0,0,0,0,14,0,540.0,17541.76393666837,336.390838958323,60103.90257788822,21.5
1791184216,1,,Aggregated,0.000000,0.000000,0,0,0,0,0,0,0,0,0,0,0,58,0,16,4253.7450743919435,1.8160571344196796,60103.90257788822,21.74137931034483
1791184217,1,POST,/api/playground/conversations,0.000000,0.000000,0,0,0,0,0,0,0,0,0,0,0,15,0,7,8.174815215170383,4.7522918321192265,16.131214797496796,38.0
1791184217,1,POST,/api/playground/conversations/{conversation_id}/chat/sse,0.000000,0.000000,0,0,0,0,0,0,0,0,0,0,0,14,0,2,2.2864159462707385,1.8160571344196796,3.44211608171463,0.0
1791184217,1,POST,/api/playground/conversations/{conversation_id}/chat/{chat_id}/attachment,0.000000,0.000000,0,0,0,0,0,0,0,0,0,0,0,15,0,67,65.1924766600132,46.66956188157201,80.21830301731825,26.0
1791184217,1,TXN,multimodal_e2e,0.000000,0.000000,0,0,0,0,0,0,0,0,0,0,0,14,0,540.0,17541.76393666837,336.390838958323,60103.90257788822,21.5
1791184217,1,,Aggregated,0.000000,0.000000,0,0,0,0,0,0,0,0,0,0,0,58,0,16,4253.7450743919435,1.8160571344196796,60103.90257788822,21.74137931034483
1791184218,1,POST,/api/playground/conversations,0.000000,0.000000,0,0,0,0,0,0,0,0,0,0,0,15,0,7,8.174815215170383,4.7522918321192265,16.131214797496796,38.0
1791184218,1,POST,/api/playground/conversations/{conversation_id}/chat/sse,0.000000,0.000000,0,0,0,0,0,0,0,0,0,0,0,14,0,2,2.2864159462707385,1.8160571344196796,3.44211608171463,0.0
1791184218,1,POST,/api/playground/conversations/{conversation_id}/chat/{chat_id}/attachment,0.000000,0.000000,0,0,0,0,0,0,0,0,0,0,0,15,0,67,65.1924766600132,46.66956188157201,80.21830301731825,26.0
1791184218,1,TXN,multimodal_e2e,0.000000,0.000000,0,0,0,0,0,0,0,0,0,0,0,14,0,540.0,17541.76393666837,336.390838958323,60103.90257788822,21.5
1791184218,1,,Aggregated,0.000000,0.000000,0,0,0,0,0,0,0,0,0,0,0,58,0,16,4253.7450743919435,1.8160571344196796,60103.90257788822,21.74137931034483
1791184219,1,POST,/api/playground/conversations,0.000000,0.000000,0,0,0,0,0,0,0,0,0,0,0,15,0,7,8.174815215170383,4.7522918321192265,16.131214797496796,38.0
1791184219,1,POST,/api/playground/conversations/{conversation_id}/chat/sse,0.000000,0.000000,0,0,0,0,0,0,0,0,0,0,0,14,0,2,2.2864159462707385,1.8160571344196796,3.44211608171463,0.0
1791184219,1,POST,/api/playground/conversations/{conversation_id}/chat/{chat_id}/attachment,0.000000,0.000000,0,0,0,0,0,0,0,0,0,0,0,15,0,67,65.1924766600132,46.66956188157201,80.21830301731825,26.0
1791184219,1,TXN,multimodal_e2e,0.000000,0.000000,0,0,0,0,0,0,0,0,0,0,0,14,0,540.0,17541.76393666837,336.390838958323,60103.90257788822,21.5
1791184219,1,,Aggregated,0.000000,0.000000,0,0,0,0,0,0,0,0,0,0,0,58,0,16,4253.7450743919435,1.8160571344196796,60103.90257788822,21.74137931034483
1791184220,1,POST,/api/playground/conversations,0.000000,0.000000,0,0,0,0,0,0,0,0,0,0,0,15,0,7,8.174815215170383,4.7522918321192265,16.131214797496796,38.0
1791184220,1,POST,/api/playground/conversations/{conversation_id}/chat/sse,0.000000,0.000000,0,0,0,0,0,0,0,0,0,0,0,14,0,2,2.2864159462707385,1.8160571344196796,3.44211608171463,0.0
1791184220,1,POST,/api/playground/conversations/{conversation_id}/chat/{chat_id}/attachment,0.000000,0.000000,0,0,0,0,0,0,0,0,0,0,0,15,0,67,65.1924766600132,46.66956188157201,80.21830301731825,26.0
1791184220,1,TXN,multimodal_e2e,0.000000,0.000000,0,0,0,0,0,0,0,0,0,0,0,14,0,540.0,17541.76393666837,336.390838958323,60103.90257788822,21.5
1791184220,1,,Aggregated,0.000000,0.000000,0,0,0,0,0,0,0,0,0,0,0,58,0,16,4253.7450743919435,1.8160571344196796,60103.90257788822,21.74137931034483
1791184221,1,POST,/api/playground/conversations,0.000000,0.000000,0,0,0,0,0,0,0,0,0,0,0,15,0,7,8.174815215170383,4.7522918321192265,16.131214797496796,38.0
1791184221,1,POST,/api/playground/conversations/{conversation_id}/chat/sse,0.000000,0.000000,0,0,0,0,0,0,0,0,0,0,0,14,0,2,2.2864159462707385,1.8160571344196796,3.44211608171463,0.0
1791184221,1,POST,/api/playground/conversations/{conversation_id}/chat/{chat_id}/attachment,0.000000,0.000000,0,0,0,0,0,0,0,0,0,0,0,15,0,67,65.1924766600132,46.66956188157201,80.21830301731825,26.0
1791184221,1,TXN,multimodal_e2e,0.000000,0.000000,0,0,0,0,0,0,0,0,0,0,0,14,0,540.0,17541.76393666837,336.390838958323,60103.90257788822,21.5
1791184221,1,,Aggregated,0.000000,0.000000,0,0,0,0,0,0,0,0,0,0,0,58,0,16,4253.7450743919435,1.8160571344196796,60103.90257788822,21.74137931034483
1791184222,1,POST,/api/playground/conversations,0.000000,0.000000,0,0,0,0,0,0,0,0,0,0,0,15,0,7,8.174815215170383,4.7522918321192265,16.131214797496796,38.0
1791184222,1,POST,/api/playground/conversations/{conversation_id}/chat/sse,0.000000,0.000000,0,0,0,0,0,0,0,0,0,0,0,14,0,2,2.2864159462707385,1.8160571344196796,3.44211608171463,0.0
1791184222,1,POST,/api/playground/conversations/{conversation_id}/chat/{chat_id}/attachment,0.000000,0.000000,0,0,0,0,0,0,0,0,0,0,0,15,0,67,65.1924766600132,46.66956188157201,80.21830301731825,26.0
1791184222,1,TXN,multimodal_e2e,0.000000,0.000000,0,0,0,0,0,0,0,0,0,0,0,14,0,540.0,17541.76393666837,336.390838958323,60103.90257788822,21.5
1791184222,1,,Aggregated,0.000000,0.000000,0,0,0,0,0,0,0,0,0,0,0,58,0,16,4253.7450743919435,1.8160571344196796,60103.90257788822,21.74137931034483
1791184223,1,POST,/api/playground/conversations,0.000000,0.000000,0,0,0,0,0,0,0,0,0,0,0,15,0,7,8.174815215170383,4.7522918321192265,16.131214797496796,38.0
1791184223,1,POST,/api/playground/conversations/{conversation_id}/chat/sse,0.000000,0.000000,0,0,0,0,0,0,0,0,0,0,0,14,0,2,2.2864159462707385,1.8160571344196796,3.44211608171463,0.0
1791184223,1,POST,/api/playground/conversations/{conversation_id}/chat/{chat_id}/attachment,0.000000,0.000000,0,0,0,0,0,0,0,0,0,0,0,15,0,67,65.1924766600132,46.66956188157201,80.21830301731825,26.0
1791184223,1,TXN,multimodal_e2e,0.000000,0.000000,0,0,0,0,0,0,0,0,0,0,0,14,0,540.0,17541.76393666837,336.390838958323,60103.90257788822,21.5
1791184223,1,,Aggregated,0.000000,0.000000,0,0,0,0,0,0,0,0,0,0,0,58,0,16,4253.7450743919435,1.8160571344196796,60103.90257788822,21.74137931034483
1791184224,1,POST,/api/playground/conversations,0.000000,0.000000,0,0,0,0,0,0,0,0,0,0,0,15,0,7,8.174815215170383,4.7522918321192265,16.131214797496796,38.0
1791184224,1,POST,/api/playground/conversations/{conversation_id}/chat/sse,0.000000,0.000000,0,0,0,0,0,0,0,0,0,0,0,14,0,2,2.2864159462707385,1.8160571344196796,3.44211608171463,0.0
1791184224,1,POST,/api/playground/conversations/{conversation_id}/chat/{chat_id}/attachment,0.000000,0.000000,0,0,0,0,0,0,0,0,0,0,0,15,0,67,65.1924766600132,46.66956188157201,80.21830301731825,26.0
1791184224,1,TXN,multimodal_e2e,0.000000,0.000000,0,0,0,0,0,0,0,0,0,0,0,14,0,540.0,17541.76393666837,336.390838958323,60103.90257788822,21.5
1791184224,1,,Aggregated,0.000000,0.000000,0,0,0,0,0,0,0,0,0,0,0,58,0,16,4253.7450743919435,1.8160571344196796,60103.90257788822,21.74137931034483
1791184225,1,POST,/api/playground/conversations,0.000000,0.000000,0,0,0,0,0,0,0,0,0,0,0,15,0,7,8.174815215170383,4.7522918321192265,16.131214797496796,38.0
1791184225,1,POST,/api/playground/conversations/{conversation_id}/chat/sse,0.000000,0.000000,0,0,0,0,0,0,0,0,0,0,0,14,0,2,2.2864159462707385,1.8160571344196796,3.44211608171463,0.0
1791184225,1,POST,/api/playground/conversations/{conversation_id}/chat/{chat_id}/attachment,0.000000,0.000000,0,0,0,0,0,0,0,0,0,0,0,15,0,67,65.1924766600132,46.66956188157201,80.21830301731825,26.0
1791184225,1,TXN,multimodal_e2e,0.000000,0.000000,0,0,0,0,0,0,0,0,0,0,0,14,0,540.0,17541.76393666837,336.390838958323,60103.90257788822,21.5
1791184225,1,,Aggregated,0.000000,0.000000,0,0,0,0,0,0,0,0,0,0,0,58,0,16,4253.7450743919435,1.8160571344196796,60103.90257788822,21.74137931034483
1791184226,1,POST,/api/playground/conversations,0.000000,0.000000,0,0,0,0,0,0,0,0,0,0,0,15,0,7,8.174815215170383,4.7522918321192265,16.131214797496796,38.0
1791184226,1,POST,/api/playground/conversations/{conversation_id}/chat/sse,0.000000,0.000000,0,0,0,0,0,0,0,0,0,0,0,14,0,2,2.2864159462707385,1.8160571344196796,3.44211608171463,0.0
1791184226,1,POST,/api/playground/conversations/{conversation_id}/chat/{chat_id}/attachment,0.000000,0.000000,0,0,0,0,0,0,0,0,0,0,0,15,0,67,65.1924766600132,46.66956188157201,80.21830301731825,26.0
1791184226,1,TXN,multimodal_e2e,0.000000,0.000000,0,0,0,0,0,0,0,0,0,0,0,14,0,540.0,17541.76393666837,336.390838958323,60103.90257788822,21.5
1791184226,1,,Aggregated,0.000000,0.000000,0,0,0,0,0,0,0,0,0,0,0,58,0,16,4253.7450743919435,1.8160571344196796,60103.90257788822,21.74137931034483
1791184227,1,POST,/api/playground/conversations,0.000000,0.000000,0,0,0,0,0,0,0,0,0,0,0,15,0,7,8.174815215170383,4.7522918321192265,16.131214797496796,38.0
1791184227,1,POST,/api/playground/conversations/{conversation_id}/chat/sse,0.000000,0.000000,0,0,0,0,0,0,0,0,0,0,0,14,0,2,2.2864159462707385,1.8160571344196796,3.44211608171463,0.0
1791184227,1,POST,/api/playground/conversations/{conversation_id}/chat/{chat_id}/attachment,0.000000,0.000000,0,0,0,0,0,0,0,0,0,0,0,15,0,67,65.1924766600132,46.66956188157201,80.21830301731825,26.0
1791184227,1,TXN,multimodal_e2e,0.000000,0.000000,0,0,0,0,0,0,0,0,0,0,0,14,0,540.0,17541.76393666837,336.390838958323,60103.90257788822,21.5
1791184227,1,,Aggregated,0.000000,0.000000,0,0,0,0,0,0,0,0,0,0,0,58,0,16,4253.7450743919435,1.8160571344196796,60103.90257788822,21.74137931034483
1791184228,1,POST,/api/playground/conversations,0.000000,0.000000,0,0,0,0,0,0,0,0,0,0,0,15,0,7,8.174815215170383,4.7522918321192265,16.131214797496796,38.0
1791184228,1,POST,/api/playground/conversations/{conversation_id}/chat/sse,0.000000,0.000000,0,0,0,0,0,0,0,0,0,0,0,14,0,2,2.2864159462707385,1.8160571344196796,3.44211608171463,0.0
1791184228,1,POST,/api/playground/conversations/{conversation_id}/chat/{chat_id}/attachment,0.000000,0.000000,0,0,0,0,0,0,0,0,0,0,0,15,0,67,65.1924766600132,46.66956188157201,80.21830301731825,26.0
1791184228,1,TXN,multimodal_e2e,0.000000,0.000000,0,0,0,0,0,0,0,0,0,0,0,14,0,540.0,17541.76393666837,336.390838958323,60103.90257788822,21.5
1791184228,1,,Aggregated,0.000000,0.000000,0,0,0,0,0,0,0,0,0,0,0,58,0,16,4253.7450743919435,1.8160571344196796,60103.90257788822,21.74137931034483
1791184229,1,POST,/api/playground/conversations,0.000000,0.000000,0,0,0,0,0,0,0,0,0,0,0,15,0,7,8.174815215170383,4.7522918321192265,16.131214797496796,38.0
1791184229,1,POST,/api/playground/conversations/{conversation_id}/chat/sse,0.000000,0.000000,0,0,0,0,0,0,0,0,0,0,0,14,0,2,2.2864159462707385,1.8160571344196796,3.44211608171463,0.0
1791184229,1,POST,/api/playground/conversations/{conversation_id}/chat/{chat_id}/attachment,0.000000,0.000000,0,0,0,0,0,0,0,0,0,0,0,15,0,67,65.1924766600132,46.66956188157201,80.21830301731825,26.0
1791184229,1,TXN,multimodal_e2e,0.000000,0.000000,0,0,0,0,0,0,0,0,0,0,0,14,0,540.0,17541.76393666837,336.390838958323,60103.90257788822,21.5
1791184229,1,,Aggregated,0.000000,0.000000,0,0,0,0,0,0,0,0,0,0,0,58,0,16,4253.7450743919435,1.8160571344196796,60103.90257788822,21.74137931034483
1791184230,1,POST,/api/playground/conversations,0.000000,0.000000,0,0,0,0,0,0,0,0,0,0,0,15,0,7,8.174815215170383,4.7522918321192265,16.131214797496796,38.0
1791184230,1,POST,/api/playground/conversations/{conversation_id}/chat/sse,0.000000,0.000000,0,0,0,0,0,0,0,0,0,0,0,14,0,2,2.2864159462707385,1.8160571344196796,3.44211608171463,0.0
1791184230,1,POST,/api/playground/conversations/{conversation_id}/chat/{chat_id}/attachment,0.000000,0.000000,0,0,0,0,0,0,0,0,0,0,0,15,0,67,65.1924766600132,46.66956188157201,80.21830301731825,26.0
1791184230,1,TXN,multimodal_e2e,0.000000,0.000000,0,0,0,0,0,0,0,0,0,0,0,14,0,540.0,17541.76393666837,336.390838958323,60103.90257788822,21.5
1791184230,1,,Aggregated,0.000000,0.000000,0,0,0,0,0,0,0,0,0,0,0,58,0,16,4253.7450743919435,1.8160571344196796,60103.90257788822,21.74137931034483
1791184231,1,POST,/api/playground/conversations,0.000000,0.000000,0,0,0,0,0,0,0,0,0,0,0,15,0,7,8.174815215170383,4.7522918321192265,16.131214797496796,38.0
1791184231,1,POST,/api/playground/conversations/{conversation_id}/chat/sse,0.000000,0.000000,0,0,0,0,0,0,0,0,0,0,0,14,0,2,2.2864159462707385,1.8160571344196796,3.44211608171463,0.0
1791184231,1,POST,/api/playground/conversations/{conversation_id}/chat/{chat_id}/attachment,0.000000,0.000000,0,0,0,0,0,0,0,0,0,0,0,15,0,67,65.1924766600132,46.66956188157201,80.21830301731825,26.0
1791184231,1,TXN,multimodal_e2e,0.000000,0.000000,0,0,0,0,0,0,0,0,0,0,0,14,0,540.0,17541.76393666837,336.390838958323,60103.90257788822,21.5
1791184231,1,,Aggregated,0.000000,0.000000,0,0,0,0,0,0,0,0,0,0,0,58,0,16,4253.7450743919435,1.8160571344196796,60103.90257788822,21.74137931034483
1791184232,1,POST,/api/playground/conversations,0.000000,0.000000,0,0,0,0,0,0,0,0,0,0,0,15,0,7,8.174815215170383,4.7522918321192265,16.131214797496796,38.0
1791184232,1,POST,/api/playground/conversations/{conversation_id}/chat/sse,0.000000,0.000000,0,0,0,0,0,0,0,0,0,0,0,14,0,2,2.2864159462707385,1.8160571344196796,3.44211608171463,0.0
1791184232,1,POST,/api/playground/conversations/{conversation_id}/chat/{chat_id}/attachment,0.000000,0.000000,0,0,0,0,0,0,0,0,0,0,0,15,0,67,65.1924766600132,46.66956188157201,80.21830301731825,26.0
1791184232,1,TXN,multimodal_e2e,0.000000,0.000000,0,0,0,0,0,0,0,0,0,0,0,14,0,540.0,17541.76393666837,336.390838958323,60103.90257788822,21.5
1791184232,1,,Aggregated,0.000000,0.000000,0,0,0,0,0,0,0,0,0,0,0,58,0,16,4253.7450743919435,1.8160571344196796,60103.90257788822,21.74137931034483
1791184233,1,POST,/api/playground/conversations,0.000000,0.000000,0,0,0,0,0,0,0,0,0,0,0,15,0,7,8.174815215170383,4.7522918321192265,16.131214797496796,38.0
1791184233,1,POST,/api/playground/conversations/{conversation_id}/chat/sse,0.000000,0.000000,0,0,0,0,0,0,0,0,0,0,0,14,0,2,2.2864159462707385,1.8160571344196796,3.44211608171463,0.0
1791184233,1,POST,/api/playground/conversations/{conversation_id}/chat/{chat_id}/attachment,0.000000,0.000000,0,0,0,0,0,0,0,0,0,0,0,15,0,67,65.1924766600132,46.66956188157201,80.21830301731825,26.0
1791184233,1,TXN,multimodal_e2e,0.000000,0.000000,0,0,0,0,0,0,0,0,0,0,0,14,0,540.0,17541.76393666837,336.390838958323,60103.90257788822,21.5
1791184233,1,,Aggregated,0.000000,0.000000,0,0,0,0,0,0,0,0,0,0,0,58,0,16,4253.7450743919435,1.8160571344196796,60103.90257788822,21.74137931034483
1791184234,1,POST,/api/playground/conversations,0.000000,0.000000,0,0,0,0,0,0,0,0,0,0,0,15,0,7,8.174815215170383,4.7522918321192265,16.131214797496796,38.0
1791184234,1,POST,/api/playground/conversations/{conversation_id}/chat/sse,0.000000,0.000000,0,0,0,0,0,0,0,0,0,0,0,14,0,2,2.2864159462707385,1.8160571344196796,3.44211608171463,0.0
1791184234,1,POST,/api/playground/conversations/{conversation_id}/chat/{chat_id}/attachment,0.000000,0.000000,0,0,0,0,0,0,0,0,0,0,0,15,0,67,65.1924766600132,46.66956188157201,80.21830301731825,26.0
1791184234,1,TXN,multimodal_e2e,0.000000,0.000000,0,0,0,0,0,0,0,0,0,0,0,14,0,540.0,17541.76393666837,336.390838958323,60103.90257788822,21.5
1791184234,1,,Aggregated,0.000000,0.000000,0,0,0,0,0,0,0,0,0,0,0,58,0,16,4253.7450743919435,1.8160571344196796,60103.90257788822,21.74137931034483
1791184235,1,POST,/api/playground/conversations,0.000000,0.000000,0,0,0,0,0,0,0,0,0,0,0,15,0,7,8.174815215170383,4.7522918321192265,16.131214797496796,38.0
1791184235,1,POST,/api/playground/conversations/{conversation_id}/chat/sse,0.000000,0.000000,0,0,0,0,0,0,0,0,0,0,0,14,0,2,2.2864159462707385,1.8160571344196796,3.44211608171463,0.0
1791184235,1,POST,/api/playground/conversations/{conversation_id}/chat/{chat_id}/attachment,0.000000,0.000000,0,0,0,0,0,0,0,0,0,0,0,15,0,67,65.1924766600132,46.66956188157201,80.21830301731825,26.0
1791184235,1,TXN,multimodal_e2e,0.000000,0.000000,0,0,0,0,0,0,0,0,0,0,0,14,0,540.0,17541.76393666837,336.390838958323,60103.90257788822,21.5
1791184235,1,,Aggregated,0.000000,0.000000,0,0,0,0,0,0,0,0,0,0,0,58,0,16,4253.7450743919435,1.8160571344196796,60103.90257788822,21.74137931034483
1791184236,1,POST,/api/playground/conversations,0.000000,0.000000,0,0,0,0,0,0,0,0,0,0,0,15,0,7,8.174815215170383,4.7522918321192265,16.131214797496796,38.0
1791184236,1,POST,/api/playground/conversations/{conversation_id}/chat/sse,0.000000,0.000000,0,0,0,0,0,0,0,0,0,0,0,14,0,2,2.2864159462707385,1.8160571344196796,3.44211608171463,0.0
1791184236,1,POST,/api/playground/conversations/{conversation_id}/chat/{chat_id}/attachment,0.000000,0.000000,0,0,0,0,0,0,0,0,0,0,0,15,0,67,65.1924766600132,46.66956188157201,80.21830301731825,26.0
1791184236,1,TXN,multimodal_e2e,0.000000,0.000000,0,0,0,0,0,0,0,0,0,0,0,14,0,540.0,17541.76393666837,336.390838958323,60103.90257788822,21.5
1791184236,1,,Aggregated,0.000000,0.000000,0,0,0,0,0,0,0,0,0,0,0,58,0,16,4253.7450743919435,1.8160571344196796,60103.90257788822,21.74137931034483
1791184237,1,POST,/api/playground/conversations,0.000000,0.000000,0,0,0,0,0,0,0,0,0,0,0,15,0,7,8.174815215170383,4.7522918321192265,16.131214797496796,38.0
1791184237,1,POST,/api/playground/conversations/{conversation_id}/chat/sse,0.000000,0.000000,0,0,0,0,0,0,0,0,0,0,0,14,0,2,2.2864159462707385,1.8160571344196796,3.44211608171463,0.0
1791184237,1,POST,/api/playground/conversations/{conversation_id}/chat/{chat_id}/attachment,0.000000,0.000000,0,0,0,0,0,0,0,0,0,0,0,15,0,67,65.1924766600132,46.66956188157201,80.21830301731825,26.0
1791184237,1,TXN,multimodal_e2e,0.000000,0.000000,0,0,0,0,0,0,0,0,0,0,0,14,0,540.0,17541.76393666837,336.390838958323,60103.90257788822,21.5
1791184237,1,,Aggregated,0.000000,0.000000,0,0,0,0,0,0,0,0,0,0,0,58,0,16,4253.7450743919435,1.8160571344196796,60103.90257788822,21.74137931034483
1791184238,1,POST,/api/playground/conversations,0.000000,0.000000,0,0,0,0,0,0,0,0,0,0,0,15,0,7,8.174815215170383,4.7522918321192265,16.131214797496796,38.0
1791184238,1,POST,/api/playground/conversations/{conversation_id}/chat/sse,0.000000,0.000000,0,0,0,0,0,0,0,0,0,0,0,14,0,2,2.2864159462707385,1.8160571344196796,3.44211608171463,0.0
1791184238,1,POST,/api/playground/conversations/{conversation_id}/chat/{chat_id}/attachment,0.000000,0.000000,0,0,0,0,0,0,0,0,0,0,0,15,0,67,65.1924766600132,46.66956188157201,80.21830301731825,26.0
1791184238,1,TXN,multimodal_e2e,0.000000,0.000000,0,0,0,0,0,0,0,0,0,0,0,14,0,540.0,17541.76393666837,336.390838958323,60103.90257788822,21.5
1791184238,1,,Aggregated,0.000000,0.000000,0,0,0,0,0,0,0,0,0,0,0,58,0,16,4253.7450743919435,1.8160571344196796,60103.90257788822,21.74137931034483
1791184239,1,POST,/api/playground/conversations,0.000000,0.000000,0,0,0,0,0,0,0,0,0,0,0,15,0,7,8.174815215170383,4.7522918321192265,16.131214797496796,38.0
1791184239,1,POST,/api/playground/conversations/{conversation_id}/chat/sse,0.000000,0.000000,0,0,0,0,0,0,0,0,0,0,0,14,0,2,2.2864159462707385,1.8160571344196796,3.44211608171463,0.0
1791184239,1,POST,/api/playground/conversations/{conversation_id}/chat/{chat_id}/attachment,0.000000,0.000000,0,0,0,0,0,0,0,0,0,0,0,15,0,67,65.1924766600132,46.66956188157201,80.21830301731825,26.0
1791184239,1,TXN,multimodal_e2e,0.000000,0.000000,0,0,0,0,0,0,0,0,0,0,0,14,0,540.0,17541.76393666837,336.390838958323,60103.90257788822,21.5
1791184239,1,,Aggregated,0.000000,0.000000,0,0,0,0,0,0,0,0,0,0,0,58,0,16,4253.7450743919435,1.8160571344196796,60103.90257788822,21.74137931034483
1791184240,1,POST,/api/playground/conversations,0.000000,0.000000,0,0,0,0,0,0,0,0,0,0,0,15,0,7,8.174815215170383,4.7522918321192265,16.131214797496796,38.0
1791184240,1,POST,/api/playground/conversations/{conversation_id}/chat/sse,0.000000,0.000000,0,0,0,0,0,0,0,0,0,0,0,14,0,2,2.2864159462707385,1.8160571344196796,3.44211608171463,0.0
1791184240,1,POST,/api/playground/conversations/{conversation_id}/chat/{chat_id}/attachment,0.000000,0.000000,0,0,0,0,0,0,0,0,0,0,0,15,0,67,65.1924766600132,46.66956188157201,80.21830301731825,26.0
1791184240,1,TXN,multimodal_e2e,0.000000,0.000000,0,0,0,0,0,0,0,0,0,0,0,14,0,540.0,17541.76393666837,336.390838958323,60103.90257788822,21.5
1791184240,1,,Aggregated,0.000000,0.000000,0,0,0,0,0,0,0,0,0,0,0,58,0,16,4253.7450743919435,1.8160571344196796,60103.90257788822,21.74137931034483
1791184241,1,POST,/api/playground/conversations,0.000000,0.000000,0,0,0,0,0,0,0,0,0,0,0,15,0,7,8.174815215170383,4.7522918321192265,16.131214797496796,38.0
1791184241,1,POST,/api/playground/conversations/{conversation_id}/chat/sse,0.000000,0.000000,0,0,0,0,0,0,0,0,0,0,0,14,0,2,2.2864159462707385,1.8160571344196796,3.44211608171463,0.0
1791184241,1,POST,/api/playground/conversations/{conversation_id}/chat/{chat_id}/attachment,0.000000,0.000000,0,0,0,0,0,0,0,0,0,0,0,15,0,67,65.1924766600132,46.66956188157201,80.21830301731825,26.0
1791184241,1,TXN,multimodal_e2e,0.000000,0.000000,0,0,0,0,0,0,0,0,0,0,0,14,0,540.0,17541.76393666837,336.390838958323,60103.90257788822,21.5
1791184241,1,,Aggregated,0.000000,0.000000,0,0,0,0,0,0,0,0,0,0,0,58,0,16,4253.7450743919435,1.8160571344196796,60103.90257788822,21.74137931034483
1791184242,1,POST,/api/playground/conversations,0.000000,0.000000,0,0,0,0,0,0,0,0,0,0,0,15,0,7,8.174815215170383,4.7522918321192265,16.131214797496796,38.0
1791184242,1,POST,/api/playground/conversations/{conversation_id}/chat/sse,0.000000,0.000000,0,0,0,0,0,0,0,0,0,0,0,14,0,2,2.2864159462707385,1.8160571344196796,3.44211608171463,0.0
1791184242,1,POST,/api/playground/conversations/{conversation_id}/chat/{chat_id}/attachment,0.000000,0.000000,0,0,0,0,0,0,0,0,0,0,0,15,0,67,65.1924766600132,46.66956188157201,80.21830301731825,26.0
1791184242,1,TXN,multimodal_e2e,0.000000,0.000000,0,0,0,0,0,0,0,0,0,0,0,14,0,540.0,17541.76393666837,336.390838958323,60103.90257788822,21.5
1791184242,1,,Aggregated,0.000000,0.000000,0,0,0,0,0,0,0,0,0,0,0,58,0,16,4253.7450743919435,1.8160571344196796,60103.90257788822,21.74137931034483
