count,avg_ttft,p50_ttft,p90_ttft,p95_ttft,p99_ttft,max_ttft,under_3s_count,under_3s_rate
26,2.578854274434539,2.508099477738142,3.381892094388604,3.4824717063456774,3.5530487708747387,6.043299065902829,22,0.8461538461538461
