count,avg_ttft,p50_ttft,p90_ttft,p95_ttft,p99_ttft,max_ttft,under_3s_count,under_3s_rate
107,3.572429084279966,3.2467804327607155,5.629665622487664,6.329405196011066,7.013066506013274,7.408200357109308,43,0.40186915887850466
