count,avg_ttft,p50_ttft,p90_ttft,p95_ttft,p99_ttft,max_ttft,under_3s_count,under_3s_rate
189,16.581195630133152,16.83969934284687,21.291619785130024,22.2566437702626,23.568045968189836,26.949468040838838,1,0.005291005291005291
