count,avg_ttft,p50_ttft,p90_ttft,p95_ttft,p99_ttft,max_ttft,under_3s_count,under_3s_rate
159,5.841036007956326,5.6836378406733274,8.810397956520319,9.532963206991553,10.636196183040738,11.689142616465688,16,0.10062893081761007
