count,avg_ttft,p50_ttft,p90_ttft,p95_ttft,p99_ttft,max_ttft,under_3s_count,under_3s_rate
68,3.0371880677035628,2.6377038676291704,4.46890015527606,5.024210590869188,5.459427261725068,5.560398371890187,40,0.5882352941176471
