count,avg_ttft,p50_ttft,p90_ttft,p95_ttft,p99_ttft,max_ttft,under_3s_count,under_3s_rate
183,9.211221267057002,9.100917186588049,12.418433792889118,13.697295550256968,14.695678155869246,15.792823441326618,1,0.00546448087431694
