count,avg_ttft,p50_ttft,p90_ttft,p95_ttft,p99_ttft,max_ttft,under_3s_count,under_3s_rate
134,5.565308766939969,5.339693542569876,8.39051011018455,9.100033482536674,10.92997652105987,12.558483678847551,15,0.11194029850746269
