count,avg_ttft,p50_ttft,p90_ttft,p95_ttft,p99_ttft,max_ttft,under_3s_count,under_3s_rate
46,2.9327735031104605,2.6679795179516077,3.9860359989106655,4.161816755309701,4.611550310626626,4.960919326171279,31,0.6739130434782609
