count,avg_ttft,p50_ttft,p90_ttft,p95_ttft,p99_ttft,max_ttft,under_3s_count,under_3s_rate
172,6.596117112818066,6.249412024393678,10.005443789064884,11.08062133565545,13.586280357092619,16.003600504249334,13,0.0755813953488372
