path,category,set_type,width,height,format,bytes,sha256,valid,error
release/bkg/S108161842-GM-A52-EEA-T11-S1-LH-C1-I0007-F00.png,bkg,single,512,512,PNG,309002,b653ba71738d4bc7c22522f21a4865d9bb06bf0b69fdffa92c33f37aa4da56cb,1,
release/bkg/S113923411-GF-A35-EEA-T14-S1-LH-C1-I0048-F00.png,bkg,single,512,512,PNG,253176,4da6e8bc4db8d1b53afb25ea4d7ec8da99f3b9d768e2f6e2acea102db46eb7e5,1,
release/bkg/S115293589-GF-A67-EME-T01-S1-LH-C1-I0030-F00.png,bkg,single,512,512,PNG,362067,58ac1a7c54ff3c6a14d09d166d6107f82cf9a2a4f4cdd300b008945201a83a14,1,
release/bkg/S115379105-GF-A98-EEA-T14-S1-LH-C1-I0044-F00.png,bkg,single,512,512,PNG,501579,2b40e0fa841ce0aec131fa18f5b2385ae5145952a90fdb7e6b79f4beea3316b3,1,
release/bkg/S116651325-GM-A28-EEA-T13-S1-LH-C1-I0056-F00.png,bkg,single,512,512,PNG,352639,d710a5eed8d66eee98e1cff09f7be946795074fa28a5e1dfbbdafe59b4f0e137,1,
release/bkg/S120660598-GM-A33-EEA-T00-S1-LH-C1-I0034-F00.png,bkg,single,512,512,PNG,503759,b977eb7670412534c9dabd70f2e77a556fca7d646727c0b5eecc3f1ce0330605,1,
release/bkg/S121714872-GF-A34-EAF-T03-S1-LH-C1-I0053-F00.png,bkg,single,512,512,PNG,567747,bddc2716a367d8344beef58e655c9da3c1385cbe7509568e9c6f873f45ecd037,1,
release/bkg/S130186036-GF-A82-EEA-T01-S1-LH-C1-I0007-F00.png,bkg,single,512,512,PNG,526047,0c5f617ce5f1cbc052b88e01f83a8790e9bbfd1dfc40a371a826320312eacae5,1,
release/bkg/S137547030-GF-A76-EEA-T01-S1-LH-C1-I0045-F00.png,bkg,single,512,512,PNG,471242,f1db329816d79f02d09a8b994af945fb3f3695f6f32839ff1fbabfef74f4b84b,1,
release/bkg/S138993008-GF-A66-EAF-T00-S1-LH-C1-I0035-F00.png,bkg,single,512,512,PNG,468473,bf6fc345d4018d76fce60abe5aada9746207ba2a77ac3c57561ffd5d7d74c91a,1,
release/bkg/S14964507-GF-A29-EEA-T00-S1-LH-C1-I0028-F00.png,bkg,single,512,512,PNG,472446,c6787ca386590a00545d7ed7b204a5c6cae17211d5154fa2f3bd583d33f2cd50,1,
release/bkg/S14964507-GF-A29-EEA-T00-S1-LH-C1-I0052-F00.png,bkg,single,512,512,PNG,503981,a4510ae1578a1aa6a84d3f056f8fec56787c6105a00043cd91f90f12dd03ffbd,1,
release/bkg/S15182111-GM-A44-EAS-T00-S1-LH-C1-I0049-F00.png,bkg,single,512,512,PNG,494248,95320c91bfebf49fe61b83f062b03bd6b03704f6506a9580d348a3971ee9c9fc,1,
release/bkg/S152846480-GF-A30-EEA-T03-S1-LH-C1-I0000-F00.png,bkg,single,512,512,PNG,501756,5b81cb4ea52fb6961e325a913d2688335fb89f895dd109e48c587c650549993d,1,
release/bkg/S16008476-GF-A92-EEA-T11-S1-LH-C1-I0061-F00.png,bkg,single,512,512,PNG,462170,9fe7d5f4089e7fff8defb02f9802233e3140372e59b0f9b37420929e086d35c6,1,
release/bkg/S164577361-GF-A44-EEA-T01-S1-LH-C1-I0030-F00.png,bkg,single,512,512,PNG,423040,edde4a4aa1ebe01acc266648efaae8f8f895b98d121b5c50a214ad2da2a5d59f,1,
release/bkg/S165380664-GM-A31-EIA-T01-S1-LH-C1-I0002-F00.png,bkg,single,512,512,PNG,398053,d0f895da2e3bf2bb6f817525a28d54a6b5e0c2fe9245d29a01b180f1b215f558,1,
release/bkg/S16643293-GF-A66-EEA-T15-S1-LH-C1-I0043-F00.png,bkg,single,512,512,PNG,483849,27e6b84bba845c210cf8cab98673728ec660147fda3d7ea68b5ed1b2a7414878,1,
release/bkg/S166658587-GM-A81-EEA-T03-S1-LH-C1-I0060-F00.png,bkg,single,512,512,PNG,495509,d8bb91b509db344c91ce31fd3ea28b11fef1fab187eea97dc4449fc34f1307a7,1,
release/bkg/S169208368-GM-A35-EME-T14-S1-LH-C1-I0016-F00.png,bkg,single,512,512,PNG,472556,6a6b2db04f328c5b5fe526ea68be94c006805b3ead75a44e0d037506815a8482,1,
release/bkg/S169208368-GM-A35-EME-T14-S1-LH-C1-I0054-F00.png,bkg,single,512,512,PNG,322761,8f2c62d11c61d139aa955d1be2268270136336d484d4661c74be4d6ea8759eab,1,
release/bkg/S179125778-GM-A37-EME-T01-S1-LH-C1-I0055-F00.png,bkg,single,512,512,PNG,417096,51c61425997d33be178d63f376a18e48ac660ad1e5768c323fe8a41757a4097b,1,
release/bkg/S179182026-GM-A47-EEA-T11-S1-LH-C1-I0029-F00.png,bkg,single,512,512,PNG,552289,baa8de1d126d07415d18210fabb2ad049855416e19e4b1d4d2a67f70d9c94f11,1,
release/bkg/S185880747-GF-A53-EAF-T03-S1-LH-C1-I0030-F00.png,bkg,single,512,512,PNG,414178,8b286a0c8626ca3ef3f8080b3edefde0651cbc73c85ce9a843f3087e3e508974,1,
release/bkg/S18796367-GF-A93-EAF-T00-S1-LH-C1-I0045-F00.png,bkg,single,512,512,PNG,491706,4d470f6d98d61f3207bf1a01d319f3da9c0815943626496eb3816f82bfe72962,1,
release/bkg/S189019382-GF-A62-EIA-T03-S1-LH-C1-I0040-F00.png,bkg,single,512,512,PNG,394149,ec7a87ac8e71cd6b1dbe2115f3c7dc6583b39ccaf51aa3475d916b2f0be9aef3,1,
release/bkg/S189019382-GF-A62-EIA-T03-S1-LH-C1-I0046-F00.png,bkg,single,512,512,PNG,364774,ffc7de3791e913c5381bf2d8e02a32bf1a8b42e7a0087af60cc816f3b9a98b91,1,
release/bkg/S190036673-GF-A19-EEA-T00-S1-LH-C1-I0057-F00.png,bkg,single,512,512,PNG,464669,c3810cfda253ef3d526c1377a9e0727748327040bf7690d0f1289fc775dc3f5b,1,
release/bkg/S19423222-GM-A45-EAF-T14-S1-LH-C1-I0040-F00.png,bkg,single,512,512,PNG,498376,840242131f875995f495e4a864752e0c6dd06ade765885ddf9349373fcede08d,1,
release/bkg/S198149424-GF-A51-EEA-T13-S1-LH-C1-I0055-F00.png,bkg,single,512,512,PNG,349433,64749faa469c9b6e0bc9ccddee27db6a796e92fc0bafe932b2f5bd20b65e64dc,1,
release/bkg/S20939931-GF-A70-EME-T00-S1-LH-C1-I0047-F00.png,bkg,single,512,512,PNG,480958,615b6cd40bdd18d1e0a095373c0c44619390d574ffaf8ba14719cb3df80877e7,1,
release/bkg/S210555380-GF-A95-EME-T14-S1-LH-C1-I0008-F00.png,bkg,single,512,512,PNG,415255,4ad845d7e6a3d332fb7d75a9edc75d1ce899cc72936fea534f2236d70ce1a9e0,1,
release/bkg/S21322735-GF-A99-EEA-T03-S1-LH-C1-I0004-F00.png,bkg,single,512,512,PNG,534404,771e5e57cd6aaaafbbd0c2a4047368a1a3a8c2cdc1d1c911b96197704a6dbd14,1,
release/bkg/S219134961-GM-A51-EME-T00-S1-LH-C1-I0016-F00.png,bkg,single,512,512,PNG,495206,a0b40c376312cb5f86df31a67435c44a8251882d364556f9b8c57eb06d7587e6,1,
release/bkg/S220036139-GF-A33-EME-T14-S1-LH-C1-I0048-F00.png,bkg,single,512,512,PNG,453119,94de9118dc8f6726854382df45aa29f709e8c63465a5dc2f00f6bc826331ed99,1,
release/bkg/S229472865-GM-A49-EEA-T15-S1-LH-C1-I0053-F00.png,bkg,single,512,512,PNG,330346,9a8dad10fcb5bed00321943e4d50be236a579990fd0c77787521d7d19e12c6f7,1,
release/bkg/S229741512-GM-A18-EEA-T01-S1-LH-C1-I0029-F00.png,bkg,single,512,512,PNG,292651,a9eeb0d60f548ff2d531cbed96b3907740838083358459d4f732d59ddc51b6c2,1,
release/bkg/S231352223-GF-A49-EEA-T14-S1-LH-C1-I0027-F00.png,bkg,single,512,512,PNG,466694,923f297fc9331208fef2fa143fba94899e7024ecca898f2169eac1cd6f400282,1,
release/bkg/S236474674-GF-A94-EEA-T14-S1-LH-C1-I0061-F00.png,bkg,single,512,512,PNG,512218,ae6ee1ce6908c8c97e350c5f60bb096ad1c538b253640ba85bd53be1f0f578dd,1,
release/bkg/S245655911-GM-A99-EIA-T14-S1-LH-C1-I0023-F00.png,bkg,single,512,512,PNG,497668,334690db58b577fbe09a2c039e65032deeccf06cefe83ce68d74293dc336ed65,1,
release/bkg/S247603526-GM-A30-EEA-T13-S1-LH-C1-I0041-F00.png,bkg,single,512,512,PNG,498368,a76b03892522cca5bde0b4df805d5014ae93882c903108c055a2b1a37eac9194,1,
release/bkg/S248968574-GM-A81-EAS-T14-S1-LH-C1-I0022-F00.png,bkg,single,512,512,PNG,455781,22550fca274ebcc4974fe02ea6e1bd4bc986d5105d978c67049a3695242fdefa,1,
release/bkg/S25038292-GF-A59-EAF-T03-S1-LH-C1-I0041-F00.png,bkg,single,512,512,PNG,520021,7f2b5990ee876fc181daf815d2a5eb30c42143228ab8b5c43e17f99cc3acc52e,1,
release/bkg/S259395943-GF-A59-EME-T14-S1-LH-C1-I0009-F00.png,bkg,single,512,512,PNG,520113,7db229ef9c36f239096b1f9d8414e67a3ad0127e53964a0b70cd14431d0add6e,1,
release/bkg/S261182015-GM-A24-EEA-T01-S1-LH-C1-I0011-F00.png,bkg,single,512,512,PNG,330918,7aadcdeae466c1a350522d3e4dd79bc17930b25f5023113eeb340ec726841d77,1,
release/bkg/S264396021-GM-A30-EAS-T14-S1-LH-C1-I0047-F00.png,bkg,single,512,512,PNG,490129,ca34d4c7c6d94ca663963fa9fc96dc68560d6806884dd4bb4bee4999abaeffd0,1,
release/bkg/S265934537-GF-A26-EAS-T14-S1-LH-C1-I0063-F00.png,bkg,single,512,512,PNG,220288,a8593521b8e5b810f1ad4330eb414f7cfc6c2aca3fa286fa65e8734c0bf5e917,1,
release/bkg/S268137029-GF-A39-EME-T01-S1-LH-C1-I0016-F00.png,bkg,single,512,512,PNG,433047,e0cc3c5e33ae8442250d87281978be2e6dfaaf1571bfe5dd58f99818581d0767,1,
release/bkg/S268183923-GN-A24-EAF-T14-S1-LH-C1-I0053-F00.png,bkg,single,512,512,PNG,249359,85130551321e5f4fbe3bab7886a0d81a76f9903e702e9275a9c0261b74f02fc1,1,
release/bkg/S274652534-GF-A22-EEA-T01-S1-LH-C1-I0003-F00.png,bkg,single,512,512,PNG,307977,7a01cc9fb8def3e14a758042a58a6bc1c5e0c27b083c50a09616f97ae27982a9,1,
release/bkg/S274869653-GF-A68-EAS-T03-S1-LH-C1-I0003-F00.png,bkg,single,512,512,PNG,448686,c0f6ca23b60397a74f536d953c2ce5b66306cc24845c67069ddac38792e38480,1,
release/bkg/S279879625-GF-A55-EAF-T00-S1-LH-C1-I0037-F00.png,bkg,single,512,512,PNG,458151,dbf8bb3a6991865707f7f01ffe6ef4bb8ebbe2f1e3855906ffdbce42caae092b,1,
release/bkg/S285023719-GF-A24-EEA-T00-S1-LH-C1-I0022-F00.png,bkg,single,512,512,PNG,428764,4832474f4051f37c29ca11ae79ce7a3cfaf27c8ee51e974ab9121e908c6f5eee,1,
release/bkg/S287510944-GF-A29-EME-T01-S1-LH-C1-I0059-F00.png,bkg,single,512,512,PNG,387238,c5a0b655b414cc66dda73b376d137ce372c4e80e42046262f823be1704666016,1,
release/bkg/S289919415-GF-A46-EEA-T14-S1-LH-C1-I0060-F00.png,bkg,single,512,512,PNG,456423,3224460b6dded70cea6fe9133aba099340d705f35d1edafcf0c0731248f55582,1,
release/bkg/S300524837-GM-A42-EEA-T01-S1-LH-C1-I0008-F00.png,bkg,single,512,512,PNG,312830,df57e59cbc84cc780a8800283d32469fd007d6576cdab576b44a9a3c57c59a32,1,
release/bkg/S303695349-GM-A23-EEA-T03-S1-LH-C1-I0002-F00.png,bkg,single,512,512,PNG,273154,922ff2460ae5230223559ab12ce533226f6c393366db048fa7fea0f6b537ae04,1,
release/bkg/S303695349-GM-A23-EEA-T03-S1-LH-C1-I0029-F00.png,bkg,single,512,512,PNG,247109,997e33e83e8e38ed366b137468db7fa6a6b9292734defa5d25d3366c0f94e88e,1,
release/bkg/S303695349-GM-A23-EEA-T03-S1-LH-C1-I0041-F00.png,bkg,single,512,512,PNG,250538,35d0524a7c3fbfcbb78ed295db8fe5f8e3cd51b54d2e9926279a46d2db515a4c,1,
release/bkg/S313264566-GM-A81-EAF-T14-S1-LH-C1-I0008-F00.png,bkg,single,512,512,PNG,506283,47e0bf0eae2e3690dfc565bc7322f3eea8bfcc5e902a96574978693209bc1b1b,1,
release/bkg/S313264566-GM-A81-EAF-T14-S1-LH-C1-I0059-F00.png,bkg,single,512,512,PNG,515232,06e6118b7e37d6e97ec48aef891e1a6df6b866934ed2f304b7472d8a27d72c91,1,
release/bkg/S316988909-GF-A99-EIA-T10-S1-LH-C1-I0040-F00.png,bkg,single,512,512,PNG,422078,c433908c206b52f33b6d70c07f7fe5f9925d326324ba3eea53dd74432cf708c6,1,
release/bkg/S319441451-GF-A19-EAS-T01-S1-LH-C1-I0006-F00.png,bkg,single,512,512,PNG,361567,7f494e5c9de8ab2fb0c52fd7f3eb11e71e3540077d32ab623172322aad8dee0f,1,
release/bkg/S32440074-GF-A23-EIA-T15-S1-LH-C1-I0012-F00.png,bkg,single,512,512,PNG,388274,30e329f138868665b124b21df58c27fc4b45c010d92300ac20c022b698dc2505,1,
release/bkg/S325074401-GF-A50-EAS-T03-S1-LH-C1-I0044-F00.png,bkg,single,512,512,PNG,220230,4b9e365e99bb9fe91924ce92f749387370aeb015fb1601aea2219f7695e0f59f,1,
release/bkg/S334697091-GM-A32-EAS-T14-S1-LH-C1-I0031-F00.png,bkg,single,512,512,PNG,517776,7955faaea4e6786b70b3ac345204f99f46552d95604059cb57e0b60aa54bdb1e,1,
release/bkg/S335757255-GF-A30-EME-T14-S1-LH-C1-I0002-F00.png,bkg,single,512,512,PNG,447234,603eb5291f59714bc1d493abbdb8ae027f5471bc1b433901797aa4a9aac02906,1,
release/bkg/S336053665-GF-A75-EME-T13-S1-LH-C1-I0037-F00.png,bkg,single,512,512,PNG,294582,733510802d43638cddcb2665993bea5498500d00ce7f8d99ac0bf5baabb8fbd7,1,
release/bkg/S340675536-GF-A37-EEA-T14-S1-LH-C1-I0052-F00.png,bkg,single,512,512,PNG,505842,c0df4708cd2fa20e70d2a0ee9a3afcbd89075ecc04cd4ac93cfd734c03fa92b6,1,
release/bkg/S343616415-GF-A69-EEA-T03-S1-LH-C1-I0056-F00.png,bkg,single,512,512,PNG,352582,7275f9883a677073003ca67eb0d6506d3e4fcdcf936f30316a8b68946cce6f04,1,
release/bkg/S343899513-GM-A51-EME-T01-S1-LH-C1-I0048-F00.png,bkg,single,512,512,PNG,418441,c894384b99142cfd6025adadd5325ae76b5cc45c043c217b71f893e26bbe1a1d,1,
release/bkg/S345601750-GF-A64-EEA-T03-S1-LH-C1-I0055-F00.png,bkg,single,512,512,PNG,496442,78784546068e9d7d65b72c5e04e7e8ea77707ba86028f199f5d9b322848daefe,1,
release/bkg/S354713116-GF-A60-EAF-T14-S1-LH-C1-I0000-F00.png,bkg,single,512,512,PNG,517041,e5af5f3d025c38a30a6ecf023d8df675c80eb1fb045715237590f7cb1954e279,1,
release/bkg/S354713116-GF-A60-EAF-T14-S1-LH-C1-I0004-F00.png,bkg,single,512,512,PNG,415987,04542a342a252b61a39698a065ad2c87b5bc7296398cd1eb39ad286c8ab14521,1,
release/bkg/S364995244-GM-A24-EEA-T03-S1-LH-C1-I0015-F00.png,bkg,single,512,512,PNG,320053,1fcdcb462ed5bbef2a19f3f2325cf40de39dce83338d0f0060f3135ddd35868a,1,
release/bkg/S370286626-GF-A59-EEA-T00-S1-LH-C1-I0061-F00.png,bkg,single,512,512,PNG,523996,4a49729d58bd805a391fc57da5f24b51fc55852dc366062b454a5eba634ac17e,1,
release/bkg/S373793896-GM-A22-EEA-T14-S1-LH-C1-I0035-F00.png,bkg,single,512,512,PNG,290859,99cf2e2a105d5640680f84467c05e8150511a85207f0db9246451b1db5c9b01d,1,
release/bkg/S37396139-GF-A51-EEA-T14-S1-LH-C1-I0018-F00.png,bkg,single,512,512,PNG,484102,3bad9af64bc48a5174ae1d95fb95f0da3503275d042f5bec1f9fe2c70ef91fb2,1,
release/bkg/S37396139-GF-A51-EEA-T14-S1-LH-C1-I0048-F00.png,bkg,single,512,512,PNG,349445,d54110b4b23d3258223c885d0314f1dc893d963a5e73e9460c066fe7dc805ec0,1,
release/bkg/S375545605-GM-A47-EEA-T00-S1-LH-C1-I0004-F00.png,bkg,single,512,512,PNG,502691,56e562feeb5556aa11d80bd94e78b20ded838c99235356836c82dc4f13a51df7,1,
release/bkg/S375545605-GM-A47-EEA-T00-S1-LH-C1-I0022-F00.png,bkg,single,512,512,PNG,354585,283b701d5b2705a458bcaf97a47380ba73fbd3725c9d632f02015260e50e461a,1,
release/bkg/S375545605-GM-A47-EEA-T00-S1-LH-C1-I0027-F00.png,bkg,single,512,512,PNG,347106,1856d45b6ad7b59138189087d939da54b1ef03ff795112ba751c1f4d99efea33,1,
release/bkg/S375545605-GM-A47-EEA-T00-S1-LH-C1-I0049-F00.png,bkg,single,512,512,PNG,411235,f0e233e1b86135e59191fd82c48dc24fb1352c446c9e8ee73d0799f7bacbb51f,1,
release/bkg/S376287613-GF-A19-EAF-T14-S1-LH-C1-I0011-F00.png,bkg,single,512,512,PNG,509021,b7d4cfc0c4a8f6caf157aa4cd3a46064c1ae3acecf54c9697680f3fc3aefcbe8,1,
release/bkg/S377896724-GF-A29-EEA-T10-S1-LH-C1-I0028-F00.png,bkg,single,512,512,PNG,503501,e0db93c222f09d1d021fff1880b88ee18c7f96bd778906111cae403fcc5cc94b,1,
release/bkg/S380795387-GF-A58-EEA-T14-S1-LH-C1-I0035-F00.png,bkg,single,512,512,PNG,302201,03ce82e9e0ab6eb4f5bf82931ea98d1c3389e64b19129dbebcb3f2f8d6d4cf7f,1,
release/bkg/S382037204-GF-A89-EEA-T03-S1-LH-C1-I0006-F00.png,bkg,single,512,512,PNG,493857,cb25a0bac2c200b6488f285f557afbfb8753c6549f4084e4b076b0b11636720f,1,
release/bkg/S384793007-GF-A62-EEA-T01-S1-LH-C1-I0006-F00.png,bkg,single,512,512,PNG,484407,7582aac7ae05dc4117b52ccad6dfa9f2084636c093fd0da26bd6a32844e9f64a,1,
release/bkg/S388546914-GF-A50-EEA-T14-S1-LH-C1-I0025-F00.png,bkg,single,512,512,PNG,527865,526e3f833ee2961ac2511f20aff94e883e5d97a8f4d2342a6cfb4cff1e3e6d1f,1,
release/bkg/S39379132-GF-A54-EEA-T15-S1-LH-C1-I0056-F00.png,bkg,single,512,512,PNG,474302,a07ffc16287cbb33e43af255d9fdc11ebc730623a3165a3b3058ea486e9faff5,1,
release/bkg/S39590804-GM-A53-EEA-T03-S1-LH-C1-I0045-F00.png,bkg,single,512,512,PNG,485998,5cbbd1b06902f3c37a0b57c8d23c9e337fe5f58db24c6f81f7275b33c12c0bbc,1,
release/bkg/S397228464-GF-A72-EEA-T03-S1-LH-C1-I0009-F00.png,bkg,single,512,512,PNG,393518,32a0f892ade15e3f94e8a133a62616b617123f4c54bdcf1f143c98710459cfb3,1,
release/bkg/S402992794-GF-A60-EEA-T14-S1-LH-C1-I0010-F00.png,bkg,single,512,512,PNG,466748,165da7a91778defc3620ea5896790b49d382848371d6a528ffc23a75bd997240,1,
release/bkg/S407285746-GF-A18-EAF-T13-S1-LH-C1-I0047-F00.png,bkg,single,512,512,PNG,419217,d45c2676e6e53f62d56f0938df8dde187bc6c5bbd7409d7686b0f4612f89e7bc,1,
release/bkg/S409626024-GM-A29-EEA-T11-S1-LH-C1-I0000-F00.png,bkg,single,512,512,PNG,301231,bddf344b73296148128f36b21831c32a5305671a266dcdb1e9e9e94dad1c13a8,1,
release/bkg/S411588159-GF-A21-EEA-T03-S1-LH-C1-I0033-F00.png,bkg,single,512,512,PNG,325695,80bfb4af93e081f8b302fce17bd6dcf5955d6ce3df847a587907212b4d028ba8,1,
release/bkg/S412637027-GM-A93-EME-T01-S1-LH-C1-I0061-F00.png,bkg,single,512,512,PNG,353768,3afd3137c8d91ff342c06624b22a8344c64763c087392195a89ef520d376b77e,1,
release/bkg/S415761895-GF-A62-EAS-T03-S1-LH-C1-I0005-F00.png,bkg,single,512,512,PNG,545583,78cbdd81cd9a9a2e6878c80f7d63400e8b0b3abb606c2b44a59346a1215ec538,1,
release/bkg/S426127418-GF-A48-EEA-T03-S1-LH-C1-I0043-F00.png,bkg,single,512,512,PNG,382288,145ba78d83beb6bd336334f1ae49618d84515a5c4db05775721a2b8ffbb59bcc,1,
release/bkg/S43189665-GF-A47-EME-T13-S1-LH-C1-I0035-F00.png,bkg,single,512,512,PNG,506175,2c251baec843a80a9d6108d18ea1a72786fa8c8e7217c24224b05e70b9f7b02a,1,
release/bkg/S43416355-GF-A63-EAS-T03-S1-LH-C1-I0018-F00.png,bkg,single,512,512,PNG,467358,6bb348ca973b993c60a014f2b5bb0d97c67a66edfe64d3dcd0f60890c323d624,1,
release/bkg/S442640043-GF-A83-EEA-T01-S1-LH-C1-I0015-F00.png,bkg,single,512,512,PNG,329836,a4512eb9f858b2cdb2688e0fdb8aa36cf5dc4365c821316c3e39e6b2714058bd,1,
release/bkg/S44577521-GM-A92-EME-T14-S1-LH-C1-I0012-F00.png,bkg,single,512,512,PNG,463623,a3b6d541e74f5c693f54fae488201ecc513cb09c889aa19f65668b1f4358d210,1,
release/bkg/S44577521-GM-A92-EME-T14-S1-LH-C1-I0041-F00.png,bkg,single,512,512,PNG,449275,43dcfb9a4650734ba2523de060f1a8d3d59e4d9f3e6bef3d1cf63575d739129c,1,
release/bkg/S457681878-GF-A95-EEA-T14-S1-LH-C1-I0017-F00.png,bkg,single,512,512,PNG,510534,8ce3f492c06adc6c29f7000a43cf64c36478415b66f0dfe147265fbedccd44f6,1,
release/bkg/S464252649-GM-A60-EEA-T15-S1-LH-C1-I0045-F00.png,bkg,single,512,512,PNG,463933,9b35acf5dac5e7c0bcc31abb440c1c38037ffa756c3a39839b9a64136e43789b,1,
release/bkg/S472012617-GM-A63-EEA-T01-S1-LH-C1-I0014-F00.png,bkg,single,512,512,PNG,377018,f2e962613869fd413d50b21174e80d44f0d1b4ec8792aa5aa5431892dcb19c78,1,
release/bkg/S472012617-GM-A63-EEA-T01-S1-LH-C1-I0022-F00.png,bkg,single,512,512,PNG,461534,2fe92809cc9a2d252342f44d320627e3cf663516dd83b535a77c303abc38ac54,1,
release/bkg/S475499547-GM-A26-EME-T01-S1-LH-C1-I0029-F00.png,bkg,single,512,512,PNG,311733,07a87513eaead3829534214dc8ad3efcd7cd7ac50bbc01d1f808d7cd868d8165,1,
release/bkg/S480910045-GF-A90-EME-T11-S1-LH-C1-I0003-F00.png,bkg,single,512,512,PNG,499848,7dbe5b79404304c7f9613f4bf063fb9b10bd9c117750de2e8ae7972db5e63f51,1,
release/bkg/S482766020-GF-A40-EAS-T15-S1-LH-C1-I0060-F00.png,bkg,single,512,512,PNG,349685,3f7b98151d2499453104444f35787d8e2dee1d4e3380de0c582eca6ca7aef7a1,1,
release/bkg/S493184426-GF-A19-EAF-T00-S1-LH-C1-I0000-F00.png,bkg,single,512,512,PNG,309418,a068712a04d4241eb5aed1a2c84d4d3cc0f727804c345f3c2c8f066139db9df2,1,
release/bkg/S495166625-GF-A58-EAS-T14-S1-LH-C1-I0053-F00.png,bkg,single,512,512,PNG,447580,209c4849388c807ef173d2ded752a3458be6ff6c96da25c6c94220093c1e9f9e,1,
release/bkg/S50180802-GM-A26-EEA-T00-S1-LH-C1-I0055-F00.png,bkg,single,512,512,PNG,335031,37aa577d4d3af21e45246e88dee2d73ea6b44aa048c916d1b672d75c009a929d,1,
release/bkg/S504201509-GF-A50-EME-T14-S1-LH-C1-I0001-F00.png,bkg,single,512,512,PNG,474798,d4c7904041e521b65b8cb298922473a41bb30226f6303f0ed3849effca8cb0df,1,
release/bkg/S506465236-GM-A41-EEA-T00-S1-LH-C1-I0013-F00.png,bkg,single,512,512,PNG,460408,9e2494e7516b49c3df5df1f164f2cd2e7422761670fb65e25f629a99b3bf80b0,1,
release/bkg/S508947155-GF-A84-EAF-T01-S1-LH-C1-I0013-F00.png,bkg,single,512,512,PNG,528683,d65bebc218e5fcca69df41115abdee25567539ef69f409e82555cc6a30070618,1,
release/bkg/S508947155-GF-A84-EAF-T01-S1-LH-C1-I0030-F00.png,bkg,single,512,512,PNG,352037,95db5c327b6553a715d3060d2fc237eef827f1c81f4b34a61e4b89d3c405df75,1,
release/bkg/S508947155-GF-A84-EAF-T01-S1-LH-C1-I0033-F00.png,bkg,single,512,512,PNG,358217,600697df9d6d7e5f4cb91651b57686d6fe344d2799b95e6951df4342948e221f,1,
release/bkg/S508947155-GF-A84-EAF-T01-S1-LH-C1-I0054-F00.png,bkg,single,512,512,PNG,375363,96b58c15f52f489c8dcf18a070d0eb7fdda013c7c38a45ff7d0a40795ad1b637,1,
release/bkg/S510917796-GF-A21-EME-T03-S1-LH-C1-I0042-F00.png,bkg,single,512,512,PNG,347845,4639fc04c30f0b3ecb4025974049307ea025e67520ceaa59b4734f522faf3602,1,
release/bkg/S514677740-GM-A43-EME-T03-S1-LH-C1-I0021-F00.png,bkg,single,512,512,PNG,326284,1e6c2f65d1caf8164cb1cba8b0335152136730da8e9c636630500230ad53f83f,1,
release/bkg/S51891071-GM-A63-EEA-T03-S1-LH-C1-I0028-F00.png,bkg,single,512,512,PNG,420036,552ef1858dc7f897f8c769e0f84af454dd8f3496e774ff7e51951681f7f5c62f,1,
release/bkg/S519335789-GF-A87-EAF-T14-S1-LH-C1-I0012-F00.png,bkg,single,512,512,PNG,471653,1a4bdafed5ee546014b73f4269a673770417bfb6773a4b7a0571b8d209a65474,1,
release/bkg/S520464077-GF-A50-EEA-T00-S1-LH-C1-I0049-F00.png,bkg,single,512,512,PNG,513571,1daf6840d79ed6280b7bd0a5749b785c465606360558b8dcfef38496f8af681c,1,
release/bkg/S520464077-GF-A50-EEA-T00-S1-LH-C1-I0055-F00.png,bkg,single,512,512,PNG,517907,f1a921ea6fd56930c9c120286d804753873924c8799d42af01d1eef40d17d12d,1,
release/bkg/S526642813-GF-A73-EAF-T03-S1-LH-C1-I0033-F00.png,bkg,single,512,512,PNG,491712,00dd3b5e09b966b6a4e08f6a425925c50ed7eb5c948404b40e0188f33a35a2f9,1,
release/bkg/S526642813-GF-A73-EAF-T03-S1-LH-C1-I0036-F00.png,bkg,single,512,512,PNG,321451,41ea51bb6e202559485a772f5fc4df062e99b37b9e37faed748833377d96e88d,1,
release/bkg/S528079409-GM-A46-EEA-T11-S1-LH-C1-I0009-F00.png,bkg,single,512,512,PNG,428095,d2821ed718c27b43bca05693d644d032eb9f22ca9bebb8602a4d7d01726ecc6d,1,
release/bkg/S533819468-GM-A53-EIA-T14-S1-LH-C1-I0007-F00.png,bkg,single,512,512,PNG,437269,135933b158bf6e0b078112f5aa9b97333e223add86c7f9f45d1e3c32319801bc,1,
release/bkg/S535874367-GF-A18-EEA-T14-S1-LH-C1-I0059-F00.png,bkg,single,512,512,PNG,513912,9be6923686ac8ddd067d8b51fe463c3b50822a4e3d4ed6eae63172c99814cb31,1,
release/bkg/S536119263-GM-A46-EEA-T11-S1-LH-C1-I0063-F00.png,bkg,single,512,512,PNG,274581,11ed7808f29826bb2ff246adfe831f32f888670b1eeaa3e098efe258076865e9,1,
release/bkg/S537195914-GF-A56-EME-T03-S1-LH-C1-I0040-F00.png,bkg,single,512,512,PNG,538807,53d78f1115ffaa37506ee39d2bed4cb2d1435dead51444d0b655b8c5777154f4,1,
release/bkg/S554872844-GF-A81-EIA-T00-S1-LH-C1-I0062-F00.png,bkg,single,512,512,PNG,449717,eb0951a9f9d420c8b167428f66eaf9f23bd8c47066d6c3afdc6ae46eb6652059,1,
release/bkg/S557350179-GF-A53-EAS-T03-S1-LH-C1-I0005-F00.png,bkg,single,512,512,PNG,504768,cf84525caec42268b34e581d8b7d96da453cdc3172a3211cc09571dd28505464,1,
release/bkg/S560191384-GF-A51-EEA-T01-S1-LH-C1-I0033-F00.png,bkg,single,512,512,PNG,303635,f57ebfed1144c25e5ff8c93f3919431e1e151a6c06b7e4ad973bf3b5025d495a,1,
release/bkg/S561424111-GM-A25-EME-T14-S1-LH-C1-I0010-F00.png,bkg,single,512,512,PNG,238873,ed538f8ff0e41d708f8872394ab63f2d75edf6f1e19d48c84f9015db5f3c50ef,1,
release/bkg/S562599431-GM-A42-EEA-T00-S1-LH-C1-I0036-F00.png,bkg,single,512,512,PNG,351734,d65f674ac0cacb98f3ebb450463f4c86736c7950602f52396c5710566119359a,1,
release/bkg/S567149942-GF-A85-EEA-T00-S1-LH-C1-I0039-F00.png,bkg,single,512,512,PNG,304599,4c34de4a41e6298803cea159631b7899ec74546c12eec14da093dd75b1f980d9,1,
release/bkg/S571336030-GM-A48-EIA-T01-S1-LH-C1-I0034-F00.png,bkg,single,512,512,PNG,342808,a9a8a33e5d62330b149755c5a7ad5a5b3ba4c44e5704f52db71d751f1719b8e9,1,
release/bkg/S571571794-GM-A57-EEA-T03-S1-LH-C1-I0016-F00.png,bkg,single,512,512,PNG,530683,773c3d7cf5e56e426d2fb07f40cb6adb3673f2ba300e8554e0daebce4fe4d136,1,
release/bkg/S574280680-GF-A53-EME-T03-S1-LH-C1-I0005-F00.png,bkg,single,512,512,PNG,483120,1e21f6c0a9c8b145f9e9f527e904520ef075c151163348def90bce011b8511bc,1,
release/bkg/S574761980-GF-A38-EEA-T14-S1-LH-C1-I0044-F00.png,bkg,single,512,512,PNG,455853,d0bb0c0f3261e87e62840f073c1707f459bd9ab82642f94b731fd1894a9977e6,1,
release/bkg/S577181289-GF-A97-EME-T00-S1-LH-C1-I0056-F00.png,bkg,single,512,512,PNG,485191,8d00b9f8b8d494cb3f3aacf25c63cb467cc9f0db4ec972d0481d521d4dca5712,1,
release/bkg/S578152615-GM-A42-EEA-T03-S1-LH-C1-I0011-F00.png,bkg,single,512,512,PNG,332992,9172027c14b5f622423c5be1211902336e69606c15255c39ee126653388b3c21,1,
release/bkg/S590103000-GF-A47-EEA-T01-S1-LH-C1-I0045-F00.png,bkg,single,512,512,PNG,498527,04f962980562ad6481b725754791e396b6c2b0a660916ca91aa77cb18ec6eef6,1,
release/bkg/S590103000-GF-A47-EEA-T01-S1-LH-C1-I0047-F00.png,bkg,single,512,512,PNG,503653,9043a15da35a449023b5817a0605026892cb9f9652f8bc840963ed7d982a45a4,1,
release/bkg/S590103000-GF-A47-EEA-T01-S1-LH-C1-I0056-F00.png,bkg,single,512,512,PNG,501942,1dc00a287f9c427c9699ecbc86f432ff454aafbe8e90d2e4083246e83e3caefe,1,
release/bkg/S590103000-GF-A47-EEA-T01-S1-LH-C1-I0063-F00.png,bkg,single,512,512,PNG,408089,c8ec94fd48f9aa8219687885c8efea341e9d7e0c13565138670d6ad615b2af8e,1,
release/bkg/S592147976-GF-A52-EEA-T00-S1-LH-C1-I0049-F00.png,bkg,single,512,512,PNG,359934,3e91de44a2137bc53150f9caacc025136b4b9d6d311f955a860cd23d0c977862,1,
release/bkg/S598532466-GM-A87-EME-T14-S1-LH-C1-I0025-F00.png,bkg,single,512,512,PNG,291629,c46fccb024cb9e75476a2d4d4675db9a1ca50d243b47712ded11f92ffd00baa7,1,
release/bkg/S606909976-GF-A59-EEA-T01-S1-LH-C1-I0035-F00.png,bkg,single,512,512,PNG,383260,42aeb5adb63d54b26b545147500ea0f409732dc06f651537d9bcb90fe49b9ae1,1,
release/bkg/S616105557-GF-A58-EEA-T11-S1-LH-C1-I0042-F00.png,bkg,single,512,512,PNG,482773,8f0877cb6f4153fded8e8a713d3141ad2ded448a3993d11329fbdcc0df838d62,1,
release/bkg/S618974755-GM-A24-EEA-T00-S1-LH-C1-I0045-F00.png,bkg,single,512,512,PNG,512257,d8b890d01f3530b819e55026d08ef999e37bff085fc76c0fedc99dea35c0f156,1,
release/bkg/S62389544-GF-A82-EEA-T14-S1-LH-C1-I0050-F00.png,bkg,single,512,512,PNG,383340,24fbb21f69cfa183a5e8ae21d844a1d88b45f61d64693c4599ddc70ecd6915c0,1,
release/bkg/S640440409-GF-A40-EME-T14-S1-LH-C1-I0001-F00.png,bkg,single,512,512,PNG,545293,d51a876e4781c48e4f9a1bd35af2337db2f7575d863c0af80cd62352735cc96a,1,
release/bkg/S641100116-GM-A97-EEA-T14-S1-LH-C1-I0060-F00.png,bkg,single,512,512,PNG,528131,5e0e21ae4db5ae7550e30504ec43a287b8c3d970e3a152b1ceca745cc701a928,1,
release/bkg/S6470524-GF-A29-EAS-T14-S1-LH-C1-I0059-F00.png,bkg,single,512,512,PNG,332223,b80aa8f29c5270762f82e2926c260fbd0b095100526e0217b0d182036770ae6d,1,
release/bkg/S647458820-GF-A61-EAF-T03-S1-LH-C1-I0003-F00.png,bkg,single,512,512,PNG,410109,66ef63d8d967ac0baf39a131ea3f75f0b704e2c7b372d4c7357b96976720c186,1,
release/bkg/S653507002-GM-A51-EME-T03-S1-LH-C1-I0023-F00.png,bkg,single,512,512,PNG,513446,c5cf5bffa3de49fd253fb4cf84b7a497cb5dc7b7de682cb6224d95ec8e39d89d,1,
release/bkg/S653507002-GM-A51-EME-T03-S1-LH-C1-I0063-F00.png,bkg,single,512,512,PNG,542378,5f9d3fe41dc71d3577f33650367c15f57ffd91816133b46d55ec2b716083e695,1,
release/bkg/S664246838-GF-A21-EEA-T11-S1-LH-C1-I0004-F00.png,bkg,single,512,512,PNG,461273,b643fdb535d381a70cae99bd50ccac7c002832a6a791095bf4d6b003124946df,1,
release/bkg/S664545006-GF-A28-EIA-T14-S1-LH-C1-I0033-F00.png,bkg,single,512,512,PNG,309140,c1c72ed65a471903c88271d743410f3045e711b8f41b8b6e86e24aea51b09995,1,
release/bkg/S669973447-GM-A20-EEA-T00-S1-LH-C1-I0000-F00.png,bkg,single,512,512,PNG,505183,b046a9e91881c404f951107ce89c32161df925ef27113e069517c57e80c563bf,1,
release/bkg/S669973447-GM-A20-EEA-T00-S1-LH-C1-I0016-F00.png,bkg,single,512,512,PNG,318682,4f6e714f5f2bce240296e5746c16a9e11c01321cf9a076433a4b3d7eeb2e5993,1,
release/bkg/S670711149-GF-A47-EEA-T00-S1-LH-C1-I0025-F00.png,bkg,single,512,512,PNG,224657,31b40998f62d4c5563901a693e551a9c083ba5b00baaa1db13a24aa707b2912c,1,
release/bkg/S673442144-GF-A53-EEA-T01-S1-LH-C1-I0002-F00.png,bkg,single,512,512,PNG,543207,34082674c34f56ebf97f2ccf7c18a4ea30fc32aeb95ec9e3f9c4b0f806852f30,1,
release/bkg/S673442144-GF-A53-EEA-T01-S1-LH-C1-I0013-F00.png,bkg,single,512,512,PNG,457006,4d21a3f7e84defa8bf9017ea3f99a16b74a29273290cbc072c93c6288f103587,1,
release/bkg/S673442144-GF-A53-EEA-T01-S1-LH-C1-I0023-F00.png,bkg,single,512,512,PNG,445188,8c0700f70009ec82d8a67985d61436ebcd9c6e1f10aa38e3bcfb8c5277e1c242,1,
release/bkg/S673442144-GF-A53-EEA-T01-S1-LH-C1-I0028-F00.png,bkg,single,512,512,PNG,466912,641e3a55821b6df3676649542f3b14b9cc6da1a36b3b082d2bd3d6b150f6f8b9,1,
release/bkg/S673442144-GF-A53-EEA-T01-S1-LH-C1-I0034-F00.png,bkg,single,512,512,PNG,354600,eeff6e90aa22c333f8b3f5627dc650f607c42b79f2b0b60d2540c94f14f957f5,1,
release/bkg/S673442144-GF-A53-EEA-T01-S1-LH-C1-I0035-F00.png,bkg,single,512,512,PNG,482253,5ac37f0d096c3f6eacef485b87ac5e1a8e183f3183badc60ea60d79cabef8b00,1,
release/bkg/S673442144-GF-A53-EEA-T01-S1-LH-C1-I0044-F00.png,bkg,single,512,512,PNG,300854,4e5efad9ba454008ad8093c9e58fac68bcb87e06408df8b904f1869f9681dc73,1,
release/bkg/S673442144-GF-A53-EEA-T01-S1-LH-C1-I0049-F00.png,bkg,single,512,512,PNG,506017,1e6f232ce38808813b579f03c153fffde946fadb1b287fc0ff9e8261ffbfd351,1,
release/bkg/S673442144-GF-A53-EEA-T01-S1-LH-C1-I0056-F00.png,bkg,single,512,512,PNG,518514,67e3850f0d9cb7e94fb461155a0be4c70b99badfedb48033af3c7811ea26e5e9,1,
release/bkg/S677155548-GF-A53-EME-T01-S1-LH-C1-I0011-F00.png,bkg,single,512,512,PNG,493344,1190c56073f430a4b03ca5d96dafcff5908ab96395cc90d30eb904c72ca019f5,1,
release/bkg/S682364157-GF-A18-EIA-T03-S1-LH-C1-I0012-F00.png,bkg,single,512,512,PNG,394645,a23c5516e8e142e967ba2ffc4140f8b9d14575a7a8e6d91db226126498211492,1,
release/bkg/S683688917-GF-A31-EIA-T03-S1-LH-C1-I0021-F00.png,bkg,single,512,512,PNG,344967,c577baa168f1e930bd04a22e72c8dc7f0d95bba2dfd9565bb095eec06975a935,1,
release/bkg/S691494836-GM-A85-EIA-T11-S1-LH-C1-I0037-F00.png,bkg,single,512,512,PNG,518247,004c3425f530ab8130666240bebcd1daf3dd6f464cad58cb521ce7da794acd02,1,
release/bkg/S691842297-GM-A47-EME-T14-S1-LH-C1-I0022-F00.png,bkg,single,512,512,PNG,288307,9854298d0e38876ee8d7d4876b2f05c3cc77cbf68446240274bfdbe72f6bb449,1,
release/bkg/S700139260-GF-A56-EEA-T15-S1-LH-C1-I0053-F00.png,bkg,single,512,512,PNG,330413,e9e80c162d839d568c9f82fb75e161cbd0ef675dc266c6f75d6cb3c4f648c5d5,1,
release/bkg/S700907495-GM-A91-EME-T01-S1-LH-C1-I0006-F00.png,bkg,single,512,512,PNG,322091,75783c3458846293ade3cfcdc63eaffb0c0f6bf67d0164340dc0b30946f41da9,1,
release/bkg/S708639364-GM-A59-EEA-T00-S1-LH-C1-I0042-F00.png,bkg,single,512,512,PNG,496071,5004f215571c4a9ee0a05dd6cb4c619d71d6f962b71abd202c911bfa0408fd03,1,
release/bkg/S710623010-GF-A75-EME-T01-S1-LH-C1-I0051-F00.png,bkg,single,512,512,PNG,485801,7d063f5ea91984851cb794c77c358cf1eab3eeb354b20302043ae90ee3f91563,1,
release/bkg/S720555455-GF-A90-EAS-T14-S1-LH-C1-I0024-F00.png,bkg,single,512,512,PNG,452406,9642353c51135f23256f56c54d6e86bf11af5ecc2851f24e6622929442a1fe0a,1,
release/bkg/S721709390-GF-A24-EME-T00-S1-LH-C1-I0000-F00.png,bkg,single,512,512,PNG,418277,3f41c15e22b5ade24b704b4338570f6b2448eb8c8a6efbb151ad788100ebc5d1,1,
release/bkg/S723966293-GM-A27-EEA-T03-S1-LH-C1-I0044-F00.png,bkg,single,512,512,PNG,482578,559bad58c04db108b128e8e488da625493a16b3d236cf0cb908fca17b5bf52f6,1,
release/bkg/S726037773-GF-A57-EEA-T15-S1-LH-C1-I0030-F00.png,bkg,single,512,512,PNG,358192,1e277812857fbced7ee485a0c51735ca11fb26227286124204669ec595ec9603,1,
release/bkg/S726037773-GF-A57-EEA-T15-S1-LH-C1-I0031-F00.png,bkg,single,512,512,PNG,494270,b22819b59fca8a7a55527b9e7ae99d929da695bb7364301c5e6cb4bf79f7618e,1,
release/bkg/S727226600-GM-A33-EAS-T03-S1-LH-C1-I0053-F00.png,bkg,single,512,512,PNG,521100,46a7bdd56170b077896eafbbb62bbc71e068e0508509757423c608bb8018a966,1,
release/bkg/S741955884-GF-A71-EEA-T14-S1-LH-C1-I0057-F00.png,bkg,single,512,512,PNG,502637,c0878cfcace9b247a1f16234c6022b78bc5fb5cdd341997f3e561392cda01655,1,
release/bkg/S74441691-GF-A84-EIA-T13-S1-LH-C1-I0061-F00.png,bkg,single,512,512,PNG,456143,63eaf26807b8cf770d670406320274f462790e83c9937998e6464fb773ca55de,1,
release/bkg/S744766748-GM-A69-EEA-T01-S1-LH-C1-I0008-F00.png,bkg,single,512,512,PNG,463779,c6947043da56d2dada796c646745178a31825183153923a05177a8764e7d443d,1,
release/bkg/S752785476-GF-A66-EEA-T00-S1-LH-C1-I0010-F00.png,bkg,single,512,512,PNG,541606,36724680b8e4d12fedde68b6f4cde1dc93498c7eb6dae9c6d0e3f30659721d57,1,
release/bkg/S755595872-GF-A36-EME-T03-S1-LH-C1-I0000-F00.png,bkg,single,512,512,PNG,528996,4cc9e536b6871caa82e244b70cb0c5b9ef9e6dd50c7c8d5979244ee2b1f69cc1,1,
release/bkg/S760022445-GF-A45-EEA-T03-S1-LH-C1-I0032-F00.png,bkg,single,512,512,PNG,549606,9021dd6c57630870b5eff400dc62b48c625a4f9f00615c898969d95f5c9f7538,1,
release/bkg/S766916408-GM-A23-EME-T14-S1-LH-C1-I0040-F00.png,bkg,single,512,512,PNG,490768,8b6509d61988677904f3bc065bd28e563fc3c6494af01cc1f1070b6202e2f491,1,
release/bkg/S778523462-GF-A44-EIA-T14-S1-LH-C1-I0042-F00.png,bkg,single,512,512,PNG,363395,c1eea4a924887afa6c502cede71eb8461a85df7c76f84aeb2337107d8ebee7e5,1,
release/bkg/S780045574-GF-A98-EAF-T14-S1-LH-C1-I0030-F00.png,bkg,single,512,512,PNG,282845,2a254c85fbac7d5b49f4406aae36346dcf68b961ad851daa1d1250482f6730e2,1,
release/bkg/S780124184-GF-A64-EME-T01-S1-LH-C1-I0042-F00.png,bkg,single,512,512,PNG,476857,f2e3dd767300a7299ef4a7c1643a19fae3f8d4f01212a8336d4623a96e901c16,1,
release/bkg/S786321386-GM-A32-EME-T00-S1-LH-C1-I0051-F00.png,bkg,single,512,512,PNG,408830,bb8ed6a72055b5536bd5d2974c774d979f6730a14bf8b752fff848a363ca1e8c,1,
release/bkg/S788462400-GM-A77-EEA-T14-S1-LH-C1-I0022-F00.png,bkg,single,512,512,PNG,521564,3459870fcc0d945842d2cef6993f417b29b0a945e2b85824409ca7de03e4a242,1,
release/bkg/S79333356-GF-A59-EEA-T03-S1-LH-C1-I0057-F00.png,bkg,single,512,512,PNG,431960,67e012b73c993780a88857b556f5e8bfd6ea3b0cf826a3c8c971ce8c6d9226bc,1,
release/bkg/S795622045-GM-A49-EEA-T03-S1-LH-C1-I0033-F00.png,bkg,single,512,512,PNG,529461,a46c11bd6ce7d727907c493a66eedbe91b0e79814a0517ed3b5c3a2388b51957,1,
release/bkg/S798606872-GF-A37-EME-T15-S1-LH-C1-I0028-F00.png,bkg,single,512,512,PNG,371918,3a351a0a3ca01194b3606a0a4135525e2445fec2fb2969e4a0239bbd5727dd9e,1,
release/bkg/S804626448-GF-A39-EME-T01-S1-LH-C1-I0049-F00.png,bkg,single,512,512,PNG,426932,80419bd092c5cc16a3be029345cdf5b52589e2d70d3a219a99f83ba494ae7ba3,1,
release/bkg/S806692215-GM-A67-EEA-T01-S1-LH-C1-I0022-F00.png,bkg,single,512,512,PNG,288116,0964dc69025c037823999ed15568bc731e38f1a3a30430c85eb8d719f8abc4bc,1,
release/bkg/S806692215-GM-A67-EEA-T01-S1-LH-C1-I0043-F00.png,bkg,single,512,512,PNG,462629,c27a018c5cd72ca831619839ec7eaffb74fc34dc6b14a34c5adaf96129cedc3a,1,
release/bkg/S816836927-GF-A61-EAS-T00-S1-LH-C1-I0031-F00.png,bkg,single,512,512,PNG,449423,32f7e6380e50a6ff3ab4f509197efe6d8b7f023f9ed433db3cba28edcc265dac,1,
release/bkg/S824192626-GF-A59-EIA-T14-S1-LH-C1-I0014-F00.png,bkg,single,512,512,PNG,317816,eaa71e06844b69c22ab244509f9c2ed28a6375e062a62f8195d2bd08f28c6bd2,1,
release/bkg/S825431925-GF-A77-EAF-T00-S1-LH-C1-I0000-F00.png,bkg,single,512,512,PNG,469642,13eed9b8e09982b0330652c5720248bb9834c25e561468a545b3d71c8608ea18,1,
release/bkg/S825833733-GF-A82-EEA-T14-S1-LH-C1-I0004-F00.png,bkg,single,512,512,PNG,480355,e568326882624d2298cbffbc28b692316b2855c526310be6ab429c6e6159cafe,1,
release/bkg/S825833733-GF-A82-EEA-T14-S1-LH-C1-I0012-F00.png,bkg,single,512,512,PNG,455509,ab3d7290117e7e02a217fcce508a240a877092a7a113c99e941e3b1386bef815,1,
release/bkg/S825833733-GF-A82-EEA-T14-S1-LH-C1-I0022-F00.png,bkg,single,512,512,PNG,468864,d625ccf1c809e692821422e61c36427c7b8cc3191e55ac9be8334bf2e28df144,1,
release/bkg/S825833733-GF-A82-EEA-T14-S1-LH-C1-I0028-F00.png,bkg,single,512,512,PNG,507259,291c600284aefccf4778cdf40e263de8254cdb0bbdf9ad86121345681ae1bbd5,1,
release/bkg/S835364261-GM-A45-EAS-T03-S1-LH-C1-I0032-F00.png,bkg,single,512,512,PNG,486879,0969786bde09749d859be18976382af6bf5d4a75f51faa84c92de2a2517b73ab,1,
release/bkg/S838732855-GF-A26-EEA-T03-S1-LH-C1-I0010-F00.png,bkg,single,512,512,PNG,482703,79a0ecd1985390ea68fef600498b6091dde1b805d75c6341e2d300a11e35f165,1,
release/bkg/S844573168-GM-A70-EEA-T00-S1-LH-C1-I0061-F00.png,bkg,single,512,512,PNG,371910,db52936baadbbda0937b5a1e00ce3e85ae3379bf500c07407faddee6fa128e0b,1,
release/bkg/S844761652-GF-A54-EAF-T03-S1-LH-C1-I0008-F00.png,bkg,single,512,512,PNG,511845,318c7c39ac80793c1915a9ec34117aa56384f91519e40d0779ef2ebeb4b6820c,1,
release/bkg/S851010322-GM-A30-EEA-T03-S1-LH-C1-I0061-F00.png,bkg,single,512,512,PNG,512642,2bc7cd2f0bf36defda09720a20bf694724ec7521fc9b0febb4f282b5622f908c,1,
release/bkg/S85153826-GM-A28-EEA-T03-S1-LH-C1-I0011-F00.png,bkg,single,512,512,PNG,404910,9a7b30107d3550033f31b58fe3fe331decfb5962df1884ed19eb01b5da4b19b6,1,
release/bkg/S861590567-GF-A45-EIA-T03-S1-LH-C1-I0062-F00.png,bkg,single,512,512,PNG,542244,74cbb2e344f19c6311ae63bd060c5c3e96202a4bc488a9ffb38ba04fb8b3b709,1,
release/bkg/S86418004-GF-A49-EEA-T10-S1-LH-C1-I0000-F00.png,bkg,single,512,512,PNG,422497,5b89dc3424827eaed52568106608dc65e24fed6b6dc37dbbda216ded1ed9fde5,1,
release/bkg/S871196184-GF-A27-EAF-T14-S1-LH-C1-I0028-F00.png,bkg,single,512,512,PNG,500979,f383da9b7bfe3d912ca4bf90df0b7479a2020ec5fc3d7d6af15be243bcac3e04,1,
release/bkg/S872849899-GF-A30-EEA-T03-S1-LH-C1-I0004-F00.png,bkg,single,512,512,PNG,523693,9c8bbe8c47480ad057c5941c5a9ace6a8781fdd7e16461b2bdcb013e44510de3,1,
release/bkg/S881124278-GF-A51-EAS-T14-S1-LH-C1-I0059-F00.png,bkg,single,512,512,PNG,493770,9886b73c9f54bcc6df61986d1ddd5236e86fe0348f45192d15eca47426e4a505,1,
release/bkg/S882917275-GF-A60-EME-T01-S1-LH-C1-I0038-F00.png,bkg,single,512,512,PNG,508800,d0390e669342ce2d1bae16f13fcd945bbf9871a849ade43b470daf3bab2563bb,1,
release/bkg/S883374229-GF-A54-EEA-T14-S1-LH-C1-I0006-F00.png,bkg,single,512,512,PNG,495789,ba8391c024915f1a0fb26f205ab6d0959d0a2391edcbafbaf3d32313811a3373,1,
release/bkg/S883374229-GF-A54-EEA-T14-S1-LH-C1-I0019-F00.png,bkg,single,512,512,PNG,298779,314b66bb88332f468b9a31a82d9e9d598c4b36aec455264571fbad220355c273,1,
release/bkg/S883374229-GF-A54-EEA-T14-S1-LH-C1-I0021-F00.png,bkg,single,512,512,PNG,462941,2cf95892c6e78ed9ec18507c71e1728edc1ebfc5ff1113240dc48eb42df1df83,1,
release/bkg/S883374229-GF-A54-EEA-T14-S1-LH-C1-I0038-F00.png,bkg,single,512,512,PNG,479514,434afe17c6515a592b3b802ded37097e4d048afee04ba0d29f00e12ad61cf4f8,1,
release/bkg/S883374229-GF-A54-EEA-T14-S1-LH-C1-I0039-F00.png,bkg,single,512,512,PNG,489223,8a9e60909ef198327ec29bab2ef5ee9ac27d43b4d85cb05d57e2a4bf22c1b19c,1,
release/bkg/S883374229-GF-A54-EEA-T14-S1-LH-C1-I0040-F00.png,bkg,single,512,512,PNG,502931,e99a84f27c19969349548bde8ac256318e007aa3d4d654198cf45f4b4689e622,1,
release/bkg/S883374229-GF-A54-EEA-T14-S1-LH-C1-I0041-F00.png,bkg,single,512,512,PNG,357454,caf86e4ea2d844ff44a148ecc41887439b6f0ee538b61332aa97fb1bb51bc235,1,
release/bkg/S883374229-GF-A54-EEA-T14-S1-LH-C1-I0059-F00.png,bkg,single,512,512,PNG,511588,16768d7eb676ba4b0164c7302804998743c148e46cc2a133eea7b8c372dc2d01,1,
release/bkg/S883374229-GF-A54-EEA-T14-S1-LH-C1-I0062-F00.png,bkg,single,512,512,PNG,447402,69a34dd334b85f48ec70ab88f68a074b4610e31027041df52631565e13b2b4cc,1,
release/bkg/S892006153-GF-A74-EAF-T14-S1-LH-C1-I0020-F00.png,bkg,single,512,512,PNG,319825,12d89815deab99253a9d8bc38217b8482e3bd98794d98e6baa2e6358556caaed,1,
release/bkg/S895967637-GM-A28-EEA-T01-S1-LH-C1-I0005-F00.png,bkg,single,512,512,PNG,514803,10ae7f7755d0b057179d60d0c3edcf7ab33a04fa891e08719306edef7229650f,1,
release/bkg/S897329683-GF-A41-EEA-T11-S1-LH-C1-I0040-F00.png,bkg,single,512,512,PNG,317982,5428ca56c95f67bec33ddcb7e6e88a4e74c001485eac70de58c930d4578b8f37,1,
release/bkg/S906953625-GF-A53-EEA-T01-S1-LH-C1-I0001-F00.png,bkg,single,512,512,PNG,295042,e4af604b8ad3883856839def9ee09d86b8fe6618a407d17b139db3e0a56bc9fd,1,
release/bkg/S9176807-GM-A21-EEA-T03-S1-LH-C1-I0024-F00.png,bkg,single,512,512,PNG,321374,f63fb99d48d969334406dd0e846878813ed70470cd88da619c105a9b6f1c9778,1,
release/bkg/S921833550-GM-A28-EEA-T14-S1-LH-C1-I0000-F00.png,bkg,single,512,512,PNG,314894,e58fd1fae00d8276405c65c8ac8222ef29ba0f5672c7d489cedca935b9a4de4f,1,
release/bkg/S924724708-GF-A48-EEA-T14-S1-LH-C1-I0053-F00.png,bkg,single,512,512,PNG,479714,972c4077dff4319eae494408f52d99b895b5b0c1299cbdd8ba50410e21268e64,1,
release/bkg/S926047332-GM-A22-EME-T14-S1-LH-C1-I0038-F00.png,bkg,single,512,512,PNG,507211,6265c4d7cd02e69fdb0b004ffe2137150e39e3e809e12e8fb7943a76cb0d9081,1,
release/bkg/S926047332-GM-A22-EME-T14-S1-LH-C1-I0039-F00.png,bkg,single,512,512,PNG,263477,bea439a26504f0660b2d0ade4dd7a80438516091dfcd5b40e0de23fd7174ba5a,1,
release/bkg/S931374402-GM-A20-EAF-T14-S1-LH-C1-I0003-F00.png,bkg,single,512,512,PNG,327911,127ffe7047c2c7d9f76a6840a73d1632af3b1a9132504dd53d755da3a8ab5002,1,
release/bkg/S931374402-GM-A20-EAF-T14-S1-LH-C1-I0013-F00.png,bkg,single,512,512,PNG,487096,dbddf563a4af5888fcefae553b0e2bb0b829ccda65fdb9fa945825931fa7d78d,1,
release/bkg/S932980426-GM-A79-EME-T14-S1-LH-C1-I0010-F00.png,bkg,single,512,512,PNG,496565,236c93c508b15282d41d85834cf2bf514222ec45c3994d6d751ecb171c921561,1,
release/bkg/S932980426-GM-A79-EME-T14-S1-LH-C1-I0014-F00.png,bkg,single,512,512,PNG,464609,1a97df46a8c42dbaa3dc7e6a841605f66a9b197cc9fac834695addbcb908318d,1,
release/bkg/S932980426-GM-A79-EME-T14-S1-LH-C1-I0032-F00.png,bkg,single,512,512,PNG,470858,9e578328dc995c7f07fea599c835e307632fbcf2f66bf450d47b068701b5ed7e,1,
release/bkg/S932980426-GM-A79-EME-T14-S1-LH-C1-I0054-F00.png,bkg,single,512,512,PNG,352053,e83667221f33c24b638834ac60e2ef03eefc239d0f34c1757eff12becf6a5e45,1,
release/bkg/S936982627-GM-A77-EEA-T01-S1-LH-C1-I0040-F00.png,bkg,single,512,512,PNG,487564,cfa5e3393e828149bd004f00bd42272fd71790f204379e4b50360d326a55df99,1,
release/bkg/S94290629-GF-A23-EAF-T14-S1-LH-C1-I0030-F00.png,bkg,single,512,512,PNG,474715,b9af403e933ad3d3933a37537cdd274347641f14e6f74e33e0c138001bd57750,1,
release/bkg/S94888726-GM-A26-EME-T03-S1-LH-C1-I0049-F00.png,bkg,single,512,512,PNG,199284,571c45f9a4e059c0ef5b8a04293e53b19e70ab136c87df915afd77a4a47816aa,1,
release/bkg/S954227485-GF-A55-EME-T00-S1-LH-C1-I0054-F00.png,bkg,single,512,512,PNG,377903,895d12eb398a9e5779c8fc781f81a755a5a0d1d637b939d66e6d1891ecef7fd0,1,
release/bkg/S95924864-GM-A18-EEA-T14-S1-LH-C1-I0017-F00.png,bkg,single,512,512,PNG,328733,c2515760e40f4eabde872f2e94e4ad67272d4417b4086a3713602ac9003c950c,1,
release/bkg/S95924864-GM-A18-EEA-T14-S1-LH-C1-I0029-F00.png,bkg,single,512,512,PNG,318218,a8880f72573620bb7e57712a8a5273e2d9ab12884e9d930d5329ea05790348b1,1,
release/bkg/S959317588-GM-A42-EAS-T00-S1-LH-C1-I0008-F00.png,bkg,single,512,512,PNG,342628,a442e9a98a2489c65acb5337a1993d77d5f9d4cc4f75c5a3f8bb41b03424b47b,1,
release/bkg/S959317588-GM-A42-EAS-T00-S1-LH-C1-I0054-F00.png,bkg,single,512,512,PNG,528403,56f02d6ac552527e4c5d47f0f592e1f0f8232a17e91d74ab652cf8bd28e0bf53,1,
release/bkg/S962503135-GF-A84-EEA-T14-S1-LH-C1-I0013-F00.png,bkg,single,512,512,PNG,537324,036111e8303f44e64df7bd41f68c61d71f3957e21384f80b71e3271a3328a93d,1,
release/bkg/S966499612-GM-A36-EEA-T14-S1-LH-C1-I0024-F00.png,bkg,single,512,512,PNG,530931,e01c204e06e17639675bb42ff6217d615925809bc24bd7430149cdf645fab48f,1,
release/bkg/S970888949-GF-A57-EEA-T15-S1-LH-C1-I0038-F00.png,bkg,single,512,512,PNG,473348,c7a053eaddb90ac77b048bebe32bda3ae20f93f78fcd9b7f61e7f6c55b3a0992,1,
release/bkg/S976538751-GM-A19-EAF-T14-S1-LH-C1-I0007-F00.png,bkg,single,512,512,PNG,293881,bf2ac233d6069a21333d894f33fd0f12483cfe5955fd28530794aa255bfff06a,1,
release/bkg/S976538751-GM-A19-EAF-T14-S1-LH-C1-I0042-F00.png,bkg,single,512,512,PNG,497667,0a1e4e9f842c00c6907b5192cb2426dba06185383827f8c3fc08660c59a15965,1,
release/bkg/S978873421-GF-A64-EEA-T01-S1-LH-C1-I0000-F00.png,bkg,single,512,512,PNG,289587,a05ff3a15088eaf386d6553bed2639ad1bea088c9b20efbd76154bfd0b6656e8,1,
release/bkg/S980654402-GF-A53-EEA-T14-S1-LH-C1-I0004-F00.png,bkg,single,512,512,PNG,349366,956b103ef6758a11bd805c2d525b41ffebfbdfe9f105b4d4ad6fe0a20287b020,1,
release/bkg/S982128636-GM-A71-EME-T01-S1-LH-C1-I0008-F00.png,bkg,single,512,512,PNG,507902,f825fd5f84c837f99b52cd6c9d8a1cd3d9f251a66c662fa24793694cf0cd7b0a,1,
release/bkg/S982227952-GM-A31-EEA-T00-S1-LH-C1-I0051-F00.png,bkg,single,512,512,PNG,270383,bc02562ad43be1da7a1f76a38807fe729269a66df887db7cfafe827ccc6a213b,1,
release/bkg/S98643087-GF-A34-EIA-T10-S1-LH-C1-I0042-F00.png,bkg,single,512,512,PNG,557975,a971aaf8b6aad5ed27af7061747f338ab16beb1bb4499f466808820fbcbf038a,1,
release/cap/S108161842-GM-A52-EEA-T11-S1-LH-C1-I0007-F00.png,cap,single,512,512,PNG,371551,46aa308398e6937d6b7d2a52dd114759b2a2e1f4792d8e1d6768c6a2b9da1217,1,
release/cap/S113923411-GF-A35-EEA-T14-S1-LH-C1-I0048-F00.png,cap,single,512,512,PNG,313637,350dd1f71762e20e859a02696b85f9a71aa8235f78ba189cbeb2839b1dbb9dc4,1,
release/cap/S115293589-GF-A67-EME-T01-S1-LH-C1-I0030-F00.png,cap,single,512,512,PNG,359784,c768cc68a89579fe2a09b20a1ca11007bc8b5d315a0c27c1640454800b779830,1,
release/cap/S115379105-GF-A98-EEA-T14-S1-LH-C1-I0044-F00.png,cap,single,512,512,PNG,361484,3fc6efbc32588b9cb725ddf0ed31be3614fb9e01ce2cccda1f5b4fd098204ab8,1,
release/cap/S116651325-GM-A28-EEA-T13-S1-LH-C1-I0056-F00.png,cap,single,512,512,PNG,369578,3ccdde3c20852dc20b6b319a394338916739274fcf436ccf3133e94748a7158d,1,
release/cap/S120660598-GM-A33-EEA-T00-S1-LH-C1-I0034-F00.png,cap,single,512,512,PNG,375499,9f748b16bfbcfda0143fb66000a40b7402facd9cc00a1eb8bb69b34618074c10,1,
release/cap/S121566497-GF-A32-EEA-T14-S1-LH-C1-I0036-F00.png,cap,single,512,512,PNG,410668,5d594e8a6743fe7e20daa39f61b9597b65c961fcbdb34326a6f3d6e7f28ff117,1,
release/cap/S121714872-GF-A34-EAF-T03-S1-LH-C1-I0053-F00.png,cap,single,512,512,PNG,364297,10b995ee993ac9714a467819d0ff9c08da6b8abdcf5a8e941f3e7ad7372c1fce,1,
release/cap/S124298498-GM-A91-EEA-T14-S1-LH-C1-I0034-F00.png,cap,single,512,512,PNG,353637,a8c873333b3f96fb53a8f819aabb9a477285a0dc9a0f33cb8e527e9ea4b01c7a,1,
release/cap/S130186036-GF-A82-EEA-T01-S1-LH-C1-I0007-F00.png,cap,single,512,512,PNG,337380,e7ca312cc52ce3016039936a7215eabd5b0dba71fd41ca3cb15e5047670e7e20,1,
release/cap/S137547030-GF-A76-EEA-T01-S1-LH-C1-I0045-F00.png,cap,single,512,512,PNG,350075,02ad2b4fb2aa11f6a820312a4f17a24349835b094a6798549339a1ee31e36b6c,1,
release/cap/S138993008-GF-A66-EAF-T00-S1-LH-C1-I0035-F00.png,cap,single,512,512,PNG,330279,269fc8a51c046a679c701accb338993490cfa9f93d43d055daedbd288ad70647,1,
release/cap/S14964507-GF-A29-EEA-T00-S1-LH-C1-I0028-F00.png,cap,single,512,512,PNG,382775,bd654f59ac6dcd9a87ecf92814a86c36554d8efedd860440c807db07121bb253,1,
release/cap/S14964507-GF-A29-EEA-T00-S1-LH-C1-I0052-F00.png,cap,single,512,512,PNG,390858,dbfdf5e661980d1867f3a79cd8cace65ff7aa015c71021a7d19e6c9f2404b879,1,
release/cap/S150094415-GF-A53-EME-T10-S1-LH-C1-I0055-F00.png,cap,single,512,512,PNG,366265,2f91fc667097df15133141a1e69ab6364a1b6ade65b2ea802e8015388f318d0d,1,
release/cap/S15182111-GM-A44-EAS-T00-S1-LH-C1-I0049-F00.png,cap,single,512,512,PNG,340042,6fa825d22b9b7069ce37e24c865179feaea3b7626ad9e67f27f352025fa44ffc,1,
release/cap/S152846480-GF-A30-EEA-T03-S1-LH-C1-I0000-F00.png,cap,single,512,512,PNG,421518,ce268589557328f0047de6d94000aa32f70f94acf25bee380f4ebcea8651c04a,1,
release/cap/S152846480-GF-A30-EEA-T03-S1-LH-C1-I0050-F00.png,cap,single,512,512,PNG,389885,852509f5380e4967faed1731f1e6299420abeaeb81ee896eeda21cf0ca5ce55d,1,
release/cap/S152846480-GF-A30-EEA-T03-S1-LH-C1-I0059-F00.png,cap,single,512,512,PNG,389062,91a2523527dd722148daea31e6c59d6ebb55491e3810c975395137493d025363,1,
release/cap/S16008476-GF-A92-EEA-T11-S1-LH-C1-I0061-F00.png,cap,single,512,512,PNG,397484,212575a21ad4ff0d489d27a9a6de3de260259b84a41a6652940fc4b82c0537ac,1,
release/cap/S165380664-GM-A31-EIA-T01-S1-LH-C1-I0002-F00.png,cap,single,512,512,PNG,313744,d541b46dd96cb1aa2bce995944e617e1b09d1678b5bb1669547da951871b42ca,1,
release/cap/S16643293-GF-A66-EEA-T15-S1-LH-C1-I0043-F00.png,cap,single,512,512,PNG,357481,79f9d6a06068fb4f9a60908ae5d394b2af2ab9c2169e629de58d014afb557bee,1,
release/cap/S169208368-GM-A35-EME-T14-S1-LH-C1-I0016-F00.png,cap,single,512,512,PNG,377594,557eff136265eec21f3073c324b50a3db38ee5fe37863af98360eb25330e54fd,1,
release/cap/S169208368-GM-A35-EME-T14-S1-LH-C1-I0054-F00.png,cap,single,512,512,PNG,384214,20c22da059adf0c74d5a8026e2dad96dba5d15638d69aa1fef155c426bf1284b,1,
release/cap/S179125778-GM-A37-EME-T01-S1-LH-C1-I0055-F00.png,cap,single,512,512,PNG,329494,dd7e701d9c628f4984dd1d477b9b7f4dde6bd05777325129a9fef7179add4a84,1,
release/cap/S179182026-GM-A47-EEA-T11-S1-LH-C1-I0029-F00.png,cap,single,512,512,PNG,398834,96c1f0e38227ea762941a25216f02f1fc1d046e2daf8e952814a8e34d332cf14,1,
release/cap/S179182026-GM-A47-EEA-T11-S1-LH-C1-I0041-F00.png,cap,single,512,512,PNG,370409,7ca800cb94f7563c8fbbe7a23a52903bec701b34b0220621b6aedcbdd53fb365,1,
release/cap/S184299974-GF-A49-EME-T10-S1-LH-C1-I0023-F00.png,cap,single,512,512,PNG,419538,cafcdd9e3a8897ae871578990368bd3f3aad61b9e49432a9466e73f121882300,1,
release/cap/S185880747-GF-A53-EAF-T03-S1-LH-C1-I0030-F00.png,cap,single,512,512,PNG,410383,142a7b6c1891d4314e7cfac36c4fe4842384cf356052309f17ab1254e9242570,1,
release/cap/S187000211-GF-A54-EEA-T03-S1-LH-C1-I0063-F00.png,cap,single,512,512,PNG,384295,5d16b6f9919e27315ce73d25cb83d138713055b813c055099a365e7d1b7a98d2,1,
release/cap/S18796367-GF-A93-EAF-T00-S1-LH-C1-I0045-F00.png,cap,single,512,512,PNG,305226,539e58950f8ee661bc743500b3e23cde87c470e3f192e7a3b5c0eeb6ff9dca40,1,
release/cap/S189019382-GF-A62-EIA-T03-S1-LH-C1-I0040-F00.png,cap,single,512,512,PNG,379333,2dfbe1fd9d7fa11db6da64eec55be4e74fa52439efdec9f63daee4ee3e2d964c,1,
release/cap/S189019382-GF-A62-EIA-T03-S1-LH-C1-I0046-F00.png,cap,single,512,512,PNG,367466,570fbb0e022915788a20ae8eb66f3d3ac3093cf766a8f56a161cbc8cebdc6d04,1,
release/cap/S190036673-GF-A19-EEA-T00-S1-LH-C1-I0057-F00.png,cap,single,512,512,PNG,376158,daa4a08d2607f089e8c0921bf5de7ea7ff2706e5287676d19b31b9add6065a61,1,
release/cap/S19423222-GM-A45-EAF-T14-S1-LH-C1-I0040-F00.png,cap,single,512,512,PNG,356551,085f59346419093a17b2f5f571fad67a9e382765db110692beaf1df49c9e25d1,1,
release/cap/S198149424-GF-A51-EEA-T13-S1-LH-C1-I0055-F00.png,cap,single,512,512,PNG,387706,124c6629d540d64773f99ceaeb5058ebc3f4b46d5607a0ec4f130c91aa049990,1,
release/cap/S205686156-GF-A52-EAS-T01-S1-LH-C1-I0006-F00.png,cap,single,512,512,PNG,342495,b7d2187d7909532ec6829a62b97da9ac6fd6332b10c6f1654f4cffeb076b42b9,1,
release/cap/S20939931-GF-A70-EME-T00-S1-LH-C1-I0047-F00.png,cap,single,512,512,PNG,343525,b4a8deef1da06dad4f34f57215229acb7599af4c182b8f8462f1335157ff48f8,1,
release/cap/S210555380-GF-A95-EME-T14-S1-LH-C1-I0008-F00.png,cap,single,512,512,PNG,415462,737c51afae7c7072a665d9d6fcd27fd7f2a3c0e0cb274b9e18a0cbd40834f9bc,1,
release/cap/S210555380-GF-A95-EME-T14-S1-LH-C1-I0048-F00.png,cap,single,512,512,PNG,365323,b708d3c8a18c1738fc823438ea6a9a39f76dafb93bc93a0876e977101e3351b1,1,
release/cap/S21322735-GF-A99-EEA-T03-S1-LH-C1-I0004-F00.png,cap,single,512,512,PNG,344787,1d75de2eb6bdabe2edcf0d2cd80a1c691da093be3ce5b613306277b0816d9bed,1,
release/cap/S219134961-GM-A51-EME-T00-S1-LH-C1-I0016-F00.png,cap,single,512,512,PNG,346942,404a22613c739daf19cd510911fbe58e223abcd139b8bd024ba9a6381326678a,1,
release/cap/S220036139-GF-A33-EME-T14-S1-LH-C1-I0048-F00.png,cap,single,512,512,PNG,394715,7b63555a4430b7a4040bb6c7a511684c696e10a6ec14abfb8cf2d936afc4a4aa,1,
release/cap/S229472865-GM-A49-EEA-T15-S1-LH-C1-I0053-F00.png,cap,single,512,512,PNG,335997,7392fb224fb714750b9ee9ca6cf6cfc34c0ba2272260343c01bba0083685ee77,1,
release/cap/S229741512-GM-A18-EEA-T01-S1-LH-C1-I0029-F00.png,cap,single,512,512,PNG,322530,6445c87b48f4ce13af0681a1d0f0299f83397c00d9296ff181e91e0b1f8971a8,1,
release/cap/S231352223-GF-A49-EEA-T14-S1-LH-C1-I0027-F00.png,cap,single,512,512,PNG,377747,7bca4c46bd8d2269a0da78090d84448e75f488f0801e7978a4baf909ac912e89,1,
release/cap/S236474674-GF-A94-EEA-T14-S1-LH-C1-I0061-F00.png,cap,single,512,512,PNG,315426,b3932974cbceb2cd8ee6b4078e3c19bfc10f15aa6d7f0d7f7a9a0333938d3009,1,
release/cap/S247603526-GM-A30-EEA-T13-S1-LH-C1-I0041-F00.png,cap,single,512,512,PNG,316762,f72eabe1350b67a56e5eec0320d1b1a624d4edc8706f053b71828615ccd221b8,1,
release/cap/S248968574-GM-A81-EAS-T14-S1-LH-C1-I0022-F00.png,cap,single,512,512,PNG,348030,67054c6cce763d86a13ee474294344e849aa4f11406ef012d43a786e36a64795,1,
release/cap/S25038292-GF-A59-EAF-T03-S1-LH-C1-I0041-F00.png,cap,single,512,512,PNG,374052,3b98d77b18df4b2136ae25388af8d52f7e7aaa4f03db89d784953debd65a96f8,1,
release/cap/S259395943-GF-A59-EME-T14-S1-LH-C1-I0009-F00.png,cap,single,512,512,PNG,347150,b6861e116db8cec1c0490437001a870f752c4b9eb67a2382960196070d631ced,1,
release/cap/S261182015-GM-A24-EEA-T01-S1-LH-C1-I0011-F00.png,cap,single,512,512,PNG,326770,01cb5144be0ac9fe5ee18ae031b07b879c7023bada233f9e1aff82df6f667a07,1,
release/cap/S264396021-GM-A30-EAS-T14-S1-LH-C1-I0047-F00.png,cap,single,512,512,PNG,313401,bd57d23d58da7a2fdcc72ae93fc9b2dfc01f6b3e0b46f5137d5b46a132fce110,1,
release/cap/S265934537-GF-A26-EAS-T14-S1-LH-C1-I0063-F00.png,cap,single,512,512,PNG,311898,907e655b1c3438be5997719477ade42fa4d5b6dc69656bf3e32d0694810a254a,1,
release/cap/S268137029-GF-A39-EME-T01-S1-LH-C1-I0016-F00.png,cap,single,512,512,PNG,377304,f3541284e1e084815d35eaf11a8b31bde5ea606eee5822b5bf77714cb2c5dec7,1,
release/cap/S268183923-GN-A24-EAF-T14-S1-LH-C1-I0053-F00.png,cap,single,512,512,PNG,313180,e50c27f49f843fabafe31e3468d8deb5482c36fd65ccfaf6a1b49ff9df5382d7,1,
release/cap/S274652534-GF-A22-EEA-T01-S1-LH-C1-I0003-F00.png,cap,single,512,512,PNG,351460,58eb68bc475cd04a3bbe1127fca6a78716038914f056b991d50b80c0515337a4,1,
release/cap/S274869653-GF-A68-EAS-T03-S1-LH-C1-I0003-F00.png,cap,single,512,512,PNG,365655,f9f5c4bcda53d481c917c1a11082b5ee0a61382b136dcf03fc798de2b0b17a0b,1,
release/cap/S279879625-GF-A55-EAF-T00-S1-LH-C1-I0037-F00.png,cap,single,512,512,PNG,370821,212f966fc833bbe5a58ef007e6d42bfcf62525c1684a9d14d4cb7a419efa7eb4,1,
release/cap/S285023719-GF-A24-EEA-T00-S1-LH-C1-I0022-F00.png,cap,single,512,512,PNG,318308,b4cc30ef063064be2252e9aa4cb1c6c332250440f79a7dd537a11461b8c6d112,1,
release/cap/S287510944-GF-A29-EME-T01-S1-LH-C1-I0059-F00.png,cap,single,512,512,PNG,379216,6b70e0e90162dc8dde877c3bc6cecd6af4252a214759f4a7c863dd8cb91e93c2,1,
release/cap/S289919415-GF-A46-EEA-T14-S1-LH-C1-I0060-F00.png,cap,single,512,512,PNG,346255,19f019825b960077f19b7eb4cbe87ee1be54328c81a1d57b7e32ca09e55e28c0,1,
release/cap/S300524837-GM-A42-EEA-T01-S1-LH-C1-I0008-F00.png,cap,single,512,512,PNG,391721,d8e6fa1ba4724d76fd6d69176787a7083514b9c768361eac0edf25f88bc1512a,1,
release/cap/S303695349-GM-A23-EEA-T03-S1-LH-C1-I0002-F00.png,cap,single,512,512,PNG,337005,425d8cc5d8243d17d391d16f85d51e554a4133671a4c7c96e713a7566156ba6d,1,
release/cap/S303695349-GM-A23-EEA-T03-S1-LH-C1-I0029-F00.png,cap,single,512,512,PNG,337212,7710a44c98bae881218ccfa95a7f5b8aaef6fee45068e7e2cba7291088a5922f,1,
release/cap/S303695349-GM-A23-EEA-T03-S1-LH-C1-I0041-F00.png,cap,single,512,512,PNG,317010,fe618806d4b6561d70d0d433b2dd2049e05f740ced574948d00744feeca3688d,1,
release/cap/S311145231-GF-A53-EAF-T03-S1-LH-C1-I0062-F00.png,cap,single,512,512,PNG,395179,d040d7970122eb4dd9f79c113fcdf5452b6f743543e895282aa21a4aafac0728,1,
release/cap/S313264566-GM-A81-EAF-T14-S1-LH-C1-I0008-F00.png,cap,single,512,512,PNG,335878,2cf2e9acf5f80b999155fa61aeac820ccd80b627f097c23adbd159bf999d34e7,1,
release/cap/S313264566-GM-A81-EAF-T14-S1-LH-C1-I0059-F00.png,cap,single,512,512,PNG,352514,67ea709050cc519922c118838ef3be8c5f2b067f6b9fab1d9a047a59f1b82c55,1,
release/cap/S316988909-GF-A99-EIA-T10-S1-LH-C1-I0040-F00.png,cap,single,512,512,PNG,398297,0b8cdbced0780c4e5c2977c1d1cb5bd7072e75e9539cb2ba8d690f88ca036347,1,
release/cap/S320892356-GF-A70-EIA-T03-S1-LH-C1-I0021-F00.png,cap,single,512,512,PNG,374720,54f2759523706ec5e94b59bf6b4ca96c483dbc784e5e49eeb3fd50f6701939fd,1,
release/cap/S32440074-GF-A23-EIA-T15-S1-LH-C1-I0012-F00.png,cap,single,512,512,PNG,342542,c1d0eff335853a887c02db724be21cd3d9c688336586991e912a6a5973269aa2,1,
release/cap/S325074401-GF-A50-EAS-T03-S1-LH-C1-I0044-F00.png,cap,single,512,512,PNG,321802,05ee4abe8b429343e37f5c442a17724924adc20105cb965a4627417d675b6804,1,
release/cap/S334613033-GM-A58-EAF-T14-S1-LH-C1-I0047-F00.png,cap,single,512,512,PNG,439789,e4121e02aa003876cd880127b8ded9f829a59381d92f231e33fbeef861025b19,1,
release/cap/S334697091-GM-A32-EAS-T14-S1-LH-C1-I0031-F00.png,cap,single,512,512,PNG,279908,feb65c8039adc3346eecdf618b5c248b66c5f5d68ae866467a71a063be95a38e,1,
release/cap/S335757255-GF-A30-EME-T14-S1-LH-C1-I0002-F00.png,cap,single,512,512,PNG,369975,1a4c5bf3900cfec07f4bbbe932cce9b1c3d0261bee906c0ab4b840712b54ee67,1,
release/cap/S336053665-GF-A75-EME-T13-S1-LH-C1-I0037-F00.png,cap,single,512,512,PNG,319510,e8dedfe826d448c038a30d8fb979bfc343e58db325864b53f1497d54de46450b,1,
release/cap/S340675536-GF-A37-EEA-T14-S1-LH-C1-I0052-F00.png,cap,single,512,512,PNG,316365,7747ade7b1221d76780a0900d30755092b246d3b2130fd8a9d534754a55e62ad,1,
release/cap/S343616415-GF-A69-EEA-T03-S1-LH-C1-I0056-F00.png,cap,single,512,512,PNG,328737,2f0b318d5a4e5d931d747f83ddaf1c6ced31ca2a4f3cbcb62454760e3ffa4f2e,1,
release/cap/S343899513-GM-A51-EME-T01-S1-LH-C1-I0048-F00.png,cap,single,512,512,PNG,413253,ced16500b21024d8afd9642ad699251c07071b7ac7c9c47aef91efcbbb5b3ad8,1,
release/cap/S345601750-GF-A64-EEA-T03-S1-LH-C1-I0032-F00.png,cap,single,512,512,PNG,384043,a74b21965d2b3c99874c6506d716b5b6a97f80c1f92d4dec321628ceb2a13503,1,
release/cap/S345601750-GF-A64-EEA-T03-S1-LH-C1-I0055-F00.png,cap,single,512,512,PNG,383059,23f10b5ec2c8dcf111e4fac96b77df8695e9205d2923e5061cd041bc1c9c8457,1,
release/cap/S347571913-GM-A24-EEA-T13-S1-LH-C1-I0054-F00.png,cap,single,512,512,PNG,379216,c65e5f1adf776239332a111581962c051abc9b336ad6aa9100dac8becd5d404e,1,
release/cap/S354713116-GF-A60-EAF-T14-S1-LH-C1-I0004-F00.png,cap,single,512,512,PNG,388715,45df0a2c267c32f8af64c53cc983dab5e20726210d57c6869476440e75b40844,1,
release/cap/S354713116-GF-A60-EAF-T14-S1-LH-C1-I0011-F00.png,cap,single,512,512,PNG,417389,6b0b82a1e60b4d0c1fd8439861ab5d52bd91b566331875214169fe1898193d10,1,
release/cap/S354713116-GF-A60-EAF-T14-S1-LH-C1-I0063-F00.png,cap,single,512,512,PNG,405632,07a5d113902c0376453aca3384832f0478f3dc6d6733ad92e42ec7e1acd7841d,1,
release/cap/S358652822-GF-A41-EEA-T01-S1-LH-C1-I0006-F00.png,cap,single,512,512,PNG,377494,7bf7e6d263a60dc243977f8235efa1c6d5911aa803e441c6970da6492cb27da4,1,
release/cap/S364995244-GM-A24-EEA-T03-S1-LH-C1-I0015-F00.png,cap,single,512,512,PNG,346181,5ea729a6e9ec1fecee2ddadc6afd8f4251df5b19911989e63c5618a72c1c8757,1,
release/cap/S373793896-GM-A22-EEA-T14-S1-LH-C1-I0035-F00.png,cap,single,512,512,PNG,336484,9059b265b44f90e3f867e2406eaac58ef630e04a5b0608a5b55c1794a37df015,1,
release/cap/S37396139-GF-A51-EEA-T14-S1-LH-C1-I0018-F00.png,cap,single,512,512,PNG,371478,0f379fcd87d321fe108c25508a0e5029e90b4215cfb84fa7212fdcfb72c8cf4b,1,
release/cap/S37396139-GF-A51-EEA-T14-S1-LH-C1-I0048-F00.png,cap,single,512,512,PNG,384053,7959f4fa272890b257aadf4fb78d15b33fb366d050913061fa51d51f15652576,1,
release/cap/S375545605-GM-A47-EEA-T00-S1-LH-C1-I0004-F00.png,cap,single,512,512,PNG,362288,70de4fe18c6daf9a34c739cade9c03e7914c3910b52b83de1a5434deafb93037,1,
release/cap/S375545605-GM-A47-EEA-T00-S1-LH-C1-I0022-F00.png,cap,single,512,512,PNG,362914,cccf7377efbf3a350de4fb25ea92c9a8a3c2c98221828bb59db5e70b1c9c9d9e,1,
release/cap/S375545605-GM-A47-EEA-T00-S1-LH-C1-I0027-F00.png,cap,single,512,512,PNG,364446,d0a3ace2af261e315deaaf76b7159edc8a8d01cf72d6e0d0cec3ca21a6d31a05,1,
release/cap/S375545605-GM-A47-EEA-T00-S1-LH-C1-I0049-F00.png,cap,single,512,512,PNG,400673,0389ec72e0958cc806f6ff1b29a91a76f30f0509676313c8be7047f3b2867bdb,1,
release/cap/S376287613-GF-A19-EAF-T14-S1-LH-C1-I0011-F00.png,cap,single,512,512,PNG,344029,b46fb8a2ecf2a6a85816bf8b38c07735da0ef7f082971733e13117a3007f3f8d,1,
release/cap/S377896724-GF-A29-EEA-T10-S1-LH-C1-I0028-F00.png,cap,single,512,512,PNG,302098,e3141cd492dea27c61dc838fcb0f731a89421e8c3b9a0db131cf99fdfa700ac7,1,
release/cap/S380795387-GF-A58-EEA-T14-S1-LH-C1-I0035-F00.png,cap,single,512,512,PNG,346463,02cffd7f2c24a218bb55cb6e34bd848dd1cbf7e965fcfb909b6c98943b73c02a,1,
release/cap/S382037204-GF-A89-EEA-T03-S1-LH-C1-I0006-F00.png,cap,single,512,512,PNG,353048,0849deaa7bf574f6655335ffc2b0402d7ade7bdf41ba148cd38a71d2407b1c05,1,
release/cap/S384793007-GF-A62-EEA-T01-S1-LH-C1-I0006-F00.png,cap,single,512,512,PNG,300151,a18ff62933d58d6674686d03d44f3c225e07b3242b502e71f9610d5e4ceb081a,1,
release/cap/S388546914-GF-A50-EEA-T14-S1-LH-C1-I0025-F00.png,cap,single,512,512,PNG,364315,6419bb3eedfb720b46ccc29f90af632ba2ea284228c880e27c20496b3f6765b2,1,
release/cap/S39379132-GF-A54-EEA-T15-S1-LH-C1-I0056-F00.png,cap,single,512,512,PNG,371323,932d2a5003665fd3f5f0988658fd865e2508bd73edf899d8c678248faafc0431,1,
release/cap/S394313530-GF-A45-EEA-T03-S1-LH-C1-I0050-F00.png,cap,single,512,512,PNG,377984,1fb28dc7ddb4aa5bd4885c1a5d38db3e6a4d98186bea563170c8004f43998d97,1,
release/cap/S395744997-GF-A18-EEA-T01-S1-LH-C1-I0002-F00.png,cap,single,512,512,PNG,384089,c4b03df4db538dc13d52a14efad1371846c9169cdcc6a92d6119666bd14140e7,1,
release/cap/S39590804-GM-A53-EEA-T03-S1-LH-C1-I0045-F00.png,cap,single,512,512,PNG,360500,e1b45192f466d9ff6fee1cbaa317cbf748f8c53b291d72436f0e233afe302330,1,
release/cap/S397228464-GF-A72-EEA-T03-S1-LH-C1-I0009-F00.png,cap,single,512,512,PNG,366351,40e7042a0805366ca7e7c0ff8320d94b5e5353b4d8e28dbc489452b408253790,1,
release/cap/S402397961-GF-A82-EEA-T00-S1-LH-C1-I0029-F00.png,cap,single,512,512,PNG,367547,2b7872a83abbf8aa53f3b0e59989b3c19250913dbfd8efa99f51dcfcec7e2472,1,
release/cap/S402992794-GF-A60-EEA-T14-S1-LH-C1-I0010-F00.png,cap,single,512,512,PNG,348701,3de059d6651dc4645db73b56ee45ddb97c515ab25299288922201e65d2fe9c99,1,
release/cap/S407285746-GF-A18-EAF-T13-S1-LH-C1-I0047-F00.png,cap,single,512,512,PNG,417780,709e524ea81931f3b1a81787d8f3e56e290da4908b0bf9c4440aa1c4aef5183c,1,
release/cap/S409626024-GM-A29-EEA-T11-S1-LH-C1-I0000-F00.png,cap,single,512,512,PNG,257448,99e81dbf9e8a4b0a8c39776f93cfe525a0a0d56d4b52f8a5e25292f66f51785e,1,
release/cap/S411588159-GF-A21-EEA-T03-S1-LH-C1-I0033-F00.png,cap,single,512,512,PNG,340406,e4c69452509187524cf7ae52b8da51c0517fbf0ef93841505ab6765338370d36,1,
release/cap/S412637027-GM-A93-EME-T01-S1-LH-C1-I0061-F00.png,cap,single,512,512,PNG,353182,46514b045a12e7a3f828fa2d20cc537b8c7a594f7cdb74bf3b9a536830c88485,1,
release/cap/S415761895-GF-A62-EAS-T03-S1-LH-C1-I0005-F00.png,cap,single,512,512,PNG,345864,20c06ef25d7105a8ca7dcaea2d12dd2e422a8a4a01fb559f9307a2181c17fcfd,1,
release/cap/S422234801-GM-A19-EAS-T14-S1-LH-C1-I0050-F00.png,cap,single,512,512,PNG,373835,a65fb82b4ec9e9d38b26fdf92e93f12e2001c354d4a6e2d1862a566e989157e0,1,
release/cap/S426127418-GF-A48-EEA-T03-S1-LH-C1-I0043-F00.png,cap,single,512,512,PNG,399838,326ccfbb4bc25ec02243a942a7763c38a7dddeda240753b0b10264555532aaa7,1,
release/cap/S43189665-GF-A47-EME-T13-S1-LH-C1-I0035-F00.png,cap,single,512,512,PNG,381250,829bb2f79ff568b952234fd791a7c1aad36d57778a43a021b541705468188682,1,
release/cap/S43416355-GF-A63-EAS-T03-S1-LH-C1-I0018-F00.png,cap,single,512,512,PNG,343847,969b6d63a81a5509d43bcfbb02dd7ba837744cea935edca1004036905ade29c2,1,
release/cap/S442640043-GF-A83-EEA-T01-S1-LH-C1-I0015-F00.png,cap,single,512,512,PNG,374068,95447021ea979cc25de70a21f295f02e36c44d0d6b4d83a0e9dc753888064278,1,
release/cap/S44577521-GM-A92-EME-T14-S1-LH-C1-I0012-F00.png,cap,single,512,512,PNG,346841,4940766cd7069a6168090fa8e43ed97423e46eba6ca98c0618d8b89a2aae145a,1,
release/cap/S44577521-GM-A92-EME-T14-S1-LH-C1-I0041-F00.png,cap,single,512,512,PNG,371239,c1eee93463ee159637720d3f059cff1c69a5701b23371ec045f99d4fa7a3090c,1,
release/cap/S464252649-GM-A60-EEA-T15-S1-LH-C1-I0045-F00.png,cap,single,512,512,PNG,349568,c5d9ba6d32b779282f1cd7e7a4f0bedfc150ae89d849cbee81556df0299a8130,1,
release/cap/S472012617-GM-A63-EEA-T01-S1-LH-C1-I0014-F00.png,cap,single,512,512,PNG,372949,6cea6fe1bef4715b598026272ac3f42ef1a1956df11ed3ed4d9504145478367b,1,
release/cap/S472012617-GM-A63-EEA-T01-S1-LH-C1-I0022-F00.png,cap,single,512,512,PNG,412063,669a878ef96c9647876b8a805ea124b54711a999e5ec9d169260857f1ecf8d12,1,
release/cap/S475499547-GM-A26-EME-T01-S1-LH-C1-I0029-F00.png,cap,single,512,512,PNG,368742,6b030c5037dcbd628b0cacf69c96387e0c08daddfd60758addefd49a0c1e79da,1,
release/cap/S477281279-GF-A30-EME-T14-S1-LH-C1-I0058-F00.png,cap,single,512,512,PNG,405491,c189f02c8244c39262788648a1827a7145837da9e8c06e82fc60a4b674599206,1,
release/cap/S480910045-GF-A90-EME-T11-S1-LH-C1-I0003-F00.png,cap,single,512,512,PNG,345943,eb0101def0673f9023966f2885a88c8b64e0ba86131fc38ea7f90414ac82cc02,1,
release/cap/S482766020-GF-A40-EAS-T15-S1-LH-C1-I0060-F00.png,cap,single,512,512,PNG,354046,6cb83f6fc6e7350775fad76323a425b79a15374cf1ad3264663addc03e5a0945,1,
release/cap/S493184426-GF-A19-EAF-T00-S1-LH-C1-I0000-F00.png,cap,single,512,512,PNG,346295,82818bbd50703b0a95cd65a652815065a2094d577611b7bf490ae4d6b4e31740,1,
release/cap/S495166625-GF-A58-EAS-T14-S1-LH-C1-I0053-F00.png,cap,single,512,512,PNG,357830,007b6514d72a65e5afe43d6050e7b6619abe835ee8ff2039788f0bc9da54c764,1,
release/cap/S50180802-GM-A26-EEA-T00-S1-LH-C1-I0055-F00.png,cap,single,512,512,PNG,344246,3d5047913a3b414ee1bcdca09d601ee9f01a4c6f721530dd6cbc87eb76262e9e,1,
release/cap/S504201509-GF-A50-EME-T14-S1-LH-C1-I0001-F00.png,cap,single,512,512,PNG,381347,30c499366045e07e56a01de166e878700a845e3fd2743893b8d4b601baa4552e,1,
release/cap/S506465236-GM-A41-EEA-T00-S1-LH-C1-I0013-F00.png,cap,single,512,512,PNG,382076,ba26bcb2dee00f6359f11ef84aa4011340e9f85d3e8c8ac4fa2a3a6f671861f0,1,
release/cap/S508947155-GF-A84-EAF-T01-S1-LH-C1-I0030-F00.png,cap,single,512,512,PNG,362869,b8cd43236ca0352b8c9dfc1f339bb3513d1477f6e463f13415f775f0d1175559,1,
release/cap/S508947155-GF-A84-EAF-T01-S1-LH-C1-I0033-F00.png,cap,single,512,512,PNG,369953,aa1456cd7b0a7a75b7fd2678bb7e0cc914d1697574a716c06ed7ee88cc156e79,1,
release/cap/S508947155-GF-A84-EAF-T01-S1-LH-C1-I0054-F00.png,cap,single,512,512,PNG,350328,81999cd3c82ef1e3bb868d0d993253e37aaf09e288a5fda9162e4944df0aafd9,1,
release/cap/S510917796-GF-A21-EME-T03-S1-LH-C1-I0042-F00.png,cap,single,512,512,PNG,397335,18626717bdc924c8ab8c3359936e75631d427394ccdff95bd15d301a4a0527e5,1,
release/cap/S514677740-GM-A43-EME-T03-S1-LH-C1-I0021-F00.png,cap,single,512,512,PNG,358485,3ace751f51815e71ef43ee7039181e42ddd188be10bf98d2a4757080104acc25,1,
release/cap/S51891071-GM-A63-EEA-T03-S1-LH-C1-I0028-F00.png,cap,single,512,512,PNG,421066,bde72af3428817d2e35fba4a347766773905a4d8cfa61278f100b868e5404fdd,1,
release/cap/S519335789-GF-A87-EAF-T14-S1-LH-C1-I0012-F00.png,cap,single,512,512,PNG,355527,79fdae81710ee1620123785e4231106bcfca1ea9146e90654f6e68ba0ce4a78c,1,
release/cap/S520464077-GF-A50-EEA-T00-S1-LH-C1-I0055-F00.png,cap,single,512,512,PNG,353378,28cd6fc61d612eaaeed08795e98e0ad02a1284fc5576255ca781519e7e8076d0,1,
release/cap/S526642813-GF-A73-EAF-T03-S1-LH-C1-I0033-F00.png,cap,single,512,512,PNG,327498,ca1b6edb3cceb32f8cdb6edb9e761e630d1ce20ec19d56cd47bbe9d2a901c6e4,1,
release/cap/S526642813-GF-A73-EAF-T03-S1-LH-C1-I0036-F00.png,cap,single,512,512,PNG,312608,6ae2eceb9ee7201300899f16288e1cc7ce9e4de7960dea4a23ef6a089ffdd38e,1,
release/cap/S528079409-GM-A46-EEA-T11-S1-LH-C1-I0009-F00.png,cap,single,512,512,PNG,304679,0bdac1e6aed62df295d71c49b16d73f11fbbf22a236b09ec54297e37b5db5858,1,
release/cap/S535874367-GF-A18-EEA-T14-S1-LH-C1-I0059-F00.png,cap,single,512,512,PNG,371972,4f6b74d8d9c45e62bcd9b8dea7ead1b3511021b3525efb61ca50a20f74700dd9,1,
release/cap/S536119263-GM-A46-EEA-T11-S1-LH-C1-I0063-F00.png,cap,single,512,512,PNG,331557,4e9a57553d318966295ce308617c5390f813344826d976499ea976bc75fdf920,1,
release/cap/S537195914-GF-A56-EME-T03-S1-LH-C1-I0040-F00.png,cap,single,512,512,PNG,405481,f890710349e058b272fd37b14cb232bb5b751a8eb39ca4f2a65b55b2cbf7dfa2,1,
release/cap/S554872844-GF-A81-EIA-T00-S1-LH-C1-I0062-F00.png,cap,single,512,512,PNG,275985,b4ee5c71c7df2e55672fc2ab7a2dfe9ec3b34d9a91cb08f56bcf70ebb53f27cc,1,
release/cap/S557350179-GF-A53-EAS-T03-S1-LH-C1-I0005-F00.png,cap,single,512,512,PNG,404823,f9b85d857ce5769355c759a021166eba4ae28ab948aa871f8e17b4b28bac6913,1,
release/cap/S560191384-GF-A51-EEA-T01-S1-LH-C1-I0033-F00.png,cap,single,512,512,PNG,350101,57570a107ef27b3d3029ebce100fa36d789d898c39f618d48841832874ef7c4f,1,
release/cap/S561424111-GM-A25-EME-T14-S1-LH-C1-I0010-F00.png,cap,single,512,512,PNG,351257,7be0e33adc6b27c161a1f71c03de895b383e87bb8a5763eb90b9c1d3717d5121,1,
release/cap/S562599431-GM-A42-EEA-T00-S1-LH-C1-I0036-F00.png,cap,single,512,512,PNG,317940,ee2dc26dd0ff2b9425dea54b213937942352d4d6afd399b8ed9e2b1cd7ba0c5d,1,
release/cap/S564127454-GF-A22-EAS-T03-S1-LH-C1-I0009-F00.png,cap,single,512,512,PNG,401495,dd96d8c723ebad816154a5176ea1d5730a096bd558915dac5f9bedb69ef0d292,1,
release/cap/S567149942-GF-A85-EEA-T00-S1-LH-C1-I0039-F00.png,cap,single,512,512,PNG,322219,e0f554519de6e6b04883d5b5ac3143430544d9f54a86309d82490a6ba5ee5f5f,1,
release/cap/S567149942-GF-A85-EEA-T00-S1-LH-C1-I0061-F00.png,cap,single,512,512,PNG,308897,f545821dee3403165800b8798e02fae6a7056e603399339af4999d154a0ff07a,1,
release/cap/S567565556-GF-A43-EME-T01-S1-LH-C1-I0057-F00.png,cap,single,512,512,PNG,417445,0497ec846c02c4f01f105c32c20058c8840071b3f7b28d9ac98ac415ac8fce89,1,
release/cap/S571336030-GM-A48-EIA-T01-S1-LH-C1-I0034-F00.png,cap,single,512,512,PNG,332463,0d48ef3a96b39fcd6687efd0b541524fdb1518a120b99a838fc2e9c34ec07f0a,1,
release/cap/S571571794-GM-A57-EEA-T03-S1-LH-C1-I0016-F00.png,cap,single,512,512,PNG,361340,9c41aebada84b28490caad6d66783f41a31020d9f3dd3da84a46aa4c6a10ccf2,1,
release/cap/S574280680-GF-A53-EME-T03-S1-LH-C1-I0005-F00.png,cap,single,512,512,PNG,386146,87e3c5ea6df15f64aacf7b5b16ec6d0da34487c125647dd4bf15a84fae5f19ae,1,
release/cap/S574761980-GF-A38-EEA-T14-S1-LH-C1-I0044-F00.png,cap,single,512,512,PNG,267739,a6bfd291bb56c5e97d4d8d713bfa2dda30b5be0d60ae340cba407757c3286692,1,
release/cap/S577181289-GF-A97-EME-T00-S1-LH-C1-I0056-F00.png,cap,single,512,512,PNG,351651,201e4425d6359f1a1114946621102559723fb865050277ec0a593289e39e7d56,1,
release/cap/S578152615-GM-A42-EEA-T03-S1-LH-C1-I0011-F00.png,cap,single,512,512,PNG,369323,fa40367b07776f7bb85a2ea4e0fc42f2eb0b440f1d5511e7630c3badcb370c9d,1,
release/cap/S590103000-GF-A47-EEA-T01-S1-LH-C1-I0045-F00.png,cap,single,512,512,PNG,392517,2b169d47bbc877d7c8759414cf4c559a9b6eff6fcd157c17df30282d1bdf6e77,1,
release/cap/S590103000-GF-A47-EEA-T01-S1-LH-C1-I0047-F00.png,cap,single,512,512,PNG,384985,d5dab334f2c974599e7862279aa274d9647e3e3d7557a79f39d8250d08b42c51,1,
release/cap/S590103000-GF-A47-EEA-T01-S1-LH-C1-I0056-F00.png,cap,single,512,512,PNG,420334,5ad79b96bf6e350aa0c0e69a5aa35fd74563574b6f087590020e61ba8ff1a8b9,1,
release/cap/S590103000-GF-A47-EEA-T01-S1-LH-C1-I0063-F00.png,cap,single,512,512,PNG,418291,774837a60be3aa724cd2b8f2578a4be2a80271bc39bec24e4d21a16c02302c6f,1,
release/cap/S592147976-GF-A52-EEA-T00-S1-LH-C1-I0049-F00.png,cap,single,512,512,PNG,349256,e11d765be9d17b7ff12ffe798bb4c6898791a74a57a7d89585c293d07b9aa112,1,
release/cap/S598532466-GM-A87-EME-T14-S1-LH-C1-I0025-F00.png,cap,single,512,512,PNG,337185,85cff206567be2e42aa57d2910e88d83e3a16856b0e605bfada8ba5829220c45,1,
release/cap/S606909976-GF-A59-EEA-T01-S1-LH-C1-I0035-F00.png,cap,single,512,512,PNG,389966,37b0c4d812bccfab9865fbd221d0b75b8edc3649b5abbf969651ff0d922f0012,1,
release/cap/S616053079-GF-A33-EEA-T00-S1-LH-C1-I0038-F00.png,cap,single,512,512,PNG,394463,b4d5a8eb3fdf18513938407b9f37456c780e839aa0e2493e18137e2170cf4c86,1,
release/cap/S616105557-GF-A58-EEA-T11-S1-LH-C1-I0042-F00.png,cap,single,512,512,PNG,286104,024aec3499fd122d8cb3d5bfeefbc842e67fefb501e4f4767734522ff452503e,1,
release/cap/S618974755-GM-A24-EEA-T00-S1-LH-C1-I0045-F00.png,cap,single,512,512,PNG,339098,670bc842ef54c94e2200484dfd06b2caa3632836f87fd02cfd132ccd15b07c4f,1,
release/cap/S621920790-GF-A25-EEA-T13-S1-LH-C1-I0005-F00.png,cap,single,512,512,PNG,395746,1a67c80e43a90ef38c9eefd93b820eee4fcf3208a240f7a163f28b6bb41989d6,1,
release/cap/S622813751-GM-A67-EAF-T01-S1-LH-C1-I0021-F00.png,cap,single,512,512,PNG,380043,8672bec740ca783bb7572af7b07405800a1a9a1f14b91e22f0827eb3c78dae38,1,
release/cap/S62389544-GF-A82-EEA-T14-S1-LH-C1-I0050-F00.png,cap,single,512,512,PNG,276386,add23b076a019138643a4ef41c99eb4ad8af70441a12dad2e5545c0b751d6354,1,
release/cap/S641100116-GM-A97-EEA-T14-S1-LH-C1-I0060-F00.png,cap,single,512,512,PNG,380990,9ba78105d07631c79cf3c50ec974f1d4a4897bf7b2443f637d0bd8427f3ff4b5,1,
release/cap/S6470524-GF-A29-EAS-T14-S1-LH-C1-I0059-F00.png,cap,single,512,512,PNG,347838,99e7f16732aae7f93a6a2299eaa805be415d57bcf942eeed92e1a05dddc3bd81,1,
release/cap/S647458820-GF-A61-EAF-T03-S1-LH-C1-I0003-F00.png,cap,single,512,512,PNG,404026,40cacd69e494b13c907a5d56d716511b2b43f16ec3df31ddf626c3dd7d2ebc62,1,
release/cap/S653507002-GM-A51-EME-T03-S1-LH-C1-I0063-F00.png,cap,single,512,512,PNG,424956,7c5c7cee61cf330b9d7d6a5efb864263cf80e9dbe053cd846460015595514f6b,1,
release/cap/S664246838-GF-A21-EEA-T11-S1-LH-C1-I0004-F00.png,cap,single,512,512,PNG,379080,76a1d20fe5b59f37a89863af0fa4f8132fa2a0ddd5923b315445b99282fa8122,1,
release/cap/S664246838-GF-A21-EEA-T11-S1-LH-C1-I0019-F00.png,cap,single,512,512,PNG,388897,28e6acc0b9d9c44bdcbd56f85b031c148c38152f0f498a6ffd8919a6ccf5fe14,1,
release/cap/S664545006-GF-A28-EIA-T14-S1-LH-C1-I0033-F00.png,cap,single,512,512,PNG,332829,df683c41dfb6ef9765c5b2262a5ae53748205b45ab8dd94a9d859d44b77fbecd,1,
release/cap/S669973447-GM-A20-EEA-T00-S1-LH-C1-I0000-F00.png,cap,single,512,512,PNG,347956,835ef90088dd6c13de02a4869cd9242bbee9b3661682f9f7f10e773f5e6f4a14,1,
release/cap/S669973447-GM-A20-EEA-T00-S1-LH-C1-I0016-F00.png,cap,single,512,512,PNG,343518,7aba261eb59a18f4b5b2a54c7cdb658c482cff0ceddb6ec4b526738467183807,1,
release/cap/S670711149-GF-A47-EEA-T00-S1-LH-C1-I0025-F00.png,cap,single,512,512,PNG,325368,799c845dfcd876042f0842ec419061120a4338c81fa3de62c7df27a03c6adb63,1,
release/cap/S673442144-GF-A53-EEA-T01-S1-LH-C1-I0003-F00.png,cap,single,512,512,PNG,355089,df6b7f8bf127093cf1b9af49ba01dbbb06740fc8028c80197e7ce2861e03db42,1,
release/cap/S673442144-GF-A53-EEA-T01-S1-LH-C1-I0013-F00.png,cap,single,512,512,PNG,346730,c7a02e52cb75743b774388bba9c12f64c6551b35cc7248c4dc56c967f3d42680,1,
release/cap/S673442144-GF-A53-EEA-T01-S1-LH-C1-I0023-F00.png,cap,single,512,512,PNG,351884,c3efb5876180543c84e8624ce05f66a88fa082857786dd15db1c77333dcd79b9,1,
release/cap/S673442144-GF-A53-EEA-T01-S1-LH-C1-I0028-F00.png,cap,single,512,512,PNG,339462,462b211aa27fa7ebd35f97893095677949aa3cfd50f096f3e3ca64f9265e3711,1,
release/cap/S673442144-GF-A53-EEA-T01-S1-LH-C1-I0034-F00.png,cap,single,512,512,PNG,307872,e0b01a95805ebfd08889236c23992bc3fa1a32eee45477e56ffd4ef42f637d0f,1,
release/cap/S673442144-GF-A53-EEA-T01-S1-LH-C1-I0035-F00.png,cap,single,512,512,PNG,372989,4a5943b939cbce98ead859221349688aa95c6ce8b322d732759f745977bd080c,1,
release/cap/S673442144-GF-A53-EEA-T01-S1-LH-C1-I0044-F00.png,cap,single,512,512,PNG,358411,ac14f9677006e87e78e2e717892d8b4efddf43d51eb3d7b6c02e94af9a99086c,1,
release/cap/S673442144-GF-A53-EEA-T01-S1-LH-C1-I0049-F00.png,cap,single,512,512,PNG,373001,b01195b6a35e6c27b10c08abc030eb72bcdd2ff2f414b491f5bc5ca76614a6e9,1,
release/cap/S673442144-GF-A53-EEA-T01-S1-LH-C1-I0056-F00.png,cap,single,512,512,PNG,317062,abf7b0eb445b77952e7519a54673529261549629a8d0090bdb84ab8e77639c2c,1,
release/cap/S677155548-GF-A53-EME-T01-S1-LH-C1-I0011-F00.png,cap,single,512,512,PNG,401147,477aa668a20245fa04d954da8030d95c6f45ed6828c6041893c9652b80a7ec96,1,
release/cap/S678466862-GF-A62-EEA-T03-S1-LH-C1-I0047-F00.png,cap,single,512,512,PNG,434197,1469ef9d54978e0660e810e9128f880b1a78577f35e0b9abd550121e073ddb96,1,
release/cap/S682364157-GF-A18-EIA-T03-S1-LH-C1-I0012-F00.png,cap,single,512,512,PNG,405155,bc9b07a9691c63c7533f680809b7cbe214a694d453c0cb639bff8c9ac0cecd13,1,
release/cap/S683688917-GF-A31-EIA-T03-S1-LH-C1-I0021-F00.png,cap,single,512,512,PNG,335442,ef38eb7aa5453d7d9d54e64596e73c243848f628b3ba102e627873dc038e5965,1,
release/cap/S691494836-GM-A85-EIA-T11-S1-LH-C1-I0037-F00.png,cap,single,512,512,PNG,354149,82169d8c68f149b2c3e17c593257bf1781590dfe07d5295df112db53d50079b7,1,
release/cap/S691842297-GM-A47-EME-T14-S1-LH-C1-I0022-F00.png,cap,single,512,512,PNG,362478,754d1588309da72905d38819ebc7ac1887e36ff71509d433307f124c68fa2162,1,
release/cap/S700139260-GF-A56-EEA-T15-S1-LH-C1-I0053-F00.png,cap,single,512,512,PNG,371300,43cd15e7b78d09eafa41cff4bdcd992194fe0ab7ec5532602b94aa71f19b2df7,1,
release/cap/S700907495-GM-A91-EME-T01-S1-LH-C1-I0006-F00.png,cap,single,512,512,PNG,360567,1aa555d3d25925cb9b5c99bae34a957ac11ed683d27ac6b91a6329f0818a0c4d,1,
release/cap/S708639364-GM-A59-EEA-T00-S1-LH-C1-I0042-F00.png,cap,single,512,512,PNG,402394,1d37313ccd2629baee9bf36603a5708d7324efa29c6cb4838d5ff1dce458d23d,1,
release/cap/S710623010-GF-A75-EME-T01-S1-LH-C1-I0051-F00.png,cap,single,512,512,PNG,353436,005715cd5b5e892731d6147808bba241a0a5ad71641ed5b5531bca17c71303a9,1,
release/cap/S720555455-GF-A90-EAS-T14-S1-LH-C1-I0024-F00.png,cap,single,512,512,PNG,314653,a73cd5951ca7ec3ffdd55e7e1fbf1491294c3ca6e9e7d6a08c86632a35f6be40,1,
release/cap/S721709390-GF-A24-EME-T00-S1-LH-C1-I0000-F00.png,cap,single,512,512,PNG,283263,fd3a7df19f5e3a0ac5e75bc5812f2220b88457e96dee9f685f39bb7d01ffb33e,1,
release/cap/S723966293-GM-A27-EEA-T03-S1-LH-C1-I0044-F00.png,cap,single,512,512,PNG,344124,1712daaf033e41e61b67864caa2ae420e6373332fe0cc85afd3290da19aebace,1,
release/cap/S726037773-GF-A57-EEA-T15-S1-LH-C1-I0030-F00.png,cap,single,512,512,PNG,379893,23fd9ff946247690b12e758424bec8a1110a57bd26e9cba7fcd2e5e259f06b36,1,
release/cap/S726037773-GF-A57-EEA-T15-S1-LH-C1-I0031-F00.png,cap,single,512,512,PNG,380099,a5338c7a7bd43ca1a7c733f026ecd16f48617419cdeca347e2bfe07466d0c5ed,1,
release/cap/S727226600-GM-A33-EAS-T03-S1-LH-C1-I0035-F00.png,cap,single,512,512,PNG,348169,429edcbcf2fe7f8efc0971739148bb756410c6a68ff41616a5a1043c5ead9f4b,1,
release/cap/S727226600-GM-A33-EAS-T03-S1-LH-C1-I0053-F00.png,cap,single,512,512,PNG,344677,31715e5e822951eedbe93e693279be37d04395f3318c099fb265a5e39487f20c,1,
release/cap/S735235858-GF-A76-EEA-T03-S1-LH-C1-I0045-F00.png,cap,single,512,512,PNG,331869,784cea33a650b6e60d6c40c8fc5abf6a4ff9e528c525e4c24d4c2203a35e1506,1,
release/cap/S741955884-GF-A71-EEA-T14-S1-LH-C1-I0057-F00.png,cap,single,512,512,PNG,378192,2b73430b1870ac4de0962653535bef68c1804b75d07722fb5510be60e1021c6a,1,
release/cap/S74441691-GF-A84-EIA-T13-S1-LH-C1-I0061-F00.png,cap,single,512,512,PNG,361263,637c7561d55e742d6cbd5264a43f7e96e578d7f118f7ddafb31643e350064b76,1,
release/cap/S744766748-GM-A69-EEA-T01-S1-LH-C1-I0008-F00.png,cap,single,512,512,PNG,372973,2251c26e6373bcba256a0bd33a983fb4edced2d7ddd541a0b64e05db8006a3d9,1,
release/cap/S752785476-GF-A66-EEA-T00-S1-LH-C1-I0010-F00.png,cap,single,512,512,PNG,353608,79a2f9e2bfb7ac71d7e4c09ea58caac521bcd875da2a11901686a62cb836a5d5,1,
release/cap/S755595872-GF-A36-EME-T03-S1-LH-C1-I0000-F00.png,cap,single,512,512,PNG,378788,38b991f1fd03fdcc90b88848701c0b117a865d876d8ef708ed71dbcd35db3da7,1,
release/cap/S760022445-GF-A45-EEA-T03-S1-LH-C1-I0032-F00.png,cap,single,512,512,PNG,379426,bb094550e015db0ab454b105b489ba1f782db0b6008bef679723344e1cfed3b8,1,
release/cap/S766916408-GM-A23-EME-T14-S1-LH-C1-I0040-F00.png,cap,single,512,512,PNG,333992,bf459e2f47c0d2da69a434a3f540b19b6853f9524051d62417343f3a649d8166,1,
release/cap/S778523462-GF-A44-EIA-T14-S1-LH-C1-I0042-F00.png,cap,single,512,512,PNG,393080,c611ad825ad5e837da2df39d5b95ae4b2f5e79c640474aef6265cc785952af38,1,
release/cap/S780045574-GF-A98-EAF-T14-S1-LH-C1-I0030-F00.png,cap,single,512,512,PNG,317949,56449ca5f44f73bc68399a30277730242fa81d94031efd7e80b4923c09217712,1,
release/cap/S780124184-GF-A64-EME-T01-S1-LH-C1-I0042-F00.png,cap,single,512,512,PNG,352909,2cd38643c5d60b72d05a9fd81749da4dd90a058c9465ec09aadeffaeaf506f52,1,
release/cap/S786321386-GM-A32-EME-T00-S1-LH-C1-I0051-F00.png,cap,single,512,512,PNG,361970,c6d0ae28504f2f15c5ddf6181e0025c4a3f966cd7fcc95ab7b9cc5254c5a2060,1,
release/cap/S788462400-GM-A77-EEA-T14-S1-LH-C1-I0022-F00.png,cap,single,512,512,PNG,344795,189341151b8c0367926e43eefe6b20e3a4f256532d33a69fdfaed9753eba4b0c,1,
release/cap/S79333356-GF-A59-EEA-T03-S1-LH-C1-I0057-F00.png,cap,single,512,512,PNG,382658,76b81516bf20fe0f97a35de589841018bd8f5459a96726960427a767e358d679,1,
release/cap/S798606872-GF-A37-EME-T15-S1-LH-C1-I0028-F00.png,cap,single,512,512,PNG,372186,d3a509e9e46fd7c64de1312a3903e1346cdc68beb708101ff266b01f8fa08f40,1,
release/cap/S804626448-GF-A39-EME-T01-S1-LH-C1-I0049-F00.png,cap,single,512,512,PNG,409608,4f4030ac0d3a50c909c321a4988be54bc04c92e967d16770f23b0571e5c26ced,1,
release/cap/S806692215-GM-A67-EEA-T01-S1-LH-C1-I0022-F00.png,cap,single,512,512,PNG,268273,a80113ea86b48b3b591a064d718f2a65d9c614cc4ceb4c11a6ce29b7c439e920,1,
release/cap/S808755818-GM-A40-EEA-T00-S1-LH-C1-I0059-F00.png,cap,single,512,512,PNG,318379,f7ddc4d62419c0d75f3b838361888d28866ab57d424e1d1481d952db023226f6,1,
release/cap/S824192626-GF-A59-EIA-T14-S1-LH-C1-I0014-F00.png,cap,single,512,512,PNG,363526,10e32ef71ad463230726c20fa1e912ce327e598b3a8955ca997d2898b2df2bb8,1,
release/cap/S825431925-GF-A77-EAF-T00-S1-LH-C1-I0000-F00.png,cap,single,512,512,PNG,339973,60fee9d19b3f6c2ee669350fc50474745e16989f97188bb8634e3204c9ffe6b9,1,
release/cap/S825833733-GF-A82-EEA-T14-S1-LH-C1-I0012-F00.png,cap,single,512,512,PNG,318554,dc3742b0c3e4995468e91e71ec7560035dcd2f3cc8f36fa971b7d51879f4bcdf,1,
release/cap/S825833733-GF-A82-EEA-T14-S1-LH-C1-I0028-F00.png,cap,single,512,512,PNG,321091,5cf245593cc4f19faf3d57ec5204b171adf32d10fb2ac717b827b4c5c30e8f1b,1,
release/cap/S835364261-GM-A45-EAS-T03-S1-LH-C1-I0032-F00.png,cap,single,512,512,PNG,288634,e36e0d84dffd072dc14905d0b04d67d942cd70730b8ec3f566a8cd4de5c4e567,1,
release/cap/S838732855-GF-A26-EEA-T03-S1-LH-C1-I0010-F00.png,cap,single,512,512,PNG,358099,b03cb43d57599b87966a812d682a2e989289f3eba74a776cdb75482a943f1e4b,1,
release/cap/S844573168-GM-A70-EEA-T00-S1-LH-C1-I0061-F00.png,cap,single,512,512,PNG,322903,eb189602b23bdf67d7f587789d8c662780880ce9f67973781fcf30ec16acdea9,1,
release/cap/S844761652-GF-A54-EAF-T03-S1-LH-C1-I0008-F00.png,cap,single,512,512,PNG,368698,bd9ddaecd3ef418831cee58bb8c7206e3bd338ebc3b6ce0ada306ef348996043,1,
release/cap/S851010322-GM-A30-EEA-T03-S1-LH-C1-I0061-F00.png,cap,single,512,512,PNG,360837,544cb349932fa481738ad581fae6dbee4b9cb9593a4ae19d4ff35bc0e4ece8a1,1,
release/cap/S861590567-GF-A45-EIA-T03-S1-LH-C1-I0062-F00.png,cap,single,512,512,PNG,396946,95424d70f2064c319562f8c2313f390a58e8bb2b35515d29821e6aad5c81a465,1,
release/cap/S86418004-GF-A49-EEA-T10-S1-LH-C1-I0000-F00.png,cap,single,512,512,PNG,383954,e008126706135374e82232b6d007bed73e4ce470c25306b4b15cf07c8e81b26c,1,
release/cap/S871196184-GF-A27-EAF-T14-S1-LH-C1-I0028-F00.png,cap,single,512,512,PNG,328762,bbbe6ebfd4adc5df1547ae31b600757f5b5954055c6e658af854fdd89dda2fd0,1,
release/cap/S872849899-GF-A30-EEA-T03-S1-LH-C1-I0004-F00.png,cap,single,512,512,PNG,384897,de49fe9a59c807c382bb9b41c8e646862039d50935b089b27d435f960fa983d8,1,
release/cap/S881124278-GF-A51-EAS-T14-S1-LH-C1-I0059-F00.png,cap,single,512,512,PNG,354453,6aaccdb4557b07208700d8404b4a443c47c7d71373ee4be5599967bb2a3b1990,1,
release/cap/S882917275-GF-A60-EME-T01-S1-LH-C1-I0038-F00.png,cap,single,512,512,PNG,335449,7c633539bca3c017e41a2093fe07bfd5673b37fbd94e86d3322b938a26aaa472,1,
release/cap/S883374229-GF-A54-EEA-T14-S1-LH-C1-I0006-F00.png,cap,single,512,512,PNG,338826,0fabef9e0567dfe4a769e79240f81f707c4c58c901993b8508f0ed2156c71510,1,
release/cap/S883374229-GF-A54-EEA-T14-S1-LH-C1-I0019-F00.png,cap,single,512,512,PNG,334113,d1049ec0d3db9a4516950f4409f41ae00b397656d6aab99e76dba46c39008cb7,1,
release/cap/S883374229-GF-A54-EEA-T14-S1-LH-C1-I0021-F00.png,cap,single,512,512,PNG,329503,d0e68bdfe61b49ba0b3002f52ec779e78c125d4b8fc4b35be969cf2cb971f238,1,
release/cap/S883374229-GF-A54-EEA-T14-S1-LH-C1-I0038-F00.png,cap,single,512,512,PNG,347332,4ee374faaba8a9ae68721c431a0231ad71c7d11a8c519409305d8dd437a3f594,1,
release/cap/S883374229-GF-A54-EEA-T14-S1-LH-C1-I0039-F00.png,cap,single,512,512,PNG,355318,c79407c28deae031c983bb2a8c5f31450eb2726614d13a24425057d98090eac4,1,
release/cap/S883374229-GF-A54-EEA-T14-S1-LH-C1-I0041-F00.png,cap,single,512,512,PNG,340941,cb89941bf77c416fa0674da48e75123e7714983931b19d3ef1312c3c1cf057a7,1,
release/cap/S883374229-GF-A54-EEA-T14-S1-LH-C1-I0059-F00.png,cap,single,512,512,PNG,377243,39fab5620a665071737e1bea1575911b07f19593ba991d51ed37951e7a624ceb,1,
release/cap/S883374229-GF-A54-EEA-T14-S1-LH-C1-I0062-F00.png,cap,single,512,512,PNG,363628,2dbeeb2f9dd0c4cf4682a6f4fc300b565450562e0c9cfc978ce6c1c0811f7c59,1,
release/cap/S892006153-GF-A74-EAF-T14-S1-LH-C1-I0020-F00.png,cap,single,512,512,PNG,342674,f54374c6d521081580a1981547dc51fb58255f4e503157912352a0910266f9eb,1,
release/cap/S894840102-GN-A69-EAF-T00-S1-LH-C1-I0056-F00.png,cap,single,512,512,PNG,380551,6491001cf4538463badf7a717ae0514dd2ec28f6b2eb094eaa9bc07cdbb171c4,1,
release/cap/S895967637-GM-A28-EEA-T01-S1-LH-C1-I0005-F00.png,cap,single,512,512,PNG,365672,418f2d41a773a241d5c0baf08acab29b3efb8f1035d0165b0a5c2f6292109c43,1,
release/cap/S897329683-GF-A41-EEA-T11-S1-LH-C1-I0040-F00.png,cap,single,512,512,PNG,331476,55aba3b61b844b4c4ea37583ef6c0844eac9e8b4ccfb8a83b954e4a91d3fc66f,1,
release/cap/S906953625-GF-A53-EEA-T01-S1-LH-C1-I0001-F00.png,cap,single,512,512,PNG,298815,c0e5c1d33ee5a850823d2286a41cd0b096a1ad284a6a805b22f793eaa4655aed,1,
release/cap/S9176807-GM-A21-EEA-T03-S1-LH-C1-I0024-F00.png,cap,single,512,512,PNG,335827,5261224e1624a88367492f116824a7ffb2ca21a2ffad7dcff7ac684523354336,1,
release/cap/S921833550-GM-A28-EEA-T14-S1-LH-C1-I0000-F00.png,cap,single,512,512,PNG,328968,1dfbfc8d08c6bbc55e9c1f565e5ec27e95a8ca3ef8f4942dd317efd54c0ab5fa,1,
release/cap/S924724708-GF-A48-EEA-T14-S1-LH-C1-I0053-F00.png,cap,single,512,512,PNG,395682,f83e9e9fdd2dc2012b0d50003e15a74a07bfaa2c134a2d8ccefda7f38795732b,1,
release/cap/S926047332-GM-A22-EME-T14-S1-LH-C1-I0038-F00.png,cap,single,512,512,PNG,312262,d0b96c8ffa72e6dcf409b4e6ae6a5fcaa4150dce16cb887ecf63097e55d08fcd,1,
release/cap/S926047332-GM-A22-EME-T14-S1-LH-C1-I0039-F00.png,cap,single,512,512,PNG,315033,b01f138f3e3fe0128de12d0945f3831ad4a39c9ceed710cee4e598e8d9dbb99f,1,
release/cap/S931374402-GM-A20-EAF-T14-S1-LH-C1-I0003-F00.png,cap,single,512,512,PNG,341879,c93e15defdb9901f254d17c4d84282313b87ff50802be7def85c3d19a1d33a6a,1,
release/cap/S931374402-GM-A20-EAF-T14-S1-LH-C1-I0013-F00.png,cap,single,512,512,PNG,325456,8cc17c841ea5133b1e6a71bfc2599bfb8fa9cc0228fc1642754a75560ed52891,1,
release/cap/S932980426-GM-A79-EME-T14-S1-LH-C1-I0010-F00.png,cap,single,512,512,PNG,286531,f1a6a64f21007ec8b30e6a43455674b165d9629988efcda16fc9c72b6c02f28b,1,
release/cap/S932980426-GM-A79-EME-T14-S1-LH-C1-I0014-F00.png,cap,single,512,512,PNG,379235,cd61d81bd56098e769d459e553b7e855fd04c8c5c71f8013ba7b2f1de368fa4e,1,
release/cap/S932980426-GM-A79-EME-T14-S1-LH-C1-I0032-F00.png,cap,single,512,512,PNG,299014,dc242e70c206438cf649eedd72a78e6b6f432552b9d259654ecde293f354edd9,1,
release/cap/S932980426-GM-A79-EME-T14-S1-LH-C1-I0054-F00.png,cap,single,512,512,PNG,391913,9c66a52f2663453be6e3c4dee5857a71e9dda8a631a66549be6a8ef0b58cf5a2,1,
release/cap/S936982627-GM-A77-EEA-T01-S1-LH-C1-I0040-F00.png,cap,single,512,512,PNG,312013,0b82aeaec87a05e2ce5bb63938e8a4770563a8e2507ff0de0ecc5e4e0b1971e1,1,
release/cap/S94290629-GF-A23-EAF-T14-S1-LH-C1-I0030-F00.png,cap,single,512,512,PNG,360497,98c148a230243aad6bf963a0c229575a70ae2cdaa011539cca0d5693974e6d8b,1,
release/cap/S94888726-GM-A26-EME-T03-S1-LH-C1-I0049-F00.png,cap,single,512,512,PNG,336976,31a12c3ea37609f9135e09c88465ab87e7569299cb0cbedc42437b497f2da7ca,1,
release/cap/S954227485-GF-A55-EME-T00-S1-LH-C1-I0054-F00.png,cap,single,512,512,PNG,371168,51f74a4c721cf749a935671e6f17025bfa09e33bab199c63ec7c0eb0ca8d5e11,1,
release/cap/S955490819-GM-A25-EAF-T14-S1-LH-C1-I0009-F00.png,cap,single,512,512,PNG,323113,bcd3002fef3613638f20822a24701aefcf9305165541dd6003fc6ddca10e7bd0,1,
release/cap/S956718444-GF-A38-EAS-T14-S1-LH-C1-I0018-F00.png,cap,single,512,512,PNG,326740,67da9bb207ab37c4cc650eb2aa41a3ce60dd3879d23625b70d5a8fee8d72c826,1,
release/cap/S95924864-GM-A18-EEA-T14-S1-LH-C1-I0017-F00.png,cap,single,512,512,PNG,353134,846c65c5f1a080dc0124eda6c38373d159abc9febefc1cc11ad65275a4f903bb,1,
release/cap/S95924864-GM-A18-EEA-T14-S1-LH-C1-I0029-F00.png,cap,single,512,512,PNG,372733,57b940237960b3d0da23f3c6ebe67e464b39442b8259827eba69d9ffeaee309c,1,
release/cap/S959317588-GM-A42-EAS-T00-S1-LH-C1-I0008-F00.png,cap,single,512,512,PNG,383019,de34a571683aa7a9501b73c6ed7e4ad16525e35e1122c22d1d3a97c7e707dc4c,1,
release/cap/S959317588-GM-A42-EAS-T00-S1-LH-C1-I0054-F00.png,cap,single,512,512,PNG,347691,bc037572a8d470efe0acdd2525fb8cf894822b398dc3ca12372b6c4a66472059,1,
release/cap/S962503135-GF-A84-EEA-T14-S1-LH-C1-I0013-F00.png,cap,single,512,512,PNG,364085,adb38640ac5b89f0e68e66b0cf6ece22c266f6a3f2b7d48662a242ac64be90d8,1,
release/cap/S966499612-GM-A36-EEA-T14-S1-LH-C1-I0024-F00.png,cap,single,512,512,PNG,360094,94512edc3ea4ab7719ce411e4d60277e85aa5b1d2337820febffdaeef02fde54,1,
release/cap/S970888949-GF-A57-EEA-T15-S1-LH-C1-I0038-F00.png,cap,single,512,512,PNG,350998,ebf0cad3a0693082bca50122c66578d005daa2ac6282d0487fa4c94d54117af6,1,
release/cap/S976538751-GM-A19-EAF-T14-S1-LH-C1-I0007-F00.png,cap,single,512,512,PNG,345913,fa468b766bea2e34ff1cb117d6901e445db6c497147c9700acc07edc5b3f9f03,1,
release/cap/S976538751-GM-A19-EAF-T14-S1-LH-C1-I0042-F00.png,cap,single,512,512,PNG,347972,fd497883dbb1f4d7ff20d56f12e00f8d5f66b59595c8af03dc582bf15c6bd61a,1,
release/cap/S978873421-GF-A64-EEA-T01-S1-LH-C1-I0000-F00.png,cap,single,512,512,PNG,314465,849bd1a480c915190cd7c0df45240ca7f531c58f97da054b762dd1d7a4f84d33,1,
release/cap/S980654402-GF-A53-EEA-T14-S1-LH-C1-I0004-F00.png,cap,single,512,512,PNG,314866,a5d0fc5b5856101fd85ef464be89bfa7f1dbdd56a7eb671e9938832a467af5e4,1,
release/cap/S982128636-GM-A71-EME-T01-S1-LH-C1-I0008-F00.png,cap,single,512,512,PNG,419951,50fecb9ab82b20ad021ede5e389cd65737a59409f18c0897017c49166e39d9b3,1,
release/cap/S982227952-GM-A31-EEA-T00-S1-LH-C1-I0051-F00.png,cap,single,512,512,PNG,337674,e349e77f5dccbbccebbb10003bd9019144ad07db09889ba1803dc488bcf09331,1,
release/cap/S98643087-GF-A34-EIA-T10-S1-LH-C1-I0042-F00.png,cap,single,512,512,PNG,423658,3a2b76c923c85dbdc1a5f73d4f0c4034a8893f007bc0c8d2831f982bd1c2e294,1,
release/cap/S987384432-GF-A95-EME-T01-S1-LH-C1-I0003-F00.png,cap,single,512,512,PNG,320441,4fea30664b2639edf24d6e6ffc7f4dc197c135eb24fffa635ee866f3cb751080,1,
release/ce/S115293589-GF-A67-EME-T01-S1-LH-C1-I0030-F00.png,ce,single,512,512,PNG,368308,5b704febc15c9931c1fc4077a3561994b2a4fcb5c5e5ce2cfe1af04184a09a2a,1,
release/ce/S115379105-GF-A98-EEA-T14-S1-LH-C1-I0044-F00.png,ce,single,512,512,PNG,342414,d720ffc864d8529a9651b1b2df3efcf938aa82f8fddc6c6ba6bc5b340b2e44d4,1,
release/ce/S120660598-GM-A33-EEA-T00-S1-LH-C1-I0034-F00.png,ce,single,512,512,PNG,341370,9f5996233d422f5c249637fd4fd34d1742fd17854fdede968934c7c6701ddd7f,1,
release/ce/S121566497-GF-A32-EEA-T14-S1-LH-C1-I0036-F00.png,ce,single,512,512,PNG,389440,7c34b77b390bb18da4cef44a27f5b57332ccfed4508797dc6000082038e5c456,1,
release/ce/S121714872-GF-A34-EAF-T03-S1-LH-C1-I0053-F00.png,ce,single,512,512,PNG,343505,175c0a72768bc6687316eaf87cf7096bb77f40bfd8b386ab6e892ecd14770a91,1,
release/ce/S124298498-GM-A91-EEA-T14-S1-LH-C1-I0034-F00.png,ce,single,512,512,PNG,344053,b60b1100b9c94858fdaacd6cff8139babb3915fcc412c7644f3caaea77fb4cc7,1,
release/ce/S130186036-GF-A82-EEA-T01-S1-LH-C1-I0007-F00.png,ce,single,512,512,PNG,350920,e724e18628e78888ff13118bbb67f4ed819e933cb219e1a234be9798b3b74129,1,
release/ce/S137547030-GF-A76-EEA-T01-S1-LH-C1-I0045-F00.png,ce,single,512,512,PNG,354704,d6586eecd1c9b8451430a6ecc4682a28b30f755344896353be0ab5501edf8464,1,
release/ce/S138993008-GF-A66-EAF-T00-S1-LH-C1-I0035-F00.png,ce,single,512,512,PNG,313764,c1cb7e20ff1965eababae13ee6e08a6b5bef645b5d513ce0510e14f779764cc2,1,
release/ce/S14964507-GF-A29-EEA-T00-S1-LH-C1-I0028-F00.png,ce,single,512,512,PNG,352882,2cea0d4b18ab10cedd4656b52eebf93be5ae586eb1eab27b992c8dc2e74af1c0,1,
release/ce/S14964507-GF-A29-EEA-T00-S1-LH-C1-I0052-F00.png,ce,single,512,512,PNG,374101,a9ab52ae573feb47709fca9a39662dc45a149f12892ec33e7ea29e8cd5528867,1,
release/ce/S15182111-GM-A44-EAS-T00-S1-LH-C1-I0049-F00.png,ce,single,512,512,PNG,323214,b8f2f5d5eedc5b5b4cbe364c50d107ae53a227d7708094edb877c66f9a1e8226,1,
release/ce/S152846480-GF-A30-EEA-T03-S1-LH-C1-I0000-F00.png,ce,single,512,512,PNG,382448,e581ecd849897111edc959bd4285a377bd6956e61e6c0e0836044ac63897243c,1,
release/ce/S152846480-GF-A30-EEA-T03-S1-LH-C1-I0050-F00.png,ce,single,512,512,PNG,381920,9fa36237c3517de21bc1de9df84172332f4032f9cd1dc706315fbd3ab0df468c,1,
release/ce/S152846480-GF-A30-EEA-T03-S1-LH-C1-I0059-F00.png,ce,single,512,512,PNG,375498,3cc093226f2a35bbf8a607de3fb0aea21cf0b7be8162ceb15677cb1b8f84e953,1,
release/ce/S164577361-GF-A44-EEA-T01-S1-LH-C1-I0030-F00.png,ce,single,512,512,PNG,393313,72d047bbd87ed76cbb58aedf1e9150442bcf71041845ccbc7f9f8cef30c73484,1,
release/ce/S165380664-GM-A31-EIA-T01-S1-LH-C1-I0002-F00.png,ce,single,512,512,PNG,283325,c02de9e2176f96c0104486c96907606a7ea2a2b649e914948dbf938c242d803a,1,
release/ce/S169208368-GM-A35-EME-T14-S1-LH-C1-I0016-F00.png,ce,single,512,512,PNG,381148,cf6aae9e3a1517967f1a07f21fbf0483b33b4d0556e9a7fda8041039c368dd19,1,
release/ce/S169208368-GM-A35-EME-T14-S1-LH-C1-I0054-F00.png,ce,single,512,512,PNG,380572,31d3c70aa4eaa6c5a306ce60e44c08624213b6991642431faef5534036d802cb,1,
release/ce/S179182026-GM-A47-EEA-T11-S1-LH-C1-I0029-F00.png,ce,single,512,512,PNG,362877,fb88f1155ddd8bf8d74fb1097aa06af050d33af5bd961797b3afb9da1d587a8b,1,
release/ce/S185880747-GF-A53-EAF-T03-S1-LH-C1-I0030-F00.png,ce,single,512,512,PNG,394381,5d276688e3b4e2ceebf538f531ce939e835fe1bfb34dc6761b64d9bd29041463,1,
release/ce/S187000211-GF-A54-EEA-T03-S1-LH-C1-I0063-F00.png,ce,single,512,512,PNG,368879,cfc29b3565e1611056f7c4ec2d2771796a779ce0e832d62031b0a095d730352e,1,
release/ce/S18796367-GF-A93-EAF-T00-S1-LH-C1-I0045-F00.png,ce,single,512,512,PNG,296768,1a220ce441194f71cd3983bbb6681e3c5c1364f0eb85de0c938ce87cdf7b5cad,1,
release/ce/S189019382-GF-A62-EIA-T03-S1-LH-C1-I0040-F00.png,ce,single,512,512,PNG,357776,acb1ebfa41a9f8657332e875b4904422cef5436c83852d6f8679063e2702cd69,1,
release/ce/S189019382-GF-A62-EIA-T03-S1-LH-C1-I0046-F00.png,ce,single,512,512,PNG,352390,a0f2f671f688df0fa00cec44b26e8533db8c7073244e6b8a18f4310a69526a99,1,
release/ce/S190036673-GF-A19-EEA-T00-S1-LH-C1-I0057-F00.png,ce,single,512,512,PNG,377167,f7a1ba02c67cc6095479d9813b68eb5157cef1a2f0b19ba32b9a8c7a97ea4f72,1,
release/ce/S19423222-GM-A45-EAF-T14-S1-LH-C1-I0040-F00.png,ce,single,512,512,PNG,297520,3ba6ce9f8945432145e8675fdb3004f75993ec302145f4c738bf92729771c0cf,1,
release/ce/S205686156-GF-A52-EAS-T01-S1-LH-C1-I0006-F00.png,ce,single,512,512,PNG,345741,05fc297552b6a42f7087891d916c959c8988ba58d4dcb9febf58c8a617d979ab,1,
release/ce/S20939931-GF-A70-EME-T00-S1-LH-C1-I0047-F00.png,ce,single,512,512,PNG,352510,21f49950294b41e971a9918eec7e8c563fa0b96c111ff3a2d9c299b05920bde8,1,
release/ce/S210555380-GF-A95-EME-T14-S1-LH-C1-I0008-F00.png,ce,single,512,512,PNG,390949,c69618a1eab545ebffb44710cd5549f57cfaa029726d0c7754a55fc852955068,1,
release/ce/S210555380-GF-A95-EME-T14-S1-LH-C1-I0048-F00.png,ce,single,512,512,PNG,372210,9993d6c090e48e0374442d59eee2ed574770098a9149b17e7363a8dc17c2910a,1,
release/ce/S21322735-GF-A99-EEA-T03-S1-LH-C1-I0004-F00.png,ce,single,512,512,PNG,333880,9f8e7806d57b29918da73f4bc138200adf69a909c9b2c7f1846b304ed50ae5a8,1,
release/ce/S219134961-GM-A51-EME-T00-S1-LH-C1-I0016-F00.png,ce,single,512,512,PNG,322730,36683fe11f3d4390b878d62dfb13d0b3f6c0175cb92850ee5f6a5f52fb886fb3,1,
release/ce/S220036139-GF-A33-EME-T14-S1-LH-C1-I0048-F00.png,ce,single,512,512,PNG,381238,640ea55f9383d940278ea246a451659317928d043968a993f14618ebf5f0b99b,1,
release/ce/S229741512-GM-A18-EEA-T01-S1-LH-C1-I0029-F00.png,ce,single,512,512,PNG,300020,6ab226ee184b72881f9490963ebc110f751691a9015ea3116da5af5c59a84ee4,1,
release/ce/S231352223-GF-A49-EEA-T14-S1-LH-C1-I0027-F00.png,ce,single,512,512,PNG,363954,b26af981da639c83b63e9998ba6e0a0222c1fbfd152d7ccb7715894001e57d6a,1,
release/ce/S236474674-GF-A94-EEA-T14-S1-LH-C1-I0061-F00.png,ce,single,512,512,PNG,341654,4a360fa43f4c1d9b5c13a0751a588f7efafbd16df365810a8746f90a053efe10,1,
release/ce/S240935283-GM-A93-EEA-T01-S1-LH-C1-I0022-F00.png,ce,single,512,512,PNG,400432,bf783ac20dcb6691c8ffcd6fe1d50b64f400b198bce2ef4ba2d9fa272fcaad4e,1,
release/ce/S245655911-GM-A99-EIA-T14-S1-LH-C1-I0023-F00.png,ce,single,512,512,PNG,407046,71b902a0ed2ce30651903e911367eb4972f06b85799b73f1dcf3b6448ec46933,1,
release/ce/S247603526-GM-A30-EEA-T13-S1-LH-C1-I0041-F00.png,ce,single,512,512,PNG,307102,a9df2a8207e70510d7a19d4cadb1e43ab5d053db7493b734c2db59ba7e807dd8,1,
release/ce/S259395943-GF-A59-EME-T14-S1-LH-C1-I0009-F00.png,ce,single,512,512,PNG,321398,2fe333e3849b3243e5a0e29eb32ee27b4bed569c6071e9ce0ccf989bec3907b8,1,
release/ce/S261182015-GM-A24-EEA-T01-S1-LH-C1-I0011-F00.png,ce,single,512,512,PNG,316119,ea8501f7243b044c2915e1e28fbc38e14469f13fa42b1235e6c41e81aa5d1c7c,1,
release/ce/S264396021-GM-A30-EAS-T14-S1-LH-C1-I0047-F00.png,ce,single,512,512,PNG,310283,9c389bb5b5d6bd2912ef87c47df7e5852ee7a22c9c23e952c492e30bd4935c39,1,
release/ce/S268137029-GF-A39-EME-T01-S1-LH-C1-I0016-F00.png,ce,single,512,512,PNG,392848,1932cb2a285920405b2b818b46878d9d3ef28647c2d2cab1cde3373bc264fd13,1,
release/ce/S268183923-GN-A24-EAF-T14-S1-LH-C1-I0053-F00.png,ce,single,512,512,PNG,306832,93cac098f5779a6d9ec9a46028e208230ec18f92072cb1358210f7f4076cdf6c,1,
release/ce/S274652534-GF-A22-EEA-T01-S1-LH-C1-I0003-F00.png,ce,single,512,512,PNG,344697,bdece6c086937bf8d28868bc261d9689e3d829a44b92690726d4d9ed0adabe1f,1,
release/ce/S274869653-GF-A68-EAS-T03-S1-LH-C1-I0003-F00.png,ce,single,512,512,PNG,358322,c6a77f77839bf8f34342fac9ddb07f73c3b1ed8f46c4deb06033d9a4c369547a,1,
release/ce/S285023719-GF-A24-EEA-T00-S1-LH-C1-I0022-F00.png,ce,single,512,512,PNG,292115,a14abe5024dd323d159ef75c6ff3e1e30fa8dbd58c8c2b3b752c2dba204d14cd,1,
release/ce/S287510944-GF-A29-EME-T01-S1-LH-C1-I0059-F00.png,ce,single,512,512,PNG,347134,da1400c3c232754d4cc6b4a6b2666936f6770c488e03aef7b818156a58b1317f,1,
release/ce/S289919415-GF-A46-EEA-T14-S1-LH-C1-I0060-F00.png,ce,single,512,512,PNG,308934,4690d5688af51b950b5929036d4e5805409b26c76a8c16b8ea9f6e17addf5470,1,
release/ce/S300524837-GM-A42-EEA-T01-S1-LH-C1-I0008-F00.png,ce,single,512,512,PNG,374278,defb9b1ec1a309064ff6f7c458f298cd6be39389a7d82622bd6f75ebdb57495e,1,
release/ce/S303695349-GM-A23-EEA-T03-S1-LH-C1-I0002-F00.png,ce,single,512,512,PNG,310429,d246d09616481262cf9cb07346725251231edd4e2746003d47fea969c6549f73,1,
release/ce/S303695349-GM-A23-EEA-T03-S1-LH-C1-I0029-F00.png,ce,single,512,512,PNG,301935,110b15898b6317a83135dbf4f4ba709471c84b211c8307ea1fabbc958796e6b4,1,
release/ce/S303695349-GM-A23-EEA-T03-S1-LH-C1-I0041-F00.png,ce,single,512,512,PNG,297512,c115b9dc2ec2c4336c12b2be0a0b07cd5d01d4a2c6828a0ff100132e1b3d3ff4,1,
release/ce/S311145231-GF-A53-EAF-T03-S1-LH-C1-I0062-F00.png,ce,single,512,512,PNG,405902,47f1cb98c6d6134503a0c894ffbb7b765932136690faa6534b6023f2103ca512,1,
release/ce/S319441451-GF-A19-EAS-T01-S1-LH-C1-I0006-F00.png,ce,single,512,512,PNG,344961,ac1a79dc40cd95c6c6bfd2760933d454b264166442dbda171dc2c098f62100cd,1,
release/ce/S320892356-GF-A70-EIA-T03-S1-LH-C1-I0021-F00.png,ce,single,512,512,PNG,377169,6e8ef68703c756166e87e3345aafbe091edfaf2ff47ba9fbd4802902fabdb9e7,1,
release/ce/S325074401-GF-A50-EAS-T03-S1-LH-C1-I0044-F00.png,ce,single,512,512,PNG,316806,99e74d5e1951368ff25e34a0740036c3c4fb2c9c12d0b7a5b6f8cd3660854fbd,1,
release/ce/S334613033-GM-A58-EAF-T14-S1-LH-C1-I0047-F00.png,ce,single,512,512,PNG,425907,0f831c6e53b30aeaeed902d9a9caad8e189d8e7aec2f65c45358223189ad18fc,1,
release/ce/S334697091-GM-A32-EAS-T14-S1-LH-C1-I0031-F00.png,ce,single,512,512,PNG,258290,d449a07155b94f116c04de933d054eb4873a6044094044a543dcc0c21f39fa47,1,
release/ce/S335757255-GF-A30-EME-T14-S1-LH-C1-I0002-F00.png,ce,single,512,512,PNG,368103,f3393cc7406fc7a1c582f1b4ea5d44f94b62b50441c9c3d505eee2a18d1483b0,1,
release/ce/S340675536-GF-A37-EEA-T14-S1-LH-C1-I0052-F00.png,ce,single,512,512,PNG,288723,2d5a0c1a5140f1f034bd3c31f86e803f70dc69a6c6e55c6144fa2b870c671c5b,1,
release/ce/S343616415-GF-A69-EEA-T03-S1-LH-C1-I0056-F00.png,ce,single,512,512,PNG,344847,bd0068318e5a0491b165720b6a2da9c9c9af4979735f8a494d27ef94d5103f31,1,
release/ce/S343899513-GM-A51-EME-T01-S1-LH-C1-I0048-F00.png,ce,single,512,512,PNG,394573,167615878d444c3bbbfca79299165ff33e9e5b22fce61b9aefd36dc9cc951e52,1,
release/ce/S345601750-GF-A64-EEA-T03-S1-LH-C1-I0032-F00.png,ce,single,512,512,PNG,389764,704fb7ec64396ccba988e82799bd66a96b4dc0161fdae6c8aa2deaf1031e917a,1,
release/ce/S345601750-GF-A64-EEA-T03-S1-LH-C1-I0055-F00.png,ce,single,512,512,PNG,373586,f9d5dbd7ffdcfc0fde98e32298f190019fd5509aec186cfc3d38c92d8ccbc49d,1,
release/ce/S354713116-GF-A60-EAF-T14-S1-LH-C1-I0004-F00.png,ce,single,512,512,PNG,360477,b257b0a9aae1e171a1f3dac035a2de70974dd4bb894eb66586dd2ddb7dd0267c,1,
release/ce/S354713116-GF-A60-EAF-T14-S1-LH-C1-I0011-F00.png,ce,single,512,512,PNG,398339,02d6d3660004cd7b67ce42ebd88185317cdd8b6f9ebbfea958250fc8e8e166e7,1,
release/ce/S354713116-GF-A60-EAF-T14-S1-LH-C1-I0063-F00.png,ce,single,512,512,PNG,387873,b6023fa2251ee40cd09d319ee8286c5b7c903ef85d4a2cc3aa882e21062e3418,1,
release/ce/S358652822-GF-A41-EEA-T01-S1-LH-C1-I0006-F00.png,ce,single,512,512,PNG,362210,82ac969fc4f7e937a8851b884948494e6c6e3ec705097446c6176c47daffc522,1,
release/ce/S364995244-GM-A24-EEA-T03-S1-LH-C1-I0015-F00.png,ce,single,512,512,PNG,366100,54913ba37b90e036ae9bedd4ccf033f5be99d948018bded80b8f65acfbb87208,1,
release/ce/S370286626-GF-A59-EEA-T00-S1-LH-C1-I0061-F00.png,ce,single,512,512,PNG,387531,9919100c541a512386db8a538fb1354426d8db0d576859561560689833163b4b,1,
release/ce/S373793896-GM-A22-EEA-T14-S1-LH-C1-I0035-F00.png,ce,single,512,512,PNG,344283,7ed89e695be9067ba46f616e140b824ec811d6b1285c005d25b0eec094c4d9b7,1,
release/ce/S37396139-GF-A51-EEA-T14-S1-LH-C1-I0018-F00.png,ce,single,512,512,PNG,378183,a90e316fbd2e972a7b5d74bfb6657d7009fd7b8c1cd0bd1dba810b4d325dc6f9,1,
release/ce/S37396139-GF-A51-EEA-T14-S1-LH-C1-I0048-F00.png,ce,single,512,512,PNG,383101,bc3a5de7dc2fee3c4b0fa7de64917f0e7480f259bc119c7c17f59f2def806146,1,
release/ce/S375545605-GM-A47-EEA-T00-S1-LH-C1-I0004-F00.png,ce,single,512,512,PNG,362118,f4fef65ee87dadd97d83eb4f22deaa7f6a9ddec056164698687a5354f07fdbda,1,
release/ce/S375545605-GM-A47-EEA-T00-S1-LH-C1-I0022-F00.png,ce,single,512,512,PNG,351337,8a48ba61fbb7d3f93e3d33769be6c6897bf503445a39cef5db0beaff02152fc7,1,
release/ce/S375545605-GM-A47-EEA-T00-S1-LH-C1-I0027-F00.png,ce,single,512,512,PNG,362636,78378a407cef95617cb010940e590f21278d5050fb9124f51ab7afac2832a949,1,
release/ce/S375545605-GM-A47-EEA-T00-S1-LH-C1-I0049-F00.png,ce,single,512,512,PNG,373886,3329cd2b0b34c2e04578e50a50acd698c72c337491330e0506e9c8a2b52f53f2,1,
release/ce/S376287613-GF-A19-EAF-T14-S1-LH-C1-I0011-F00.png,ce,single,512,512,PNG,321733,fb864c080bc8a45c9392e711a557265ab401e62e396a539ac8923fe3ae8e7044,1,
release/ce/S380795387-GF-A58-EEA-T14-S1-LH-C1-I0035-F00.png,ce,single,512,512,PNG,334412,049032c9864bfa47892f4393d7a0dc96e1e42e5bfdb5e8e38f13a1f27244b777,1,
release/ce/S382037204-GF-A89-EEA-T03-S1-LH-C1-I0006-F00.png,ce,single,512,512,PNG,348735,a041a778e5cd39fddf9b1ba5b2ee854d24fdcf9e92c5d5447526d4c5a0fb331b,1,
release/ce/S384793007-GF-A62-EEA-T01-S1-LH-C1-I0006-F00.png,ce,single,512,512,PNG,269295,912cedd5e2726f26e10eb17a2ef2620bd56006aba7ee8cc8dd354c85de14674f,1,
release/ce/S388546914-GF-A50-EEA-T14-S1-LH-C1-I0025-F00.png,ce,single,512,512,PNG,345673,d29e49debdd7793ec86e6b03bf809c4c3e883abe7fc5d24a1b883bf1dfe35f20,1,
release/ce/S394313530-GF-A45-EEA-T03-S1-LH-C1-I0050-F00.png,ce,single,512,512,PNG,377145,28cce8811912ea1a539337131a625c8a8e11dcbdca9b69b95a42f288a1e9cbbb,1,
release/ce/S395744997-GF-A18-EEA-T01-S1-LH-C1-I0002-F00.png,ce,single,512,512,PNG,384239,b0b2453fe0f900a89774a924f7f41c5137cef544c1cd4a2525c3a7a9a4fbfd0d,1,
release/ce/S39590804-GM-A53-EEA-T03-S1-LH-C1-I0045-F00.png,ce,single,512,512,PNG,369960,35a5fc11bcb23fae40899d6744e25f2f19f8ddaf07bcd96bde0fbe5411f1abf7,1,
release/ce/S397228464-GF-A72-EEA-T03-S1-LH-C1-I0009-F00.png,ce,single,512,512,PNG,350638,bdaab35a3b8f624316c452ba3e0a9871e5c66c7b2e0bbe4510622cef738fd630,1,
release/ce/S402397961-GF-A82-EEA-T00-S1-LH-C1-I0029-F00.png,ce,single,512,512,PNG,348748,45bf40e5d10b2f92382f2ecfd86d55319327f472640ea74b7cb216fb7cd308c7,1,
release/ce/S402992794-GF-A60-EEA-T14-S1-LH-C1-I0010-F00.png,ce,single,512,512,PNG,344954,1df008805288917b130fac0e6b0e9e761c765c3c76c88e0ce08126bf117afa9f,1,
release/ce/S411588159-GF-A21-EEA-T03-S1-LH-C1-I0033-F00.png,ce,single,512,512,PNG,336298,3e83e055b2a70ca0c7cc6f3be7baefe5c6c8bd511b214c6c96a19be5cc699914,1,
release/ce/S412637027-GM-A93-EME-T01-S1-LH-C1-I0061-F00.png,ce,single,512,512,PNG,361173,b98d15ec0ba8314efc369b611154c189adea302e11363f2072a74ae8c610ca7b,1,
release/ce/S415761895-GF-A62-EAS-T03-S1-LH-C1-I0005-F00.png,ce,single,512,512,PNG,327410,c8a816d0110624a5e4dc246778778a3aba08cff8655d42de4af0b6cf639441dd,1,
release/ce/S422234801-GM-A19-EAS-T14-S1-LH-C1-I0050-F00.png,ce,single,512,512,PNG,356143,6d9eccc5c769fe10989d3c77460665c651090da4ba1992f260c0119871a96c49,1,
release/ce/S426127418-GF-A48-EEA-T03-S1-LH-C1-I0043-F00.png,ce,single,512,512,PNG,381529,46f81c8d0b4259fe99aafa207ef910dce4225d2229949977433f8128eef7f667,1,
release/ce/S442640043-GF-A83-EEA-T01-S1-LH-C1-I0015-F00.png,ce,single,512,512,PNG,348128,1aaf5d288e1775db5a209ecadea77ca80239860b5c73c9bc009f519b1c2018a5,1,
release/ce/S44577521-GM-A92-EME-T14-S1-LH-C1-I0041-F00.png,ce,single,512,512,PNG,331253,ce6142231007fc2e43c55af1fa7fa6970b87491a04a4ff7cef9c7d432b2cb660,1,
release/ce/S457681878-GF-A95-EEA-T14-S1-LH-C1-I0017-F00.png,ce,single,512,512,PNG,357775,b975d09de4c56d7a0a9bbc487744925e58e6639ffade3a9272add96724a27382,1,
release/ce/S472012617-GM-A63-EEA-T01-S1-LH-C1-I0014-F00.png,ce,single,512,512,PNG,345411,69cf3aad03b8c4f17d1e159635c1e38eb8084577b44cf648d0e1f5ed3e200140,1,
release/ce/S475499547-GM-A26-EME-T01-S1-LH-C1-I0029-F00.png,ce,single,512,512,PNG,384740,44a88fecae70ae7333c563ee5bfb01f4b7e5deee2d66e67c17dd1f4914a85c40,1,
release/ce/S477281279-GF-A30-EME-T14-S1-LH-C1-I0058-F00.png,ce,single,512,512,PNG,379981,3beee3898f6cd9f4567bc34d30edaeb29529ff4987144292a3134be18adb169f,1,
release/ce/S482766020-GF-A40-EAS-T15-S1-LH-C1-I0060-F00.png,ce,single,512,512,PNG,332931,19f987c2cb789e885a7fe09db4075a957361a16ffce05d95faee720d51e2cae2,1,
release/ce/S493184426-GF-A19-EAF-T00-S1-LH-C1-I0000-F00.png,ce,single,512,512,PNG,334075,bb02d9918be393c1f192eaeeb1186527a981e75b8567fedc99aac3b485e3dbb3,1,
release/ce/S495166625-GF-A58-EAS-T14-S1-LH-C1-I0053-F00.png,ce,single,512,512,PNG,337145,eb38bceb3ef0852b1cecd4140a356d5e1f9fca9af848b4ebfbad35d988aac10b,1,
release/ce/S50180802-GM-A26-EEA-T00-S1-LH-C1-I0055-F00.png,ce,single,512,512,PNG,332418,fee01c3ac463efe63287e208b1c15e1d98c6d78af57249b1e81b1c81f6609664,1,
release/ce/S504201509-GF-A50-EME-T14-S1-LH-C1-I0001-F00.png,ce,single,512,512,PNG,366821,e3aef525f89942903b6ad8e0d9429c22ebea1862150a3c0439e3443e5baf4a64,1,
release/ce/S506465236-GM-A41-EEA-T00-S1-LH-C1-I0013-F00.png,ce,single,512,512,PNG,345655,21b7e9d0dcf971c7ecd8ae4a5b7c8a705f1d1ff432d2cd18fc56a2177339d7ce,1,
release/ce/S510917796-GF-A21-EME-T03-S1-LH-C1-I0042-F00.png,ce,single,512,512,PNG,368194,5bd07e2f705a5bbee70a85743ca4487e53ca545136acbf691af359c626a9e8c9,1,
release/ce/S514677740-GM-A43-EME-T03-S1-LH-C1-I0021-F00.png,ce,single,512,512,PNG,374678,86cdf5dbf3027b8288df03b3f1d40550d4c6413cfe5afd87758a827fbb60ed6f,1,
release/ce/S51891071-GM-A63-EEA-T03-S1-LH-C1-I0028-F00.png,ce,single,512,512,PNG,391217,3f2eac030e6b7879077bbb930883c95203136cac2cd4b17275fab87bc5eb5510,1,
release/ce/S520464077-GF-A50-EEA-T00-S1-LH-C1-I0049-F00.png,ce,single,512,512,PNG,364247,6fbcc2ed51a12845231a9ed07557a1bc89dcd20b1aa7e2ec208dd6f3b36675ed,1,
release/ce/S520464077-GF-A50-EEA-T00-S1-LH-C1-I0055-F00.png,ce,single,512,512,PNG,348668,1c79c4c96b6d64850d86afadb671eadf66be3f490bfaa42be1666586a18f9b71,1,
release/ce/S526642813-GF-A73-EAF-T03-S1-LH-C1-I0036-F00.png,ce,single,512,512,PNG,302195,f0990cf3ac473a171bd0ba46a80fee2af9e40df06c01480ad801f8b1c354470a,1,
release/ce/S533819468-GM-A53-EIA-T14-S1-LH-C1-I0007-F00.png,ce,single,512,512,PNG,407250,614f01184a6e3bec935dfba0a78f55e1b271195757533a8741bbdbb9637b46fb,1,
release/ce/S535874367-GF-A18-EEA-T14-S1-LH-C1-I0059-F00.png,ce,single,512,512,PNG,351181,cc029a81f2ea9e2facc18e38a4d458d32520981769daa40f59e5b5a591f4383e,1,
release/ce/S537195914-GF-A56-EME-T03-S1-LH-C1-I0040-F00.png,ce,single,512,512,PNG,380332,94184a363d1e2f74f42d82b4b81e8855bc41abe3a3a0c16908c20c4c31c010e8,1,
release/ce/S554872844-GF-A81-EIA-T00-S1-LH-C1-I0062-F00.png,ce,single,512,512,PNG,243213,8f2a5d9399f431b854a261e8fdf6c16f282f68d32970379a8dc2b388bea2fc91,1,
release/ce/S557350179-GF-A53-EAS-T03-S1-LH-C1-I0005-F00.png,ce,single,512,512,PNG,384139,b898d099539bb4fee7d4926ec558327930e073e1cb24e63448158842bf6f6a8e,1,
release/ce/S560191384-GF-A51-EEA-T01-S1-LH-C1-I0033-F00.png,ce,single,512,512,PNG,325557,e40a8fde0ed1e22792caf923bf02dd72dbc1f3b6b2e9ab18123b61ff82474ca0,1,
release/ce/S561424111-GM-A25-EME-T14-S1-LH-C1-I0010-F00.png,ce,single,512,512,PNG,315991,91a9d66b766df581efcc00fd5d18ef3f11fb195b158f5ca7add0db4295e626a6,1,
release/ce/S562599431-GM-A42-EEA-T00-S1-LH-C1-I0036-F00.png,ce,single,512,512,PNG,296273,1e93d3db5a3d79299c5890d53dbadc0a0181c84700a625d974b269a482d32439,1,
release/ce/S564127454-GF-A22-EAS-T03-S1-LH-C1-I0009-F00.png,ce,single,512,512,PNG,379132,3f9fc2521f5969a304dc34f5dad9a2606b9763ed07906610f189197249dd677e,1,
release/ce/S567149942-GF-A85-EEA-T00-S1-LH-C1-I0039-F00.png,ce,single,512,512,PNG,306340,6101be9b5f7c783d76516f462bda15388e85609c22796f3baa7194c04c865dee,1,
release/ce/S567565556-GF-A43-EME-T01-S1-LH-C1-I0057-F00.png,ce,single,512,512,PNG,401743,f3f1c75febb77407a75077f62b3c859ad96d1cab758d6acb99dbcea2588ef5a4,1,
release/ce/S571336030-GM-A48-EIA-T01-S1-LH-C1-I0034-F00.png,ce,single,512,512,PNG,286960,29405b108a21bd63e6848094d6ea9a991fda03d75e3c4b2c07b5d8a396330f22,1,
release/ce/S571571794-GM-A57-EEA-T03-S1-LH-C1-I0016-F00.png,ce,single,512,512,PNG,344650,b1921da869a27a359bbbf06f74b25245851d5ef755ccacce73d4aedab58300b6,1,
release/ce/S574280680-GF-A53-EME-T03-S1-LH-C1-I0005-F00.png,ce,single,512,512,PNG,392045,8882aad814713ae0ac0748337c01ab1f2a7e9d8e7cd7415c83d1f77af56d03e8,1,
release/ce/S574761980-GF-A38-EEA-T14-S1-LH-C1-I0044-F00.png,ce,single,512,512,PNG,271786,979316259fbc4db0fc726b97894ea89e055571c3257fa479e3e3464d58bf6a15,1,
release/ce/S577181289-GF-A97-EME-T00-S1-LH-C1-I0056-F00.png,ce,single,512,512,PNG,371525,fdecbe476019962e23e028073a4df28fef00d4dfc5daa1e6b3dc221e5b8aa26d,1,
release/ce/S590103000-GF-A47-EEA-T01-S1-LH-C1-I0045-F00.png,ce,single,512,512,PNG,392030,9b7d70c8c99ac907f5d6434c2b3dfca9178a8f4fd94325a9ea1b0b80fba8d3e7,1,
release/ce/S590103000-GF-A47-EEA-T01-S1-LH-C1-I0047-F00.png,ce,single,512,512,PNG,351585,641c94ff93edaa4c7f266d0869fb1ad66f7e62f94efc085481bb6ae01afcba52,1,
release/ce/S590103000-GF-A47-EEA-T01-S1-LH-C1-I0056-F00.png,ce,single,512,512,PNG,399215,5e97fd9aa7a21a69152e65aa6dd7821442c1938aeee9794cd0027c97f80c0104,1,
release/ce/S590103000-GF-A47-EEA-T01-S1-LH-C1-I0063-F00.png,ce,single,512,512,PNG,388505,4efdb3c930168351635aa86dc12c399be29ec6cbfd75f6795841e8acc7b0a054,1,
release/ce/S592147976-GF-A52-EEA-T00-S1-LH-C1-I0049-F00.png,ce,single,512,512,PNG,323974,324675a15ba0c175661736ad7904db6ba269e1bcc5974b0e1322576fff4f548d,1,
release/ce/S598532466-GM-A87-EME-T14-S1-LH-C1-I0025-F00.png,ce,single,512,512,PNG,332490,e3395f1e8081a3bf2525c258ab539792afe284a8b1884ce2c95709b47074effa,1,
release/ce/S606909976-GF-A59-EEA-T01-S1-LH-C1-I0035-F00.png,ce,single,512,512,PNG,375618,ce4660c8154b279e75af59fabbbc17dd14f11cb5fc29d7929bf17a8a640bdecd,1,
release/ce/S616053079-GF-A33-EEA-T00-S1-LH-C1-I0038-F00.png,ce,single,512,512,PNG,396881,564e9c03f48200e93013d2f69887b28ef41feaccc8367630e4384b05640a0288,1,
release/ce/S616105557-GF-A58-EEA-T11-S1-LH-C1-I0042-F00.png,ce,single,512,512,PNG,272534,089f46061d1c5329344ccb59196fd5de3430e5cbb280b298e0a068fb607426f9,1,
release/ce/S618974755-GM-A24-EEA-T00-S1-LH-C1-I0045-F00.png,ce,single,512,512,PNG,340479,6bebf3f4191d963ab81dd2a2ef1d76583a107865cb327cad53fe794a867d7eb0,1,
release/ce/S62389544-GF-A82-EEA-T14-S1-LH-C1-I0050-F00.png,ce,single,512,512,PNG,269528,dec9ea2c17521253e415093edcd0b6b9d134307d211299dbcfe5a6c6b33b473c,1,
release/ce/S640440409-GF-A40-EME-T14-S1-LH-C1-I0001-F00.png,ce,single,512,512,PNG,399539,dbd74d5953c5d3899089aa3d3c8f8472f9fd848302b8848010a0c8003a313a43,1,
release/ce/S641100116-GM-A97-EEA-T14-S1-LH-C1-I0060-F00.png,ce,single,512,512,PNG,340008,07fcd649cf77856a9dc2964982182d7d243f8b898a7d648746746ad20c59f60f,1,
release/ce/S6470524-GF-A29-EAS-T14-S1-LH-C1-I0059-F00.png,ce,single,512,512,PNG,322372,c9920a664cb05a58f4ecb6bfbb46d4383060c9bd3049fc94d4bd0bb9250cafd1,1,
release/ce/S647458820-GF-A61-EAF-T03-S1-LH-C1-I0003-F00.png,ce,single,512,512,PNG,367022,317f5bf7a03d98910493f01b6e552499e392b34d1f8ae4a2046509ce7f8317e4,1,
release/ce/S653507002-GM-A51-EME-T03-S1-LH-C1-I0023-F00.png,ce,single,512,512,PNG,407979,bd3644e9ecbba9f5b2c11d91e3985513cf00015a8ca6c9ba355ea1f79ceed0bc,1,
release/ce/S653507002-GM-A51-EME-T03-S1-LH-C1-I0063-F00.png,ce,single,512,512,PNG,395657,8184da4ef2d14762cc33b11a7f792f71c6851dfb65c755cf2ff0a2b7b7ac7107,1,
release/ce/S664246838-GF-A21-EEA-T11-S1-LH-C1-I0019-F00.png,ce,single,512,512,PNG,383269,8584ffcd3e72c69dfddc9fbc6d1f0a325a97725362d680cf720d19f20cd1cf2e,1,
release/ce/S664545006-GF-A28-EIA-T14-S1-LH-C1-I0033-F00.png,ce,single,512,512,PNG,335496,6394456c5aab15a249a71db88737c6f5a41a870df5cef9031b5d06e64fe86ea5,1,
release/ce/S669973447-GM-A20-EEA-T00-S1-LH-C1-I0000-F00.png,ce,single,512,512,PNG,348326,8d2f2f45712a94b39a065c2ead579aed885f9e9e53b76e086b3a159645a4b116,1,
release/ce/S669973447-GM-A20-EEA-T00-S1-LH-C1-I0016-F00.png,ce,single,512,512,PNG,327145,4fafaea06676d61ea084563ef3e42857a57f5d8bba0f93f5f40bd9c16fee9f45,1,
release/ce/S670711149-GF-A47-EEA-T00-S1-LH-C1-I0025-F00.png,ce,single,512,512,PNG,293884,7c7133ae4e9c921f2db4e0375348e95635e1557505fb1420d36efb8693f07c50,1,
release/ce/S673442144-GF-A53-EEA-T01-S1-LH-C1-I0002-F00.png,ce,single,512,512,PNG,352638,a2b1abd618c50f2fc8cc99277726fec124f8909bf2fb103686c0c564e0fb0ccc,1,
release/ce/S673442144-GF-A53-EEA-T01-S1-LH-C1-I0003-F00.png,ce,single,512,512,PNG,341995,0cb82568577826789c023c306043046b9730bb0ce1845421b12abb5362410190,1,
release/ce/S673442144-GF-A53-EEA-T01-S1-LH-C1-I0013-F00.png,ce,single,512,512,PNG,330695,ae1d5925def6575dbab2d2f97b417aebbdccb22fd27e919f8fa7d538f3cda71e,1,
release/ce/S673442144-GF-A53-EEA-T01-S1-LH-C1-I0023-F00.png,ce,single,512,512,PNG,340169,9054afd406dc7866604123f4b6e40a4bdfca1767a2f507f78314a54f69181fe0,1,
release/ce/S673442144-GF-A53-EEA-T01-S1-LH-C1-I0028-F00.png,ce,single,512,512,PNG,333438,83ffd3a8990354be4b2c87f31a971d4bcf31dfa7a27f9e5cef742cfcd9aa9786,1,
release/ce/S673442144-GF-A53-EEA-T01-S1-LH-C1-I0034-F00.png,ce,single,512,512,PNG,299717,49de1ba60273e5a12b7bbda2b6bfc0b9ffa6a3385b56015ea44f76a21fff8338,1,
release/ce/S673442144-GF-A53-EEA-T01-S1-LH-C1-I0035-F00.png,ce,single,512,512,PNG,370985,45f33661eafd55308f9d6590e556629f005234949880a0937f4f94c7f52bebe0,1,
release/ce/S673442144-GF-A53-EEA-T01-S1-LH-C1-I0044-F00.png,ce,single,512,512,PNG,335730,1041b45475eaf45864f33abd567eed9369bef8b8915b818801417d6a8b36606c,1,
release/ce/S673442144-GF-A53-EEA-T01-S1-LH-C1-I0049-F00.png,ce,single,512,512,PNG,359251,b9cc8bf09b626700a258dad4c3d6c13ae04eaf4d9be00deb6a7be303a40a61ab,1,
release/ce/S673442144-GF-A53-EEA-T01-S1-LH-C1-I0056-F00.png,ce,single,512,512,PNG,319472,6429773f9a05272a43c7f0417afff47343044ee98690feffd9dfbef2b24d8ba5,1,
release/ce/S677155548-GF-A53-EME-T01-S1-LH-C1-I0011-F00.png,ce,single,512,512,PNG,374350,3f91bfdbbfbf61f1a99ebebd715277580d449394bc316f83030b602d58f7bb13,1,
release/ce/S678466862-GF-A62-EEA-T03-S1-LH-C1-I0047-F00.png,ce,single,512,512,PNG,393977,ae2eede3bc6fed24ad7be7f75cc6e4105291d04fe36e83f93f7c1df447eb40a3,1,
release/ce/S682364157-GF-A18-EIA-T03-S1-LH-C1-I0012-F00.png,ce,single,512,512,PNG,387565,f4a99142fe3f5118d442fe42df92b6ca09763624072a0e7ee56f706e9c170421,1,
release/ce/S683688917-GF-A31-EIA-T03-S1-LH-C1-I0021-F00.png,ce,single,512,512,PNG,323937,8fe298430d1325307e8c67983bddceb88d7991386171935b5df07e7cfab962d1,1,
release/ce/S691842297-GM-A47-EME-T14-S1-LH-C1-I0022-F00.png,ce,single,512,512,PNG,381784,8f0bbefc27b491195ca762bfa7a7a423e635f7d56304984727ac700a2d2fb010,1,
release/ce/S700907495-GM-A91-EME-T01-S1-LH-C1-I0006-F00.png,ce,single,512,512,PNG,327589,1ffcf1bc39f9016711992df5824852a4a9798837e00633c4c09a0ad136c68034,1,
release/ce/S708639364-GM-A59-EEA-T00-S1-LH-C1-I0042-F00.png,ce,single,512,512,PNG,365606,057a771b0512a078eaa1e72d54d09f5bb73a3fa49221108f58a9b93561b35ca9,1,
release/ce/S710623010-GF-A75-EME-T01-S1-LH-C1-I0051-F00.png,ce,single,512,512,PNG,333309,a76e4ff157904c5f28c349034cbbc27a0b27895ed21aeb74e3d1c4d9cd9db43c,1,
release/ce/S720555455-GF-A90-EAS-T14-S1-LH-C1-I0024-F00.png,ce,single,512,512,PNG,300620,bc2f7bc323ca3bcda635f7c2f99eae60a30195d1e33b536e14dea2fdc2147fa0,1,
release/ce/S721709390-GF-A24-EME-T00-S1-LH-C1-I0000-F00.png,ce,single,512,512,PNG,270007,d6e7f5319bce4845a54f388dcfe09eab46f016e1a90b7bd7f16f976db98f2f3f,1,
release/ce/S723966293-GM-A27-EEA-T03-S1-LH-C1-I0044-F00.png,ce,single,512,512,PNG,326708,0009e3c14c51e6c49d2861ae4663c7d348166accfb5c7af6325fcf0b5ae568bb,1,
release/ce/S727226600-GM-A33-EAS-T03-S1-LH-C1-I0035-F00.png,ce,single,512,512,PNG,344534,4d0a052391ceb16b9d26b93794aba4c38f7d9a65dfcbf36d32904116d220a269,1,
release/ce/S727226600-GM-A33-EAS-T03-S1-LH-C1-I0053-F00.png,ce,single,512,512,PNG,322424,cc3c71f8390d384656d23e91bee24a546b9af701c31e29999599de189151089e,1,
release/ce/S735235858-GF-A76-EEA-T03-S1-LH-C1-I0045-F00.png,ce,single,512,512,PNG,303661,67d74b46127f4f1f4489a0255e033a8046eacfa72667fdd3af97d0fc279d90a8,1,
release/ce/S741955884-GF-A71-EEA-T14-S1-LH-C1-I0057-F00.png,ce,single,512,512,PNG,363336,bc223e49b7c9b0b340cfb33de4873e059a29a4a69ac403e9c936b6f84124b488,1,
release/ce/S744766748-GM-A69-EEA-T01-S1-LH-C1-I0008-F00.png,ce,single,512,512,PNG,356217,a08e03d647eab0beaf215e9c42f760e44684b8456a11dc0de1b78fb7a4240f24,1,
release/ce/S752785476-GF-A66-EEA-T00-S1-LH-C1-I0010-F00.png,ce,single,512,512,PNG,368311,b0a65aa9eee606d7e257a52a8814afdc4dd0ec9ebd25aa45cb33f96a10f8eb26,1,
release/ce/S755595872-GF-A36-EME-T03-S1-LH-C1-I0000-F00.png,ce,single,512,512,PNG,353006,de1181e04067023331bbbc36d4f8d66313207579bae95168c30114f59694e01c,1,
release/ce/S760022445-GF-A45-EEA-T03-S1-LH-C1-I0032-F00.png,ce,single,512,512,PNG,369879,ab6e495812885c153f7fe69b02149ce7047df789e928ee88993f7beead72f62b,1,
release/ce/S766916408-GM-A23-EME-T14-S1-LH-C1-I0040-F00.png,ce,single,512,512,PNG,328188,632d6948fe923b3e83eb685bacdbe836baade62f40be308f8ad1ea312c3c824d,1,
release/ce/S778523462-GF-A44-EIA-T14-S1-LH-C1-I0042-F00.png,ce,single,512,512,PNG,376188,4f854779649d1b3ae747226abf4dbefa8bb07d5231f9cb7d9222cfeca9e2df55,1,
release/ce/S780045574-GF-A98-EAF-T14-S1-LH-C1-I0030-F00.png,ce,single,512,512,PNG,300168,6806ccbf626b3ddca8dace3105589f24a0c8416a6f99efb996bcdff8b87090f5,1,
release/ce/S780124184-GF-A64-EME-T01-S1-LH-C1-I0042-F00.png,ce,single,512,512,PNG,334564,eb2857706f711435b2add23e66fcecaef8c38a10d945eb162017d7e6d16c0b1b,1,
release/ce/S786321386-GM-A32-EME-T00-S1-LH-C1-I0051-F00.png,ce,single,512,512,PNG,351560,d223ca16b7a5ba11757e044a6b9d840c598fa4b14c54ea07170e145e61529aa8,1,
release/ce/S788462400-GM-A77-EEA-T14-S1-LH-C1-I0022-F00.png,ce,single,512,512,PNG,352020,f40dfbe38da75e6d2aceb02c91f3a8a74244ec3715962292dfd15a3db39ca4ae,1,
release/ce/S79333356-GF-A59-EEA-T03-S1-LH-C1-I0057-F00.png,ce,single,512,512,PNG,358190,486bf98cdf2a4a99525aa908d574721f64a991ef1b752f9ad0bd31d126e0672d,1,
release/ce/S795622045-GM-A49-EEA-T03-S1-LH-C1-I0033-F00.png,ce,single,512,512,PNG,302344,b4d837f0371b19501fa146c80c1f436472b3a6697cef0359accc31e63b8ec39a,1,
release/ce/S804626448-GF-A39-EME-T01-S1-LH-C1-I0049-F00.png,ce,single,512,512,PNG,373685,aa4423b729367e396ff71295820dd06da103bdeb4f9debc69fe1d140c40c333b,1,
release/ce/S806692215-GM-A67-EEA-T01-S1-LH-C1-I0022-F00.png,ce,single,512,512,PNG,248897,0478409f509d54e3e99d17244d38f9e24da380b7684266a5619cf0b28be4f543,1,
release/ce/S808755818-GM-A40-EEA-T00-S1-LH-C1-I0059-F00.png,ce,single,512,512,PNG,271743,8d9d2f577108184882e874d00020502242d23a5136b720d5f10dc6d276d13e46,1,
release/ce/S816836927-GF-A61-EAS-T00-S1-LH-C1-I0031-F00.png,ce,single,512,512,PNG,365198,cea6104ce5641b14a70039a21a8fd3e917af701cef1fbec324d202e860fa54cd,1,
release/ce/S824192626-GF-A59-EIA-T14-S1-LH-C1-I0014-F00.png,ce,single,512,512,PNG,303908,9e859bd7abbf906f486891b66260e0897bd805d7b73eea8fe063b1a3e6b3b473,1,
release/ce/S825431925-GF-A77-EAF-T00-S1-LH-C1-I0000-F00.png,ce,single,512,512,PNG,281478,3ce2a8d2fd21c9e2ac782d577164725ce0d388027c1600ddfd9f8646c5676f6b,1,
release/ce/S825833733-GF-A82-EEA-T14-S1-LH-C1-I0012-F00.png,ce,single,512,512,PNG,318729,fa8eee6b0f569c5c775e15b41ab8b8d42cb72f07632b717050d9810055750d08,1,
release/ce/S825833733-GF-A82-EEA-T14-S1-LH-C1-I0028-F00.png,ce,single,512,512,PNG,329344,ac5c72dc8558869b8724b4e600909b0a6b634bba407a98ad256db4dfc6950a21,1,
release/ce/S835364261-GM-A45-EAS-T03-S1-LH-C1-I0032-F00.png,ce,single,512,512,PNG,286038,186f83761ba4e1a6b1b59eaaa84ae708a0e4705bca9a8219078c68c067478805,1,
release/ce/S838732855-GF-A26-EEA-T03-S1-LH-C1-I0010-F00.png,ce,single,512,512,PNG,353770,4b2b497074e39dedc46777fcddf0bff98234b3468d23c299d54901b91ebbba76,1,
release/ce/S844573168-GM-A70-EEA-T00-S1-LH-C1-I0061-F00.png,ce,single,512,512,PNG,295746,9baeca511d707691181db279c72301ef5e9daae52fe06eb84fc0e7d17199586a,1,
release/ce/S844761652-GF-A54-EAF-T03-S1-LH-C1-I0008-F00.png,ce,single,512,512,PNG,351907,e2d7c2a6300cffc8edbd68a2a3cefbda4fc6931f6b9f2f04d772337a6861a71f,1,
release/ce/S851010322-GM-A30-EEA-T03-S1-LH-C1-I0061-F00.png,ce,single,512,512,PNG,340399,cc7c786b7c3bae4bf7b3df39b6c90dadb5f35aa3f3e93e61ee5950e52660abb6,1,
release/ce/S85153826-GM-A28-EEA-T03-S1-LH-C1-I0011-F00.png,ce,single,512,512,PNG,312347,1d1894ea8839c4cd40777b9d176cb37e96176a4b6d74fa30565f32b5baa939f3,1,
release/ce/S861590567-GF-A45-EIA-T03-S1-LH-C1-I0062-F00.png,ce,single,512,512,PNG,368172,01647774d57b5481ab8440f6380ee8f33821600bea2731e699f5a95dbe1e5481,1,
release/ce/S872849899-GF-A30-EEA-T03-S1-LH-C1-I0004-F00.png,ce,single,512,512,PNG,367097,e1d1b38b3bfb643afd6c68d336e42fa7f1350370a74e8f8ea8954b99573ed699,1,
release/ce/S881124278-GF-A51-EAS-T14-S1-LH-C1-I0059-F00.png,ce,single,512,512,PNG,329110,1b1d20d93d62d180c79abb84e83ee6a84b0ead6eb31e12d05b6e325efe0b370d,1,
release/ce/S882917275-GF-A60-EME-T01-S1-LH-C1-I0038-F00.png,ce,single,512,512,PNG,355271,5bbb798ff51f3be02a3c9d1614e64736fc05685683a9525463590333e3f92b7f,1,
release/ce/S883374229-GF-A54-EEA-T14-S1-LH-C1-I0006-F00.png,ce,single,512,512,PNG,346002,a8053294037beb59922788bc9c0ad31d4972b5104a65d7cd4410cf457a6df4a9,1,
release/ce/S883374229-GF-A54-EEA-T14-S1-LH-C1-I0019-F00.png,ce,single,512,512,PNG,334593,3023dc0c6fc7b6c08ff150266422702ebaf8021c1f17d0b46d8c7b9f17e9b709,1,
release/ce/S883374229-GF-A54-EEA-T14-S1-LH-C1-I0021-F00.png,ce,single,512,512,PNG,316974,e28e9a4cde05211fa585edbbc72c564258d703650317298b855194973e73bb3d,1,
release/ce/S883374229-GF-A54-EEA-T14-S1-LH-C1-I0038-F00.png,ce,single,512,512,PNG,329689,9dac0ffeab4b5332ea6cdf024b214360e3759b123dbdb6c9f06de53448d8c91f,1,
release/ce/S883374229-GF-A54-EEA-T14-S1-LH-C1-I0039-F00.png,ce,single,512,512,PNG,333758,477e2dd9b6f5e09810d48cf993b8338a085a5c324c648af983b7f035e05307ae,1,
release/ce/S883374229-GF-A54-EEA-T14-S1-LH-C1-I0040-F00.png,ce,single,512,512,PNG,334979,4cde72e78e8de88cb988583907a2dd0ab6105ab5bf258f619bcad2f9d1f8529a,1,
release/ce/S883374229-GF-A54-EEA-T14-S1-LH-C1-I0059-F00.png,ce,single,512,512,PNG,317965,c8337ce057ca33381ad4dc6d71506b78d49254c8e3a0c8410c0f8b44847dc5ab,1,
release/ce/S883374229-GF-A54-EEA-T14-S1-LH-C1-I0062-F00.png,ce,single,512,512,PNG,346189,1cab18a4aa1da6f5dcb8b05333eaa87a7e8d37e6984c29952f182cfd1aa87925,1,
release/ce/S892006153-GF-A74-EAF-T14-S1-LH-C1-I0020-F00.png,ce,single,512,512,PNG,308356,3b122fae0fef3bf72aa7d7d99f1625261dcf36a71f2cbb03c5b48acbcba6586c,1,
release/ce/S894840102-GN-A69-EAF-T00-S1-LH-C1-I0056-F00.png,ce,single,512,512,PNG,387262,04750f7aab4967e6b4438877e1e01e76c1c73024091853de6ab43ddd06bedd21,1,
release/ce/S895967637-GM-A28-EEA-T01-S1-LH-C1-I0005-F00.png,ce,single,512,512,PNG,349879,4c5d2969aec4ddc776eea3f9fb2a4dab6e1c6ad10db17be34b07290b34e05d51,1,
release/ce/S906953625-GF-A53-EEA-T01-S1-LH-C1-I0001-F00.png,ce,single,512,512,PNG,288061,51b0e5180f8104a2aac97f04ce03c6a725842c6aac0859399dd489368b728a58,1,
release/ce/S9176807-GM-A21-EEA-T03-S1-LH-C1-I0024-F00.png,ce,single,512,512,PNG,351407,ce0808ba06815a415c4c2cd1a4a12ec7b0f57e4960f30c41efd9c8058097b886,1,
release/ce/S921833550-GM-A28-EEA-T14-S1-LH-C1-I0000-F00.png,ce,single,512,512,PNG,319792,d689ed1b40208ef471e7cb020c9874a0d0aadf21948763ceb00fc9307a750410,1,
release/ce/S924724708-GF-A48-EEA-T14-S1-LH-C1-I0053-F00.png,ce,single,512,512,PNG,366859,0ac4daeae68b1f3ca4e63b337bf879cedbe0fe88466d375ac1c95681dee60fe2,1,
release/ce/S926047332-GM-A22-EME-T14-S1-LH-C1-I0038-F00.png,ce,single,512,512,PNG,316442,341e9b6c36e0b7a4ff164c332da2c20dc0be4f6ff2f69f14f80f361a54e5c53b,1,
release/ce/S926047332-GM-A22-EME-T14-S1-LH-C1-I0039-F00.png,ce,single,512,512,PNG,314871,94c1036cef3016c047716c7d2cdbdfaaf1469108d01eb27b6704d98d23fbbe01,1,
release/ce/S931374402-GM-A20-EAF-T14-S1-LH-C1-I0003-F00.png,ce,single,512,512,PNG,324924,d8b34e18ad99e31f177646bb1831330bad6222ef05e3b24269e471fd278480d2,1,
release/ce/S931374402-GM-A20-EAF-T14-S1-LH-C1-I0013-F00.png,ce,single,512,512,PNG,310490,c1ad4b8b6b059d4fee8a5bc1fb5539b29624cf70112a61a39d158ffc686a00f1,1,
release/ce/S932980426-GM-A79-EME-T14-S1-LH-C1-I0010-F00.png,ce,single,512,512,PNG,253900,a62436d85e8aa69fbeeb5dc68c6260b084f41274ac467b5219feee782b7ec75d,1,
release/ce/S932980426-GM-A79-EME-T14-S1-LH-C1-I0014-F00.png,ce,single,512,512,PNG,360193,5ee63fdc4d7d34379eb8350940ab168ba044d3f6b7a4555cc0b4076d7539aebc,1,
release/ce/S932980426-GM-A79-EME-T14-S1-LH-C1-I0054-F00.png,ce,single,512,512,PNG,364627,aa68312d40b019f33e8200c49ee01af25d62a069bf97e6a215eff2345de824ac,1,
release/ce/S936982627-GM-A77-EEA-T01-S1-LH-C1-I0040-F00.png,ce,single,512,512,PNG,290507,c688356dee8cd93a9486b2b2798ff2f90cfdce7a43ce9245894c13a80d80a7a0,1,
release/ce/S94290629-GF-A23-EAF-T14-S1-LH-C1-I0030-F00.png,ce,single,512,512,PNG,358315,2f94f7c7df87408b84f45e710a7cf0ef564790b26a76d84929aec288c90777e5,1,
release/ce/S94888726-GM-A26-EME-T03-S1-LH-C1-I0049-F00.png,ce,single,512,512,PNG,302633,c5e821abb1dd496ae6e1d54546d33512f2a45005f575eebe99f82e745431aa5f,1,
release/ce/S954227485-GF-A55-EME-T00-S1-LH-C1-I0054-F00.png,ce,single,512,512,PNG,390531,e8afec1ffba13aebf6bef3d3ed61d11f1a775af419af4566c259acea887db2ad,1,
release/ce/S955490819-GM-A25-EAF-T14-S1-LH-C1-I0009-F00.png,ce,single,512,512,PNG,340786,fcf05591d7a1464bd9f4dedea36a28af0836f671a47114671bce3aa84e541f77,1,
release/ce/S956718444-GF-A38-EAS-T14-S1-LH-C1-I0018-F00.png,ce,single,512,512,PNG,294787,f91e2a6fcc37a7489d086a2bc2b7f50e9663bdca11102b44b051589ef88dd7fa,1,
release/ce/S95924864-GM-A18-EEA-T14-S1-LH-C1-I0017-F00.png,ce,single,512,512,PNG,348618,3d3c5a6d09e85d072cc34bea245659aeaf89057d544252be7badf1d464f2c5ff,1,
release/ce/S95924864-GM-A18-EEA-T14-S1-LH-C1-I0029-F00.png,ce,single,512,512,PNG,380758,556d1e4dd7acc68fdda637079a8c7e1a4086d7c67770d6dcc5be4ed2fe3d9b91,1,
release/ce/S959317588-GM-A42-EAS-T00-S1-LH-C1-I0008-F00.png,ce,single,512,512,PNG,369637,0dea95673516abb2f438b736672d7ae92769b8eabd64231779721adc2810d30c,1,
release/ce/S959317588-GM-A42-EAS-T00-S1-LH-C1-I0054-F00.png,ce,single,512,512,PNG,339612,367e42ab5647e0d0866c6fb96c9eccae1959fffcdd4c54e93f23ee70d9d29e37,1,
release/ce/S966499612-GM-A36-EEA-T14-S1-LH-C1-I0024-F00.png,ce,single,512,512,PNG,344404,081f4f90d0978befe7dcc073896aed719ffd48bdf76c6630589686fe04d20a9d,1,
release/ce/S976538751-GM-A19-EAF-T14-S1-LH-C1-I0042-F00.png,ce,single,512,512,PNG,329090,a339f44aea741724879fd9149f36d4894eac5b0c66a05aee2d65f56f3cda6aea,1,
release/ce/S978873421-GF-A64-EEA-T01-S1-LH-C1-I0000-F00.png,ce,single,512,512,PNG,292277,e4a7e8e25744c9618f744e234e3a9dd7f774aeb951d2da9cffcc5a75a61d9d72,1,
release/ce/S980654402-GF-A53-EEA-T14-S1-LH-C1-I0004-F00.png,ce,single,512,512,PNG,291570,948923d57c4f62b1d5e0f5f03d199689abad8b105530e88366ba6a76f0729fc3,1,
release/ce/S982227952-GM-A31-EEA-T00-S1-LH-C1-I0051-F00.png,ce,single,512,512,PNG,293058,b59fe877f3659cd8bb87cb0adb7e817784672f63b70f051b528eb88fa005239c,1,
release/ce/S987384432-GF-A95-EME-T01-S1-LH-C1-I0003-F00.png,ce,single,512,512,PNG,314107,07ba059abcafab3b57bf71d168d7b218bcd62da3cd9cea5783334449703bd813,1,
release/ceg/S108161842-GM-A52-EEA-T11-S1-LH-C1-I0007-F00.png,ceg,single,512,512,PNG,345325,95a0a3f0ab1cf73649565f71d3f36577261d8511b8d5594d5f40338350ea40d8,1,
release/ceg/S113923411-GF-A35-EEA-T14-S1-LH-C1-I0048-F00.png,ceg,single,512,512,PNG,292285,fcb85315876c96f6a187be934c4daed41ee5b607b30ed38b46edc4964b12a49f,1,
release/ceg/S115293589-GF-A67-EME-T01-S1-LH-C1-I0030-F00.png,ceg,single,512,512,PNG,372579,27751c20f89d96887dac08a723e751fd44541c7e599cbf5fdb54c7d91d1ff11b,1,
release/ceg/S115379105-GF-A98-EEA-T14-S1-LH-C1-I0044-F00.png,ceg,single,512,512,PNG,344562,31dc9bb2adeca88c9b394b3895a71cde117f461124fcffab4f0a373514461a5e,1,
release/ceg/S116651325-GM-A28-EEA-T13-S1-LH-C1-I0056-F00.png,ceg,single,512,512,PNG,352046,ca4c76697573f2715d03472b7ffc5bb5fc48f818185fd663293648e5f3a15ad8,1,
release/ceg/S120660598-GM-A33-EEA-T00-S1-LH-C1-I0034-F00.png,ceg,single,512,512,PNG,344346,849a0109e9582c5a34e682742907a73dad3ca0af80432213c37e16df6cd8ff16,1,
release/ceg/S121566497-GF-A32-EEA-T14-S1-LH-C1-I0036-F00.png,ceg,single,512,512,PNG,393005,f94d83df590b476606e78c163c948fa4ef55b49ec346ea636b85dde6c1687e6d,1,
release/ceg/S121714872-GF-A34-EAF-T03-S1-LH-C1-I0053-F00.png,ceg,single,512,512,PNG,345697,77c4d3166a3f80bf0a5afeff52119ca7b5ed39e7f430eff423bad3ed6882bc1a,1,
release/ceg/S124298498-GM-A91-EEA-T14-S1-LH-C1-I0034-F00.png,ceg,single,512,512,PNG,346646,ec213579e4d4557db2c0d1d638f6b9ed67d389c0a4d3e5a5655f9f7f1383c9be,1,
release/ceg/S130186036-GF-A82-EEA-T01-S1-LH-C1-I0007-F00.png,ceg,single,512,512,PNG,355028,f389386f4cb428212b84e27d1bdaa05d9aec252a81084829cad2a30798863f93,1,
release/ceg/S137547030-GF-A76-EEA-T01-S1-LH-C1-I0045-F00.png,ceg,single,512,512,PNG,357450,6a48f503c6e72aeda24eada539d80d647dab170ebf05146c2b33cee00d95df57,1,
release/ceg/S14964507-GF-A29-EEA-T00-S1-LH-C1-I0028-F00.png,ceg,single,512,512,PNG,355410,7df01f39be9cb150f55b9ca1ecadbeb494865477997e2009ddef1f5ca423c9d7,1,
release/ceg/S14964507-GF-A29-EEA-T00-S1-LH-C1-I0052-F00.png,ceg,single,512,512,PNG,375719,d06362a91fe7beca5132412b2c79d21d86da9bd092cc78b7679d60e6e164ca6b,1,
release/ceg/S150094415-GF-A53-EME-T10-S1-LH-C1-I0055-F00.png,ceg,single,512,512,PNG,347743,f6a1282a8ccc540bc45fff18cfd938c360d6f469225f35b738f18d5983322ed2,1,
release/ceg/S15182111-GM-A44-EAS-T00-S1-LH-C1-I0049-F00.png,ceg,single,512,512,PNG,329062,209bd377a6519d523878b83e57fe62b6c4cbf8635fe3782573cda7470616d14d,1,
release/ceg/S152846480-GF-A30-EEA-T03-S1-LH-C1-I0000-F00.png,ceg,single,512,512,PNG,384412,32a615657f1adfafaec054929b127dde984f13d2caac16dbd936545cce55d58f,1,
release/ceg/S152846480-GF-A30-EEA-T03-S1-LH-C1-I0059-F00.png,ceg,single,512,512,PNG,377475,3a834d2a76804c041de18dcb3631e8c9d02c1cee66d543ce261c8e2e223ee409,1,
release/ceg/S16008476-GF-A92-EEA-T11-S1-LH-C1-I0061-F00.png,ceg,single,512,512,PNG,378456,0570305240e29f840cd0210042d7cce589ff627377c0c8ef3734318bc321ba83,1,
release/ceg/S164577361-GF-A44-EEA-T01-S1-LH-C1-I0030-F00.png,ceg,single,512,512,PNG,395596,e63a9587b76a6ce3134ff7d995a6f21965d18ef345857ac7e5cab9f769136796,1,
release/ceg/S165380664-GM-A31-EIA-T01-S1-LH-C1-I0002-F00.png,ceg,single,512,512,PNG,287086,b6aeb409f96abc966dab97d2571356046d286ebb3dc4ea2eb03dab85248299f8,1,
release/ceg/S16643293-GF-A66-EEA-T15-S1-LH-C1-I0043-F00.png,ceg,single,512,512,PNG,347524,e824d9dccffccb54f1a53bb55adb1253423308037e5d7d4ba43140b397b52e23,1,
release/ceg/S166658587-GM-A81-EEA-T03-S1-LH-C1-I0060-F00.png,ceg,single,512,512,PNG,292440,aa70c2e2551276a69ae2136eb453678a480441ae8f04fed08dc6738162b7cf45,1,
release/ceg/S169208368-GM-A35-EME-T14-S1-LH-C1-I0054-F00.png,ceg,single,512,512,PNG,384407,c1db718707bd857454047d41619af5bbe2919730571b6ef17baabc690c081348,1,
release/ceg/S179182026-GM-A47-EEA-T11-S1-LH-C1-I0029-F00.png,ceg,single,512,512,PNG,365297,6c29e2800192c3c1851b011dc06bf8572f7096c74d393c94bbfba2745ab05545,1,
release/ceg/S179182026-GM-A47-EEA-T11-S1-LH-C1-I0041-F00.png,ceg,single,512,512,PNG,356780,fad0dbe96b18d6349d8a9cd98a3ae1c6dfebfba1ac6930ea2dda2f58b304b3b1,1,
release/ceg/S184299974-GF-A49-EME-T10-S1-LH-C1-I0023-F00.png,ceg,single,512,512,PNG,392014,bfb1b10a9ff0e104f49a9a3fb400e57cd70beb8473298ea52a667dd58b3f6878,1,
release/ceg/S187000211-GF-A54-EEA-T03-S1-LH-C1-I0063-F00.png,ceg,single,512,512,PNG,370856,91d2865121df9071cfafdb4773df04367ecb49af668beabf2bbf5562575346e0,1,
release/ceg/S189019382-GF-A62-EIA-T03-S1-LH-C1-I0040-F00.png,ceg,single,512,512,PNG,359697,cbf2fde18ec5b9998465689775b9397d8ec122df7e044666ed417630e36c4536,1,
release/ceg/S189019382-GF-A62-EIA-T03-S1-LH-C1-I0046-F00.png,ceg,single,512,512,PNG,355161,9d53af9dd641e96e9585c5e3fe497095e1c0d3eb3c18701cd3e4afd4e292e19c,1,
release/ceg/S190036673-GF-A19-EEA-T00-S1-LH-C1-I0057-F00.png,ceg,single,512,512,PNG,380258,ccaefbbbf98510c1d1e8e951d62fe994f8b44861e60fc372a736dd0fd741cac2,1,
release/ceg/S198149424-GF-A51-EEA-T13-S1-LH-C1-I0055-F00.png,ceg,single,512,512,PNG,376204,8210dc8bce0f1cf9758a046fa9a12775cceabeca99571d24a19c88a04b525e79,1,
release/ceg/S205686156-GF-A52-EAS-T01-S1-LH-C1-I0006-F00.png,ceg,single,512,512,PNG,349717,13c0e6151d9daeeb9a3c26750bd11344c8c43364ff0df89f84e366348c32422a,1,
release/ceg/S20939931-GF-A70-EME-T00-S1-LH-C1-I0047-F00.png,ceg,single,512,512,PNG,355048,6e2f1dc772b30be735aec241294dccf873d40b15d3e12a712886da0e7b3b7652,1,
release/ceg/S210555380-GF-A95-EME-T14-S1-LH-C1-I0008-F00.png,ceg,single,512,512,PNG,392564,513c4e6cfc10f55fd8e67bbfe13d7ae363ed9a26a4b8fe3e901848b7f2836c99,1,
release/ceg/S210555380-GF-A95-EME-T14-S1-LH-C1-I0048-F00.png,ceg,single,512,512,PNG,374098,1c970d5710a38061d81fc88645207fd24ebf1184951e7531a1ac9f3810af4947,1,
release/ceg/S21322735-GF-A99-EEA-T03-S1-LH-C1-I0004-F00.png,ceg,single,512,512,PNG,335691,f9103a12523296ee11420b7e06b335ca7267edea6cf8369d9c926b91dc313e75,1,
release/ceg/S219134961-GM-A51-EME-T00-S1-LH-C1-I0016-F00.png,ceg,single,512,512,PNG,328020,2dc6148614d79caf42e148f82449872c24dc5972be0d9246d7992d595cb9d268,1,
release/ceg/S220036139-GF-A33-EME-T14-S1-LH-C1-I0048-F00.png,ceg,single,512,512,PNG,383036,ca66d3a41ab98a6f41ba71eb5ec7dc2e54713dd2f12c413f14281945d33d8ee0,1,
release/ceg/S229472865-GM-A49-EEA-T15-S1-LH-C1-I0053-F00.png,ceg,single,512,512,PNG,309779,365d8fadf64ec8404825ef6b1583d010a4ed3688b05551a6d7f95da7f605b746,1,
release/ceg/S229741512-GM-A18-EEA-T01-S1-LH-C1-I0029-F00.png,ceg,single,512,512,PNG,302665,6b30da0de467233b3a3ff0af42190618905ad90839377bc2fe03dd11bbe00725,1,
release/ceg/S231352223-GF-A49-EEA-T14-S1-LH-C1-I0011-F00.png,ceg,single,512,512,PNG,352249,b9970379dda7505227c32e5902850a8313c4a48f3fe40a17182664dff1225249,1,
release/ceg/S231352223-GF-A49-EEA-T14-S1-LH-C1-I0027-F00.png,ceg,single,512,512,PNG,365710,a5e045d0e80e3558d15fbf6df930c0fe0f001b4b5cfa6e0004f70c6c1a5f4271,1,
release/ceg/S236474674-GF-A94-EEA-T14-S1-LH-C1-I0061-F00.png,ceg,single,512,512,PNG,343356,33bd97c2d656315bd73e8b669117b08b3db620375045cf9108a7eca22f379585,1,
release/ceg/S240935283-GM-A93-EEA-T01-S1-LH-C1-I0022-F00.png,ceg,single,512,512,PNG,401882,7b13162b1bcc09a3f3ef5776eeb0e39f54e3e091f92fe41e90fbfc99f3c5b24c,1,
release/ceg/S247603526-GM-A30-EEA-T13-S1-LH-C1-I0041-F00.png,ceg,single,512,512,PNG,310480,5d207727fdd3541f2630862d004ae3910c55725a97fc8227ed96a39261a4a393,1,
release/ceg/S248968574-GM-A81-EAS-T14-S1-LH-C1-I0022-F00.png,ceg,single,512,512,PNG,328514,ccc340c571b5d7c492438f1e0ce59c85945c66695b9596c1ab154e787f7aeeb5,1,
release/ceg/S259395943-GF-A59-EME-T14-S1-LH-C1-I0009-F00.png,ceg,single,512,512,PNG,327387,8fd3944ec675bf06c73880734171df09cef581ba71416d0f82d1920c5b5d1ebd,1,
release/ceg/S261182015-GM-A24-EEA-T01-S1-LH-C1-I0011-F00.png,ceg,single,512,512,PNG,318246,f57182db01a5b43cc3b11204d33f350815d9b1410f797251ca5d8d41b5afa8a3,1,
release/ceg/S264396021-GM-A30-EAS-T14-S1-LH-C1-I0047-F00.png,ceg,single,512,512,PNG,313922,1c8e23ead1d4e9e6030484aa871ed813059d8519fd5c7c5ff183d4b8971fa3c8,1,
release/ceg/S265934537-GF-A26-EAS-T14-S1-LH-C1-I0063-F00.png,ceg,single,512,512,PNG,312789,b788a341413ec33e8770879fcb2e91946dea7575399a39cd9f4497c73d49c228,1,
release/ceg/S268137029-GF-A39-EME-T01-S1-LH-C1-I0016-F00.png,ceg,single,512,512,PNG,394819,b90d3644d7a8cf5d2fe1d8c3db394b9c88e0190eb03746c096033f0148be4593,1,
release/ceg/S268183923-GN-A24-EAF-T14-S1-LH-C1-I0053-F00.png,ceg,single,512,512,PNG,309599,36f9f6d8d98ab22d769e7d093c34c99c3448febacd100005fa9bc3cbbaffcdb5,1,
release/ceg/S274652534-GF-A22-EEA-T01-S1-LH-C1-I0003-F00.png,ceg,single,512,512,PNG,346701,179a9a6a5f5ef689b77793b7e2c5058a676b88c5ff28dba9ab82d1abec47ed7f,1,
release/ceg/S274869653-GF-A68-EAS-T03-S1-LH-C1-I0003-F00.png,ceg,single,512,512,PNG,360379,7d7463874e13e9e8296602e08a20ac32183558435d96076f9155ff636ee6a118,1,
release/ceg/S287510944-GF-A29-EME-T01-S1-LH-C1-I0059-F00.png,ceg,single,512,512,PNG,349034,56f5aedb9e5f644ea14ed96286909835881215504eff98c880ef0660358ee220,1,
release/ceg/S300524837-GM-A42-EEA-T01-S1-LH-C1-I0008-F00.png,ceg,single,512,512,PNG,375876,6cb0a5df03709084a58e5c4366a0e8252ace08391b39ad12638428badf9c9f62,1,
release/ceg/S303695349-GM-A23-EEA-T03-S1-LH-C1-I0002-F00.png,ceg,single,512,512,PNG,313207,5b24ff4f6ecc9fa664506fbc2020496453c61bf609df861f869a98b98168bcff,1,
release/ceg/S303695349-GM-A23-EEA-T03-S1-LH-C1-I0029-F00.png,ceg,single,512,512,PNG,307091,8c3cb03ac98144d9e9b9d4abd9f86b49363f83f3db36e21a6877d6b339979fd8,1,
release/ceg/S303695349-GM-A23-EEA-T03-S1-LH-C1-I0041-F00.png,ceg,single,512,512,PNG,299871,1ffe689c93379951c96cae88d4f9e7f972b08cc4b39c22fd61148da95608b665,1,
release/ceg/S311145231-GF-A53-EAF-T03-S1-LH-C1-I0062-F00.png,ceg,single,512,512,PNG,407224,4bc6fee51f76bbb5afc2282d5ca74c219495a5f02563c95bc4a8b73233e1e590,1,
release/ceg/S313264566-GM-A81-EAF-T14-S1-LH-C1-I0059-F00.png,ceg,single,512,512,PNG,364139,27b4ad601600b9640cc8d8c494f065977d861c53a83d6a728e50ac40175fe6d1,1,
release/ceg/S316988909-GF-A99-EIA-T10-S1-LH-C1-I0040-F00.png,ceg,single,512,512,PNG,391502,52b9de82d3e5f35421e4336a6cf4d3b3d170d6130f1b8c6c88cbefbdfed1fb59,1,
release/ceg/S319441451-GF-A19-EAS-T01-S1-LH-C1-I0006-F00.png,ceg,single,512,512,PNG,346688,ec30ac267625a8db5737dfcb3cbc95640b2a1ee847c542418d7af4e76880f904,1,
release/ceg/S320892356-GF-A70-EIA-T03-S1-LH-C1-I0021-F00.png,ceg,single,512,512,PNG,378777,067ed503ead8bfd7442733ceb5a222fcdf50af52c61102c7a1e14c3f7c976b36,1,
release/ceg/S32440074-GF-A23-EIA-T15-S1-LH-C1-I0012-F00.png,ceg,single,512,512,PNG,343200,13c9ae3406041cab98b73777ed41bc92e220ada185bfde671cca6153cfc239f6,1,
release/ceg/S325074401-GF-A50-EAS-T03-S1-LH-C1-I0044-F00.png,ceg,single,512,512,PNG,320497,45e4d0eb370f5d1bb06fe061a7ba22e3d999c953a509f4a4a5880726d156ce90,1,
release/ceg/S334613033-GM-A58-EAF-T14-S1-LH-C1-I0047-F00.png,ceg,single,512,512,PNG,429084,679a7c56f0674dca21165298dd3f9a8fe1d59d74c4641b71e273512b5bd942cf,1,
release/ceg/S334697091-GM-A32-EAS-T14-S1-LH-C1-I0031-F00.png,ceg,single,512,512,PNG,261423,076ae1a9ad24f53e82ca6f6d9846b1b8a8a2d39422087489fb029d249b700ad4,1,
release/ceg/S335757255-GF-A30-EME-T14-S1-LH-C1-I0002-F00.png,ceg,single,512,512,PNG,370383,1d79e132714f9333716690f9af94c0338b9a006ae0ab9f2b01553db92acaa106,1,
release/ceg/S336053665-GF-A75-EME-T13-S1-LH-C1-I0037-F00.png,ceg,single,512,512,PNG,321937,87a7c6709f53a8a2c0a38b3c2744081942187b6b7390c33eb9e82b18f3db7871,1,
release/ceg/S340675536-GF-A37-EEA-T14-S1-LH-C1-I0052-F00.png,ceg,single,512,512,PNG,294220,b0feb8d7c409b452bdfa2dc2d7742cd5e9d198ade19db7482890e00e66504a0d,1,
release/ceg/S343899513-GM-A51-EME-T01-S1-LH-C1-I0048-F00.png,ceg,single,512,512,PNG,397029,a0886bc6423f8198720f45763f3184bfa7d384ddcb5db37012e6989bca7b0ca9,1,
release/ceg/S345601750-GF-A64-EEA-T03-S1-LH-C1-I0032-F00.png,ceg,single,512,512,PNG,391680,b3b7bbfa3f3e112e5799ae96e62d7366d7411db0d2dda92cd3015753aac2aef8,1,
release/ceg/S345601750-GF-A64-EEA-T03-S1-LH-C1-I0055-F00.png,ceg,single,512,512,PNG,375653,3e4efb7d295e451bdd3b73e6dc4c12d747118a1ada5c3efd9c81bdfc735d1a68,1,
release/ceg/S358652822-GF-A41-EEA-T01-S1-LH-C1-I0006-F00.png,ceg,single,512,512,PNG,365003,ca68a1e30b49368ca2285d5e445d36ecf75aadb3cb7b667e9e99780256d44ad8,1,
release/ceg/S371797493-GM-A29-EEA-T14-S1-LH-C1-I0043-F00.png,ceg,single,512,512,PNG,352964,089e2335747834a452a3c6f630cbc41b8ad18a15f73cbe4a42884c90e03011b9,1,
release/ceg/S373793896-GM-A22-EEA-T14-S1-LH-C1-I0035-F00.png,ceg,single,512,512,PNG,344718,41669f9389e627be6ef77ecbc6d9cbe65e27ad507fd8df6b64fe33f6045eb6ff,1,
release/ceg/S37396139-GF-A51-EEA-T14-S1-LH-C1-I0048-F00.png,ceg,single,512,512,PNG,385439,ca3c807b2d034197ef8467e8930bb51551cafadca7cf036a76dba5c32d7760a2,1,
release/ceg/S375545605-GM-A47-EEA-T00-S1-LH-C1-I0004-F00.png,ceg,single,512,512,PNG,364288,324149e39a9cdbbc851ff11f01eb0708eb09ea6fa7958f33461e30a85abd2554,1,
release/ceg/S375545605-GM-A47-EEA-T00-S1-LH-C1-I0022-F00.png,ceg,single,512,512,PNG,354417,3be69f18ac4beda24ace5f0a0bad06d33fefa5204d177da54c1bb930ef75713c,1,
release/ceg/S375545605-GM-A47-EEA-T00-S1-LH-C1-I0027-F00.png,ceg,single,512,512,PNG,364995,c45ebeec4aa55e040de0bf54c6f6b07089c4cca72c23c277372ed68babc4240f,1,
release/ceg/S377896724-GF-A29-EEA-T10-S1-LH-C1-I0028-F00.png,ceg,single,512,512,PNG,275786,74ed14adf50bf43b5d2ea3bc117b3871aa5647bf8ecbd6836d7f16d1a738b151,1,
release/ceg/S380795387-GF-A58-EEA-T14-S1-LH-C1-I0035-F00.png,ceg,single,512,512,PNG,336985,28b9a6a53906247c104758bab7c0b6fa94923a1707078b8c78f069afef39454a,1,
release/ceg/S382037204-GF-A89-EEA-T03-S1-LH-C1-I0006-F00.png,ceg,single,512,512,PNG,351200,76a13ed80448b5c7011d1357fe9f8222e8c1ac170bf83b1cd2d2e1ec7abb1c56,1,
release/ceg/S384793007-GF-A62-EEA-T01-S1-LH-C1-I0006-F00.png,ceg,single,512,512,PNG,273453,2397b27a7506a66122552d1a952b3e0d56fc970999e2b01dd8071ff3777f51ad,1,
release/ceg/S388546914-GF-A50-EEA-T14-S1-LH-C1-I0025-F00.png,ceg,single,512,512,PNG,349046,0ca46304c1ea1df2381a4c1f4786e45104d3134043c2e34cd3359abfbdfcf0ec,1,
release/ceg/S39379132-GF-A54-EEA-T15-S1-LH-C1-I0056-F00.png,ceg,single,512,512,PNG,364012,3919c42dad16850ec6890d31ad27250e49f3fa382cdf867fbbf14e67c2d848cb,1,
release/ceg/S394313530-GF-A45-EEA-T03-S1-LH-C1-I0050-F00.png,ceg,single,512,512,PNG,380646,a135ac868497b222f694f20f39f36b3c00c449d643f34e52a7dd30cc755e8424,1,
release/ceg/S395744997-GF-A18-EEA-T01-S1-LH-C1-I0002-F00.png,ceg,single,512,512,PNG,385005,b09ce3cae58947e8429b463794a538ba990046c08f5c87a663728d865e644e1d,1,
release/ceg/S39590804-GM-A53-EEA-T03-S1-LH-C1-I0045-F00.png,ceg,single,512,512,PNG,371956,41236c4434588cd0775b823e83064fa6c21f993d8038eaff0a8ba10d86a48e88,1,
release/ceg/S397228464-GF-A72-EEA-T03-S1-LH-C1-I0009-F00.png,ceg,single,512,512,PNG,352942,40d86ddb8f8b364d891d02db559fab2ea61e8696370b0c61e23613f5730634d4,1,
release/ceg/S402397961-GF-A82-EEA-T00-S1-LH-C1-I0029-F00.png,ceg,single,512,512,PNG,349899,3909ea1f23fad8837b69f91c71b1152170758ac59ce86297b88ae3beb3fa7eaa,1,
release/ceg/S402992794-GF-A60-EEA-T14-S1-LH-C1-I0010-F00.png,ceg,single,512,512,PNG,346934,cbc97d2e1e1844eff9fab7e490e861a7cc7127d6e3b318543dc09e7e419ab691,1,
release/ceg/S409626024-GM-A29-EEA-T11-S1-LH-C1-I0000-F00.png,ceg,single,512,512,PNG,219370,d8ab7a2bf24043aa326bf75455ca67f11b6ea4ccbe7f81d1b2949f8183b35091,1,
release/ceg/S411588159-GF-A21-EEA-T03-S1-LH-C1-I0033-F00.png,ceg,single,512,512,PNG,341369,e7a38b5de6525823ff6474abd860eaabf07599e7d81f2cf839b99d7ea7f43722,1,
release/ceg/S415761895-GF-A62-EAS-T03-S1-LH-C1-I0005-F00.png,ceg,single,512,512,PNG,330898,acacc66b8d598821cbd209aad1a4a2170811b895b816f654c79cc894ea57a806,1,
release/ceg/S422234801-GM-A19-EAS-T14-S1-LH-C1-I0050-F00.png,ceg,single,512,512,PNG,360049,960874355e4b4eab0cb08719a479b13c601f1d066f90bcb395aeaacfcfbccf3d,1,
release/ceg/S43189665-GF-A47-EME-T13-S1-LH-C1-I0035-F00.png,ceg,single,512,512,PNG,360019,29300acec5350991a1fb02b63bee4af82f1c33fb418a70c547e85409dde82333,1,
release/ceg/S43416355-GF-A63-EAS-T03-S1-LH-C1-I0018-F00.png,ceg,single,512,512,PNG,305039,1c2e210339902311e4d96e41b9cbd14e84768b0c506777e77485ff93228a6db2,1,
release/ceg/S44577521-GM-A92-EME-T14-S1-LH-C1-I0012-F00.png,ceg,single,512,512,PNG,316491,e92faace14572a748fc44a215622df32f670a9c4d4b43b017e2d7c9cc5331bb3,1,
release/ceg/S44577521-GM-A92-EME-T14-S1-LH-C1-I0041-F00.png,ceg,single,512,512,PNG,335171,dac7bc9f590007b3393af0d3e27d7b8814a18cb927c1b0ee066a0a0c253bb359,1,
release/ceg/S457681878-GF-A95-EEA-T14-S1-LH-C1-I0017-F00.png,ceg,single,512,512,PNG,358703,1a3564ba9c61f4bf56e405e3f5b7896042b400d0b41fa160008ab0414f400fda,1,
release/ceg/S475499547-GM-A26-EME-T01-S1-LH-C1-I0029-F00.png,ceg,single,512,512,PNG,388084,d2b5dfc986d7c1fba0eb0e00c589a4b731462092461943a1b7d1445c92f1c93b,1,
release/ceg/S477281279-GF-A30-EME-T14-S1-LH-C1-I0058-F00.png,ceg,single,512,512,PNG,383160,fd4ac3e239ec8fe0d30e35af2e144b0ca65057d15362d8e739d2148c115cea97,1,
release/ceg/S480910045-GF-A90-EME-T11-S1-LH-C1-I0003-F00.png,ceg,single,512,512,PNG,349601,5565a3da26c7b7a9611899a0206dff72428a3e67d8b446b9b1b200071ad6fae5,1,
release/ceg/S482766020-GF-A40-EAS-T15-S1-LH-C1-I0060-F00.png,ceg,single,512,512,PNG,337071,f81ca94ead7fb854549f6dc5484138a9afd82cf1923745491c502bcc7ee22b4d,1,
release/ceg/S493184426-GF-A19-EAF-T00-S1-LH-C1-I0000-F00.png,ceg,single,512,512,PNG,340076,8f4f9c916b458b85ff0c45b55d2227b35e72d8d76482cb632635ecaef502088f,1,
release/ceg/S50180802-GM-A26-EEA-T00-S1-LH-C1-I0055-F00.png,ceg,single,512,512,PNG,335806,9481af210d7d0f84d74332746ba49b2fbcf1bb210c966e688fde4957fee13f10,1,
release/ceg/S504201509-GF-A50-EME-T14-S1-LH-C1-I0001-F00.png,ceg,single,512,512,PNG,369839,51b33fcefa9b6f427db8f2e1c702836478cb3f2fd33ce2957eb0f135dcc560f4,1,
release/ceg/S508947155-GF-A84-EAF-T01-S1-LH-C1-I0013-F00.png,ceg,single,512,512,PNG,323560,be64fc8f9adab861a773ea4c3f4c3f72778cdd03fa16de9bf04784b61c546e23,1,
release/ceg/S508947155-GF-A84-EAF-T01-S1-LH-C1-I0030-F00.png,ceg,single,512,512,PNG,326392,fa4378c61489e79a3722306fc33e346912441ce9ff8daab975930810238c964a,1,
release/ceg/S508947155-GF-A84-EAF-T01-S1-LH-C1-I0033-F00.png,ceg,single,512,512,PNG,357814,19fa97cc5f48926990271b55b96a6e2ae2f94d4a4356918020c4e04e0bd8bdbb,1,
release/ceg/S514677740-GM-A43-EME-T03-S1-LH-C1-I0021-F00.png,ceg,single,512,512,PNG,378621,89ffa3a4bb1d176db81850aa018fb416cd319eb04055c927a7b72bde0486da2c,1,
release/ceg/S51891071-GM-A63-EEA-T03-S1-LH-C1-I0028-F00.png,ceg,single,512,512,PNG,393543,4d870924d7b82c6d38442c8104aecef16b0a7b650d69852039551422080cdd4b,1,
release/ceg/S519335789-GF-A87-EAF-T14-S1-LH-C1-I0012-F00.png,ceg,single,512,512,PNG,356249,e924572e77937e7b0fd90a99dfb64bf7d900e8ff669db14809607fdb619279b9,1,
release/ceg/S520464077-GF-A50-EEA-T00-S1-LH-C1-I0049-F00.png,ceg,single,512,512,PNG,367622,056c6514a01c7606869e431d07a008783ccb73b6b8209a17b507d1c401e229ae,1,
release/ceg/S520464077-GF-A50-EEA-T00-S1-LH-C1-I0055-F00.png,ceg,single,512,512,PNG,351372,bf7622b391382661aaebab7b2189d264e02be528c124deec849ffb3f74a967ab,1,
release/ceg/S526642813-GF-A73-EAF-T03-S1-LH-C1-I0033-F00.png,ceg,single,512,512,PNG,303531,024183ec83c788b9983612249fbb4f71788637b11cd2f314777d2de157533968,1,
release/ceg/S526642813-GF-A73-EAF-T03-S1-LH-C1-I0036-F00.png,ceg,single,512,512,PNG,307351,28732d879438b65cf415db1a6ad4ece8f7b666e1e83d9529677205312f381de6,1,
release/ceg/S535874367-GF-A18-EEA-T14-S1-LH-C1-I0059-F00.png,ceg,single,512,512,PNG,353726,fa0fadd3b20134be0b1b3be3327859ef97f67bc05bff22cdc936049c618e6db9,1,
release/ceg/S536119263-GM-A46-EEA-T11-S1-LH-C1-I0063-F00.png,ceg,single,512,512,PNG,309941,f535f88acd88b4e2ba96401b30ee45dfea6cdec4847e10fc1d44aa19a388c94a,1,
release/ceg/S537195914-GF-A56-EME-T03-S1-LH-C1-I0040-F00.png,ceg,single,512,512,PNG,383611,67e2a3bdfff3e8c2f89b1fd6999900b51063ac36037e66f2d6e873c8328a50a3,1,
release/ceg/S554872844-GF-A81-EIA-T00-S1-LH-C1-I0062-F00.png,ceg,single,512,512,PNG,246993,887490d9ff5e309f4ce97aafc66eb4d273d66253f70f85465191523258e546fe,1,
release/ceg/S557350179-GF-A53-EAS-T03-S1-LH-C1-I0005-F00.png,ceg,single,512,512,PNG,386259,597ecf920b76d39efa45bff8c2d665de05f1770b531682acbb4e0168cffc5643,1,
release/ceg/S561424111-GM-A25-EME-T14-S1-LH-C1-I0010-F00.png,ceg,single,512,512,PNG,317641,bc2226cc1bad330d64fcace8066d6b44bc312fc7bdc188c52dcdcc467b74f6c1,1,
release/ceg/S562599431-GM-A42-EEA-T00-S1-LH-C1-I0036-F00.png,ceg,single,512,512,PNG,299040,801795d544bdf2e2f4dd845e22562cee4a938c35b4aec8f097c1102c4249dbc5,1,
release/ceg/S564127454-GF-A22-EAS-T03-S1-LH-C1-I0009-F00.png,ceg,single,512,512,PNG,381514,2917d809f3b09a803d26a286166962a0c7d96f2bd048ea0245283eb27309e008,1,
release/ceg/S567149942-GF-A85-EEA-T00-S1-LH-C1-I0039-F00.png,ceg,single,512,512,PNG,308700,d4ddaf58dfa1a99be34955a774458f15d5a467857ad59393a5a1b54cfbc0a22f,1,
release/ceg/S567149942-GF-A85-EEA-T00-S1-LH-C1-I0061-F00.png,ceg,single,512,512,PNG,299118,f21988b8618c2199245f6011d8930c9b9c535fea139b769a57f752291189e6dd,1,
release/ceg/S571336030-GM-A48-EIA-T01-S1-LH-C1-I0034-F00.png,ceg,single,512,512,PNG,291468,c3a137e9e8fb768f83890766971aac4db445f6748c7dad3c0f4d774c3d472bad,1,
release/ceg/S574280680-GF-A53-EME-T03-S1-LH-C1-I0005-F00.png,ceg,single,512,512,PNG,394549,cd928678ce494b407df41268c0ce9863dd8b8f797b682e8d075c3a15678295c2,1,
release/ceg/S577181289-GF-A97-EME-T00-S1-LH-C1-I0056-F00.png,ceg,single,512,512,PNG,373647,8baeb7da6db6f97a8bb319ed3f9890af6744dfce02a56938ba90bc1f27055ae9,1,
release/ceg/S578152615-GM-A42-EEA-T03-S1-LH-C1-I0011-F00.png,ceg,single,512,512,PNG,354137,483ddeb81b2ce78c00b2392e687218d6e3ac4b99e4e0a2cb7e9030612e4dc36f,1,
release/ceg/S590103000-GF-A47-EEA-T01-S1-LH-C1-I0045-F00.png,ceg,single,512,512,PNG,394479,6bf3d5207d500aa7a773f7199735e1d18157357721b0c362a24d17b47cd2291b,1,
release/ceg/S590103000-GF-A47-EEA-T01-S1-LH-C1-I0047-F00.png,ceg,single,512,512,PNG,352541,e139944bcba1974dc08e68003ec378ea191737a9dfb678640981c0a9d2b22728,1,
release/ceg/S590103000-GF-A47-EEA-T01-S1-LH-C1-I0056-F00.png,ceg,single,512,512,PNG,402549,75a8bbcc12cca0fadc37a31f0dfffd94165cf0aaffd602351f34987a804b1437,1,
release/ceg/S590103000-GF-A47-EEA-T01-S1-LH-C1-I0063-F00.png,ceg,single,512,512,PNG,391022,aef7e616aa69c5c074e13d331a3fe742e74f410a88f31fc333c29e39aadc9183,1,
release/ceg/S592147976-GF-A52-EEA-T00-S1-LH-C1-I0049-F00.png,ceg,single,512,512,PNG,326386,6a64b6f07c3ae1e1be9ea07b3b230f4c4b65fd9d24dea851ebf6be86edd25a16,1,
release/ceg/S616053079-GF-A33-EEA-T00-S1-LH-C1-I0038-F00.png,ceg,single,512,512,PNG,398358,b5754369f94fc07cc25927fb2e673964227761171ac706ee554eef11dac8847a,1,
release/ceg/S616105557-GF-A58-EEA-T11-S1-LH-C1-I0042-F00.png,ceg,single,512,512,PNG,275665,a9199fbd8a9d58e9242f8453f87c89c5ad6907cafc906bb4102186d102e19d21,1,
release/ceg/S618974755-GM-A24-EEA-T00-S1-LH-C1-I0045-F00.png,ceg,single,512,512,PNG,342623,a5c2ff06421c94b8c6e907dceb98892c89b22e41bfe2905ba9c59eef52cf9a91,1,
release/ceg/S621920790-GF-A25-EEA-T13-S1-LH-C1-I0005-F00.png,ceg,single,512,512,PNG,378796,53a9b95d6c2f8601ef5e8fe1704b4e69295f766381f822d21ff9661300b4ddd1,1,
release/ceg/S62389544-GF-A82-EEA-T14-S1-LH-C1-I0050-F00.png,ceg,single,512,512,PNG,273600,73434feb35790b183d4f0a13fbaebe5c0fbf770bb54e497cbfe7013217c6fd73,1,
release/ceg/S6470524-GF-A29-EAS-T14-S1-LH-C1-I0059-F00.png,ceg,single,512,512,PNG,325478,5e6bf24b05bb089bc8c296a30e2af9f177a4539b6a458974bf0980b23e61422d,1,
release/ceg/S653507002-GM-A51-EME-T03-S1-LH-C1-I0023-F00.png,ceg,single,512,512,PNG,410791,23ef13cc33e97e9c22f7e1d9bac74ad5c35d2bb03e7473438124d31ac2d22df1,1,
release/ceg/S664246838-GF-A21-EEA-T11-S1-LH-C1-I0019-F00.png,ceg,single,512,512,PNG,385696,b05f276f1b97a54e08cdeff0f5246e79d3f162a4319a1926be6104063f395482,1,
release/ceg/S664545006-GF-A28-EIA-T14-S1-LH-C1-I0033-F00.png,ceg,single,512,512,PNG,338077,69a1cb07fef6211caa56e3c44e03eac309113b5b365b591f6f6dcd70bb25c67a,1,
release/ceg/S669973447-GM-A20-EEA-T00-S1-LH-C1-I0000-F00.png,ceg,single,512,512,PNG,350311,47ee9717111efb0a34778490615c287de2f7948411033538ca19dbdd70fb5a8e,1,
release/ceg/S669973447-GM-A20-EEA-T00-S1-LH-C1-I0016-F00.png,ceg,single,512,512,PNG,329605,c364651ca06f0fe9a04d8981b3a10047a49706a4e48beb100e468e0892a1da35,1,
release/ceg/S670711149-GF-A47-EEA-T00-S1-LH-C1-I0025-F00.png,ceg,single,512,512,PNG,295807,0316e7da022a544c9e9bd7a677483de21003faa1a79cc7b35ea65f38f213a734,1,
release/ceg/S673442144-GF-A53-EEA-T01-S1-LH-C1-I0002-F00.png,ceg,single,512,512,PNG,355137,e86d91144834fe0090b2f69091614c157f0f183a452f3aee2187413f34ec2761,1,
release/ceg/S673442144-GF-A53-EEA-T01-S1-LH-C1-I0003-F00.png,ceg,single,512,512,PNG,344484,543284ee6cfdd6773f663e9165c805a07bc11eff2f233c6946900212940584f3,1,
release/ceg/S673442144-GF-A53-EEA-T01-S1-LH-C1-I0013-F00.png,ceg,single,512,512,PNG,332349,62a565cd72a5781ec33f51fc44edfaefe5e2f9c95375edd97fe01d2ddd82a8e2,1,
release/ceg/S673442144-GF-A53-EEA-T01-S1-LH-C1-I0023-F00.png,ceg,single,512,512,PNG,342432,dacd043b4928923ccc2be84b82ee00074dc585aec170fb7d50fb2b299661cc8c,1,
release/ceg/S673442144-GF-A53-EEA-T01-S1-LH-C1-I0028-F00.png,ceg,single,512,512,PNG,335470,7db08a8d77a9d7d76a3d8caedff9265b630640549b763f10e02a892370205767,1,
release/ceg/S673442144-GF-A53-EEA-T01-S1-LH-C1-I0035-F00.png,ceg,single,512,512,PNG,372178,2a9e8fe16c7611a5351f049a257191352fcfbc022aaebce71f73020694efee5c,1,
release/ceg/S673442144-GF-A53-EEA-T01-S1-LH-C1-I0044-F00.png,ceg,single,512,512,PNG,337898,bb830ff78fe9a2ebebf1f190a2c7b28dc94575957c662a540842a8b1da4fba9c,1,
release/ceg/S673442144-GF-A53-EEA-T01-S1-LH-C1-I0049-F00.png,ceg,single,512,512,PNG,360925,d728e904769177379df7c720281af6d86e1ee91ad4a2aac6cebb4d7940c52e6e,1,
release/ceg/S673442144-GF-A53-EEA-T01-S1-LH-C1-I0056-F00.png,ceg,single,512,512,PNG,320718,d150b151827ed6aaec18557510a21574cee3ce62fd38f0c2f81445fb8d0948d3,1,
release/ceg/S677155548-GF-A53-EME-T01-S1-LH-C1-I0011-F00.png,ceg,single,512,512,PNG,378604,18055bff072c719323584927b2687b835c3a7c8c90c50d4f4a735fa92a5d1d72,1,
release/ceg/S682364157-GF-A18-EIA-T03-S1-LH-C1-I0012-F00.png,ceg,single,512,512,PNG,390256,5f56d78d71e4bc8437c6248f6f7f7d4d488e14733124508d42e7c61f9e84138f,1,
release/ceg/S691494836-GM-A85-EIA-T11-S1-LH-C1-I0037-F00.png,ceg,single,512,512,PNG,327890,fdd8b4bc998194402640c9d27ef2eaff55c68cd35e44e56d636fcda94a91f8da,1,
release/ceg/S700139260-GF-A56-EEA-T15-S1-LH-C1-I0053-F00.png,ceg,single,512,512,PNG,381047,90308af400cadcc1cc734cd01c0593c9c842c99ad3e4f756d26e01f7afc68c63,1,
release/ceg/S710623010-GF-A75-EME-T01-S1-LH-C1-I0051-F00.png,ceg,single,512,512,PNG,337209,997d8040f4886d1568913eeba13bc5bc0edbf8cecde187733c1179a233c53ee5,1,
release/ceg/S721709390-GF-A24-EME-T00-S1-LH-C1-I0000-F00.png,ceg,single,512,512,PNG,274094,babd13b846a2df49a15e273f2d8ac820e031615661b405bb59361c8d49455c1d,1,
release/ceg/S723966293-GM-A27-EEA-T03-S1-LH-C1-I0044-F00.png,ceg,single,512,512,PNG,329551,0ca56cd9e71acec8fd6d770ba0f312223576afec22668ddb0a076e15e6290de9,1,
release/ceg/S726037773-GF-A57-EEA-T15-S1-LH-C1-I0030-F00.png,ceg,single,512,512,PNG,357571,9bb71c2301025586b86647a73fe4d220358f3000e2dc262147f1c3b643ce409b,1,
release/ceg/S726037773-GF-A57-EEA-T15-S1-LH-C1-I0031-F00.png,ceg,single,512,512,PNG,357323,3f3b346bff7876a5ec83b74ea0972cfc3b2bb45c2831b1b3f83ea986a2fe51f4,1,
release/ceg/S727226600-GM-A33-EAS-T03-S1-LH-C1-I0035-F00.png,ceg,single,512,512,PNG,347424,cb59761685d53b11d8ff7d608002a893fdf212086bf78b55c33bdc61a27de6db,1,
release/ceg/S727226600-GM-A33-EAS-T03-S1-LH-C1-I0053-F00.png,ceg,single,512,512,PNG,325721,aaf8716f47d44d655b5e6f173574973ebfb2b4f267c953df2110073091e4503c,1,
release/ceg/S735235858-GF-A76-EEA-T03-S1-LH-C1-I0045-F00.png,ceg,single,512,512,PNG,305746,3e85f7ee0a779505493294b71a59b27853bdf4432931d6cf129b5b34070fe8c0,1,
release/ceg/S741955884-GF-A71-EEA-T14-S1-LH-C1-I0057-F00.png,ceg,single,512,512,PNG,364819,022fa29037dc50e8412b75a38e83f75733bbe59ec54df0e940586de018590c63,1,
release/ceg/S752785476-GF-A66-EEA-T00-S1-LH-C1-I0010-F00.png,ceg,single,512,512,PNG,370617,b840842c7323c618799540dc68a8f63494c07694059d871dc7d5bdbd5ac19dcd,1,
release/ceg/S755595872-GF-A36-EME-T03-S1-LH-C1-I0000-F00.png,ceg,single,512,512,PNG,357164,0df81d43c18908baf77e1003218d4f4046160dfe979f9a2506a06eceead052e2,1,
release/ceg/S760022445-GF-A45-EEA-T03-S1-LH-C1-I0032-F00.png,ceg,single,512,512,PNG,371849,18a985391fb0d9cfe6c35c7ac8fde806e683ba9a3f9db3a546a5484657183ee5,1,
release/ceg/S766916408-GM-A23-EME-T14-S1-LH-C1-I0040-F00.png,ceg,single,512,512,PNG,332753,db3863b92431d2dcd8dd7ba7de169df5c31590042a72b4e06d0293d752dab0ea,1,
release/ceg/S778523462-GF-A44-EIA-T14-S1-LH-C1-I0042-F00.png,ceg,single,512,512,PNG,377788,ac72ba7df626457c9917c2f2ecc0cb38773bd25e6abf9357d7aac7bcbd070fea,1,
release/ceg/S780045574-GF-A98-EAF-T14-S1-LH-C1-I0030-F00.png,ceg,single,512,512,PNG,302696,705f2fb934334a34cd1de1c83a32b592e57e5ca711820a392b3da6806f231001,1,
release/ceg/S780124184-GF-A64-EME-T01-S1-LH-C1-I0042-F00.png,ceg,single,512,512,PNG,337807,39c96386fe3fe04503667328db4ca9e9e7ffc8b23bb5ff0ec0e037eba07f2fe4,1,
release/ceg/S786321386-GM-A32-EME-T00-S1-LH-C1-I0051-F00.png,ceg,single,512,512,PNG,354212,f0c820a556588640ced11513d3baea02ab106fda6221078e502ed2abdb8c70c1,1,
release/ceg/S788462400-GM-A77-EEA-T14-S1-LH-C1-I0022-F00.png,ceg,single,512,512,PNG,354107,d7ab05766d58a0c799fea371a088080a106edd29e3e00728c671cc5f1deaf4b5,1,
release/ceg/S79333356-GF-A59-EEA-T03-S1-LH-C1-I0057-F00.png,ceg,single,512,512,PNG,359224,5c727fcc3578ff2b0200aedd76d54d58fa54518c196e22584f867543396fcd2c,1,
release/ceg/S795622045-GM-A49-EEA-T03-S1-LH-C1-I0033-F00.png,ceg,single,512,512,PNG,306282,044abe39a3242009220992854e25b9c0872654818ab52637ad522b560bc429ac,1,
release/ceg/S798606872-GF-A37-EME-T15-S1-LH-C1-I0028-F00.png,ceg,single,512,512,PNG,372272,314f696e55f5a92ac09ae0e18f639de24a5f445e5352641b2b02fd84e6d0e0e9,1,
release/ceg/S804626448-GF-A39-EME-T01-S1-LH-C1-I0049-F00.png,ceg,single,512,512,PNG,375774,ec5c8d19b58697396a40e8aa7681996199ac32a4b62b6f68b62ddf1b8f0f411d,1,
release/ceg/S806692215-GM-A67-EEA-T01-S1-LH-C1-I0022-F00.png,ceg,single,512,512,PNG,251759,c07a70a93c37f0e178d3970d1a0bd94bedcecf2699f240e0087c3a682ebb4d00,1,
release/ceg/S806692215-GM-A67-EEA-T01-S1-LH-C1-I0043-F00.png,ceg,single,512,512,PNG,318309,1c7babf532b05d97fa9981a23acff1818e05c3c5be00b837fa398cfc824d7cfc,1,
release/ceg/S808755818-GM-A40-EEA-T00-S1-LH-C1-I0059-F00.png,ceg,single,512,512,PNG,274751,f6445247095f6d7c1534d5d9a345cba671448288ed78f7a53ec038b2ae5618fd,1,
release/ceg/S825431925-GF-A77-EAF-T00-S1-LH-C1-I0000-F00.png,ceg,single,512,512,PNG,283464,0c7ef3cdfd3a91b1ee270b0ecbe5a6e8e8aab25bdcde5cc781e5c5ddaac78dab,1,
release/ceg/S825833733-GF-A82-EEA-T14-S1-LH-C1-I0004-F00.png,ceg,single,512,512,PNG,353155,2ab7245120c94403ecdcccf6233ced7ed44c2439b9d02343f707a01bb29cf740,1,
release/ceg/S825833733-GF-A82-EEA-T14-S1-LH-C1-I0012-F00.png,ceg,single,512,512,PNG,320372,25269ff772bd9cb0b28dec3f6aa296a7c309ac24b21b31812e26627eb37eeb15,1,
release/ceg/S825833733-GF-A82-EEA-T14-S1-LH-C1-I0022-F00.png,ceg,single,512,512,PNG,381769,613a692f3921977ace0f0a3a43143f8cae8b1b870a9b4a97fa4e67c0844430dd,1,
release/ceg/S825833733-GF-A82-EEA-T14-S1-LH-C1-I0028-F00.png,ceg,single,512,512,PNG,331640,4cecbf3b0c03ddace50f0f9d68f0de196b39814745385de3d7b575862c9476c3,1,
release/ceg/S835364261-GM-A45-EAS-T03-S1-LH-C1-I0032-F00.png,ceg,single,512,512,PNG,290146,b2b92338a17263c1cd867e6a7e07a94a7258c39cd54b1d74c4b5b6c06e070460,1,
release/ceg/S838732855-GF-A26-EEA-T03-S1-LH-C1-I0010-F00.png,ceg,single,512,512,PNG,355886,2724510a34131ceb78db852b8bfd4993dc5754c3e8c22edbcf5b7d0ec41f224c,1,
release/ceg/S844573168-GM-A70-EEA-T00-S1-LH-C1-I0061-F00.png,ceg,single,512,512,PNG,298647,cb37a6d49eb3cc08aec28d8a59faa5dfa35c922a9e5b296d9486e24750e22256,1,
release/ceg/S851010322-GM-A30-EEA-T03-S1-LH-C1-I0061-F00.png,ceg,single,512,512,PNG,341580,461d92214ff5c99433fecd39e968f1c4fd387a6a270a952230cb20ba2921a2b4,1,
release/ceg/S85153826-GM-A28-EEA-T03-S1-LH-C1-I0011-F00.png,ceg,single,512,512,PNG,319864,c0b229eeb8c6a8f3d64c6cc0e63423796cdbddbb27d4d26fb18bc91d3ab847aa,1,
release/ceg/S861590567-GF-A45-EIA-T03-S1-LH-C1-I0062-F00.png,ceg,single,512,512,PNG,373038,ac750a98bba3315d03774ab5e6af1f64c4fd0c7b586e37df1ff3a5175dd53e93,1,
release/ceg/S86418004-GF-A49-EEA-T10-S1-LH-C1-I0000-F00.png,ceg,single,512,512,PNG,340662,a6539689a7051597bd7e43d3ed7fc1d20ef6ecc85eb117df52ce30635653d063,1,
release/ceg/S871196184-GF-A27-EAF-T14-S1-LH-C1-I0028-F00.png,ceg,single,512,512,PNG,297848,c31a1a52905d3c2ebb36081e73ca53b39440f8ce2a2f8608dee0fdd0934148aa,1,
release/ceg/S872849899-GF-A30-EEA-T03-S1-LH-C1-I0004-F00.png,ceg,single,512,512,PNG,369385,8f30e5bd38e82053f12737d24b6f2d4750f2607828af225042af542220b84bc6,1,
release/ceg/S881124278-GF-A51-EAS-T14-S1-LH-C1-I0059-F00.png,ceg,single,512,512,PNG,333396,34dca220bbc774b9f68a1e1b69348479c7c1bbac71af405e7f38388711b046e0,1,
release/ceg/S882917275-GF-A60-EME-T01-S1-LH-C1-I0038-F00.png,ceg,single,512,512,PNG,357465,c8519f0d8da187799de48aeb6dc0b31b72c60de7f7cf2009a40f582b32318782,1,
release/ceg/S883374229-GF-A54-EEA-T14-S1-LH-C1-I0006-F00.png,ceg,single,512,512,PNG,348774,1e4495a0bf9f993da05bbf1c49a43e6af174c9c4385644f5fcb9a1ce8e4483c8,1,
release/ceg/S883374229-GF-A54-EEA-T14-S1-LH-C1-I0021-F00.png,ceg,single,512,512,PNG,319685,89205ccd6c3814cad30eddb92e784d4188845d41bad64c0730e9579b66e719a2,1,
release/ceg/S883374229-GF-A54-EEA-T14-S1-LH-C1-I0038-F00.png,ceg,single,512,512,PNG,331520,a11e05cfbdb1d124bfb35d8feed3e185bd6ccc2bc5aef3dad52c35682164f73f,1,
release/ceg/S883374229-GF-A54-EEA-T14-S1-LH-C1-I0039-F00.png,ceg,single,512,512,PNG,336433,7bebc64947d0aaf895b6565ef6c1e8083f0fe705db4378a583fa527c1015de88,1,
release/ceg/S883374229-GF-A54-EEA-T14-S1-LH-C1-I0040-F00.png,ceg,single,512,512,PNG,336620,1dd724009864d5ab6536a67e2aa0867fcd191a2b1f1a0a7730c6bc0a74734ff0,1,
release/ceg/S883374229-GF-A54-EEA-T14-S1-LH-C1-I0041-F00.png,ceg,single,512,512,PNG,336455,07931134fb1866b5b492b4a2c2afe92f24e057d3b2b58c8cf91c09b36d9159c1,1,
release/ceg/S883374229-GF-A54-EEA-T14-S1-LH-C1-I0059-F00.png,ceg,single,512,512,PNG,320210,bf65a52933ac5cc9d5d56eed50cd30beec57025298414b7a9e26a3edb8ed6136,1,
release/ceg/S883374229-GF-A54-EEA-T14-S1-LH-C1-I0062-F00.png,ceg,single,512,512,PNG,349456,cf9d16cbbf681d53a784695abb6a5b112580c34abf080a3da05cd1a1cd29bb39,1,
release/ceg/S892006153-GF-A74-EAF-T14-S1-LH-C1-I0020-F00.png,ceg,single,512,512,PNG,310598,cbffa0ed3d44fec6ebdcbbec945445264664c8db9a8b5a0c4f5b282cc083dcb4,1,
release/ceg/S894840102-GN-A69-EAF-T00-S1-LH-C1-I0056-F00.png,ceg,single,512,512,PNG,390771,0e385f0d4bed69a25d5cc4fb63129aec615fd2025536cc09d0be7424e17981da,1,
release/ceg/S895967637-GM-A28-EEA-T01-S1-LH-C1-I0005-F00.png,ceg,single,512,512,PNG,353373,9e31b7a17656e4fd2b769cd531cca52b6aff74069d940886ae70287167df14da,1,
release/ceg/S897329683-GF-A41-EEA-T11-S1-LH-C1-I0040-F00.png,ceg,single,512,512,PNG,326282,c1070206cf1dbfbe47ef273378c6a6dcf4875312ba9d3448366210c357b62a46,1,
release/ceg/S9176807-GM-A21-EEA-T03-S1-LH-C1-I0024-F00.png,ceg,single,512,512,PNG,353951,63d34fd8ce467c2d1eebdd9a8210ed0b8f02e6d8f31cb37784d65f771bc18f1d,1,
release/ceg/S921833550-GM-A28-EEA-T14-S1-LH-C1-I0000-F00.png,ceg,single,512,512,PNG,322016,a976f6ed702d7b07c27302d327a5f43f0c4d96be0600959511898a490d752418,1,
release/ceg/S924724708-GF-A48-EEA-T14-S1-LH-C1-I0053-F00.png,ceg,single,512,512,PNG,369090,88d43937a43caf9c043aa2d6e9914ce4e3d2bcc031c04093afe08e134c8501ae,1,
release/ceg/S926047332-GM-A22-EME-T14-S1-LH-C1-I0038-F00.png,ceg,single,512,512,PNG,320063,3fec80d7facc26bedcf53a80d935e5b71f244cdfa6d7d2b18b07471aa9561252,1,
release/ceg/S931374402-GM-A20-EAF-T14-S1-LH-C1-I0003-F00.png,ceg,single,512,512,PNG,328217,a858dbf7f4b5bd2b909613025f8494c113fba01776f8c2734521ae9bfcf2090d,1,
release/ceg/S931374402-GM-A20-EAF-T14-S1-LH-C1-I0013-F00.png,ceg,single,512,512,PNG,312781,5bd4aea22c427b7ffa585c77e33b015a127d8ac9b5ca7f6a8b5fbe1f41c7b99d,1,
release/ceg/S932980426-GM-A79-EME-T14-S1-LH-C1-I0010-F00.png,ceg,single,512,512,PNG,256027,8d39b620e09cabb79b1bf044a8183dbc76bb82287639dc3f836f06ad788f9b1f,1,
release/ceg/S932980426-GM-A79-EME-T14-S1-LH-C1-I0014-F00.png,ceg,single,512,512,PNG,367548,43e319fa9e47996156a6250fdb9e67322a45ffbe4620ae3cbe2349fb2cec1fd5,1,
release/ceg/S932980426-GM-A79-EME-T14-S1-LH-C1-I0054-F00.png,ceg,single,512,512,PNG,366214,d27c77b55cbb9d239f61ca7b7d61a2c46595c12a860dee8d16b6b5afd9dcb552,1,
release/ceg/S94888726-GM-A26-EME-T03-S1-LH-C1-I0049-F00.png,ceg,single,512,512,PNG,306580,688cf799bda3506fb83d9edeba1c312847236972678e8ee31f58d4e000027bf5,1,
release/ceg/S954227485-GF-A55-EME-T00-S1-LH-C1-I0054-F00.png,ceg,single,512,512,PNG,394562,11d34382718ec87e163020571e91600195107d34c5f5bbe5f40f97ed421e7374,1,
release/ceg/S956718444-GF-A38-EAS-T14-S1-LH-C1-I0018-F00.png,ceg,single,512,512,PNG,298263,ac2e8c45de83e1a0d166f9631371fe1616197e88ce8650594af923b36b3055f4,1,
release/ceg/S95924864-GM-A18-EEA-T14-S1-LH-C1-I0017-F00.png,ceg,single,512,512,PNG,350917,bc5f063cc60b21cfa453477e072db8c8dfe233d8a54ec36ed297cdcd032b893a,1,
release/ceg/S95924864-GM-A18-EEA-T14-S1-LH-C1-I0029-F00.png,ceg,single,512,512,PNG,382238,68d448c89ba9c5aea4fbe10b42e8a460dee01c2c44ba62dd281223808e76955a,1,
release/ceg/S959317588-GM-A42-EAS-T00-S1-LH-C1-I0008-F00.png,ceg,single,512,512,PNG,372949,c306696219aa67ca449e9b6bc2f3c59c1c91656769a30bb545bd6cd8fcb31ca1,1,
release/ceg/S959317588-GM-A42-EAS-T00-S1-LH-C1-I0054-F00.png,ceg,single,512,512,PNG,343243,87309ace1eab03c9ff9e8a2a400f083ac27bf0775053b9074258e2e9c32a3cd0,1,
release/ceg/S966499612-GM-A36-EEA-T14-S1-LH-C1-I0024-F00.png,ceg,single,512,512,PNG,347299,419d6206562833b240143f5ed9d1b2c23af818ad4eeb02d18d7d77fd1528e892,1,
release/ceg/S970888949-GF-A57-EEA-T15-S1-LH-C1-I0038-F00.png,ceg,single,512,512,PNG,352179,757e8f1709e63b378106584fa4592a6dcefde6fd769d45b2b8a5a2ff5430b9f0,1,
release/ceg/S976538751-GM-A19-EAF-T14-S1-LH-C1-I0042-F00.png,ceg,single,512,512,PNG,331274,1940fac5c6a45508a068a140643bd19f3fa785a252cc911ab887e9b83890eb7d,1,
release/ceg/S978873421-GF-A64-EEA-T01-S1-LH-C1-I0000-F00.png,ceg,single,512,512,PNG,295487,97495eeb3f552e1a0b143005c7854435c03db0e0df597105cc25d52ddb858817,1,
release/ceg/S982128636-GM-A71-EME-T01-S1-LH-C1-I0008-F00.png,ceg,single,512,512,PNG,396198,d01b36ff6e8dea5fed2404079ed289ed5d60d4cce1cceaaa9338ff4f9f0f7b02,1,
release/ceg/S982227952-GM-A31-EEA-T00-S1-LH-C1-I0051-F00.png,ceg,single,512,512,PNG,298657,466487b6fb4288686e99e3be98e0a5cab7e5f4cf0e49b2b26fe06f87cb43f2f1,1,
release/ceg/S98643087-GF-A34-EIA-T10-S1-LH-C1-I0042-F00.png,ceg,single,512,512,PNG,391058,5ac3de8b1790597567fd0d9d030640f15e85644733218fb24bb6ee9c2ed6e99a,1,
release/ceg/S987384432-GF-A95-EME-T01-S1-LH-C1-I0003-F00.png,ceg,single,512,512,PNG,318924,7562c7dfbc563ef9458a8418768b6cc3a06a3d6b7b05cde5b473269903c150cf,1,
release/expos/S108161842-GM-A52-EEA-T11-S1-LH-C1-I0007-F00.png,expos,single,512,512,PNG,341043,e9a3491e11ac0cb72eb4bd3d49ca698e24be019ba4294cb41483fc545b1d7103,1,
release/expos/S113923411-GF-A35-EEA-T14-S1-LH-C1-I0048-F00.png,expos,single,512,512,PNG,251556,a156bbeb6c360cc12b6eb69715abc5d03357ed8b1b250922591b0d4c4fdcfc24,1,
release/expos/S115293589-GF-A67-EME-T01-S1-LH-C1-I0030-F00.png,expos,single,512,512,PNG,344990,71eaecdf6b856b3e294a9984adaede255f49299ceecd1f2a9e43e182c72b8bd8,1,
release/expos/S115379105-GF-A98-EEA-T14-S1-LH-C1-I0044-F00.png,expos,single,512,512,PNG,361311,cce07f0003457abc31ad01ed1ca495fbf06930548c071f35bd8160b1234a157d,1,
release/expos/S116651325-GM-A28-EEA-T13-S1-LH-C1-I0056-F00.png,expos,single,512,512,PNG,384741,a3a302cb532366114d9c6746ea03bf722dd2d4f4a403a5e02a1feeba1f433c5b,1,
release/expos/S120660598-GM-A33-EEA-T00-S1-LH-C1-I0034-F00.png,expos,single,512,512,PNG,369522,7f492d8c6ed9294eb8892045ad114bf0e880483d8b4c1ef0e3af7d6e631aa84e,1,
release/expos/S121566497-GF-A32-EEA-T14-S1-LH-C1-I0036-F00.png,expos,single,512,512,PNG,442456,8811ca03c0fef14dbf03594c6a6a5e06e0e8d1ce9d984b6e3640f75e95ceaadd,1,
release/expos/S121714872-GF-A34-EAF-T03-S1-LH-C1-I0053-F00.png,expos,single,512,512,PNG,362427,098dcd9610f12a53353dde7b71271b207a9e78d8d22136606f7362303db16e6a,1,
release/expos/S124298498-GM-A91-EEA-T14-S1-LH-C1-I0034-F00.png,expos,single,512,512,PNG,326852,d8e4aecbd7e00ed4de8a95e6cf5f247b3557d08105ce7d5712e5f70994fade70,1,
release/expos/S130186036-GF-A82-EEA-T01-S1-LH-C1-I0007-F00.png,expos,single,512,512,PNG,382319,2504b1b4841ca54c84dcbb817f664d58a61c831e88a7731bfbe6566fd70b9596,1,
release/expos/S137547030-GF-A76-EEA-T01-S1-LH-C1-I0045-F00.png,expos,single,512,512,PNG,363990,f81ec84623bc54b24f2493245acc4c2aff5373791e25e478099aa09724914ab6,1,
release/expos/S138993008-GF-A66-EAF-T00-S1-LH-C1-I0035-F00.png,expos,single,512,512,PNG,318790,6148233b3f946bca45cd9a05cac35e1c3b65f76320f2394c9a60b02a16052483,1,
release/expos/S14964507-GF-A29-EEA-T00-S1-LH-C1-I0028-F00.png,expos,single,512,512,PNG,374348,b55625cf18b58ead52608223cd77531bec0ce9cc75a89b78dedb2f615d18375b,1,
release/expos/S14964507-GF-A29-EEA-T00-S1-LH-C1-I0052-F00.png,expos,single,512,512,PNG,339824,6eefbabc2fc3c8e655b792d77b2014b500c61eb029af6336818490caa2560add,1,
release/expos/S150094415-GF-A53-EME-T10-S1-LH-C1-I0055-F00.png,expos,single,512,512,PNG,368720,ae6a09d5dd9fe8ec12929ba4b9e69ca3c3d83d1609f0401c15c5658b300a3a82,1,
release/expos/S15182111-GM-A44-EAS-T00-S1-LH-C1-I0049-F00.png,expos,single,512,512,PNG,256282,329008174a11716bd0e7007415a4e19601d5658f65e69d3bff954ffd466835cc,1,
release/expos/S152846480-GF-A30-EEA-T03-S1-LH-C1-I0000-F00.png,expos,single,512,512,PNG,374238,16a35a49e42c49c7bc337846d7ee1c22868687bfdb679103baca515b9983c9bd,1,
release/expos/S152846480-GF-A30-EEA-T03-S1-LH-C1-I0050-F00.png,expos,single,512,512,PNG,389946,0578dd9cf850527f1b3dd44d7321281cfa5b456c077c4466f6459a415aac2432,1,
release/expos/S152846480-GF-A30-EEA-T03-S1-LH-C1-I0059-F00.png,expos,single,512,512,PNG,370320,f30115c2c77b4ba0d6f11d7177eff8b167d3641f7c3fbfa71fe13fbd65f23fee,1,
release/expos/S16008476-GF-A92-EEA-T11-S1-LH-C1-I0061-F00.png,expos,single,512,512,PNG,402808,85b73c3b21e13a1781afffdf8aa072bcedd1fcf7998fcad1bff74f85c2d073f5,1,
release/expos/S164577361-GF-A44-EEA-T01-S1-LH-C1-I0030-F00.png,expos,single,512,512,PNG,434997,c47cb440cfd35ca2168fe78a560d3c4982dd2e4386ac51b9c94a351fe8c6e9fd,1,
release/expos/S165380664-GM-A31-EIA-T01-S1-LH-C1-I0002-F00.png,expos,single,512,512,PNG,301567,fe576253f387c7925a650e69804b7dc591ec2c65facce88e82c2b2301f765770,1,
release/expos/S16643293-GF-A66-EEA-T15-S1-LH-C1-I0043-F00.png,expos,single,512,512,PNG,333907,163ce956a67c08723e062312a48f776b05126489bcea6a4a365d375efd0cb65d,1,
release/expos/S166658587-GM-A81-EEA-T03-S1-LH-C1-I0060-F00.png,expos,single,512,512,PNG,289690,70df08a031e256b4f5f9e18abe94dfce7a4f33727236e33a3c4f1bf3b96baad4,1,
release/expos/S169208368-GM-A35-EME-T14-S1-LH-C1-I0016-F00.png,expos,single,512,512,PNG,345308,806d4c92a0dc5c9a20c7efa4172d99cc36b7e8ff0d5a5879f3e9f05e3fcf8dd9,1,
release/expos/S169208368-GM-A35-EME-T14-S1-LH-C1-I0054-F00.png,expos,single,512,512,PNG,357308,830e78af824b0b24b1785cb295077f85be27f2988a189dd55a542743c78bf45e,1,
release/expos/S179125778-GM-A37-EME-T01-S1-LH-C1-I0055-F00.png,expos,single,512,512,PNG,271104,d2ab96f5d5f4afe37d51838e0d6882312a67f62d87aacb4850ae846a4186e5e7,1,
release/expos/S179182026-GM-A47-EEA-T11-S1-LH-C1-I0029-F00.png,expos,single,512,512,PNG,356336,fd5aca6855b535df255d760514471fd45299a5d1eb99c728a6dbb77f63bd710a,1,
release/expos/S179182026-GM-A47-EEA-T11-S1-LH-C1-I0041-F00.png,expos,single,512,512,PNG,369422,ffa601abaa877b061e56e9531e8dd6301f87165226c8ed8ec824e758df8b6a7e,1,
release/expos/S184299974-GF-A49-EME-T10-S1-LH-C1-I0023-F00.png,expos,single,512,512,PNG,414688,8cc158fc8b0cf299cac8c619bfa5ce16fc90ab5941b6eaa62995f5cdb0ac1876,1,
release/expos/S185880747-GF-A53-EAF-T03-S1-LH-C1-I0030-F00.png,expos,single,512,512,PNG,345070,1755dc11db48bb2bfcad2ab63965c65bf7a669d0687e94becc525d2f0e7c2d11,1,
release/expos/S187000211-GF-A54-EEA-T03-S1-LH-C1-I0063-F00.png,expos,single,512,512,PNG,331900,8234c057d644998a6a703a7a63f29f0859a843558b6b44e0c4c4de8a545fb71a,1,
release/expos/S18796367-GF-A93-EAF-T00-S1-LH-C1-I0045-F00.png,expos,single,512,512,PNG,272522,5f0b52cf2cbe7101cb0f4908dc9d1ebcbd7ff30fe5b689499d7ea20ccff26ae8,1,
release/expos/S189019382-GF-A62-EIA-T03-S1-LH-C1-I0040-F00.png,expos,single,512,512,PNG,349993,cbe6120e0cfe367627629f3f1144d31b8e6ff70c492e96ea76b2c9ba7cd706a3,1,
release/expos/S189019382-GF-A62-EIA-T03-S1-LH-C1-I0046-F00.png,expos,single,512,512,PNG,328031,53c29e593fdeb1b8f09a688de35a24b73cc973e06a21603104940246b1a964b9,1,
release/expos/S190036673-GF-A19-EEA-T00-S1-LH-C1-I0057-F00.png,expos,single,512,512,PNG,336402,bd9ccff2ac2373b9fbaab149a92d69b99fb3390dc677955dff0fd7d716bcff88,1,
release/expos/S19423222-GM-A45-EAF-T14-S1-LH-C1-I0040-F00.png,expos,single,512,512,PNG,309528,a081bd967516ff196ad6aef0f73678bc37efc236f485b52eb85d8c93a20e8136,1,
release/expos/S198149424-GF-A51-EEA-T13-S1-LH-C1-I0055-F00.png,expos,single,512,512,PNG,372574,b78d8ce08b141013d318465f92d22e933d5306c0eb87f67f7c19b6d5c4542b92,1,
release/expos/S205686156-GF-A52-EAS-T01-S1-LH-C1-I0006-F00.png,expos,single,512,512,PNG,346603,dfa95e63bb144c766d4f82eac76fb1943a5484b9e9f883b22e38d0abdf2ef847,1,
release/expos/S20939931-GF-A70-EME-T00-S1-LH-C1-I0047-F00.png,expos,single,512,512,PNG,351899,be06ca1219fa03eb8dd06537f65027ffa6fb95babf2d489fd959fdb47739d1e0,1,
release/expos/S210555380-GF-A95-EME-T14-S1-LH-C1-I0008-F00.png,expos,single,512,512,PNG,350849,03cd5f0a2c95f10b63fba4aee6cb5b4e4db796f389243f67485340a45268e69d,1,
release/expos/S210555380-GF-A95-EME-T14-S1-LH-C1-I0048-F00.png,expos,single,512,512,PNG,353026,c317e2ba1a38808547ef573ee58426d87784df7880645d9eaf1166fed300bfc3,1,
release/expos/S21322735-GF-A99-EEA-T03-S1-LH-C1-I0004-F00.png,expos,single,512,512,PNG,327044,10e9045c5b791706b6b6387e25fbe2ddab186b70012842cc5ff2f1781e1cbc5e,1,
release/expos/S219134961-GM-A51-EME-T00-S1-LH-C1-I0016-F00.png,expos,single,512,512,PNG,289258,53f4169ec09c97c8c1444bd4fcdf96110889f5ebace6dcd59e11034bbf9cd89a,1,
release/expos/S220036139-GF-A33-EME-T14-S1-LH-C1-I0048-F00.png,expos,single,512,512,PNG,322649,2d57e0da2d78e8d2c97e6cc804cdc415e4c45bf36b47218598a11cea49b6f08c,1,
release/expos/S229472865-GM-A49-EEA-T15-S1-LH-C1-I0053-F00.png,expos,single,512,512,PNG,282990,b9110c337868ff8a3c42a1fd6b9a7d0929e3955bc7ac0978777848204dadf8fe,1,
release/expos/S229741512-GM-A18-EEA-T01-S1-LH-C1-I0029-F00.png,expos,single,512,512,PNG,281595,10b2598aa1e03379205db09ab1deb1e65315ba053e830f5996f3a4b3c42f9c5a,1,
release/expos/S231352223-GF-A49-EEA-T14-S1-LH-C1-I0011-F00.png,expos,single,512,512,PNG,348821,7548c9f414a365fee8ebf844b7180572e75d45f63a1e561710ea41a911cbb6b6,1,
release/expos/S231352223-GF-A49-EEA-T14-S1-LH-C1-I0027-F00.png,expos,single,512,512,PNG,345649,866874cda2c398a4685f23019e0797a0044fe0aec4f4f6af6624a1a54867f128,1,
release/expos/S236474674-GF-A94-EEA-T14-S1-LH-C1-I0061-F00.png,expos,single,512,512,PNG,308347,e91ed873825cdf9615e6fba75e2780adb08c87e22ae9a79bac4be7101f6f1105,1,
release/expos/S240935283-GM-A93-EEA-T01-S1-LH-C1-I0022-F00.png,expos,single,512,512,PNG,373356,bf68f49ab0f59ce75d85fd08766bd62e222f7975d35c2697d2c211598a828aa2,1,
release/expos/S245655911-GM-A99-EIA-T14-S1-LH-C1-I0023-F00.png,expos,single,512,512,PNG,400405,4e7dffe687e07bee9fe58991ffaaabeb52e347ac4d485d5a5fdba103ab7eacbc,1,
release/expos/S247603526-GM-A30-EEA-T13-S1-LH-C1-I0041-F00.png,expos,single,512,512,PNG,254645,e54fbbf67c78b381da074b09dd22d63e4366ec43280aec41b3d692d1cc573abf,1,
release/expos/S248968574-GM-A81-EAS-T14-S1-LH-C1-I0022-F00.png,expos,single,512,512,PNG,311012,60df4d7c72bcdd4faa81581fd6e2b5239a1bb2bf9f44a4f0ba6218af3afc0bcb,1,
release/expos/S25038292-GF-A59-EAF-T03-S1-LH-C1-I0041-F00.png,expos,single,512,512,PNG,357491,17d4cc3273d9db67fc00b50e26cd669acae95982965c50278978973bc2658057,1,
release/expos/S259395943-GF-A59-EME-T14-S1-LH-C1-I0009-F00.png,expos,single,512,512,PNG,284440,5b943eac364af8f0672640626940b8bb78c6540f988e818d928accf0985c4740,1,
release/expos/S261182015-GM-A24-EEA-T01-S1-LH-C1-I0011-F00.png,expos,single,512,512,PNG,292907,98685c689e1303072aa43940a20d336ed65df2a83f28cb3f93a9ae4ff9998c11,1,
release/expos/S264396021-GM-A30-EAS-T14-S1-LH-C1-I0047-F00.png,expos,single,512,512,PNG,274974,c2c9e97c7746d4eb5c1b0c985c82f3a5de6d2a5333e2596545721d57f49f3bd1,1,
release/expos/S265934537-GF-A26-EAS-T14-S1-LH-C1-I0063-F00.png,expos,single,512,512,PNG,258447,c1a774bb03e8fe9956824d005453941c05965254aa53156792f0b3112f186854,1,
release/expos/S268137029-GF-A39-EME-T01-S1-LH-C1-I0016-F00.png,expos,single,512,512,PNG,364266,83377f48df1d9e86c9c4399162c391ad417d13a4c73b876c1a60da01b70beee3,1,
release/expos/S268183923-GN-A24-EAF-T14-S1-LH-C1-I0053-F00.png,expos,single,512,512,PNG,262718,efc337b6ee3875234fdf4eefddfe8a2bdf36ff2c452c88dfab57288724fc0a90,1,
release/expos/S274652534-GF-A22-EEA-T01-S1-LH-C1-I0003-F00.png,expos,single,512,512,PNG,329472,8084cfe22ad7a613ce72d3ff96d1c54715a4d22e6bb6a1134d4c206780aff631,1,
release/expos/S274869653-GF-A68-EAS-T03-S1-LH-C1-I0003-F00.png,expos,single,512,512,PNG,388096,46fb507e7659af5a98a8e080b88d0136706f699d021b7a6c2c6521112fd5ea14,1,
release/expos/S279879625-GF-A55-EAF-T00-S1-LH-C1-I0037-F00.png,expos,single,512,512,PNG,331606,baaf5f3dcfbfbb683623488cfd23fd88de667185c466eb46aeb831ba460d9afa,1,
release/expos/S285023719-GF-A24-EEA-T00-S1-LH-C1-I0022-F00.png,expos,single,512,512,PNG,298405,b2c6135cf988444c7839377e7a26b5d4cba88f0820ddd5bda43c246148e636c2,1,
release/expos/S287510944-GF-A29-EME-T01-S1-LH-C1-I0059-F00.png,expos,single,512,512,PNG,421035,b035f514dabcaa2f3f4b9d652d03f8c10219838a52d4a7b325986887fbfae5ba,1,
release/expos/S289919415-GF-A46-EEA-T14-S1-LH-C1-I0060-F00.png,expos,single,512,512,PNG,313791,53c8780e59fc657a10ca1293e267bf2152dcd0bf1ce6044fd8bce961a36cfd19,1,
release/expos/S300524837-GM-A42-EEA-T01-S1-LH-C1-I0008-F00.png,expos,single,512,512,PNG,392047,03ca8934e7a7a628c51d834e48c5de5882e0457538b18b6754cb0cabe903a6af,1,
release/expos/S303695349-GM-A23-EEA-T03-S1-LH-C1-I0002-F00.png,expos,single,512,512,PNG,305200,9554f33161f95ef7b55b138d935242c44e00d43682bc9a908615ff1f71658c73,1,
release/expos/S303695349-GM-A23-EEA-T03-S1-LH-C1-I0029-F00.png,expos,single,512,512,PNG,259275,8dbf1002c0e9f3683deff6d6526e742164c74d0da9dedc483974c7a048151379,1,
release/expos/S303695349-GM-A23-EEA-T03-S1-LH-C1-I0041-F00.png,expos,single,512,512,PNG,280924,67b447edda5c4f0e467319fbe2defc7970bce54dd41f96f3f33cfd7c5a2640be,1,
release/expos/S311145231-GF-A53-EAF-T03-S1-LH-C1-I0062-F00.png,expos,single,512,512,PNG,401917,8031c2d99a18a787a329cda0e977fe1d00997360915a5f74ee2bd71bc5ddae4b,1,
release/expos/S313264566-GM-A81-EAF-T14-S1-LH-C1-I0008-F00.png,expos,single,512,512,PNG,329562,1d47dde503ae40e0c202555000ce6388323ef2f21187c837e1b1983f142b8a7d,1,
release/expos/S313264566-GM-A81-EAF-T14-S1-LH-C1-I0059-F00.png,expos,single,512,512,PNG,303338,b39fd46f40cfc68a8cf016b5e3d4155f96e44a42ca72f97af6a7d4762ab6e2b9,1,
release/expos/S316988909-GF-A99-EIA-T10-S1-LH-C1-I0040-F00.png,expos,single,512,512,PNG,367666,7dd15bae30c45978d73ef8ba1a92f860766fcce02eb7a0843e1dd724b1c89cd6,1,
release/expos/S319441451-GF-A19-EAS-T01-S1-LH-C1-I0006-F00.png,expos,single,512,512,PNG,318609,95b56cb229cdf66554cab1d0cf8478db2174ed4e018745fb4f1aeb0a0769f94c,1,
release/expos/S320892356-GF-A70-EIA-T03-S1-LH-C1-I0021-F00.png,expos,single,512,512,PNG,324488,10757f1739203cfd11c21e4b3bb961773bdd256a231a69ed6104709933d536cf,1,
release/expos/S32440074-GF-A23-EIA-T15-S1-LH-C1-I0012-F00.png,expos,single,512,512,PNG,322404,0d9cb894493ad2dfbcb7c481b5165aac1ce57a3c03feb67b284bc921ea1d9860,1,
release/expos/S325074401-GF-A50-EAS-T03-S1-LH-C1-I0044-F00.png,expos,single,512,512,PNG,293680,049b2e78215cd8341315110036477d6c871907e2314c3101aa83ccb9bc2bc162,1,
release/expos/S334613033-GM-A58-EAF-T14-S1-LH-C1-I0047-F00.png,expos,single,512,512,PNG,442784,dc4d7552c067cd87e2ecf5fc7b4044cfdd67689261a13b8df80eeeca45d44aad,1,
release/expos/S334697091-GM-A32-EAS-T14-S1-LH-C1-I0031-F00.png,expos,single,512,512,PNG,252795,745cab2acdfe5131180ed25db407c211cff7e838edc0c98da678fbd45afc6123,1,
release/expos/S335757255-GF-A30-EME-T14-S1-LH-C1-I0002-F00.png,expos,single,512,512,PNG,360168,4eace7f9fab1e2843871a25520fec2bd4415025e5c17da6c866e3d7ce1dda976,1,
release/expos/S336053665-GF-A75-EME-T13-S1-LH-C1-I0037-F00.png,expos,single,512,512,PNG,262695,1e54a798e63d34fbdd69d1015fb7fba775d9d88d85799838e0a97b2c34d29bff,1,
release/expos/S340675536-GF-A37-EEA-T14-S1-LH-C1-I0052-F00.png,expos,single,512,512,PNG,257545,c23de6c20f3708ec56b88c580af09f4963add2da1973c3d11b2993b78c628105,1,
release/expos/S343616415-GF-A69-EEA-T03-S1-LH-C1-I0056-F00.png,expos,single,512,512,PNG,339250,fb50fa14d62e7b2658c17671c2b5fb96448a4ac444ffc9250f4edecacd5eaa87,1,
release/expos/S343899513-GM-A51-EME-T01-S1-LH-C1-I0048-F00.png,expos,single,512,512,PNG,339547,a1ad1abfb55a7323813344fc451fb1086ed1a2e7c5b6c1dcc932504f1c3cf078,1,
release/expos/S345601750-GF-A64-EEA-T03-S1-LH-C1-I0032-F00.png,expos,single,512,512,PNG,409145,9f27616489888d66963cf4da2e631742e9eb2ec9b01a1b8ed0b4c72fb193ea76,1,
release/expos/S345601750-GF-A64-EEA-T03-S1-LH-C1-I0055-F00.png,expos,single,512,512,PNG,397011,339c3c9735df466c3bc682d2d5842cd0abea00021a9c48a641db6769166de675,1,
release/expos/S347571913-GM-A24-EEA-T13-S1-LH-C1-I0054-F00.png,expos,single,512,512,PNG,401056,fc798b39f7cc2ec24b9a643ba3c4d5281e6fc30a0418de6d0ef860c49074ea55,1,
release/expos/S354713116-GF-A60-EAF-T14-S1-LH-C1-I0000-F00.png,expos,single,512,512,PNG,357007,992ac99539c62b29a53174a46d734ce1eda32e0bdcb1bfb3e922d16c1182d3d4,1,
release/expos/S354713116-GF-A60-EAF-T14-S1-LH-C1-I0004-F00.png,expos,single,512,512,PNG,342724,ed185d1d76ab60e8da48186ad20b5634ddf3163ca1b6125f752546e3b8e76150,1,
release/expos/S354713116-GF-A60-EAF-T14-S1-LH-C1-I0011-F00.png,expos,single,512,512,PNG,362429,1d7cd07861dcfc368eb0cbfdb424fcf04ae82e154c5dec7b326411640442246f,1,
release/expos/S354713116-GF-A60-EAF-T14-S1-LH-C1-I0063-F00.png,expos,single,512,512,PNG,363615,7c0710ac47013b4a253ea8a10ec8dde6f6e47a7525c651ed53eaa19941d6f99d,1,
release/expos/S358652822-GF-A41-EEA-T01-S1-LH-C1-I0006-F00.png,expos,single,512,512,PNG,349018,64c931397409ae92c9855c45d6d78c902a6afe5580dcbc764e9961e3e60f5177,1,
release/expos/S364995244-GM-A24-EEA-T03-S1-LH-C1-I0015-F00.png,expos,single,512,512,PNG,369673,f4c559b7ca59c29e07e52afe1ba78171267c2b627a9e4e00a982b1de03f58dfe,1,
release/expos/S370286626-GF-A59-EEA-T00-S1-LH-C1-I0061-F00.png,expos,single,512,512,PNG,390104,72017cea60e52d5155bd012a41930621679b5a2c57fbdb301d7735258fbd54ad,1,
release/expos/S371797493-GM-A29-EEA-T14-S1-LH-C1-I0043-F00.png,expos,single,512,512,PNG,337952,a7b170b11009488470bec53718ee0dcbba281602879da16d440c1c57b07b311e,1,
release/expos/S373793896-GM-A22-EEA-T14-S1-LH-C1-I0035-F00.png,expos,single,512,512,PNG,339802,4a1cd02af0f3d4ee625111cff1b2ed5f59d766b7147bcb0eff497ee6be006767,1,
release/expos/S37396139-GF-A51-EEA-T14-S1-LH-C1-I0018-F00.png,expos,single,512,512,PNG,328834,37c66f9df5d3029b2daa7fcffba2044e609a67bf41320f396f213f93664cccab,1,
release/expos/S37396139-GF-A51-EEA-T14-S1-LH-C1-I0048-F00.png,expos,single,512,512,PNG,386858,07f4a152ecfaadbebae3fcf7d1b0eb47026e702c48141ebb8159d7ae5f07e134,1,
release/expos/S375545605-GM-A47-EEA-T00-S1-LH-C1-I0004-F00.png,expos,single,512,512,PNG,366640,b0771a81796bec0f8192a1e2f053a37a8d822ba6adbc7d0c37588b63c18dc3e1,1,
release/expos/S375545605-GM-A47-EEA-T00-S1-LH-C1-I0022-F00.png,expos,single,512,512,PNG,364062,befa23b8b10ddc033ac41eb8b311dd84e6ac6c95a8eccb02f7d238ffcd59ebb3,1,
release/expos/S375545605-GM-A47-EEA-T00-S1-LH-C1-I0027-F00.png,expos,single,512,512,PNG,320221,74e603b4a5c1771b9565b94db3af349cd094d5778f939fcc205d4fd401bf3d16,1,
release/expos/S375545605-GM-A47-EEA-T00-S1-LH-C1-I0049-F00.png,expos,single,512,512,PNG,403656,26933df49cf080606a6d48b6a8d3110fa35917fc74963268b7f556ac51832a4e,1,
release/expos/S376287613-GF-A19-EAF-T14-S1-LH-C1-I0011-F00.png,expos,single,512,512,PNG,327293,4a3c035f62f92e9173123097165ab8e88066b2cb2ca48417389eb15307da5cd4,1,
release/expos/S377896724-GF-A29-EEA-T10-S1-LH-C1-I0028-F00.png,expos,single,512,512,PNG,276957,be5c9e3819c1e64e56de34d16770ecedea7dcd85ec5fcfac6504b04c4b633197,1,
release/expos/S380795387-GF-A58-EEA-T14-S1-LH-C1-I0035-F00.png,expos,single,512,512,PNG,310132,120d0286928bf3d6f7c6e4486265cf69d0edc82a0895f5341faf436fceb4e2e4,1,
release/expos/S382037204-GF-A89-EEA-T03-S1-LH-C1-I0006-F00.png,expos,single,512,512,PNG,308953,481318bc5ce60ce7f6b69c3144e41d76c18444b16040d0139af94282390094de,1,
release/expos/S384793007-GF-A62-EEA-T01-S1-LH-C1-I0006-F00.png,expos,single,512,512,PNG,224401,60aea7129fa311dc60378e6d130309df3e584bcbec906c024407ee9194a067a5,1,
release/expos/S388546914-GF-A50-EEA-T14-S1-LH-C1-I0025-F00.png,expos,single,512,512,PNG,362469,a9cd15ab76ee5bf2558ca1874167df536d790ec44b34eab786960e334005667e,1,
release/expos/S39379132-GF-A54-EEA-T15-S1-LH-C1-I0056-F00.png,expos,single,512,512,PNG,324649,eb9f82d968090d5761de8c8152bbff4a57199f7b5e7c7b88046cc62e3bfe5567,1,
release/expos/S394313530-GF-A45-EEA-T03-S1-LH-C1-I0050-F00.png,expos,single,512,512,PNG,407654,130cd36e14177d45078cb5e00eb27ecc7b931bcdfa9cad77d201226e2ffc1da6,1,
release/expos/S395744997-GF-A18-EEA-T01-S1-LH-C1-I0002-F00.png,expos,single,512,512,PNG,379039,45d1b73966973debf9d1c60e83d40cc39a08c58f71671dc61b592d29f07eaac7,1,
release/expos/S39590804-GM-A53-EEA-T03-S1-LH-C1-I0045-F00.png,expos,single,512,512,PNG,328255,d9dfaab25169357ee22fa4b79dcf810d83a27a758717baa993fcf75a60d30343,1,
release/expos/S397228464-GF-A72-EEA-T03-S1-LH-C1-I0009-F00.png,expos,single,512,512,PNG,356659,8530997fd4db6a3a985826d01da2fe4dcd25902291c9c041aa961cc31e0beb58,1,
release/expos/S402397961-GF-A82-EEA-T00-S1-LH-C1-I0029-F00.png,expos,single,512,512,PNG,358346,d69b6c9b41b1951cd3ede1ff059a7993d55c7c30fcedf5efb7095954672cf569,1,
release/expos/S402992794-GF-A60-EEA-T14-S1-LH-C1-I0010-F00.png,expos,single,512,512,PNG,356225,0b4073df88017705a6cc013b77885596c6bbf18ffbeda8ad9446ac15460e8b3f,1,
release/expos/S407285746-GF-A18-EAF-T13-S1-LH-C1-I0047-F00.png,expos,single,512,512,PNG,339418,6193590e57d07f8854f2bfa603c269ffa5e981ec9adcd6ce6a9581592e7550c0,1,
release/expos/S409626024-GM-A29-EEA-T11-S1-LH-C1-I0000-F00.png,expos,single,512,512,PNG,228319,c50aade4a0249a3f78bb479b1993cd82cef94ec5b4ca27d9e7c388de0a1b87b7,1,
release/expos/S411588159-GF-A21-EEA-T03-S1-LH-C1-I0033-F00.png,expos,single,512,512,PNG,306594,3ac3b9800165820606e680c84612d4b0966be1af4dc29ab639017fe8864ef046,1,
release/expos/S412637027-GM-A93-EME-T01-S1-LH-C1-I0061-F00.png,expos,single,512,512,PNG,356119,bea2643718828e8f66fb12153f27615ccea159040ba0c872be0c9901adf661f1,1,
release/expos/S415761895-GF-A62-EAS-T03-S1-LH-C1-I0005-F00.png,expos,single,512,512,PNG,286498,71e6041ea3af5bd677c8f132277c0df16c3e536df621038135027afbf1ae7a9e,1,
release/expos/S422234801-GM-A19-EAS-T14-S1-LH-C1-I0050-F00.png,expos,single,512,512,PNG,324330,53c24112d645157601ed1877ce42aff90e8c7aeac464bafa292fdeb94092da54,1,
release/expos/S426127418-GF-A48-EEA-T03-S1-LH-C1-I0043-F00.png,expos,single,512,512,PNG,405605,90845343849e0f02882bc805a526e0ca7b05a89ac5dfbbb4250d6dddf9351880,1,
release/expos/S43189665-GF-A47-EME-T13-S1-LH-C1-I0035-F00.png,expos,single,512,512,PNG,398889,e8c099cafc63e488532fca8775462ba0fe0a610fea193757932733843ad73b24,1,
release/expos/S43416355-GF-A63-EAS-T03-S1-LH-C1-I0018-F00.png,expos,single,512,512,PNG,294924,6c72a3a2499c1d3d2e21ac03d95748db440f9d19ba820539d2b601b0cf6c1dad,1,
release/expos/S442640043-GF-A83-EEA-T01-S1-LH-C1-I0015-F00.png,expos,single,512,512,PNG,395212,93e5a4d0bb71bba1e34d5234944383ee9715a2fb9dfecc9e630a12bb5ee67ae2,1,
release/expos/S44577521-GM-A92-EME-T14-S1-LH-C1-I0012-F00.png,expos,single,512,512,PNG,321849,91657d3907b7228622d2c9186cb317096fecdd18d1233bea97a9d5a325267720,1,
release/expos/S44577521-GM-A92-EME-T14-S1-LH-C1-I0041-F00.png,expos,single,512,512,PNG,304548,785c1b843980ee8d4dba1e1644865521b2da3634e9428d1ad9439fe86a685fe7,1,
release/expos/S457681878-GF-A95-EEA-T14-S1-LH-C1-I0017-F00.png,expos,single,512,512,PNG,346943,14d93db27cf5bbd800ac2ff920d939cda2d05c0d828f26ec6465a8fc729211ed,1,
release/expos/S464252649-GM-A60-EEA-T15-S1-LH-C1-I0045-F00.png,expos,single,512,512,PNG,297353,95ea1fc816ae0a68c7aa0d99dd0cc751258a49d967dfa592014e3fd345bfb79d,1,
release/expos/S472012617-GM-A63-EEA-T01-S1-LH-C1-I0014-F00.png,expos,single,512,512,PNG,372290,060f28054c8a854d0acca5db732427dac64ca3eedb86ed7168fbc27bcca60cd8,1,
release/expos/S472012617-GM-A63-EEA-T01-S1-LH-C1-I0022-F00.png,expos,single,512,512,PNG,370925,54290d996ba7e6dca6e97310a450934e074f46577abb8b67293ae6ee578cf05c,1,
release/expos/S475499547-GM-A26-EME-T01-S1-LH-C1-I0029-F00.png,expos,single,512,512,PNG,335020,eb34017d894f82a4b6ccb577f860465ed6051137455acdc6e4984efe6fbe7eb8,1,
release/expos/S477281279-GF-A30-EME-T14-S1-LH-C1-I0058-F00.png,expos,single,512,512,PNG,411586,45d925cc7fa35cb39049163a104c9313dec9a93f4eef6e260ef18aa39f0fb198,1,
release/expos/S480910045-GF-A90-EME-T11-S1-LH-C1-I0003-F00.png,expos,single,512,512,PNG,318251,efef6d3d69daed1df3e4d47586571ff63ad2d41fc2b9c9d01bca2aa058d9849a,1,
release/expos/S482766020-GF-A40-EAS-T15-S1-LH-C1-I0060-F00.png,expos,single,512,512,PNG,327789,d3e332f41bc65f7726039726119f07f1194f695a2ce54fff25054e289b09ae27,1,
release/expos/S493184426-GF-A19-EAF-T00-S1-LH-C1-I0000-F00.png,expos,single,512,512,PNG,316999,3bc549b3487bc6516df0588d7ee30378dd1bc5077b10232b03461586397fff1f,1,
release/expos/S495166625-GF-A58-EAS-T14-S1-LH-C1-I0053-F00.png,expos,single,512,512,PNG,338130,0a699910ce0f3a1b6a07b3b508f45675844e09cc7e76034bf3f5f82bc972ddc0,1,
release/expos/S50180802-GM-A26-EEA-T00-S1-LH-C1-I0055-F00.png,expos,single,512,512,PNG,339372,111a475d9000d8a545a4d3acf3c058448cfa66a3767634bf98ee77ab3bab16af,1,
release/expos/S504201509-GF-A50-EME-T14-S1-LH-C1-I0001-F00.png,expos,single,512,512,PNG,387863,993daaf1afe9b665b29d1247cd9c37a38cc1aeb0b55ba85d7e183ef80427b6f1,1,
release/expos/S506465236-GM-A41-EEA-T00-S1-LH-C1-I0013-F00.png,expos,single,512,512,PNG,386561,3392abfc250f29f44fe39453c85040ed78d2f0ab65b0b48936ff28c62eabcee8,1,
release/expos/S508947155-GF-A84-EAF-T01-S1-LH-C1-I0013-F00.png,expos,single,512,512,PNG,299849,915e2522514de7ea2102d4645750828613403054fb8ce0a11ccdd594feac652c,1,
release/expos/S508947155-GF-A84-EAF-T01-S1-LH-C1-I0030-F00.png,expos,single,512,512,PNG,301580,7f5c043b383423ab3c12abb34d5fd73225e26eccab5e1ef14dd67fc6dd89b9a3,1,
release/expos/S508947155-GF-A84-EAF-T01-S1-LH-C1-I0033-F00.png,expos,single,512,512,PNG,344552,776f6726a11ffde5e0bd71edf1f2a3f237ef90c05994dc7df6607c8bfba41ee6,1,
release/expos/S508947155-GF-A84-EAF-T01-S1-LH-C1-I0054-F00.png,expos,single,512,512,PNG,357407,cf2300b0ba51c88076d4574e608e19c5de4afae0fd247b429cf21c4520dfa76a,1,
release/expos/S510917796-GF-A21-EME-T03-S1-LH-C1-I0042-F00.png,expos,single,512,512,PNG,382870,3b30f7a0e77a24e78fbf9886236e064c888c70336d5af8f3564994cea9bb0563,1,
release/expos/S514677740-GM-A43-EME-T03-S1-LH-C1-I0021-F00.png,expos,single,512,512,PNG,331819,7278553a898d3c68bc7214bde50856bce91d390795c170d37439220aedc7bcaa,1,
release/expos/S51891071-GM-A63-EEA-T03-S1-LH-C1-I0028-F00.png,expos,single,512,512,PNG,370120,99d6ed0942ae6d757c1ad4ff7697527c58fbf0411e6c520ee40d65c190571c28,1,
release/expos/S519335789-GF-A87-EAF-T14-S1-LH-C1-I0012-F00.png,expos,single,512,512,PNG,376571,db0a228834056ff3480b4c5e07e51127ccd35000ddc53524c9a5ccb4f10b5fae,1,
release/expos/S520464077-GF-A50-EEA-T00-S1-LH-C1-I0049-F00.png,expos,single,512,512,PNG,448101,65bd45c49f6d1dc26d9846c31d30323e524c05cfa62a07126fa912a08d4d9c29,1,
release/expos/S520464077-GF-A50-EEA-T00-S1-LH-C1-I0055-F00.png,expos,single,512,512,PNG,386297,bf4f007816e51f3e4e18d957ce0251ea2064933061c0fd91032dee79b1876a31,1,
release/expos/S526642813-GF-A73-EAF-T03-S1-LH-C1-I0033-F00.png,expos,single,512,512,PNG,253603,13d62528c7fe3e7d36794e008d6690c881cc184253a29ac50355e7b6686af1ac,1,
release/expos/S526642813-GF-A73-EAF-T03-S1-LH-C1-I0036-F00.png,expos,single,512,512,PNG,311849,59f7ab95522b1c65a9f410594733437bc972c477f3acc2800f8e43467127cb6d,1,
release/expos/S528079409-GM-A46-EEA-T11-S1-LH-C1-I0009-F00.png,expos,single,512,512,PNG,320435,54366397770a5ca00d2816340f409c12865a28cc985c95efc4f4da0280e5e469,1,
release/expos/S533819468-GM-A53-EIA-T14-S1-LH-C1-I0007-F00.png,expos,single,512,512,PNG,341488,32c21a117fb5e4b4131e1729adcfed7f2696a3dffae126e7eb82236f8f014261,1,
release/expos/S535874367-GF-A18-EEA-T14-S1-LH-C1-I0059-F00.png,expos,single,512,512,PNG,365962,d714d93f308a382b88e71776cbaa905db1c9b7e9bb84cf0eabfd11d4b27b47a6,1,
release/expos/S536119263-GM-A46-EEA-T11-S1-LH-C1-I0063-F00.png,expos,single,512,512,PNG,329427,28a0035196730a472808e89fd4f759f1e7288bd574a191b6d22c4bdc14cb4f73,1,
release/expos/S537195914-GF-A56-EME-T03-S1-LH-C1-I0040-F00.png,expos,single,512,512,PNG,339995,9787ed00e0780bf3f25c1c35b15576abefb782144c35e8e403f5eacc3ce52157,1,
release/expos/S554872844-GF-A81-EIA-T00-S1-LH-C1-I0062-F00.png,expos,single,512,512,PNG,253579,4b61975bc77946eef93fcb5f2416ca670d7691d31bba176bdb0f409de83fff79,1,
release/expos/S557350179-GF-A53-EAS-T03-S1-LH-C1-I0005-F00.png,expos,single,512,512,PNG,334201,589312b12e6d513383a0c00f5b06713601054546646adc08ff2db7ba790e2221,1,
release/expos/S560191384-GF-A51-EEA-T01-S1-LH-C1-I0033-F00.png,expos,single,512,512,PNG,314038,671134841a8867c98a9aae64f39c557cb7b5c44496224f037badedc3a4a98754,1,
release/expos/S561424111-GM-A25-EME-T14-S1-LH-C1-I0010-F00.png,expos,single,512,512,PNG,250747,c0a83919e280786a178723d6d6dff34f048c4bcd014274100938568868e350b2,1,
release/expos/S562599431-GM-A42-EEA-T00-S1-LH-C1-I0036-F00.png,expos,single,512,512,PNG,281720,7d4fc7acf9bf78ab98ad6b8ed183711ea954808c68058dba34f809710f83c577,1,
release/expos/S564127454-GF-A22-EAS-T03-S1-LH-C1-I0009-F00.png,expos,single,512,512,PNG,339682,11bb6efc20dc9a17afa935c652265da8eade55a14fba5815b285f1912a9b4624,1,
release/expos/S567149942-GF-A85-EEA-T00-S1-LH-C1-I0039-F00.png,expos,single,512,512,PNG,298150,a8c08ccd3c06e24000bae448f791e69bf523daa98dfb212d278723ddf75b96dc,1,
release/expos/S567149942-GF-A85-EEA-T00-S1-LH-C1-I0061-F00.png,expos,single,512,512,PNG,250973,1c9b0e36fe7a6deb4552140647ddea7f7c2de28ddcc3ae38df03c723c73d1b29,1,
release/expos/S567565556-GF-A43-EME-T01-S1-LH-C1-I0057-F00.png,expos,single,512,512,PNG,442078,3ee54ab91ff4b915961830f6b41d44d67ff9e63b25b080ca3a826dd3c7668f62,1,
release/expos/S571336030-GM-A48-EIA-T01-S1-LH-C1-I0034-F00.png,expos,single,512,512,PNG,305230,ab191eb1a95a02caa2634835c54425f1ea265d14e6df4f6285baca449d5cb88a,1,
release/expos/S571571794-GM-A57-EEA-T03-S1-LH-C1-I0016-F00.png,expos,single,512,512,PNG,293105,2112157a2f86a4a4049e0075356f906aec5a70edcdde1be7c5ccb6b193445fd7,1,
release/expos/S574280680-GF-A53-EME-T03-S1-LH-C1-I0005-F00.png,expos,single,512,512,PNG,357250,d2b7e1bff046b6b933cccd64cf886d4214e4d2161a1be5e7b2f1427c3f1ef8ac,1,
release/expos/S574761980-GF-A38-EEA-T14-S1-LH-C1-I0044-F00.png,expos,single,512,512,PNG,214810,d50e1c9e200a8b3b72e4f59a800fde54193563ceb89217ab30be919b9ed73e0b,1,
release/expos/S577181289-GF-A97-EME-T00-S1-LH-C1-I0056-F00.png,expos,single,512,512,PNG,348240,c1531977138bba6f40a4f250a726bc596f332d7e2820864bfbd2ef4b022e3e15,1,
release/expos/S578152615-GM-A42-EEA-T03-S1-LH-C1-I0011-F00.png,expos,single,512,512,PNG,291230,957d45e641522e1ba18c697750399c522673b6991ddb61f540334f4a5abb7564,1,
release/expos/S590103000-GF-A47-EEA-T01-S1-LH-C1-I0045-F00.png,expos,single,512,512,PNG,355188,d33bd41309a94f8d0a4d7e19234634c33e33c6cc3b44ad1ea29eb3ab725d4b65,1,
release/expos/S590103000-GF-A47-EEA-T01-S1-LH-C1-I0047-F00.png,expos,single,512,512,PNG,399116,73b8e84407c1baf5971ae5138c88173b6a64174590080111c861058ff55702a8,1,
release/expos/S590103000-GF-A47-EEA-T01-S1-LH-C1-I0056-F00.png,expos,single,512,512,PNG,438445,61ed35f8690d9a0820b6badacf7f648e9b14db5ad7602ceab1f9cb4c03b87a1f,1,
release/expos/S590103000-GF-A47-EEA-T01-S1-LH-C1-I0063-F00.png,expos,single,512,512,PNG,358648,a9fb0498e2c252b74ca5712cb18a5f3a091de4fb8f319ca90b71bc52a7112a16,1,
release/expos/S592147976-GF-A52-EEA-T00-S1-LH-C1-I0049-F00.png,expos,single,512,512,PNG,320489,04217fcba80d433f6e9279f106cb0296340a94629ea2afb05c9fd9553a75db5a,1,
release/expos/S598532466-GM-A87-EME-T14-S1-LH-C1-I0025-F00.png,expos,single,512,512,PNG,294136,f7d2cf38dcfef52c928d5ae3fbbe726e0fb8175f35bd87eef3fff388999a9496,1,
release/expos/S606909976-GF-A59-EEA-T01-S1-LH-C1-I0035-F00.png,expos,single,512,512,PNG,310571,9edf24a155c760f48b2b3622589c5d1846f37dfc939db9855ca9ef1d050b2fd9,1,
release/expos/S616053079-GF-A33-EEA-T00-S1-LH-C1-I0038-F00.png,expos,single,512,512,PNG,382365,ab898f0d3459f735f5feec68a9496b40ec32e1681904e1d026fad11502d8a0b4,1,
release/expos/S616105557-GF-A58-EEA-T11-S1-LH-C1-I0042-F00.png,expos,single,512,512,PNG,257848,a8d7b02f4fd6e2b4a7225b2165b6dde2222bc0baebfa52c20099d959471fb5b7,1,
release/expos/S618974755-GM-A24-EEA-T00-S1-LH-C1-I0045-F00.png,expos,single,512,512,PNG,345117,c73c5f27d197c3f04f883d35390dc0a329862f1b004bfffc0a74397194dcf13e,1,
release/expos/S621920790-GF-A25-EEA-T13-S1-LH-C1-I0005-F00.png,expos,single,512,512,PNG,378118,c125088c7f6224c32948b32c2c327575878eda49a07035caf536ff7736c77c19,1,
release/expos/S622813751-GM-A67-EAF-T01-S1-LH-C1-I0021-F00.png,expos,single,512,512,PNG,326140,ab7debf5fecfbd68088eeba1e063948c761d76cd861565973b8597ac5726f811,1,
release/expos/S62389544-GF-A82-EEA-T14-S1-LH-C1-I0050-F00.png,expos,single,512,512,PNG,258672,5c005ed98bda106edd4d23c852e8c07d8d03bc93a6f85309d5148e38996bc9ce,1,
release/expos/S640440409-GF-A40-EME-T14-S1-LH-C1-I0001-F00.png,expos,single,512,512,PNG,404295,19e67e37a19423bf360f9601fef3c6f149ecd17276e63a30cc593ce2018fda0f,1,
release/expos/S641100116-GM-A97-EEA-T14-S1-LH-C1-I0060-F00.png,expos,single,512,512,PNG,371176,d0523fcbf7ce05bc53cf245ac5fee50c066ec93c68b409e9478660b215f7985a,1,
release/expos/S6470524-GF-A29-EAS-T14-S1-LH-C1-I0059-F00.png,expos,single,512,512,PNG,293457,a6d57fa8a09047943a292f219d49ad21b6c3a1bf57820740ac7c9eb130e8c331,1,
release/expos/S647458820-GF-A61-EAF-T03-S1-LH-C1-I0003-F00.png,expos,single,512,512,PNG,422300,771669b72730e58c69ce4cdd8390e078bc68789a1756a185f65133ac7552a28a,1,
release/expos/S653507002-GM-A51-EME-T03-S1-LH-C1-I0023-F00.png,expos,single,512,512,PNG,350233,52dea55e7328ddd8436864ee68f6eb837d8beb5ff0edfa8983285a8058f2b0fb,1,
release/expos/S653507002-GM-A51-EME-T03-S1-LH-C1-I0063-F00.png,expos,single,512,512,PNG,385237,00dc40eb21fa3dc2c2e4b508d12e9169db56f27fc3c01009ac7e11a469a93e37,1,
release/expos/S664246838-GF-A21-EEA-T11-S1-LH-C1-I0004-F00.png,expos,single,512,512,PNG,417529,2a820b53620d3e89839959c941a273e92f4871ce8829c73862832168cffbfad2,1,
release/expos/S664246838-GF-A21-EEA-T11-S1-LH-C1-I0019-F00.png,expos,single,512,512,PNG,350656,c61e30a02bb0ddb4641a226283ca438e45f56067f9e77872639bccafa0f7dec2,1,
release/expos/S664545006-GF-A28-EIA-T14-S1-LH-C1-I0033-F00.png,expos,single,512,512,PNG,309226,88733a44fc4679c51f3f80e54c19ff0b3846b43ad39cf9d4d6c060c27b8a30b1,1,
release/expos/S669973447-GM-A20-EEA-T00-S1-LH-C1-I0000-F00.png,expos,single,512,512,PNG,304928,8a2a3670373333a8246cd067bf41f6befcac7adc6f1c5eb094c5f073cc8e384b,1,
release/expos/S669973447-GM-A20-EEA-T00-S1-LH-C1-I0016-F00.png,expos,single,512,512,PNG,321108,094ad0569ca4ddbc918bec0829cfc492a49ec1a366b63762be231cca68cb633a,1,
release/expos/S670711149-GF-A47-EEA-T00-S1-LH-C1-I0025-F00.png,expos,single,512,512,PNG,292690,1cdecda18bf1d886abc10603036205d1531eeab5ee10f22b564fbccb462247ca,1,
release/expos/S673442144-GF-A53-EEA-T01-S1-LH-C1-I0002-F00.png,expos,single,512,512,PNG,355802,0988f14238a07c0779a695204c2ec4184ddcb27d56403f297a88a740bc0de064,1,
release/expos/S673442144-GF-A53-EEA-T01-S1-LH-C1-I0003-F00.png,expos,single,512,512,PNG,345135,8974a0cf9e43c9179040181e739754385b051fd4abaa6b2f663758550868e4b1,1,
release/expos/S673442144-GF-A53-EEA-T01-S1-LH-C1-I0013-F00.png,expos,single,512,512,PNG,300806,156b2916e8b42058c7a862764b183588281ab063ec3f17ea6c463851aeaa08f0,1,
release/expos/S673442144-GF-A53-EEA-T01-S1-LH-C1-I0023-F00.png,expos,single,512,512,PNG,349792,7d9ebba394b59b3a5ebca089664e7b4576e1f3e6bf0d324b63279ca1132ac6af,1,
release/expos/S673442144-GF-A53-EEA-T01-S1-LH-C1-I0028-F00.png,expos,single,512,512,PNG,331793,12ef532c81fdb6c8f1334d15d1e737193d61a04ed82fa6f31770582af9facade,1,
release/expos/S673442144-GF-A53-EEA-T01-S1-LH-C1-I0034-F00.png,expos,single,512,512,PNG,314489,230af801eb23f22e5bc8b6a0fc8fe2205f492a6af7a05aec1c4d0e9a8bc0c513,1,
release/expos/S673442144-GF-A53-EEA-T01-S1-LH-C1-I0035-F00.png,expos,single,512,512,PNG,373934,339a14e18fa407740648096a46e999300dca0d1b72ed71e595906582371bfcd7,1,
release/expos/S673442144-GF-A53-EEA-T01-S1-LH-C1-I0044-F00.png,expos,single,512,512,PNG,343506,403543b032207040ee513e5b87b4ef56924bbb86265afdcd638e5ad117fdd16b,1,
release/expos/S673442144-GF-A53-EEA-T01-S1-LH-C1-I0049-F00.png,expos,single,512,512,PNG,377185,260fcee98f25978d0cfb9b02a5cf6fcdd4d98bdc5c02e14833e6750479ca1c54,1,
release/expos/S673442144-GF-A53-EEA-T01-S1-LH-C1-I0056-F00.png,expos,single,512,512,PNG,323345,6a74b6c2926417d3f30762ea8907ec2cbcb1dcba88cee0b839d7c4e80e9036ce,1,
release/expos/S677155548-GF-A53-EME-T01-S1-LH-C1-I0011-F00.png,expos,single,512,512,PNG,365059,67b14414ab4a5ace146ab10783398689db5b14ce8e681890aedd973c19af4447,1,
release/expos/S678466862-GF-A62-EEA-T03-S1-LH-C1-I0047-F00.png,expos,single,512,512,PNG,362728,808899080dc87333737d60e47805308103a7b1d8dc96d9b0f0d6a12e74cdb581,1,
release/expos/S682364157-GF-A18-EIA-T03-S1-LH-C1-I0012-F00.png,expos,single,512,512,PNG,339623,a7024d94d1485895a79d6138928e2919a10fc29bec9406f19bcbfe856408a697,1,
release/expos/S683688917-GF-A31-EIA-T03-S1-LH-C1-I0021-F00.png,expos,single,512,512,PNG,306383,76a8c7074d74c4927ce55a50a40e458bd2ad90f4fe5683d4e7e60bd9e01e8b1d,1,
release/expos/S691494836-GM-A85-EIA-T11-S1-LH-C1-I0037-F00.png,expos,single,512,512,PNG,317161,a966449838e2f3724d470be9de10da67639a94f27adf518b7ed210ac093a0af1,1,
release/expos/S691842297-GM-A47-EME-T14-S1-LH-C1-I0022-F00.png,expos,single,512,512,PNG,363669,50e9cdcae8313449d05bbac3b69dac742053324ef458fdb49f1078c03a8d8e44,1,
release/expos/S700139260-GF-A56-EEA-T15-S1-LH-C1-I0053-F00.png,expos,single,512,512,PNG,322985,b3e4d2bac0b6e8134c7ec2f93953a303abab1f06334ed3f5db4dae0470129717,1,
release/expos/S700907495-GM-A91-EME-T01-S1-LH-C1-I0006-F00.png,expos,single,512,512,PNG,328532,8a0001beed3a9964d744b19af4f9eaf8d691e917c2be00776420b726b4299616,1,
release/expos/S708639364-GM-A59-EEA-T00-S1-LH-C1-I0042-F00.png,expos,single,512,512,PNG,397519,f88fd1a2a30859e38a134ae912d64796d25eb1be6d1dda1cf25be80d4e2a32f9,1,
release/expos/S710623010-GF-A75-EME-T01-S1-LH-C1-I0051-F00.png,expos,single,512,512,PNG,307245,5234bd36b81c0410b3e4332960dc7730a0bbefac9d74598d3922c04dd74923e3,1,
release/expos/S720555455-GF-A90-EAS-T14-S1-LH-C1-I0024-F00.png,expos,single,512,512,PNG,266891,f492ed50b5ffd184216cb754d544f013cd1ff14fb15fb26604b68b893a9cf5ef,1,
release/expos/S721709390-GF-A24-EME-T00-S1-LH-C1-I0000-F00.png,expos,single,512,512,PNG,228372,df2810584ac7e20f4cceeebbacebbb6a4e74c7bb534b512b0672a1f91ac1798d,1,
release/expos/S723966293-GM-A27-EEA-T03-S1-LH-C1-I0044-F00.png,expos,single,512,512,PNG,341606,82fe9bf0c0baf43cfe99aaab162162160a2a4c2673a6f8b0a423beb18cebdfa5,1,
release/expos/S726037773-GF-A57-EEA-T15-S1-LH-C1-I0030-F00.png,expos,single,512,512,PNG,359785,9d644f9fb205d6e57faf95ed513d73eeb73baf6dd2109963bc53a02793a3c2e8,1,
release/expos/S726037773-GF-A57-EEA-T15-S1-LH-C1-I0031-F00.png,expos,single,512,512,PNG,359689,f238d93f6c93cc9cfacebd58951f210160acae8c1e92f7ee56fa96af84eec99c,1,
release/expos/S727226600-GM-A33-EAS-T03-S1-LH-C1-I0035-F00.png,expos,single,512,512,PNG,301969,b91e2226ce1a04931c80764f2cbb8037b76d48e0704c25661c5eae53c4f2f37b,1,
release/expos/S727226600-GM-A33-EAS-T03-S1-LH-C1-I0053-F00.png,expos,single,512,512,PNG,262264,b9c3f09414adfa57c9e88a3802efa1186b15eeda173c3e0e9e5ebdd5309c3cfd,1,
release/expos/S735235858-GF-A76-EEA-T03-S1-LH-C1-I0045-F00.png,expos,single,512,512,PNG,284907,781752f8c65029f7391b9f5af54b4ca5c2a6e75a4aff0ba43a2dc8682cc00268,1,
release/expos/S741955884-GF-A71-EEA-T14-S1-LH-C1-I0057-F00.png,expos,single,512,512,PNG,313293,b4a9e2cec372379e7154af63ccf64da6fb13b476b047f93a6b3436f72554a053,1,
release/expos/S74441691-GF-A84-EIA-T13-S1-LH-C1-I0061-F00.png,expos,single,512,512,PNG,321837,5458cd6edcad8af25790ced215e7eb221c377e658464814044b09b5f96249d02,1,
release/expos/S744766748-GM-A69-EEA-T01-S1-LH-C1-I0008-F00.png,expos,single,512,512,PNG,375300,c48876d6dc87de457473fa39a94fce7eef0ed306f8f4cc12ac603bd63cb3ffd4,1,
release/expos/S752785476-GF-A66-EEA-T00-S1-LH-C1-I0010-F00.png,expos,single,512,512,PNG,362309,976129c4bd2a0ff7ce4b101909f184e59ac52252a92916cc7fdcd2b9a173c66b,1,
release/expos/S755595872-GF-A36-EME-T03-S1-LH-C1-I0000-F00.png,expos,single,512,512,PNG,324649,ae2e5a6b044dde93f99469663c92646cfe814caf4401ac59731eed47e6352d02,1,
release/expos/S760022445-GF-A45-EEA-T03-S1-LH-C1-I0032-F00.png,expos,single,512,512,PNG,396296,02005fdedd6c7276a18b16fbaa09cefec056dfb16920d12a349bed794b7df8a9,1,
release/expos/S766916408-GM-A23-EME-T14-S1-LH-C1-I0040-F00.png,expos,single,512,512,PNG,319803,0d2d9f7e77956bafeada8e91dd315ad947cfa64bcdc39fe62faca1d69089107c,1,
release/expos/S778523462-GF-A44-EIA-T14-S1-LH-C1-I0042-F00.png,expos,single,512,512,PNG,361097,f1055966aa53337feb617e99961940d73524d3180526434a8461caad88416901,1,
release/expos/S780045574-GF-A98-EAF-T14-S1-LH-C1-I0030-F00.png,expos,single,512,512,PNG,327727,6256d73821c6b3b10c5e4314b2cf69fc5c1231617199008c38d9de2310dcb6e8,1,
release/expos/S780124184-GF-A64-EME-T01-S1-LH-C1-I0042-F00.png,expos,single,512,512,PNG,335250,faa3e2a64033d91472f014e349e92b66f6cf38fd952b836c5537f97cfe0442c8,1,
release/expos/S786321386-GM-A32-EME-T00-S1-LH-C1-I0051-F00.png,expos,single,512,512,PNG,367788,4d4500930c5349ffabddfc39fc490bd4e1e0ef29b329290c048a4d35860364cf,1,
release/expos/S788462400-GM-A77-EEA-T14-S1-LH-C1-I0022-F00.png,expos,single,512,512,PNG,334398,954a146c834ecf0c741104f7ccc0070087cda949a66cee35cc815f933e2b331a,1,
release/expos/S79333356-GF-A59-EEA-T03-S1-LH-C1-I0057-F00.png,expos,single,512,512,PNG,367545,62e6ec0dc7520941814018193e09439c422c571677b7bd5a2ac0d4958db9684c,1,
release/expos/S795622045-GM-A49-EEA-T03-S1-LH-C1-I0033-F00.png,expos,single,512,512,PNG,270150,2c272fba1c1a778b2b75f081fc5153b4a31e24d1a14fb0bb7a92a3e383c8e4c5,1,
release/expos/S798606872-GF-A37-EME-T15-S1-LH-C1-I0028-F00.png,expos,single,512,512,PNG,374106,2537a92f18f7b1cbbf0e97cde529748830b6994572ab00639e288067e9ea9d8e,1,
release/expos/S804626448-GF-A39-EME-T01-S1-LH-C1-I0049-F00.png,expos,single,512,512,PNG,349878,db607426c223ce2b35aba4f297a01e505b2fc4cdbb4bfe0a54aeef2a9fe9b6cf,1,
release/expos/S806692215-GM-A67-EEA-T01-S1-LH-C1-I0022-F00.png,expos,single,512,512,PNG,267898,5610c4f6967d059dd3a5ff40b2338df8b6a9627cb5ce6ff68483ff7d7615e67c,1,
release/expos/S806692215-GM-A67-EEA-T01-S1-LH-C1-I0043-F00.png,expos,single,512,512,PNG,287854,df45847e5e43f1abb760dde47477e341051ae8804648db968e97b8dc14c87b74,1,
release/expos/S808755818-GM-A40-EEA-T00-S1-LH-C1-I0059-F00.png,expos,single,512,512,PNG,259704,5fa9b8f7f4e9a68dc89ab87820f839c12e6d78786d29ba8d67b9f817dc672d16,1,
release/expos/S816836927-GF-A61-EAS-T00-S1-LH-C1-I0031-F00.png,expos,single,512,512,PNG,330627,e4e5dc7a27f2de863e98ca34c12619bf586e3f904423387c741a49fc34227064,1,
release/expos/S824192626-GF-A59-EIA-T14-S1-LH-C1-I0014-F00.png,expos,single,512,512,PNG,273394,f8aec12cdfd404c70b56e37b0db82506af4f978daa758565fc60ff4223b95fee,1,
release/expos/S825431925-GF-A77-EAF-T00-S1-LH-C1-I0000-F00.png,expos,single,512,512,PNG,264819,3d8e6b3d10879186c3f753746978d162dbd27dad4683cfe84265c2eeaba1a580,1,
release/expos/S825833733-GF-A82-EEA-T14-S1-LH-C1-I0004-F00.png,expos,single,512,512,PNG,348442,65298d1b4f6fd8f196283808ff685b3fee31a87b43830471267b3eaa77ed1379,1,
release/expos/S825833733-GF-A82-EEA-T14-S1-LH-C1-I0012-F00.png,expos,single,512,512,PNG,296905,25d5d8b8f743daf52964fcd3583bbd1c3ff962ba91192bb0764ac94d4ed13fe0,1,
release/expos/S825833733-GF-A82-EEA-T14-S1-LH-C1-I0022-F00.png,expos,single,512,512,PNG,329962,5b63bcc080b697b9cabe7e889b6e7a9fc70cb7f5b486352fc92e84f1d15df2d8,1,
release/expos/S825833733-GF-A82-EEA-T14-S1-LH-C1-I0028-F00.png,expos,single,512,512,PNG,346402,60e84fd8bf2daad96bf91951093131996b35671162416855cc7345b15e9a3612,1,
release/expos/S835364261-GM-A45-EAS-T03-S1-LH-C1-I0032-F00.png,expos,single,512,512,PNG,270995,69123e5b2c49e8b799eb582d065b7aa33f843a3c1a20c362657f10419a125a52,1,
release/expos/S838732855-GF-A26-EEA-T03-S1-LH-C1-I0010-F00.png,expos,single,512,512,PNG,364535,320c171a2a855b3b692a934d888a7bde77d1f903fe345fe65b3ce17cbe9368bb,1,
release/expos/S844573168-GM-A70-EEA-T00-S1-LH-C1-I0061-F00.png,expos,single,512,512,PNG,266821,cc7cfd47aba15c2417c73b3380a8327f6e2e3ac5453197992ebe75f2bb07d363,1,
release/expos/S844761652-GF-A54-EAF-T03-S1-LH-C1-I0008-F00.png,expos,single,512,512,PNG,393446,b73420bbe3241d4fd4d17d989341356e55869d8fc402796b5960f1d851f3cd47,1,
release/expos/S851010322-GM-A30-EEA-T03-S1-LH-C1-I0061-F00.png,expos,single,512,512,PNG,303685,e5fed8bd37cdefb5139cae2a53bbcf3aec20e9804932270ae6f0634ccf97cfe9,1,
release/expos/S85153826-GM-A28-EEA-T03-S1-LH-C1-I0011-F00.png,expos,single,512,512,PNG,300846,ed3f0ef644f551cc83ae12585cd5b9b65c75a35c58613cd4a8cf571b8f841eeb,1,
release/expos/S861590567-GF-A45-EIA-T03-S1-LH-C1-I0062-F00.png,expos,single,512,512,PNG,328809,9770255c1feafebdab9b61c06c9614d295ed0625a3ef809641c925ff3825a3c9,1,
release/expos/S86418004-GF-A49-EEA-T10-S1-LH-C1-I0000-F00.png,expos,single,512,512,PNG,347356,56f91dea8bead5310a80800de7e4eb9b1cac096a29c1e9c936910597daf0d29c,1,
release/expos/S871196184-GF-A27-EAF-T14-S1-LH-C1-I0028-F00.png,expos,single,512,512,PNG,274014,9567ba9304ec82b57c8ad0ac8d2eb1e16dbf1f4adcf320484624ad837be5acb7,1,
release/expos/S872849899-GF-A30-EEA-T03-S1-LH-C1-I0004-F00.png,expos,single,512,512,PNG,399254,cde5ab4f5cf7c09f723b5591ede20cab1e6d41204a05f2bb0f9618c64c263790,1,
release/expos/S881124278-GF-A51-EAS-T14-S1-LH-C1-I0059-F00.png,expos,single,512,512,PNG,357201,2b5923ba6720bbe161d8eebe93b0c183eebeaa1063a47e2f8274dcbd0aabf761,1,
release/expos/S882917275-GF-A60-EME-T01-S1-LH-C1-I0038-F00.png,expos,single,512,512,PNG,355213,531a5d0b957ca5d7f34393f080ac22d91befb913190eca180e11e20d9a0e2837,1,
release/expos/S883374229-GF-A54-EEA-T14-S1-LH-C1-I0006-F00.png,expos,single,512,512,PNG,329920,d2227621a0a3f616debd22085386e1f1c47c1cc8554501497bed19a402355916,1,
release/expos/S883374229-GF-A54-EEA-T14-S1-LH-C1-I0019-F00.png,expos,single,512,512,PNG,334456,fd0eaa6b0de2c4c9029069279d92ef7992cf2a9070f51f318c16fe8a6d800662,1,
release/expos/S883374229-GF-A54-EEA-T14-S1-LH-C1-I0021-F00.png,expos,single,512,512,PNG,382183,305b6ae67131496a203c69458ab80d950896451eba53c5704ac114a736d9f49e,1,
release/expos/S883374229-GF-A54-EEA-T14-S1-LH-C1-I0038-F00.png,expos,single,512,512,PNG,321262,c7911314279cd0695cc6244bbe465ebd2bd28cfc07036ddc5fd234d9261e369e,1,
release/expos/S883374229-GF-A54-EEA-T14-S1-LH-C1-I0039-F00.png,expos,single,512,512,PNG,350523,697394354493cbb40648300e07bc3734224e34edba16ce35313fa3d9cd0bdbdc,1,
release/expos/S883374229-GF-A54-EEA-T14-S1-LH-C1-I0040-F00.png,expos,single,512,512,PNG,346763,aa24c4a1e355462eddd6096422e592be521a10db83cee42ecd87780f75578b4a,1,
release/expos/S883374229-GF-A54-EEA-T14-S1-LH-C1-I0041-F00.png,expos,single,512,512,PNG,332730,70eaab2f505d1b8ea8568b3462adb71f8486f50e52dd4b42486b5454b0f9cebe,1,
release/expos/S883374229-GF-A54-EEA-T14-S1-LH-C1-I0059-F00.png,expos,single,512,512,PNG,315829,149ab37e7d8c6f816d2706b571b4424edce4981897c7a5df43a6c03023565628,1,
release/expos/S883374229-GF-A54-EEA-T14-S1-LH-C1-I0062-F00.png,expos,single,512,512,PNG,347066,ec3d4f14d0050f44ccde755d9c34e4f631ce16ec2da5dd1fd3e77ade176c9060,1,
release/expos/S892006153-GF-A74-EAF-T14-S1-LH-C1-I0020-F00.png,expos,single,512,512,PNG,311110,de132f14fb020aac215b794dfd415b8ff148c7a99d1ad2f3b39c8ad2c83ecbf5,1,
release/expos/S894840102-GN-A69-EAF-T00-S1-LH-C1-I0056-F00.png,expos,single,512,512,PNG,343588,95cddc2bcdb971c8cc4e6e2b7a04e542f782c2df209f7ef259c35d59cd6ac258,1,
release/expos/S895967637-GM-A28-EEA-T01-S1-LH-C1-I0005-F00.png,expos,single,512,512,PNG,332221,a92113a459032538c22e255156ce5a9387e9be6a52da28f24d3f16aba64bd50b,1,
release/expos/S897329683-GF-A41-EEA-T11-S1-LH-C1-I0040-F00.png,expos,single,512,512,PNG,329081,ac8ed7155804c7ac2f195f4f34015847c8a0c68d9fba62a0df96eae31f51eb18,1,
release/expos/S906953625-GF-A53-EEA-T01-S1-LH-C1-I0001-F00.png,expos,single,512,512,PNG,267404,8bfccae7a964720e7cd26dbbc7b13fc89facac0a876113a4b15b70c0e21bb010,1,
release/expos/S9176807-GM-A21-EEA-T03-S1-LH-C1-I0024-F00.png,expos,single,512,512,PNG,289431,747be0f2cf15537a39bf2662bf9a91190bb2afc80fab582d5162dcfea601105c,1,
release/expos/S921833550-GM-A28-EEA-T14-S1-LH-C1-I0000-F00.png,expos,single,512,512,PNG,257419,c4e82fb5c62209284d9ca82312c8d7ac63caa9c0ce17c950c80f8d29b89d217b,1,
release/expos/S924724708-GF-A48-EEA-T14-S1-LH-C1-I0053-F00.png,expos,single,512,512,PNG,399674,c4f2aa4effb2a76eac8a512667b8e16f14b21883874587ef6870d588574732c7,1,
release/expos/S926047332-GM-A22-EME-T14-S1-LH-C1-I0038-F00.png,expos,single,512,512,PNG,283864,7f488a093d4ae4cbfea9c857e091f91031c90eeafe0e5281b9487f3ad25b7ca3,1,
release/expos/S926047332-GM-A22-EME-T14-S1-LH-C1-I0039-F00.png,expos,single,512,512,PNG,257167,6203bab3b3882df5780294ea578d67820623b8fb50b06ebd636f486803828d9a,1,
release/expos/S931374402-GM-A20-EAF-T14-S1-LH-C1-I0003-F00.png,expos,single,512,512,PNG,332317,9b5d0a231e8a0b01353391904baa10dd8fbd0d7db9470e28755965eb34e8e801,1,
release/expos/S931374402-GM-A20-EAF-T14-S1-LH-C1-I0013-F00.png,expos,single,512,512,PNG,332038,1449f36fbb81108a17e5329d609df67316137923af9a6f8b85f86073633a1e6c,1,
release/expos/S932980426-GM-A79-EME-T14-S1-LH-C1-I0010-F00.png,expos,single,512,512,PNG,256580,52804230d4b47c4c24014960b0ae7b116d624cdd29c142d5ca52d828dda16195,1,
release/expos/S932980426-GM-A79-EME-T14-S1-LH-C1-I0014-F00.png,expos,single,512,512,PNG,374518,fdd66853410fda1e4bd6e011aad098539b18d0e84d1071dbf059b740aed92bae,1,
release/expos/S932980426-GM-A79-EME-T14-S1-LH-C1-I0032-F00.png,expos,single,512,512,PNG,248538,50038b4c60cb8b87c099a42e883c733a94e3e2f9637ea88774adf99615287e2d,1,
release/expos/S932980426-GM-A79-EME-T14-S1-LH-C1-I0054-F00.png,expos,single,512,512,PNG,314969,df6ad92667fb7f3fde72462b94bba135f24be3078d8960299c88e07f15df93be,1,
release/expos/S936982627-GM-A77-EEA-T01-S1-LH-C1-I0040-F00.png,expos,single,512,512,PNG,271920,ae6a7f8e5e050f349c69995c3718fbccf096512abb82a5e875b01bf1eb5c77d4,1,
release/expos/S94290629-GF-A23-EAF-T14-S1-LH-C1-I0030-F00.png,expos,single,512,512,PNG,414998,0253c7bf6b6114edac16f875200490dacd2bb08f4b604d98699b5941a1b615c8,1,
release/expos/S94888726-GM-A26-EME-T03-S1-LH-C1-I0049-F00.png,expos,single,512,512,PNG,252467,ec47df90944932b559f6cd0fba6af9a38606543ecb0f9d828424d1cc167e3f58,1,
release/expos/S954227485-GF-A55-EME-T00-S1-LH-C1-I0054-F00.png,expos,single,512,512,PNG,426259,2cab3d5d1b37687070462528b201a68a9c579ef46a6d9bda642b1e837fdad985,1,
release/expos/S955490819-GM-A25-EAF-T14-S1-LH-C1-I0009-F00.png,expos,single,512,512,PNG,301081,2a35a28fcc13663e48a3473449a66c817118beaa760fe6ca478038179033c3cc,1,
release/expos/S956718444-GF-A38-EAS-T14-S1-LH-C1-I0018-F00.png,expos,single,512,512,PNG,268066,2435dcacbcfe26a9a44bb982b8df32db9eb75332fd144ddb1b78ae0a2c01b965,1,
release/expos/S95924864-GM-A18-EEA-T14-S1-LH-C1-I0017-F00.png,expos,single,512,512,PNG,328809,651a01aa81ffff31c625caae465bd2b53f258cf17394bde0575fd4163de6387b,1,
release/expos/S95924864-GM-A18-EEA-T14-S1-LH-C1-I0029-F00.png,expos,single,512,512,PNG,363969,802b03b8adb39516c3267ea9bf731df239bc0b019c393b6eee9bcb4431cd3a43,1,
release/expos/S959317588-GM-A42-EAS-T00-S1-LH-C1-I0008-F00.png,expos,single,512,512,PNG,367342,ef2c7bd352946b818f70f78059aef8d836bcd861050e72c604de8184aabc913f,1,
release/expos/S959317588-GM-A42-EAS-T00-S1-LH-C1-I0054-F00.png,expos,single,512,512,PNG,284834,239dac596cc12b9a5a7bf14e1b3acee010b7942a1fbbd35e522b57952d378466,1,
release/expos/S962503135-GF-A84-EEA-T14-S1-LH-C1-I0013-F00.png,expos,single,512,512,PNG,369560,81676db19e7172fe2d20c8115a75ce3add8e06244cfb39dff72c73d445097657,1,
release/expos/S966499612-GM-A36-EEA-T14-S1-LH-C1-I0024-F00.png,expos,single,512,512,PNG,346105,6a41c8f045084a1eec2a0f123b021baa96dcfa3523cf63622bfd50ed1c93d636,1,
release/expos/S970888949-GF-A57-EEA-T15-S1-LH-C1-I0038-F00.png,expos,single,512,512,PNG,350320,c26fea7f5c2462574750ee3feddf9de6c6034ef74e7a9e518ddc53873701d80b,1,
release/expos/S976538751-GM-A19-EAF-T14-S1-LH-C1-I0007-F00.png,expos,single,512,512,PNG,300843,bbe9b8592cdeaa2505492a250c5e72f3fe9492a57ae8e40f907dd33d0965978d,1,
release/expos/S976538751-GM-A19-EAF-T14-S1-LH-C1-I0042-F00.png,expos,single,512,512,PNG,316384,8dbfb8042076bcb54d5a3c513303fe1e24c970e7ea24ce69abefac85c3d6925d,1,
release/expos/S978873421-GF-A64-EEA-T01-S1-LH-C1-I0000-F00.png,expos,single,512,512,PNG,263035,0998aaa1e9d6402047003e5be6c15a0e80747065d15a73934c41f660ffff0c56,1,
release/expos/S980654402-GF-A53-EEA-T14-S1-LH-C1-I0004-F00.png,expos,single,512,512,PNG,241461,814ee55327b87890bf311b22328e01ab7adf84be700780a95ffdd18a6503b782,1,
release/expos/S982128636-GM-A71-EME-T01-S1-LH-C1-I0008-F00.png,expos,single,512,512,PNG,400845,92aacd1fd45a10107b89dc16310133d85af0ab678e0275a6555d1f2747968e03,1,
release/expos/S982227952-GM-A31-EEA-T00-S1-LH-C1-I0051-F00.png,expos,single,512,512,PNG,281705,ba00fc639448f4c697f206e8523cd7e292240159eb3009ee6e0dffa6314cd2f1,1,
release/expos/S98643087-GF-A34-EIA-T10-S1-LH-C1-I0042-F00.png,expos,single,512,512,PNG,354485,1f1dd7f0717bc836ea0ad6fcee27f21ffd5bc4f86de27912639ec70363fa54aa,1,
release/expos/S987384432-GF-A95-EME-T01-S1-LH-C1-I0003-F00.png,expos,single,512,512,PNG,274489,258f6b45fcc7c06c45d0be6e28134e909bdf152d164975ad0202e99cef394b09,1,
release/la_1/S108161842-GM-A52-EEA-T11-S1-LH-C1-I0007-F00.png,la_1,single,512,512,PNG,347582,277f9a09ed55944c12c522ca612e5e5ceb3d27b80cf1a482b2d84e68d334e8a1,1,
release/la_1/S113923411-GF-A35-EEA-T14-S1-LH-C1-I0048-F00.png,la_1,single,512,512,PNG,296471,a13fc1fb559e100bea3d05518defc421affac9ffbe47c9411deeb4933348bd9e,1,
release/la_1/S115293589-GF-A67-EME-T01-S1-LH-C1-I0030-F00.png,la_1,single,512,512,PNG,377038,9e6b054fc974e715129fc5083f25af13a64815ef5c545f3030ebf483a78b71e3,1,
release/la_1/S115379105-GF-A98-EEA-T14-S1-LH-C1-I0044-F00.png,la_1,single,512,512,PNG,350811,b842fc182f323027e73b1b68b594caf167fabbe6e24fb0ff9ef709fdf01b734c,1,
release/la_1/S116651325-GM-A28-EEA-T13-S1-LH-C1-I0056-F00.png,la_1,single,512,512,PNG,352575,a7e0eb24799ff75c0505134790ff0ac2c98213b24ec05e7fd8a97fcaba9e5e10,1,
release/la_1/S120660598-GM-A33-EEA-T00-S1-LH-C1-I0034-F00.png,la_1,single,512,512,PNG,346197,2dac26e6e61960131a98386767b4cc7f5a9d2f0193418eb085c0a78f1b3959c1,1,
release/la_1/S121566497-GF-A32-EEA-T14-S1-LH-C1-I0036-F00.png,la_1,single,512,512,PNG,399006,6a6b153b4376e150a81fab7ede7360f8c9b6427bcc9859b29951dd2876be0ba5,1,
release/la_1/S121714872-GF-A34-EAF-T03-S1-LH-C1-I0053-F00.png,la_1,single,512,512,PNG,350422,2fcf8120018b84d26b4bab9b1c8fe48c5f4f03dfd1d10fc692ec04610088a6a4,1,
release/la_1/S124298498-GM-A91-EEA-T14-S1-LH-C1-I0034-F00.png,la_1,single,512,512,PNG,348632,9d5bbd2f3ddc14124bdbd7c06c376fe43c7d46e534513a6f625f932251a46baa,1,
release/la_1/S130186036-GF-A82-EEA-T01-S1-LH-C1-I0007-F00.png,la_1,single,512,512,PNG,356954,753e05ed8d4537f2f5f4ee2a027542c475c7ec61f91defd51df8926309f9f169,1,
release/la_1/S137547030-GF-A76-EEA-T01-S1-LH-C1-I0045-F00.png,la_1,single,512,512,PNG,362075,1adaee66d1b5d91687bd7a3f710f1532cb89eb1f408380f6c4babb72086bbcb1,1,
release/la_1/S138993008-GF-A66-EAF-T00-S1-LH-C1-I0035-F00.png,la_1,single,512,512,PNG,319064,42ceb003aaa861e8011e5dbe90c4aa5bfe518c3ac99477e367883e56d229d1b1,1,
release/la_1/S14964507-GF-A29-EEA-T00-S1-LH-C1-I0028-F00.png,la_1,single,512,512,PNG,358405,0db7bedfadab678bb6aeb5c41646cea940dfd46130c4a8a9aa2b278f1af40bd6,1,
release/la_1/S14964507-GF-A29-EEA-T00-S1-LH-C1-I0052-F00.png,la_1,single,512,512,PNG,378243,ca3586bda3555319fe8050c344cbc56319abe84f008f283837a0833c1bef7b92,1,
release/la_1/S150094415-GF-A53-EME-T10-S1-LH-C1-I0055-F00.png,la_1,single,512,512,PNG,350603,9cec1e8b976f95c423fd142a71cf9256e9ae95274210a756ed64c9a0e0302370,1,
release/la_1/S152846480-GF-A30-EEA-T03-S1-LH-C1-I0000-F00.png,la_1,single,512,512,PNG,390786,51e8eb0939bb8229a86ff2230ae4a87d46d2443e38600fd4f5cefbdf5413889c,1,
release/la_1/S152846480-GF-A30-EEA-T03-S1-LH-C1-I0050-F00.png,la_1,single,512,512,PNG,388266,0808fbb2cc68b5d78dd75c89d1d81a012802ab215370b3f3b59c9ee55e6f8386,1,
release/la_1/S152846480-GF-A30-EEA-T03-S1-LH-C1-I0059-F00.png,la_1,single,512,512,PNG,380812,b216dde8ddedb0f1869d60a296471b5ecfcdf7780b819d0331cf3f039d363b9a,1,
release/la_1/S16008476-GF-A92-EEA-T11-S1-LH-C1-I0061-F00.png,la_1,single,512,512,PNG,382203,ca8030b7a59bd06f532e3bf6b38e080d9a2bfae4c8ba835ca65199cb187d4052,1,
release/la_1/S164577361-GF-A44-EEA-T01-S1-LH-C1-I0030-F00.png,la_1,single,512,512,PNG,392646,a995432e58d21faf6e39a53a6716b759bd1a13059ee237a7c66eeb99ec35ad04,1,
release/la_1/S165380664-GM-A31-EIA-T01-S1-LH-C1-I0002-F00.png,la_1,single,512,512,PNG,292900,0adff284beef351d02d792c59de4e1f484ed8e52de19663a52681b3336650aad,1,
release/la_1/S16643293-GF-A66-EEA-T15-S1-LH-C1-I0043-F00.png,la_1,single,512,512,PNG,351576,fca69df5259f156a5f9f33feda17403902ea5aa8c9dd8e7c6e495eaadb291c1d,1,
release/la_1/S166658587-GM-A81-EEA-T03-S1-LH-C1-I0060-F00.png,la_1,single,512,512,PNG,297686,432fdd2d46a91316e9b78d303ccdf06d2615dcf0ac1e5b5b9d747ac904598016,1,
release/la_1/S169208368-GM-A35-EME-T14-S1-LH-C1-I0016-F00.png,la_1,single,512,512,PNG,390743,fdbb546a1f1d28b72b63ba634e1ccdf1e7375b89dbe0a968ba0dc4e1bbdd2849,1,
release/la_1/S169208368-GM-A35-EME-T14-S1-LH-C1-I0054-F00.png,la_1,single,512,512,PNG,387318,c5705ae7b5fdb00ed844900e5ab264278a01d1d053dd458e012ce8e406f2a720,1,
release/la_1/S179125778-GM-A37-EME-T01-S1-LH-C1-I0055-F00.png,la_1,single,512,512,PNG,299731,e25083ffdf16e7bb5dd424949e6b9b18d50e8bc30c4d3a7d402b6151aa56a529,1,
release/la_1/S179182026-GM-A47-EEA-T11-S1-LH-C1-I0029-F00.png,la_1,single,512,512,PNG,370316,6b5985f532dbe6064c42472696ff9c035e74022aacae80f9dbaa4cf52473182b,1,
release/la_1/S179182026-GM-A47-EEA-T11-S1-LH-C1-I0041-F00.png,la_1,single,512,512,PNG,361167,c90d5ec2ee730fb46ae7f5bb2b3db9ebdb647c15ba487e3b2aeccfcd92ce6b63,1,
release/la_1/S184299974-GF-A49-EME-T10-S1-LH-C1-I0023-F00.png,la_1,single,512,512,PNG,393682,576c682f80ecdb06a353e7b650cd36c46dffa0a33499d4d1454369ba42dd7e75,1,
release/la_1/S185880747-GF-A53-EAF-T03-S1-LH-C1-I0030-F00.png,la_1,single,512,512,PNG,396859,87270a012552ccdbd33ae23229153283d846b5d3406c73b5ba52e32b14b95c9c,1,
release/la_1/S187000211-GF-A54-EEA-T03-S1-LH-C1-I0063-F00.png,la_1,single,512,512,PNG,374473,59f7a21f9b1f0f8bad3023775ad01a09dc403f82f929a39500812ade5f492fe7,1,
release/la_1/S18796367-GF-A93-EAF-T00-S1-LH-C1-I0045-F00.png,la_1,single,512,512,PNG,303772,bedd1153ff7aa29dc9592b0dc3a4b6fb0bdd1e83410cb90556a83acf30f6f5bf,1,
release/la_1/S189019382-GF-A62-EIA-T03-S1-LH-C1-I0040-F00.png,la_1,single,512,512,PNG,364841,8fd07d37f30cd4940186e590b88e7cff2768f40528da50626069f51f75c3ea26,1,
release/la_1/S189019382-GF-A62-EIA-T03-S1-LH-C1-I0046-F00.png,la_1,single,512,512,PNG,360841,a592e81cc660ae294995000fb7e4ac945b19871957aaf8356cb214b92b200f60,1,
release/la_1/S190036673-GF-A19-EEA-T00-S1-LH-C1-I0057-F00.png,la_1,single,512,512,PNG,382630,a197f984af9a2fd7be8828cee94faec7b817953fac6387fd3440ddfa77864d48,1,
release/la_1/S19423222-GM-A45-EAF-T14-S1-LH-C1-I0040-F00.png,la_1,single,512,512,PNG,308060,084388e89b292e346dc081dfa5f778c79fe123668ff234f402589527f1197bdf,1,
release/la_1/S198149424-GF-A51-EEA-T13-S1-LH-C1-I0055-F00.png,la_1,single,512,512,PNG,379374,ebe31fc94fcd02713a56e51ba04d96c64eed7c12e3ac18597f87f8d6a4488a3b,1,
release/la_1/S205686156-GF-A52-EAS-T01-S1-LH-C1-I0006-F00.png,la_1,single,512,512,PNG,352754,aa2740385fcf69eae5ae943374bbfa465cfc5fe1c0fc455ad7678b71145def78,1,
release/la_1/S20939931-GF-A70-EME-T00-S1-LH-C1-I0047-F00.png,la_1,single,512,512,PNG,356759,c091d8157d3db994b161fad1ddbaae9909d9a6c1f386969317ea57d913f7b90a,1,
release/la_1/S210555380-GF-A95-EME-T14-S1-LH-C1-I0008-F00.png,la_1,single,512,512,PNG,396927,1e6c10efc56c030773dea692cba6e936bb7e293b920fff927999bee294694c0d,1,
release/la_1/S210555380-GF-A95-EME-T14-S1-LH-C1-I0048-F00.png,la_1,single,512,512,PNG,378936,dd8f2d7c528d3c7c9f629cf101f118e13c8c6e70191d2011d66ffecf22fa3010,1,
release/la_1/S21322735-GF-A99-EEA-T03-S1-LH-C1-I0004-F00.png,la_1,single,512,512,PNG,341051,ccb892cfad8e37f5731d7d7e06c803df13d525cfe293434a4deef8be72a82038,1,
release/la_1/S219134961-GM-A51-EME-T00-S1-LH-C1-I0016-F00.png,la_1,single,512,512,PNG,332536,9ea127745e8d6dc06fe563b4d3bd92cf669a7905666895f0505b51de488956db,1,
release/la_1/S220036139-GF-A33-EME-T14-S1-LH-C1-I0048-F00.png,la_1,single,512,512,PNG,387946,f0d7933f01d92d20c17df6702abdf1b8ebb236212cf52614bb6cb011c4893285,1,
release/la_1/S229472865-GM-A49-EEA-T15-S1-LH-C1-I0053-F00.png,la_1,single,512,512,PNG,312582,072b2e3a332d56eaa284c148065f9cf58c7ffe54815df744ea1b84dba81803f1,1,
release/la_1/S229741512-GM-A18-EEA-T01-S1-LH-C1-I0029-F00.png,la_1,single,512,512,PNG,309914,a2273ec9efa726be0cf79269dc36a69609e6b61c9885731bb3cf4a10e060ec98,1,
release/la_1/S231352223-GF-A49-EEA-T14-S1-LH-C1-I0011-F00.png,la_1,single,512,512,PNG,356015,eb006f116783aeb8fb098963184bcc5e9885dbd44c6e4b95c02cf1a0374cc2c8,1,
release/la_1/S231352223-GF-A49-EEA-T14-S1-LH-C1-I0027-F00.png,la_1,single,512,512,PNG,371263,77e780f1dde61caeecb8d1c5970343a64deaf978a6c2898396fed0fdf82526de,1,
release/la_1/S236474674-GF-A94-EEA-T14-S1-LH-C1-I0061-F00.png,la_1,single,512,512,PNG,347597,bbdb9a7dd897893274971f1ab3bcb743f0e7a14547a429efddde8fc4bc3d44f2,1,
release/la_1/S240935283-GM-A93-EEA-T01-S1-LH-C1-I0022-F00.png,la_1,single,512,512,PNG,406085,7e59320fe768bcf62cc84562b236c1379c2c24f36b1b6e70067a1b9861632355,1,
release/la_1/S245655911-GM-A99-EIA-T14-S1-LH-C1-I0023-F00.png,la_1,single,512,512,PNG,410839,f1ae9990898771472d04ed5c51288fd291aa246a994f40b239cde5448e26655c,1,
release/la_1/S247603526-GM-A30-EEA-T13-S1-LH-C1-I0041-F00.png,la_1,single,512,512,PNG,315231,c17d1ec293f528950844543a6e1155a1c19f662dc88e686c50d7dae0afea0d7f,1,
release/la_1/S248968574-GM-A81-EAS-T14-S1-LH-C1-I0022-F00.png,la_1,single,512,512,PNG,333251,9328acb1a7eb535c70222185c730b759e0942c1a7f402875d5c653bad9c6f4bf,1,
release/la_1/S25038292-GF-A59-EAF-T03-S1-LH-C1-I0041-F00.png,la_1,single,512,512,PNG,350271,d9e3db20d5c698d7be6bae740cd4349c7f6705cf9475116b0d6e8e2fbc93ea60,1,
release/la_1/S259395943-GF-A59-EME-T14-S1-LH-C1-I0009-F00.png,la_1,single,512,512,PNG,332735,aeab6103876a4b6788af2022ff909eceb1d210105fc78b5380adb41655eea171,1,
release/la_1/S261182015-GM-A24-EEA-T01-S1-LH-C1-I0011-F00.png,la_1,single,512,512,PNG,319160,878dd2546b035728634c5cd356b9b9cb28c53db5227b7ff39558525796b36f6e,1,
release/la_1/S264396021-GM-A30-EAS-T14-S1-LH-C1-I0047-F00.png,la_1,single,512,512,PNG,320220,09dd82b59b234482c2d53b60b9815eb114d2c378578f25db880778da134c1e8b,1,
release/la_1/S265934537-GF-A26-EAS-T14-S1-LH-C1-I0063-F00.png,la_1,single,512,512,PNG,319509,6f0ebb8f1c91321a9c9c886ca559ba0f1ec618e4e16e38064d16812e7b9ba4f7,1,
release/la_1/S268137029-GF-A39-EME-T01-S1-LH-C1-I0016-F00.png,la_1,single,512,512,PNG,396910,f30a01f50f48957783073a006d934e54d7f923998e00d7552f4ae3a90e5e36c2,1,
release/la_1/S268183923-GN-A24-EAF-T14-S1-LH-C1-I0053-F00.png,la_1,single,512,512,PNG,314672,f90a0ad725a600c30984bda1cf51f4052abbaede4fda4d294d390f682dae56d4,1,
release/la_1/S274652534-GF-A22-EEA-T01-S1-LH-C1-I0003-F00.png,la_1,single,512,512,PNG,349742,c0e96c6ce2e26eb8cd27be50cf81c965ae7351039605c78ebfb3d500fd845253,1,
release/la_1/S274869653-GF-A68-EAS-T03-S1-LH-C1-I0003-F00.png,la_1,single,512,512,PNG,361498,d010e41d794d4469561d9100e422b4ca10476e427b6d7171688f24774c7f6495,1,
release/la_1/S279879625-GF-A55-EAF-T00-S1-LH-C1-I0037-F00.png,la_1,single,512,512,PNG,377466,8ece3b3e693ae6e1630744df16eb11f0a177aaf466d77a3000b731b715c39244,1,
release/la_1/S285023719-GF-A24-EEA-T00-S1-LH-C1-I0022-F00.png,la_1,single,512,512,PNG,300622,823f14b0e45ecaa091f6d1b2cc4b896cf0e54c2a9c1631713e034cb2882184f5,1,
release/la_1/S287510944-GF-A29-EME-T01-S1-LH-C1-I0059-F00.png,la_1,single,512,512,PNG,353935,77a894d2154e389a5e83d6b24d5283b70251ddd53ef15a0546af735b3a3f94f0,1,
release/la_1/S289919415-GF-A46-EEA-T14-S1-LH-C1-I0060-F00.png,la_1,single,512,512,PNG,319294,ad658559c4807fda47eaef811d231c4a84889713302b88adc4b4c21e5e9b2286,1,
release/la_1/S300524837-GM-A42-EEA-T01-S1-LH-C1-I0008-F00.png,la_1,single,512,512,PNG,377711,8a5478f5e1bcb3934f6c723b42b97d52c4cbbbc4221ea0fdc7700c69f4ec9026,1,
release/la_1/S303695349-GM-A23-EEA-T03-S1-LH-C1-I0002-F00.png,la_1,single,512,512,PNG,321435,86c05aeec628689c5e826ef4a9a8ffa1a09bbc155ef7f4b8f2b4d02aa553ee19,1,
release/la_1/S303695349-GM-A23-EEA-T03-S1-LH-C1-I0029-F00.png,la_1,single,512,512,PNG,311102,f7369fbf3bcc9eaf94d5b8cac6bd6bd5450f8d0986de2b4b98292086a100f361,1,
release/la_1/S303695349-GM-A23-EEA-T03-S1-LH-C1-I0041-F00.png,la_1,single,512,512,PNG,306707,d0970b9e4c16c65b613c945581e3f72bf4bcc2eed45e05fa5f74cab8b8e59b6d,1,
release/la_1/S311145231-GF-A53-EAF-T03-S1-LH-C1-I0062-F00.png,la_1,single,512,512,PNG,411364,e005090a2a0c4aedb32a35e9c730164b6782e057ae292f59338e6972b534836e,1,
release/la_1/S313264566-GM-A81-EAF-T14-S1-LH-C1-I0008-F00.png,la_1,single,512,512,PNG,319326,2b3a3eb9a9e71d5bfcb404de9624baba731d7fdf45be76140a48f91b827566f1,1,
release/la_1/S313264566-GM-A81-EAF-T14-S1-LH-C1-I0059-F00.png,la_1,single,512,512,PNG,369106,645a86e498ad9023b1179eeb326bb6c6824f093f8cc491e9e6d9c9c254614f65,1,
release/la_1/S316988909-GF-A99-EIA-T10-S1-LH-C1-I0040-F00.png,la_1,single,512,512,PNG,386812,d9d4512dd67728adce7167807a7d8853a1965b90af16c1581050616ae83410e7,1,
release/la_1/S319441451-GF-A19-EAS-T01-S1-LH-C1-I0006-F00.png,la_1,single,512,512,PNG,348717,1abda86fa3f795a04b30e3ba86afb4d32d6f0836a02fa8f36fb8a9b889c39ba1,1,
release/la_1/S320892356-GF-A70-EIA-T03-S1-LH-C1-I0021-F00.png,la_1,single,512,512,PNG,382424,93b8bf67c68efc4d756f710e45db837e0570ed14edef1cff0a30b73baab72968,1,
release/la_1/S32440074-GF-A23-EIA-T15-S1-LH-C1-I0012-F00.png,la_1,single,512,512,PNG,345708,d015d9de46395900a63bd778f52e67d7dd16f252ccac8e2eb6a7cf000b0fbd57,1,
release/la_1/S325074401-GF-A50-EAS-T03-S1-LH-C1-I0044-F00.png,la_1,single,512,512,PNG,322685,ff067478c3c427e5723ad8b0fd4be44b35b814ed3873bbaa69eb6a6e827a21a9,1,
release/la_1/S334613033-GM-A58-EAF-T14-S1-LH-C1-I0047-F00.png,la_1,single,512,512,PNG,432857,e609cf54f6c662a820e11e6482a1267363b31c7f2069d5c06e768a23ae3907df,1,
release/la_1/S334697091-GM-A32-EAS-T14-S1-LH-C1-I0031-F00.png,la_1,single,512,512,PNG,263542,02c9aa325ab1938327787f0060888ad696ffa6bc40d1baae9b0de3a6cba25ebf,1,
release/la_1/S335757255-GF-A30-EME-T14-S1-LH-C1-I0002-F00.png,la_1,single,512,512,PNG,369616,804e6803b230af527e702719c8b3c755ece1158b49f000112b571f0351702528,1,
release/la_1/S336053665-GF-A75-EME-T13-S1-LH-C1-I0037-F00.png,la_1,single,512,512,PNG,323431,2e089ed057df215d4aaf259402194eca44464cdea66de14de6334755d6a1f914,1,
release/la_1/S340675536-GF-A37-EEA-T14-S1-LH-C1-I0052-F00.png,la_1,single,512,512,PNG,299563,8364225d12f4d54f3632666c6183682f3e0a2b1f4c4ded4e91766cb807c95dc4,1,
release/la_1/S343616415-GF-A69-EEA-T03-S1-LH-C1-I0056-F00.png,la_1,single,512,512,PNG,351958,d2f5620db8345d90f21459b8d53a86ebe2349356cf7e90d8d1cdba196bc6071a,1,
release/la_1/S343899513-GM-A51-EME-T01-S1-LH-C1-I0048-F00.png,la_1,single,512,512,PNG,401934,509a35f46872840d1ca9a6f8742e22f1b7030c5a080ea9b276c9993f4f8e05a9,1,
release/la_1/S345601750-GF-A64-EEA-T03-S1-LH-C1-I0032-F00.png,la_1,single,512,512,PNG,395674,0f4dba07ce43e8d0bcae4fb5d9515072376c7d92c39cfe90a7ac5d17c7e09db2,1,
release/la_1/S345601750-GF-A64-EEA-T03-S1-LH-C1-I0055-F00.png,la_1,single,512,512,PNG,379162,9509b9d6f23d27239bc37670a0bf01bdc3fa467fa26d0c076ee6a2ee7228c740,1,
release/la_1/S347571913-GM-A24-EEA-T13-S1-LH-C1-I0054-F00.png,la_1,single,512,512,PNG,379240,b4ff4ea387b837cb58a42c80d073b3c86a642bbb55350f8ce348fb115aed6038,1,
release/la_1/S354713116-GF-A60-EAF-T14-S1-LH-C1-I0000-F00.png,la_1,single,512,512,PNG,387292,dbafcdfed27d52514a68cf06ef03a9fb3234f7eec402e5f5eb88b6f3059b7dc7,1,
release/la_1/S354713116-GF-A60-EAF-T14-S1-LH-C1-I0004-F00.png,la_1,single,512,512,PNG,369103,3e5bf39c11a1edcc772454ce648c84872386961872a97cecedf86f1033901c99,1,
release/la_1/S354713116-GF-A60-EAF-T14-S1-LH-C1-I0011-F00.png,la_1,single,512,512,PNG,403214,320df6cecaf0cc4b2f3a6bdb90a779e58f699f27df6eb79c396c268b4e3bffca,1,
release/la_1/S354713116-GF-A60-EAF-T14-S1-LH-C1-I0063-F00.png,la_1,single,512,512,PNG,394663,4afec1745b3bae454d3efccd4974a75d99a853bc8b9bea8e456045b4c6415642,1,
release/la_1/S358652822-GF-A41-EEA-T01-S1-LH-C1-I0006-F00.png,la_1,single,512,512,PNG,371630,67fcda41485b2e38baf2212a1d1b84502a6c35e08a90426c15b485b86a7ba325,1,
release/la_1/S364995244-GM-A24-EEA-T03-S1-LH-C1-I0015-F00.png,la_1,single,512,512,PNG,372107,504183abfbd774955fa184db14878edb980fd56cc5ddf38cbeb3f20bca193049,1,
release/la_1/S370286626-GF-A59-EEA-T00-S1-LH-C1-I0061-F00.png,la_1,single,512,512,PNG,391544,59fc0b4f818f371d8da8f9589e0dc461c8ebe9e220aea3b0997b24241f7136c3,1,
release/la_1/S371797493-GM-A29-EEA-T14-S1-LH-C1-I0043-F00.png,la_1,single,512,512,PNG,356810,8c049f2fb124d1214e644855c98df7a6f9ac49a9125bff6ea76e9f51ce23e53b,1,
release/la_1/S373793896-GM-A22-EEA-T14-S1-LH-C1-I0035-F00.png,la_1,single,512,512,PNG,349688,b4064ea226b937959fed242bf2af2aaa1cd719ed5531ad50e5b8cee99ce7e775,1,
release/la_1/S37396139-GF-A51-EEA-T14-S1-LH-C1-I0018-F00.png,la_1,single,512,512,PNG,383052,0946120ae8f34f9b4ab57be7cc51065bf5ccf46fc7804bff5ccb8161b6344beb,1,
release/la_1/S37396139-GF-A51-EEA-T14-S1-LH-C1-I0048-F00.png,la_1,single,512,512,PNG,387335,02fa050db495811b18d732a87efe1408ec8b1130b418fabc9d5dd73b12abdc89,1,
release/la_1/S375545605-GM-A47-EEA-T00-S1-LH-C1-I0004-F00.png,la_1,single,512,512,PNG,365504,f5d68ed8b9e3f4ba800ad0902cc16ea3bf444fe038599998070434c80f05fdd5,1,
release/la_1/S375545605-GM-A47-EEA-T00-S1-LH-C1-I0022-F00.png,la_1,single,512,512,PNG,360474,19b606ed37fc679657091e669e84369f8e505314f3871b487b71b4c0a0bd3a7b,1,
release/la_1/S375545605-GM-A47-EEA-T00-S1-LH-C1-I0027-F00.png,la_1,single,512,512,PNG,371484,c9562c72cde78b19145153f40c09ee4aed5d950c9de945be18822eac71eb8a64,1,
release/la_1/S375545605-GM-A47-EEA-T00-S1-LH-C1-I0049-F00.png,la_1,single,512,512,PNG,382216,2f562e4159b3ffa0515359a4091246ce5c51f72c36333846790eebcf2215e6fd,1,
release/la_1/S376287613-GF-A19-EAF-T14-S1-LH-C1-I0011-F00.png,la_1,single,512,512,PNG,327526,798c7d192ee2b9e945b78e84309e518246ebb7f85faa134a6dc967cd3d9b4506,1,
release/la_1/S377896724-GF-A29-EEA-T10-S1-LH-C1-I0028-F00.png,la_1,single,512,512,PNG,281610,de81fdf69d452e6c8a6be8d4b6d4e78807e537b5af5cd0ba690c139873eab8b1,1,
release/la_1/S380795387-GF-A58-EEA-T14-S1-LH-C1-I0035-F00.png,la_1,single,512,512,PNG,340710,2594dafc87408d1a28bd78810e06556bd97ac9739b2c272063f9d0de945a652b,1,
release/la_1/S382037204-GF-A89-EEA-T03-S1-LH-C1-I0006-F00.png,la_1,single,512,512,PNG,354337,91813ae417ff4e91d54bd788fe3e42f0a23b83891c85e6f87de9d8b2c049f0d9,1,
release/la_1/S384793007-GF-A62-EEA-T01-S1-LH-C1-I0006-F00.png,la_1,single,512,512,PNG,278645,bd9e135a8c680552af5c2e889955e184ed5da91f26e9cc1a18723c4b946a5bb9,1,
release/la_1/S388546914-GF-A50-EEA-T14-S1-LH-C1-I0025-F00.png,la_1,single,512,512,PNG,350572,9ca1d2d9ce710507262c191c49577bb031015fcce1ca8f81e02ab9e3ef58d276,1,
release/la_1/S39379132-GF-A54-EEA-T15-S1-LH-C1-I0056-F00.png,la_1,single,512,512,PNG,364971,15e68ee82bb8bcc870d1cab5b7c8e02707c42440a339cd91ed8c5433ab2c4965,1,
release/la_1/S394313530-GF-A45-EEA-T03-S1-LH-C1-I0050-F00.png,la_1,single,512,512,PNG,381381,6273f2ab809d26b5b707a891d2714a5570630ba12a8897b80335eaff14a3bede,1,
release/la_1/S395744997-GF-A18-EEA-T01-S1-LH-C1-I0002-F00.png,la_1,single,512,512,PNG,388992,0de8a83bb341ec365147a5af5b8d99c5ca99358e101dbe127975b4672e99871d,1,
release/la_1/S39590804-GM-A53-EEA-T03-S1-LH-C1-I0045-F00.png,la_1,single,512,512,PNG,376443,3518f73696474261df0e586398884472d8eba9f89dd4845b8f63167fc25910e0,1,
release/la_1/S397228464-GF-A72-EEA-T03-S1-LH-C1-I0009-F00.png,la_1,single,512,512,PNG,355842,4517307c4550a3532780e406f244f44d8770a67a8cf93aee402b8022d235e7be,1,
release/la_1/S402397961-GF-A82-EEA-T00-S1-LH-C1-I0029-F00.png,la_1,single,512,512,PNG,354470,f2451bca0d918069d50f67ad258ebfe2f45e5dbb284b9aef0065fcd0169797b9,1,
release/la_1/S402992794-GF-A60-EEA-T14-S1-LH-C1-I0010-F00.png,la_1,single,512,512,PNG,350387,2e3009f106885422a7fee88b7f38e54ed0262958142c53417315f35cfbab3af7,1,
release/la_1/S407285746-GF-A18-EAF-T13-S1-LH-C1-I0047-F00.png,la_1,single,512,512,PNG,389982,eee781298b73854d427e37b819d8c4d4c72323cbb3b28ea8dd5a6d6cca257286,1,
release/la_1/S409626024-GM-A29-EEA-T11-S1-LH-C1-I0000-F00.png,la_1,single,512,512,PNG,223933,9932d8ffeb631035aeca125e379c4041b2dc8c6f850b45488400ba27346d48f6,1,
release/la_1/S411588159-GF-A21-EEA-T03-S1-LH-C1-I0033-F00.png,la_1,single,512,512,PNG,343231,4a4df5139a865252212d857963dadec82494bc30c6ec9203f3112e33b10a15ec,1,
release/la_1/S412637027-GM-A93-EME-T01-S1-LH-C1-I0061-F00.png,la_1,single,512,512,PNG,368672,184126e10bba99609777b146c0318483c0c3503b377b0342b4aa2c7066449518,1,
release/la_1/S415761895-GF-A62-EAS-T03-S1-LH-C1-I0005-F00.png,la_1,single,512,512,PNG,336561,0b15ed40de85e6dfa97daabcaf700fa3e4bdc502722309950cb368926bfa6b78,1,
release/la_1/S422234801-GM-A19-EAS-T14-S1-LH-C1-I0050-F00.png,la_1,single,512,512,PNG,364486,aff55f4e2d89d47e366b6c7b94379ab89c97014a116e8e31d9923eddb84ac662,1,
release/la_1/S426127418-GF-A48-EEA-T03-S1-LH-C1-I0043-F00.png,la_1,single,512,512,PNG,388283,0a6e4fde5bee345ae00def601e7b4426b4218133d520e0e36846a7bbf0ff1445,1,
release/la_1/S43189665-GF-A47-EME-T13-S1-LH-C1-I0035-F00.png,la_1,single,512,512,PNG,364185,720626ca1d4fe9ca85b9038eb68a84a40d62df05cfb9a83e7ce476cc8553a6fc,1,
release/la_1/S43416355-GF-A63-EAS-T03-S1-LH-C1-I0018-F00.png,la_1,single,512,512,PNG,309110,6816b8afd343f5d4d24e30d8d9b27f7e867b07f673ae8edf26f1d1b993b0edea,1,
release/la_1/S442640043-GF-A83-EEA-T01-S1-LH-C1-I0015-F00.png,la_1,single,512,512,PNG,356487,fd3fefe6a6f8f0a00537b2596ab1015d7fed59aaf814793d20a64c714b2894a1,1,
release/la_1/S44577521-GM-A92-EME-T14-S1-LH-C1-I0012-F00.png,la_1,single,512,512,PNG,327091,9491de616ad2a8730573e7e0401a4d5199dd20a585e83102e7f5a6cd19e18e60,1,
release/la_1/S44577521-GM-A92-EME-T14-S1-LH-C1-I0041-F00.png,la_1,single,512,512,PNG,343044,66fc2e42bc45db9faa551eee6573bab420024ed8e16d7d2ef6b8b95938d2bc5c,1,
release/la_1/S457681878-GF-A95-EEA-T14-S1-LH-C1-I0017-F00.png,la_1,single,512,512,PNG,365572,78e90faf0461109c8eabb69cadf7964849c6640f4bfeb0fa0d200416c0fe99bc,1,
release/la_1/S464252649-GM-A60-EEA-T15-S1-LH-C1-I0045-F00.png,la_1,single,512,512,PNG,332698,3bb25160c2bc939779decad7050da216461a9d55da31cbee6830569b5bf176cd,1,
release/la_1/S472012617-GM-A63-EEA-T01-S1-LH-C1-I0014-F00.png,la_1,single,512,512,PNG,351683,242bfba76b10450b9d9e02a3e0c33bded76ab3f1665be62195e10cff77f56285,1,
release/la_1/S472012617-GM-A63-EEA-T01-S1-LH-C1-I0022-F00.png,la_1,single,512,512,PNG,399783,fd17a2297136704b91665451c65c6357784237326ecc837b15bb282b9dd6e760,1,
release/la_1/S475499547-GM-A26-EME-T01-S1-LH-C1-I0029-F00.png,la_1,single,512,512,PNG,388802,31e860df5edb6799119fd04d8bd3f431348e9646ed7bae48e0d844f71c304c89,1,
release/la_1/S477281279-GF-A30-EME-T14-S1-LH-C1-I0058-F00.png,la_1,single,512,512,PNG,386468,ededd9513ac42bfaf1c0957578af2e4573347c4b286a64493a9a717fae8f19fe,1,
release/la_1/S480910045-GF-A90-EME-T11-S1-LH-C1-I0003-F00.png,la_1,single,512,512,PNG,351154,090c152d846fb4bc3ba62bfe29ebfc05fe4a5e1f18f80adcfa790bf1797fbd2f,1,
release/la_1/S482766020-GF-A40-EAS-T15-S1-LH-C1-I0060-F00.png,la_1,single,512,512,PNG,339844,c76f38217ce5ece4a4304d43dbe6505a33078f16c6d97e32a5babf4951d9766c,1,
release/la_1/S493184426-GF-A19-EAF-T00-S1-LH-C1-I0000-F00.png,la_1,single,512,512,PNG,338420,ebd8be1bd9bbb744a0457ca345c85df00564ff1ec7d369452cc1d7f46892a8f1,1,
release/la_1/S495166625-GF-A58-EAS-T14-S1-LH-C1-I0053-F00.png,la_1,single,512,512,PNG,345061,971a1d7b664a3638d5e0f1ec82d832e819e7e84adc6eecc71dd9f595b9f04e05,1,
release/la_1/S50180802-GM-A26-EEA-T00-S1-LH-C1-I0055-F00.png,la_1,single,512,512,PNG,339492,56877fc502b6b84960d5a91bd7f8f9ce159c6c4e3085fddef699c4298a8f9ae9,1,
release/la_1/S504201509-GF-A50-EME-T14-S1-LH-C1-I0001-F00.png,la_1,single,512,512,PNG,371377,8981b534fbb6dfa56932eaf93f632a200f0810f2fb0c0a54a4637afc09d40dd6,1,
release/la_1/S506465236-GM-A41-EEA-T00-S1-LH-C1-I0013-F00.png,la_1,single,512,512,PNG,355110,5dc6ccfdfd9f9445e3fea76c15083aeb69c76ecdd29d775b82a1bb68bf7efe70,1,
release/la_1/S508947155-GF-A84-EAF-T01-S1-LH-C1-I0013-F00.png,la_1,single,512,512,PNG,328766,c243c00daf22826f99e82c52a4987a1df756c2573ee8132b7c6f324f80118396,1,
release/la_1/S508947155-GF-A84-EAF-T01-S1-LH-C1-I0030-F00.png,la_1,single,512,512,PNG,331906,ee9b51f21366004d67b2d43d389a4df4e79908a151521377e72fe03656304593,1,
release/la_1/S508947155-GF-A84-EAF-T01-S1-LH-C1-I0033-F00.png,la_1,single,512,512,PNG,361006,b033ce7cae5195f00848d0b9cb1e8b010e1e1f8e9b8c290e3bfb232ec19b1f4c,1,
release/la_1/S508947155-GF-A84-EAF-T01-S1-LH-C1-I0054-F00.png,la_1,single,512,512,PNG,337657,e208ee19a9530ea54b6b7cd0ca586663a324b5c0a5e1cc7a0fd22b4e93009a66,1,
release/la_1/S510917796-GF-A21-EME-T03-S1-LH-C1-I0042-F00.png,la_1,single,512,512,PNG,377040,3c7cb27c9cf2506186b6df7782b876fe867351122a200e7bcc2fb714fff7c02a,1,
release/la_1/S514677740-GM-A43-EME-T03-S1-LH-C1-I0021-F00.png,la_1,single,512,512,PNG,383394,25b35c09d50362b8bf743372cf586334755cf120fc425333b1ea86ba43e68223,1,
release/la_1/S51891071-GM-A63-EEA-T03-S1-LH-C1-I0028-F00.png,la_1,single,512,512,PNG,398882,18cc24b078cfda94a6b0de99dd21fc894c0cf262a810dc6d9a620382c57525a1,1,
release/la_1/S519335789-GF-A87-EAF-T14-S1-LH-C1-I0012-F00.png,la_1,single,512,512,PNG,355199,759b4afbd57683d36a9e966e2a0a47e03165208e138614b15038c875cea6414f,1,
release/la_1/S520464077-GF-A50-EEA-T00-S1-LH-C1-I0049-F00.png,la_1,single,512,512,PNG,371551,0110047a299d114a39e1cbca4314f8bca3605d3a89c1637bda4a6a4688d3d369,1,
release/la_1/S520464077-GF-A50-EEA-T00-S1-LH-C1-I0055-F00.png,la_1,single,512,512,PNG,354111,80b4119e2aa99765b5a3b1ba7217df47248773b6c51ff2f282b6778f50e61b18,1,
release/la_1/S526642813-GF-A73-EAF-T03-S1-LH-C1-I0033-F00.png,la_1,single,512,512,PNG,308597,e801877d587000456ec8a5980d1362a4598454d5b1b57571c11f552f669188f4,1,
release/la_1/S526642813-GF-A73-EAF-T03-S1-LH-C1-I0036-F00.png,la_1,single,512,512,PNG,311751,6c04420ff8e7948a853291f3d44c0adb7e9df7ccfef99449c98122837bfce0d3,1,
release/la_1/S528079409-GM-A46-EEA-T11-S1-LH-C1-I0009-F00.png,la_1,single,512,512,PNG,312533,07c826e1bfb40d0ded07fef947ee9f27c88381baa26d27ad8c86f9c2b09951b4,1,
release/la_1/S533819468-GM-A53-EIA-T14-S1-LH-C1-I0007-F00.png,la_1,single,512,512,PNG,413892,b5c632b2e2f034d66e9051a3518d4e331936e44b3163eb9f00ed0b8f344bd9b0,1,
release/la_1/S535874367-GF-A18-EEA-T14-S1-LH-C1-I0059-F00.png,la_1,single,512,512,PNG,357301,fe4cb88d221720affe6d81189a06b644bc2a5146840c9ce32429c2af2f03fd5e,1,
release/la_1/S536119263-GM-A46-EEA-T11-S1-LH-C1-I0063-F00.png,la_1,single,512,512,PNG,312020,542f4410bdb24c2e83fbdd2943077e7dfbc1d90c64dfa825b533e5c671ae7bf1,1,
release/la_1/S537195914-GF-A56-EME-T03-S1-LH-C1-I0040-F00.png,la_1,single,512,512,PNG,387713,ec721b06a4764a2c00d6fc6cf49bb187f69ae747caa157622750060bae24f030,1,
release/la_1/S554872844-GF-A81-EIA-T00-S1-LH-C1-I0062-F00.png,la_1,single,512,512,PNG,253072,e9315c4b935107dd8b7f14cad3b75ddb3569fd62aae455a8bb89974dc09f660a,1,
release/la_1/S557350179-GF-A53-EAS-T03-S1-LH-C1-I0005-F00.png,la_1,single,512,512,PNG,384510,c0992ab77563356c36279ed2029a52c7f524a847cebc616d7a4ff0fd58ace092,1,
release/la_1/S560191384-GF-A51-EEA-T01-S1-LH-C1-I0033-F00.png,la_1,single,512,512,PNG,335622,b907664471f056e0c5cada7bd7aae860939e0c0a26412eb1414e218bf486184e,1,
release/la_1/S561424111-GM-A25-EME-T14-S1-LH-C1-I0010-F00.png,la_1,single,512,512,PNG,326207,0318eb88357535d405354bddc1224053132f75cc6037866a1e2ce7f22d026f30,1,
release/la_1/S562599431-GM-A42-EEA-T00-S1-LH-C1-I0036-F00.png,la_1,single,512,512,PNG,300584,5c2e96a17551ba0b583b8b8bcc7cd47866a62953bc1b2c4500ec7e544ca6680b,1,
release/la_1/S564127454-GF-A22-EAS-T03-S1-LH-C1-I0009-F00.png,la_1,single,512,512,PNG,384248,101e372e5b41b756224e01f6d6e1342c61bfca2bddb990d6313f77fe266bd601,1,
release/la_1/S567149942-GF-A85-EEA-T00-S1-LH-C1-I0039-F00.png,la_1,single,512,512,PNG,311355,81113fc7ee0faee2be73a1c3a8303735733be7237eb0676c9833e0dffec4d8b3,1,
release/la_1/S567149942-GF-A85-EEA-T00-S1-LH-C1-I0061-F00.png,la_1,single,512,512,PNG,302380,fe233c3193433ba0fc0998f45d1491b2e9b795614ff9176973f0a218ecbcc740,1,
release/la_1/S567565556-GF-A43-EME-T01-S1-LH-C1-I0057-F00.png,la_1,single,512,512,PNG,405327,661a0338d660e93b86b1f09ac4433a2be18e1c1d7e9920f170a682a7b0a685c3,1,
release/la_1/S571336030-GM-A48-EIA-T01-S1-LH-C1-I0034-F00.png,la_1,single,512,512,PNG,297220,cb919b35f950f6714ab555240e8c8fd34d0b91724de3376ba936a93a0512b0eb,1,
release/la_1/S571571794-GM-A57-EEA-T03-S1-LH-C1-I0016-F00.png,la_1,single,512,512,PNG,347534,413f03b3d2f26434064cf4477887c04547ad9c9de6f5bb20598c840ed014c62b,1,
release/la_1/S574280680-GF-A53-EME-T03-S1-LH-C1-I0005-F00.png,la_1,single,512,512,PNG,402436,bf335b0700045684a7b29b7c9d7fd8acf89c5018eac56d7888f5600baac26299,1,
release/la_1/S574761980-GF-A38-EEA-T14-S1-LH-C1-I0044-F00.png,la_1,single,512,512,PNG,280954,c1e7af2ffd774bcbc83ea68c0f580a12532446777c5918282637c614b391c23f,1,
release/la_1/S577181289-GF-A97-EME-T00-S1-LH-C1-I0056-F00.png,la_1,single,512,512,PNG,378623,7d53335ee15f838d551516670f75fa8c426ad32e564e50c8def795f538de0a7c,1,
release/la_1/S578152615-GM-A42-EEA-T03-S1-LH-C1-I0011-F00.png,la_1,single,512,512,PNG,358158,971d5764b853c863bb4f18abe9049ca835e25faf416f0d52476dd5cecc0f532f,1,
release/la_1/S590103000-GF-A47-EEA-T01-S1-LH-C1-I0045-F00.png,la_1,single,512,512,PNG,398393,2b3981ad66d2a4a9e5e71e157a0cbee05b563578bc8fb6dfe9bfe21fc3b965f7,1,
release/la_1/S590103000-GF-A47-EEA-T01-S1-LH-C1-I0047-F00.png,la_1,single,512,512,PNG,357862,99693c16fe01d60dd1055ad091854b833ef92cace333a99fe213f3e907e251ea,1,
release/la_1/S590103000-GF-A47-EEA-T01-S1-LH-C1-I0056-F00.png,la_1,single,512,512,PNG,401164,f6e144f91352615fa33d153074462cc049493514ff6db7f1895066db5a3ecf83,1,
release/la_1/S590103000-GF-A47-EEA-T01-S1-LH-C1-I0063-F00.png,la_1,single,512,512,PNG,390724,c21c88499101b75db1150f08bb5650cc5da93be62e1a11068e32fa5713f52bca,1,
release/la_1/S592147976-GF-A52-EEA-T00-S1-LH-C1-I0049-F00.png,la_1,single,512,512,PNG,329960,a747e023dbed7475860d5452b47089f495197b13dcf95427af3e4ee6af66154d,1,
release/la_1/S598532466-GM-A87-EME-T14-S1-LH-C1-I0025-F00.png,la_1,single,512,512,PNG,339507,b93d259553b9a27e66bc7eb79c33178061e92fdd3162548f323f8ff193ed74f1,1,
release/la_1/S606909976-GF-A59-EEA-T01-S1-LH-C1-I0035-F00.png,la_1,single,512,512,PNG,370064,787e79b70ce8fa3cc9a5735657da1d53a0d46d59a3f5c8adf72de2d2155865a6,1,
release/la_1/S616053079-GF-A33-EEA-T00-S1-LH-C1-I0038-F00.png,la_1,single,512,512,PNG,401062,95b209929e21fadc72239173875bcec7a9a5df8563964b3812d82b0ea217f323,1,
release/la_1/S616105557-GF-A58-EEA-T11-S1-LH-C1-I0042-F00.png,la_1,single,512,512,PNG,279175,6ccc09ef8f869372d14f67c2cbc5418182a94c02026079d94413650dbdf76fee,1,
release/la_1/S618974755-GM-A24-EEA-T00-S1-LH-C1-I0045-F00.png,la_1,single,512,512,PNG,346048,899c4970819369a3babe651d90ef1b43a71ec86205efb338270f6c5644f5aec6,1,
release/la_1/S621920790-GF-A25-EEA-T13-S1-LH-C1-I0005-F00.png,la_1,single,512,512,PNG,381455,73db229e9b43f1082c5e50e9b7f4d735cad53128f15533cf8174b0652ae409b8,1,
release/la_1/S622813751-GM-A67-EAF-T01-S1-LH-C1-I0021-F00.png,la_1,single,512,512,PNG,373151,732808b64d7c19a39b8bebac1265d00e75c74e560e998ccbb278ccb51f2524d4,1,
release/la_1/S62389544-GF-A82-EEA-T14-S1-LH-C1-I0050-F00.png,la_1,single,512,512,PNG,278720,9a41e2e277807951be25b0427d0e9979141c35caabde07a19c1e065042943abf,1,
release/la_1/S640440409-GF-A40-EME-T14-S1-LH-C1-I0001-F00.png,la_1,single,512,512,PNG,406201,c523eb95da1006c7a7419afc89f48d9dd59190127f06c4587d56b06ac3e7d3d4,1,
release/la_1/S641100116-GM-A97-EEA-T14-S1-LH-C1-I0060-F00.png,la_1,single,512,512,PNG,348635,ccbbb0a88c54310e058e4f200da6a61bd773bc6a6c3839f07354dff64886a48a,1,
release/la_1/S6470524-GF-A29-EAS-T14-S1-LH-C1-I0059-F00.png,la_1,single,512,512,PNG,331106,a34f224ecab00f73582d415ae1599a99a0c0c71c6953b67d097e877c8bf03f65,1,
release/la_1/S647458820-GF-A61-EAF-T03-S1-LH-C1-I0003-F00.png,la_1,single,512,512,PNG,368974,7f9cac04fcc9d9da400effa8a5e0a4aa8a97a2533c84fde507af559a213e85a7,1,
release/la_1/S653507002-GM-A51-EME-T03-S1-LH-C1-I0023-F00.png,la_1,single,512,512,PNG,415869,a4e44d8230203c0c43e890c8f107e5ad8c1fdcb346e852cf0734c7d88160e93e,1,
release/la_1/S653507002-GM-A51-EME-T03-S1-LH-C1-I0063-F00.png,la_1,single,512,512,PNG,403336,aff11ab304c2e3e8808c28b46fcdeecf2c5ba9aa580fa97b1fd753913e65ce47,1,
release/la_1/S664246838-GF-A21-EEA-T11-S1-LH-C1-I0004-F00.png,la_1,single,512,512,PNG,395587,f27d0a3831a7d432a806cdd588ddd825815f05a8fd03ba590813d3122bb14f93,1,
release/la_1/S664246838-GF-A21-EEA-T11-S1-LH-C1-I0019-F00.png,la_1,single,512,512,PNG,390175,904ec23b1105575b667f8afca46dd867c6e5dc4a3303ac623eed82e5120fb4c1,1,
release/la_1/S664545006-GF-A28-EIA-T14-S1-LH-C1-I0033-F00.png,la_1,single,512,512,PNG,338593,102bab1d1331b6266f91346446e43641a814fddb51e83b89973857fcb67d9640,1,
release/la_1/S669973447-GM-A20-EEA-T00-S1-LH-C1-I0000-F00.png,la_1,single,512,512,PNG,355080,8b36300fe165399313981e649c7729c122b9e7aaf6b2dda2081db6fdcfd8f85a,1,
release/la_1/S669973447-GM-A20-EEA-T00-S1-LH-C1-I0016-F00.png,la_1,single,512,512,PNG,335282,ab3d3cd64c3858c4a7e2380d8d04a2c0979a36183c7b53e8f6a67172aadd371f,1,
release/la_1/S670711149-GF-A47-EEA-T00-S1-LH-C1-I0025-F00.png,la_1,single,512,512,PNG,301143,c1d00767eae98e408cf6b4d2083bb2b2505798d3289e2466adf778c40d575f79,1,
release/la_1/S673442144-GF-A53-EEA-T01-S1-LH-C1-I0002-F00.png,la_1,single,512,512,PNG,361434,752b2818ac49307dbc4b2218f8d572c17842f84b91a61b57187436927742e746,1,
release/la_1/S673442144-GF-A53-EEA-T01-S1-LH-C1-I0003-F00.png,la_1,single,512,512,PNG,350062,bfa2e68eee646c5240c775b8a2d02cd07d9d5ec904f97c24106ac1f723024038,1,
release/la_1/S673442144-GF-A53-EEA-T01-S1-LH-C1-I0013-F00.png,la_1,single,512,512,PNG,339579,4efd5285ae0c2a5ac47d9a502ee38a4eaf0e8b1f45383f73b130176d2881cda5,1,
release/la_1/S673442144-GF-A53-EEA-T01-S1-LH-C1-I0023-F00.png,la_1,single,512,512,PNG,347946,007fb8d41a9f5c69e8591ad07bc11afdfcea2ef1ec2906ba5b50ad85bcb9c37c,1,
release/la_1/S673442144-GF-A53-EEA-T01-S1-LH-C1-I0028-F00.png,la_1,single,512,512,PNG,340942,c0bd179a9c50c9452277476e2d0a69315b2a9e914d785a4022db348c47fa6870,1,
release/la_1/S673442144-GF-A53-EEA-T01-S1-LH-C1-I0034-F00.png,la_1,single,512,512,PNG,308133,f889c337f4ca681d63e1206970c25ecf106140e3700559fda77444256ac6d5a5,1,
release/la_1/S673442144-GF-A53-EEA-T01-S1-LH-C1-I0035-F00.png,la_1,single,512,512,PNG,377161,bf400fa1c1b7cbb6e8966a0e8798421c5210aa54020c2a117c439c7a333d2c4e,1,
release/la_1/S673442144-GF-A53-EEA-T01-S1-LH-C1-I0044-F00.png,la_1,single,512,512,PNG,343971,7482f2da10ccc2ec63fa9eb6fa5ade5917d23ed78b427df05309675dc30fb6fe,1,
release/la_1/S673442144-GF-A53-EEA-T01-S1-LH-C1-I0049-F00.png,la_1,single,512,512,PNG,367540,b0fb14e0cdeeee95eaaf553490338b4133f1ffd31644ecdf5fdf4caf188f8750,1,
release/la_1/S673442144-GF-A53-EEA-T01-S1-LH-C1-I0056-F00.png,la_1,single,512,512,PNG,326551,d540a4188dbbfd6347e3cd3cb0fb04f66f4d12715baf7a1e51d8e99b37ff0e9f,1,
release/la_1/S677155548-GF-A53-EME-T01-S1-LH-C1-I0011-F00.png,la_1,single,512,512,PNG,379045,40ccd6e9c83d7f6f8cc356df7e0d848a786d8cf6a7b24ad226b557c41914ae72,1,
release/la_1/S678466862-GF-A62-EEA-T03-S1-LH-C1-I0047-F00.png,la_1,single,512,512,PNG,398594,537db365d55c021db578bca172bc24042f2afde1dd7f9e0e1f258f10d145ad77,1,
release/la_1/S682364157-GF-A18-EIA-T03-S1-LH-C1-I0012-F00.png,la_1,single,512,512,PNG,389092,8a179f9668566220a55775b5d3da7e3cc11f6a06a5d4ef61514a0cde60c09fb7,1,
release/la_1/S683688917-GF-A31-EIA-T03-S1-LH-C1-I0021-F00.png,la_1,single,512,512,PNG,331897,3502c12cc5a18eaf211ad0f4e7a5c2021c1b004b0995ff7aa19e18f9b0ac8b12,1,
release/la_1/S691842297-GM-A47-EME-T14-S1-LH-C1-I0022-F00.png,la_1,single,512,512,PNG,390836,bbd045c3b64439598a066d24bb64fd31d3c1d1bd826e458015051b8c5bd1d34c,1,
release/la_1/S700139260-GF-A56-EEA-T15-S1-LH-C1-I0053-F00.png,la_1,single,512,512,PNG,379485,d57b2401681159178552280ebe18bba8b30a55ee63a49fbe8a45243c94e3243b,1,
release/la_1/S700907495-GM-A91-EME-T01-S1-LH-C1-I0006-F00.png,la_1,single,512,512,PNG,339353,833595f7ec026960bdd239aad65455781fdab21f48b44ff6e29ca1d4109209cd,1,
release/la_1/S708639364-GM-A59-EEA-T00-S1-LH-C1-I0042-F00.png,la_1,single,512,512,PNG,369877,20acffffec05e0ac0edc8bbfbd7c253088f45643b959daf9928bcdb7f3524e97,1,
release/la_1/S710623010-GF-A75-EME-T01-S1-LH-C1-I0051-F00.png,la_1,single,512,512,PNG,344029,e139705e74610daf4b834aff901ecd49cac86dc8e8b57fc6d7b2e65bb9a2c0cd,1,
release/la_1/S720555455-GF-A90-EAS-T14-S1-LH-C1-I0024-F00.png,la_1,single,512,512,PNG,308510,fee5ac64af72ce259f5475c8fbac2be5a82cf9a953a128eee996fb8bb4c02ddf,1,
release/la_1/S721709390-GF-A24-EME-T00-S1-LH-C1-I0000-F00.png,la_1,single,512,512,PNG,279645,abb66a70ffbabd229f209c1d5034cfbdb06619e88ec56b917c62322cc5143c83,1,
release/la_1/S723966293-GM-A27-EEA-T03-S1-LH-C1-I0044-F00.png,la_1,single,512,512,PNG,333130,7ea3a8e709e2f08ee3bc519eb86ff6067f33b590c32ff0689a212785cf30aa86,1,
release/la_1/S726037773-GF-A57-EEA-T15-S1-LH-C1-I0030-F00.png,la_1,single,512,512,PNG,362879,34fc2186877bb92bb0a37a3f96eb74cffc98886b7e03d6accc8cb1c4d3d787ba,1,
release/la_1/S726037773-GF-A57-EEA-T15-S1-LH-C1-I0031-F00.png,la_1,single,512,512,PNG,359903,446da55f7a1214020109fd612ca49a702ef76b9a161c683b8354c5a4cec9d45e,1,
release/la_1/S727226600-GM-A33-EAS-T03-S1-LH-C1-I0035-F00.png,la_1,single,512,512,PNG,348973,210941ea3d22b17dd95cb882895bb719f6d74533f86ae7c64728385515dfe66d,1,
release/la_1/S727226600-GM-A33-EAS-T03-S1-LH-C1-I0053-F00.png,la_1,single,512,512,PNG,327681,549a26ab762ee5a29a75a47b53112e609511e3eb6b7798576a55790063aac9bd,1,
release/la_1/S735235858-GF-A76-EEA-T03-S1-LH-C1-I0045-F00.png,la_1,single,512,512,PNG,314361,c659f5d47b1b82669b2c5f71764c9ed19406e89b0bb078bab8bff9eee7ff09b2,1,
release/la_1/S741955884-GF-A71-EEA-T14-S1-LH-C1-I0057-F00.png,la_1,single,512,512,PNG,369194,a869b8752ed84a5dd9fdfef3675f55a3d359c37125dbcee17a2899a8ad4356df,1,
release/la_1/S74441691-GF-A84-EIA-T13-S1-LH-C1-I0061-F00.png,la_1,single,512,512,PNG,341215,bfbf1d8c8d0ab627eff7c3ae40db87488631fee5a63dff160a9551e72686e063,1,
release/la_1/S744766748-GM-A69-EEA-T01-S1-LH-C1-I0008-F00.png,la_1,single,512,512,PNG,364210,6f6fced4ddd7ae84dfc9be775f870d7b01a9b056446ffcda1adc7cdbdceb0468,1,
release/la_1/S752785476-GF-A66-EEA-T00-S1-LH-C1-I0010-F00.png,la_1,single,512,512,PNG,374586,04a3a715b976b07a2973bc67ef7a5f061c12ad51300a535775880603fc9d772b,1,
release/la_1/S755595872-GF-A36-EME-T03-S1-LH-C1-I0000-F00.png,la_1,single,512,512,PNG,360319,57a43c2a47c68bbf9d0a1bc176d897a2c8f950c7960f29854e605820fe6f5077,1,
release/la_1/S760022445-GF-A45-EEA-T03-S1-LH-C1-I0032-F00.png,la_1,single,512,512,PNG,375057,bd3d1bbaa5e601826ca396481e0fb7e42f1022696a077847736c35bf95f2cb11,1,
release/la_1/S766916408-GM-A23-EME-T14-S1-LH-C1-I0040-F00.png,la_1,single,512,512,PNG,339012,6a5b13db59641664f3953558888cef3eda85fb2c86a3b14c9de8ab8cc9b321fb,1,
release/la_1/S778523462-GF-A44-EIA-T14-S1-LH-C1-I0042-F00.png,la_1,single,512,512,PNG,380794,f6ad2f143b2a7443694ae2f7f6cae47b68ac8b4dcd9f980a40bd798ccea09b09,1,
release/la_1/S780045574-GF-A98-EAF-T14-S1-LH-C1-I0030-F00.png,la_1,single,512,512,PNG,305688,cfc577dda0765ad3ca39885a2d68bbdc12b5bbed7edf964041aa9c6078cbbd2a,1,
release/la_1/S780124184-GF-A64-EME-T01-S1-LH-C1-I0042-F00.png,la_1,single,512,512,PNG,340100,a433bd1a6c54b9b2689d91d450558fb19bf42f47bacb1e9c6480971216809dec,1,
release/la_1/S786321386-GM-A32-EME-T00-S1-LH-C1-I0051-F00.png,la_1,single,512,512,PNG,359198,81c062aa5a6081063a4d7e7634dafa62091c8bb5aca5be6885059688866b6f87,1,
release/la_1/S788462400-GM-A77-EEA-T14-S1-LH-C1-I0022-F00.png,la_1,single,512,512,PNG,358517,bfb6e792286e40acb675c6472098a6e78f7b2549a70596df67d17fb5ad6650e7,1,
release/la_1/S79333356-GF-A59-EEA-T03-S1-LH-C1-I0057-F00.png,la_1,single,512,512,PNG,365364,e8d513d1376510fa38bb52977bd9738fcbbe315d7891cde3392f5834303b6a33,1,
release/la_1/S795622045-GM-A49-EEA-T03-S1-LH-C1-I0033-F00.png,la_1,single,512,512,PNG,314601,e19cd8ae2ef1309cae883be3d1e5f2e4609e7574e39992c9baba38138d0505af,1,
release/la_1/S798606872-GF-A37-EME-T15-S1-LH-C1-I0028-F00.png,la_1,single,512,512,PNG,374639,a0f09a1a7cabace3d41e53cda16f4eea10c0eda034eb7db729462195de899f46,1,
release/la_1/S804626448-GF-A39-EME-T01-S1-LH-C1-I0049-F00.png,la_1,single,512,512,PNG,378880,ce031b9224cdd509aad674026c16d763820eb5bb6def6468f79e945c93a20368,1,
release/la_1/S806692215-GM-A67-EEA-T01-S1-LH-C1-I0022-F00.png,la_1,single,512,512,PNG,259758,dbf4be4074a3042fa009dbbf7037eebf22e0e4b60a204245dfb31ababbdde967,1,
release/la_1/S806692215-GM-A67-EEA-T01-S1-LH-C1-I0043-F00.png,la_1,single,512,512,PNG,323766,f517b0b6291486e11710a7f9f66894cd7eb07ecdd22d8730d5df8938d73eadd0,1,
release/la_1/S808755818-GM-A40-EEA-T00-S1-LH-C1-I0059-F00.png,la_1,single,512,512,PNG,276351,c00a3bee57874cd7c1c4be820601dd5225b565a4127ce382e76a24dda5637223,1,
release/la_1/S816836927-GF-A61-EAS-T00-S1-LH-C1-I0031-F00.png,la_1,single,512,512,PNG,370438,9d44447a84d99d1c1f34f9b5158acf67de18580a63544c622ce7c6e1b6078097,1,
release/la_1/S824192626-GF-A59-EIA-T14-S1-LH-C1-I0014-F00.png,la_1,single,512,512,PNG,312942,e285e8f289efee53893e157efed199e5ada0c2855f7cab78fdb6d0a724b051fe,1,
release/la_1/S825431925-GF-A77-EAF-T00-S1-LH-C1-I0000-F00.png,la_1,single,512,512,PNG,283050,a247cc74e5e5366f3c803b7a0da57c74494c23715aa8e8460c7a2fff58de35a5,1,
release/la_1/S825833733-GF-A82-EEA-T14-S1-LH-C1-I0004-F00.png,la_1,single,512,512,PNG,355925,eda063b9ccc3663be0bf9a91396db06a9ead88883658173d67d0834b737a3710,1,
release/la_1/S825833733-GF-A82-EEA-T14-S1-LH-C1-I0012-F00.png,la_1,single,512,512,PNG,326114,8717f455890d5bc5e664f340cb4973a1feb72e6d4e25c3d525c17165b95fc861,1,
release/la_1/S825833733-GF-A82-EEA-T14-S1-LH-C1-I0022-F00.png,la_1,single,512,512,PNG,384840,0e9402fd9f624d0a41cc441f4e6c870a10bffef0cfdbf59877f4408faa3ffbe4,1,
release/la_1/S825833733-GF-A82-EEA-T14-S1-LH-C1-I0028-F00.png,la_1,single,512,512,PNG,337188,d8b82d32cc6ef95f016c8a5e35998e9b1c46c2673efdb1103095ac27d38c3827,1,
release/la_1/S835364261-GM-A45-EAS-T03-S1-LH-C1-I0032-F00.png,la_1,single,512,512,PNG,293854,61ea1feb94e8e0c31a2529b652932889a191fba158d871379b4ba0cc4b1c044c,1,
release/la_1/S838732855-GF-A26-EEA-T03-S1-LH-C1-I0010-F00.png,la_1,single,512,512,PNG,360822,e2ed4b19442b71c520d1cf9fe16766f834f2eab856ed2dc83926761f09af190f,1,
release/la_1/S844573168-GM-A70-EEA-T00-S1-LH-C1-I0061-F00.png,la_1,single,512,512,PNG,305448,eff27befe1cd9019b9e61ae4db27e966e0cfa75425f73500d849cdd4f16177ef,1,
release/la_1/S844761652-GF-A54-EAF-T03-S1-LH-C1-I0008-F00.png,la_1,single,512,512,PNG,353688,20c7b61fbac299ee6a61dde116809cd4a89b31047c4cb3cf1c59b02e44f0d396,1,
release/la_1/S851010322-GM-A30-EEA-T03-S1-LH-C1-I0061-F00.png,la_1,single,512,512,PNG,350179,4f3256b4d55747af4b5105df5a54955616629a6282646dd20fa394448b30e4b3,1,
release/la_1/S85153826-GM-A28-EEA-T03-S1-LH-C1-I0011-F00.png,la_1,single,512,512,PNG,323401,bba65f574bd3ef728001a62c8bfc7a8e02043c280bdd7171fcc55e18488a0dda,1,
release/la_1/S861590567-GF-A45-EIA-T03-S1-LH-C1-I0062-F00.png,la_1,single,512,512,PNG,382201,cf02b269f1a2912e6ff1b40dd4b86fe6286ac25c8f9256855cb4b519a9e3c201,1,
release/la_1/S86418004-GF-A49-EEA-T10-S1-LH-C1-I0000-F00.png,la_1,single,512,512,PNG,345176,7ca40f425f9b2768a46d13e75198fdd806c63a8000ed0125201120eb75dfe71c,1,
release/la_1/S871196184-GF-A27-EAF-T14-S1-LH-C1-I0028-F00.png,la_1,single,512,512,PNG,304158,455645343494a962b2f1cd7ef296dd11185703ce633c5678287ab37b5b5e2a40,1,
release/la_1/S872849899-GF-A30-EEA-T03-S1-LH-C1-I0004-F00.png,la_1,single,512,512,PNG,374145,b6d5306bff1e65a5b7e6bc9c59a6f6aacb3f158e4e4fe3ffd92c71abd2da9217,1,
release/la_1/S881124278-GF-A51-EAS-T14-S1-LH-C1-I0059-F00.png,la_1,single,512,512,PNG,334281,b840b1265259b66484e89f75e502804e99224aa44904409ea6ba7e620d14d4e0,1,
release/la_1/S882917275-GF-A60-EME-T01-S1-LH-C1-I0038-F00.png,la_1,single,512,512,PNG,360428,422f376a217d8f1f84c08c5bbc96e5529a5cdb56472857dbba492828c6850a78,1,
release/la_1/S883374229-GF-A54-EEA-T14-S1-LH-C1-I0006-F00.png,la_1,single,512,512,PNG,351873,8c1d986a52d428f5c4c8fa6b8a1b4c208094ed6bf901a98eadb343461453beb7,1,
release/la_1/S883374229-GF-A54-EEA-T14-S1-LH-C1-I0019-F00.png,la_1,single,512,512,PNG,342858,dbf07dbdfbe4653c6cd1fb122603f883c3837d668f23175b16c425772303ca7a,1,
release/la_1/S883374229-GF-A54-EEA-T14-S1-LH-C1-I0021-F00.png,la_1,single,512,512,PNG,326317,7f177cc3d4c68d7d8410b6b0e49d75ce32c30eaba6c5428e252728c6af2940b7,1,
release/la_1/S883374229-GF-A54-EEA-T14-S1-LH-C1-I0038-F00.png,la_1,single,512,512,PNG,337577,eb5efceaad4320f466070fa29338445c65aeaceac127fcb86be5f14d481f978f,1,
release/la_1/S883374229-GF-A54-EEA-T14-S1-LH-C1-I0039-F00.png,la_1,single,512,512,PNG,340868,a0e102e0c27564ca328b0b875c675c071185045e86b857b18c8b7433e5041893,1,
release/la_1/S883374229-GF-A54-EEA-T14-S1-LH-C1-I0040-F00.png,la_1,single,512,512,PNG,341677,25598258154ef393320899ef2a9df2083b497cdae58cefd30cacf310eb12d35d,1,
release/la_1/S883374229-GF-A54-EEA-T14-S1-LH-C1-I0041-F00.png,la_1,single,512,512,PNG,342395,3f8c4b9cb1e0771a92c4a83c84f92016b8c1e06403f708926f15be5df2565b80,1,
release/la_1/S883374229-GF-A54-EEA-T14-S1-LH-C1-I0059-F00.png,la_1,single,512,512,PNG,325847,df2c7099ce237ced298d34016e1a110484fb945554261795789037254ca3a8df,1,
release/la_1/S883374229-GF-A54-EEA-T14-S1-LH-C1-I0062-F00.png,la_1,single,512,512,PNG,354303,bd82cb742c9f827be4f5de0efb567450a6af42aac55401b216f654e7b0f4a55b,1,
release/la_1/S892006153-GF-A74-EAF-T14-S1-LH-C1-I0020-F00.png,la_1,single,512,512,PNG,314675,bfac9f4e5ecfbb33d914fcdf9bb441ddd8a198c33e6834572b02102b6afb9739,1,
release/la_1/S894840102-GN-A69-EAF-T00-S1-LH-C1-I0056-F00.png,la_1,single,512,512,PNG,393078,5674ca48be4ccc400d065499f7942c63f1942a5688276f048618a51e7c282a1d,1,
release/la_1/S895967637-GM-A28-EEA-T01-S1-LH-C1-I0005-F00.png,la_1,single,512,512,PNG,357455,53237964ca1d68f4c721e96c779b1b3004894384b347327a7f60f114eb01ebf1,1,
release/la_1/S897329683-GF-A41-EEA-T11-S1-LH-C1-I0040-F00.png,la_1,single,512,512,PNG,328156,3fd3fde3adcf4bda6e151e1ad5eb83907c53976492ac422d52f8f0f8f4652e73,1,
release/la_1/S906953625-GF-A53-EEA-T01-S1-LH-C1-I0001-F00.png,la_1,single,512,512,PNG,294017,8d771a4a81868dac487ed3ad4dee2c31d9689d6d71244c4a94037cf2e0232af8,1,
release/la_1/S9176807-GM-A21-EEA-T03-S1-LH-C1-I0024-F00.png,la_1,single,512,512,PNG,358834,fc13c1d3a40d8be87358f9f383ab087d58a4a6e7e1c2c5ab199b86ad147feb2b,1,
release/la_1/S921833550-GM-A28-EEA-T14-S1-LH-C1-I0000-F00.png,la_1,single,512,512,PNG,326959,ed30fe60710e55f20d8e1a4c67b68e77dba5ce20cbde6aef7f0c616612bb06b7,1,
release/la_1/S924724708-GF-A48-EEA-T14-S1-LH-C1-I0053-F00.png,la_1,single,512,512,PNG,372027,1230fa81709606a93fbe0ee9194dd0e36089350d85db0465b3e3967166efcf69,1,
release/la_1/S926047332-GM-A22-EME-T14-S1-LH-C1-I0038-F00.png,la_1,single,512,512,PNG,325166,a22e75634715e1dbb1074c7debd736d9cb4630762fe33248bd183648d85ecb03,1,
release/la_1/S926047332-GM-A22-EME-T14-S1-LH-C1-I0039-F00.png,la_1,single,512,512,PNG,322036,823cb5a3e5f84bd06e7ca58c5b7b0b7c961bd40bc18787ada92b93564dd2a6b9,1,
release/la_1/S931374402-GM-A20-EAF-T14-S1-LH-C1-I0003-F00.png,la_1,single,512,512,PNG,330279,44e3e8ac4d2b2b5be2ca54ff4e8245c544e6516871a765fc9b756f070f2f1b0a,1,
release/la_1/S931374402-GM-A20-EAF-T14-S1-LH-C1-I0013-F00.png,la_1,single,512,512,PNG,315883,5c17561ed094ec072fe60923078960ed618586011b38d85f7c341789370cb18f,1,
release/la_1/S932980426-GM-A79-EME-T14-S1-LH-C1-I0010-F00.png,la_1,single,512,512,PNG,264648,b5f3228b66b7e22485f93435e87ad052d13bfd0a1e266cd31e83bdaee636cd71,1,
release/la_1/S932980426-GM-A79-EME-T14-S1-LH-C1-I0014-F00.png,la_1,single,512,512,PNG,368674,251062963467afb717ede119e499cc79242656dd3673f852af0166f56932cca8,1,
release/la_1/S932980426-GM-A79-EME-T14-S1-LH-C1-I0032-F00.png,la_1,single,512,512,PNG,282913,fc77aa737877a9691481274c03f1e3b5f8586c7a8daec8d31b799f44979f8245,1,
release/la_1/S932980426-GM-A79-EME-T14-S1-LH-C1-I0054-F00.png,la_1,single,512,512,PNG,374622,4077698c9938c9c39011c78547272064765740359674dea724b4d91e7cab6754,1,
release/la_1/S936982627-GM-A77-EEA-T01-S1-LH-C1-I0040-F00.png,la_1,single,512,512,PNG,296297,02489aaeaaabd813ffbaf05459bd612037457f89868489126d18d73c893226a0,1,
release/la_1/S94888726-GM-A26-EME-T03-S1-LH-C1-I0049-F00.png,la_1,single,512,512,PNG,310840,91e1508c06e7d7ccc36c2542a1e046114c7914160ab73476ce4ec83d9f14f82c,1,
release/la_1/S954227485-GF-A55-EME-T00-S1-LH-C1-I0054-F00.png,la_1,single,512,512,PNG,396260,cf2db41a333ada01874d83e97e0ec4762266aad109678bf7f54fdfee233d585c,1,
release/la_1/S955490819-GM-A25-EAF-T14-S1-LH-C1-I0009-F00.png,la_1,single,512,512,PNG,333532,f5c39b4f15cac9bb411555acb55ed809ac4153561f126f7c6b5e1a39c0c3221d,1,
release/la_1/S956718444-GF-A38-EAS-T14-S1-LH-C1-I0018-F00.png,la_1,single,512,512,PNG,300195,c386120673132fe540db495f4dbfa0892953de0e30d4b53060a2c7b2e3fc3406,1,
release/la_1/S95924864-GM-A18-EEA-T14-S1-LH-C1-I0017-F00.png,la_1,single,512,512,PNG,354672,c1c83cafc293c9317f4a3b8370b780f54cba8a3bd7707f3d92964f9de079b623,1,
release/la_1/S95924864-GM-A18-EEA-T14-S1-LH-C1-I0029-F00.png,la_1,single,512,512,PNG,386871,16266618774013a59d7aa349f8f021123f4bc9789965abb561854180a070d5ce,1,
release/la_1/S959317588-GM-A42-EAS-T00-S1-LH-C1-I0008-F00.png,la_1,single,512,512,PNG,375361,02bed26c701680ed4897afad1fd35615e187fa1beee68dc19d21b6ed7f0b108a,1,
release/la_1/S959317588-GM-A42-EAS-T00-S1-LH-C1-I0054-F00.png,la_1,single,512,512,PNG,343364,756108150f26bd9492b7036ed11d2944d36e107e6f0e12441eb1f4450ce932f9,1,
release/la_1/S962503135-GF-A84-EEA-T14-S1-LH-C1-I0013-F00.png,la_1,single,512,512,PNG,357903,23fd80e6338823759cba6222d105d3100617bd86a7316cdbb6823be85ab56bc7,1,
release/la_1/S966499612-GM-A36-EEA-T14-S1-LH-C1-I0024-F00.png,la_1,single,512,512,PNG,355177,ca5e29ebcc17ff67e84761ad894c6bae51673ffd78536aaed2a9f676377b849f,1,
release/la_1/S970888949-GF-A57-EEA-T15-S1-LH-C1-I0038-F00.png,la_1,single,512,512,PNG,355887,2608c831d3a9235a38d01bf13e8f4b5e1021f5af80e3cc70c21d6cf636e6c301,1,
release/la_1/S976538751-GM-A19-EAF-T14-S1-LH-C1-I0007-F00.png,la_1,single,512,512,PNG,330148,4e75e7e07b4b2ccad46cc75c26fa31c5edfe50ec9e95528f710eff2cbb456649,1,
release/la_1/S976538751-GM-A19-EAF-T14-S1-LH-C1-I0042-F00.png,la_1,single,512,512,PNG,335525,4a8792817ef05b21c40dca1f4c2d1c557cfad046b10479e4336004d52cfb9a8f,1,
release/la_1/S978873421-GF-A64-EEA-T01-S1-LH-C1-I0000-F00.png,la_1,single,512,512,PNG,299179,0d08ec4b02ce7e34405a2b8b23088103cb16127441dbed3380270fb3b7f97234,1,
release/la_1/S980654402-GF-A53-EEA-T14-S1-LH-C1-I0004-F00.png,la_1,single,512,512,PNG,301578,4d38374094fbcac5e92ff4b8c67259f0d1bc365f32279dbf92626d3743549a68,1,
release/la_1/S982128636-GM-A71-EME-T01-S1-LH-C1-I0008-F00.png,la_1,single,512,512,PNG,402665,bb4b621c54f19d959997922f3e62daadc6e9250ac826b8635e110ed9a71a445f,1,
release/la_1/S982227952-GM-A31-EEA-T00-S1-LH-C1-I0051-F00.png,la_1,single,512,512,PNG,304211,cefa42b63ae8b5d24536eda6fb5b06beb613c45ed129b2e3badb8c9631a3ad34,1,
release/la_1/S98643087-GF-A34-EIA-T10-S1-LH-C1-I0042-F00.png,la_1,single,512,512,PNG,394530,218bbf371799910828528a8be903dbfc98df0c62cff5738f7be2314dca69a611,1,
release/la_1/S987384432-GF-A95-EME-T01-S1-LH-C1-I0003-F00.png,la_1,single,512,512,PNG,325231,f66c11645079e4fac75910946fcd618040fe95b6587c93686f3af9a75f696e19,1,
release/la_2/S108161842-GM-A52-EEA-T11-S1-LH-C1-I0007-F00.png,la_2,single,512,512,PNG,348573,97414f8d793ba292e3214bb488916055f596f82cd354abe3dcc71c544f3ef951,1,
release/la_2/S113923411-GF-A35-EEA-T14-S1-LH-C1-I0048-F00.png,la_2,single,512,512,PNG,296186,cf606910c95334606eb73ef7534ab90324dfe88f211b091bb993058443ad9958,1,
release/la_2/S115293589-GF-A67-EME-T01-S1-LH-C1-I0030-F00.png,la_2,single,512,512,PNG,377755,32ed364a5e7e401de25ccd2c301341931050147b538f342c4b9ff67b60ebcb2d,1,
release/la_2/S115379105-GF-A98-EEA-T14-S1-LH-C1-I0044-F00.png,la_2,single,512,512,PNG,350605,a70988f4188fa73419e3c75039e360b1066a99c8528efd574f4578a39d096f59,1,
release/la_2/S116651325-GM-A28-EEA-T13-S1-LH-C1-I0056-F00.png,la_2,single,512,512,PNG,352626,dd19c1d13fbbd63421aaed3a6c5f19d0cd87bf58b51d3a1e2ae14952014a5f48,1,
release/la_2/S120660598-GM-A33-EEA-T00-S1-LH-C1-I0034-F00.png,la_2,single,512,512,PNG,345719,0c84ec56f1d107ee4df158e9dbe4bb1ef2b243a341e2168b8629d3b364ccdedc,1,
release/la_2/S121566497-GF-A32-EEA-T14-S1-LH-C1-I0036-F00.png,la_2,single,512,512,PNG,399013,14ec8a9906d9565c8847a1974ba7494bd4d71845566ea8c33cf2a4ebc0a02da3,1,
release/la_2/S121714872-GF-A34-EAF-T03-S1-LH-C1-I0053-F00.png,la_2,single,512,512,PNG,350777,0244391c8756ab2223a2f636c10d26f2bf9cb6d184f49ae86e5bf75ddf6d8262,1,
release/la_2/S124298498-GM-A91-EEA-T14-S1-LH-C1-I0034-F00.png,la_2,single,512,512,PNG,348672,6fe067e9c0fa6ca14e4184d1533d2283344a2bb137e853ca9887495e1063626c,1,
release/la_2/S130186036-GF-A82-EEA-T01-S1-LH-C1-I0007-F00.png,la_2,single,512,512,PNG,357316,118a775231dcfd6283e34c12fd2c01a457b0f8ac6703e3058e9d409393e8552e,1,
release/la_2/S137547030-GF-A76-EEA-T01-S1-LH-C1-I0045-F00.png,la_2,single,512,512,PNG,362283,809628f6e1d4576727844d62e0fa6a6705542b7c138bf8bbbf2c98e858305bd6,1,
release/la_2/S138993008-GF-A66-EAF-T00-S1-LH-C1-I0035-F00.png,la_2,single,512,512,PNG,319009,d3c5ce1f958fb7a75012edd07197d8bc79221f493afeb7e28c8b490a4305db99,1,
release/la_2/S14964507-GF-A29-EEA-T00-S1-LH-C1-I0028-F00.png,la_2,single,512,512,PNG,358264,a4f66e3a6cb84ee118bb387794cf354715cb6c3a720714669367f7bb01afacde,1,
release/la_2/S14964507-GF-A29-EEA-T00-S1-LH-C1-I0052-F00.png,la_2,single,512,512,PNG,378014,b0b7fc1cd72848d26154f84737efffa608e71e5445f161df90861a1abd08bf11,1,
release/la_2/S150094415-GF-A53-EME-T10-S1-LH-C1-I0055-F00.png,la_2,single,512,512,PNG,350311,46f46114121f9446e912dabc9f5f578d77e9e9fa83dfddc540e3cddf03e1bf6e,1,
release/la_2/S15182111-GM-A44-EAS-T00-S1-LH-C1-I0049-F00.png,la_2,single,512,512,PNG,333016,3af91339b38447b8530f3efcddbb7caae36a8105abeded503d2984d8d5313722,1,
release/la_2/S152846480-GF-A30-EEA-T03-S1-LH-C1-I0000-F00.png,la_2,single,512,512,PNG,390510,fe06b00d998601d688520c882f2dced8515336dcff32ab2909657e3bf2645e2f,1,
release/la_2/S152846480-GF-A30-EEA-T03-S1-LH-C1-I0050-F00.png,la_2,single,512,512,PNG,388303,ef99333ad92e643b372775bdc397bb3d6b677ca3181bc54bbc12c4ed426d7681,1,
release/la_2/S152846480-GF-A30-EEA-T03-S1-LH-C1-I0059-F00.png,la_2,single,512,512,PNG,380794,f4846b9a3ac0288a337993f3ea1a5858938361c84e94a997941ae11822176135,1,
release/la_2/S16008476-GF-A92-EEA-T11-S1-LH-C1-I0061-F00.png,la_2,single,512,512,PNG,383463,2b585d0484bef5c534710171a481a8fab98d6605665ba988f877b2b87d62b756,1,
release/la_2/S164577361-GF-A44-EEA-T01-S1-LH-C1-I0030-F00.png,la_2,single,512,512,PNG,396987,f26a319388bf5857745168ec91ececea280308f7d1c22e265781487f33d9a931,1,
release/la_2/S165380664-GM-A31-EIA-T01-S1-LH-C1-I0002-F00.png,la_2,single,512,512,PNG,293087,d3949a0263d03ebc46c664f83cb850c9491e4de9c852f8cef07ed0865ce33625,1,
release/la_2/S16643293-GF-A66-EEA-T15-S1-LH-C1-I0043-F00.png,la_2,single,512,512,PNG,353023,4c64404fa34871b933d9d667894a9f11a3855e679836180ba0c9c35c594cacb5,1,
release/la_2/S166658587-GM-A81-EEA-T03-S1-LH-C1-I0060-F00.png,la_2,single,512,512,PNG,298809,32b1714d9c324b8b69a5541403000469611a3d3dedb3f33d5b303ef2417e4cd6,1,
release/la_2/S169208368-GM-A35-EME-T14-S1-LH-C1-I0016-F00.png,la_2,single,512,512,PNG,390703,88107a31f554ad7347632c499e0a9a9129d28b6475f7a583871726cbc72666f5,1,
release/la_2/S169208368-GM-A35-EME-T14-S1-LH-C1-I0054-F00.png,la_2,single,512,512,PNG,387051,7aee1f985afc2421004d30b06a9024f0c0e293b390a52fec8a71a5ff9b65f914,1,
release/la_2/S179125778-GM-A37-EME-T01-S1-LH-C1-I0055-F00.png,la_2,single,512,512,PNG,301952,89322036783b8be62bfbd00154bf460d5c40d6f0b53a42adcb92d6acc2c47564,1,
release/la_2/S179182026-GM-A47-EEA-T11-S1-LH-C1-I0029-F00.png,la_2,single,512,512,PNG,369535,f8a4d0c47caf13fcc6d46529b5edf50a0c54664de582881c04dc2b70dd8b493e,1,
release/la_2/S179182026-GM-A47-EEA-T11-S1-LH-C1-I0041-F00.png,la_2,single,512,512,PNG,361596,1b04efdb8f2f9d3f3ee4b954a7c3956b57a71e03d825195d664ac76cf299d116,1,
release/la_2/S184299974-GF-A49-EME-T10-S1-LH-C1-I0023-F00.png,la_2,single,512,512,PNG,393806,ec77277e12f52b7761a475cebce86bd67e977fcf82d067a5bc28bf9b08d4e54f,1,
release/la_2/S185880747-GF-A53-EAF-T03-S1-LH-C1-I0030-F00.png,la_2,single,512,512,PNG,396762,5d322dad44242eed0846c7478aa76f6a15af8d8e62923125415574dd3c31b0bf,1,
release/la_2/S187000211-GF-A54-EEA-T03-S1-LH-C1-I0063-F00.png,la_2,single,512,512,PNG,374440,4164d8752b498305ef3d59da48adbfecf1e878b8612fdd5de9d61cb4ed53ab40,1,
release/la_2/S18796367-GF-A93-EAF-T00-S1-LH-C1-I0045-F00.png,la_2,single,512,512,PNG,303379,9ed12615f6be5ca81429fd17863072712c488cff47dde20c30c198b75798473d,1,
release/la_2/S189019382-GF-A62-EIA-T03-S1-LH-C1-I0040-F00.png,la_2,single,512,512,PNG,364929,b48193636a7a11adec89b9637a299a0a8e43a46d49d7882892d281d2bb8bb726,1,
release/la_2/S189019382-GF-A62-EIA-T03-S1-LH-C1-I0046-F00.png,la_2,single,512,512,PNG,360870,9230a201e2cec02e369eef0976f931a98b3ac8353e47a7e736f5d0b6ce37c922,1,
release/la_2/S190036673-GF-A19-EEA-T00-S1-LH-C1-I0057-F00.png,la_2,single,512,512,PNG,382550,f658ecc041b2e212925975de34a7aed8cb2bc844929082240081c0dc2fe59e4e,1,
release/la_2/S198149424-GF-A51-EEA-T13-S1-LH-C1-I0055-F00.png,la_2,single,512,512,PNG,379340,c7cb3fee6ad63d07c49d24876ad12695f6f5560c33e56f75d2bee038c561522a,1,
release/la_2/S205686156-GF-A52-EAS-T01-S1-LH-C1-I0006-F00.png,la_2,single,512,512,PNG,352539,9d924cdb460f293f2e1b99fbc3ee05266294081d7e20003177660520a26ad4e2,1,
release/la_2/S20939931-GF-A70-EME-T00-S1-LH-C1-I0047-F00.png,la_2,single,512,512,PNG,356310,a1b3ce5b1c72f7551e6603b381b0ba2c1bdac9a220f89c1b13c1213ecb85b312,1,
release/la_2/S210555380-GF-A95-EME-T14-S1-LH-C1-I0008-F00.png,la_2,single,512,512,PNG,393819,ae62603cc4644ff5644d40fbe2bc52f11c9d5601049b5fd9417a223999965135,1,
release/la_2/S210555380-GF-A95-EME-T14-S1-LH-C1-I0048-F00.png,la_2,single,512,512,PNG,375991,4c7f5fd65a55682bdaeb2bd51027bcf22eb6df7cbf3702008342bb0e53052557,1,
release/la_2/S21322735-GF-A99-EEA-T03-S1-LH-C1-I0004-F00.png,la_2,single,512,512,PNG,340801,dee9858384d33e10d47eb465c6eda5ac69eaacb4f0fd901d68fb2fbc49aeda9a,1,
release/la_2/S219134961-GM-A51-EME-T00-S1-LH-C1-I0016-F00.png,la_2,single,512,512,PNG,332618,7ead35afd070a93903d2fdd4fd0ed21cd7e953210b3a234e0b1362978a2d6cee,1,
release/la_2/S220036139-GF-A33-EME-T14-S1-LH-C1-I0048-F00.png,la_2,single,512,512,PNG,387722,8cadbb906c4fe5933a87019d2a6ee3f5fca332c5af219fe19a32027ee279af96,1,
release/la_2/S229472865-GM-A49-EEA-T15-S1-LH-C1-I0053-F00.png,la_2,single,512,512,PNG,312700,1d96ea49bc73dda8de7cb26ce5cfc44f7fd56e9f2db5a7d4dbc0c2433a23ca6f,1,
release/la_2/S229741512-GM-A18-EEA-T01-S1-LH-C1-I0029-F00.png,la_2,single,512,512,PNG,309849,821c53b9575e225af0aee2a6eba1b266292c76e65ea13be143208308bf82ea9d,1,
release/la_2/S231352223-GF-A49-EEA-T14-S1-LH-C1-I0011-F00.png,la_2,single,512,512,PNG,356245,af4429ec7b6664f7975b2783c252903c3363bf7ca9ea646eb3efcbb8c10d8671,1,
release/la_2/S231352223-GF-A49-EEA-T14-S1-LH-C1-I0027-F00.png,la_2,single,512,512,PNG,370909,58cb9cc4c9604375e9bca28103d07ae2d2f55f499b9646f73ffaa1eb69bbfbd2,1,
release/la_2/S236474674-GF-A94-EEA-T14-S1-LH-C1-I0061-F00.png,la_2,single,512,512,PNG,347566,3485650f9882b8e1a9cd80875cc802ecb4e83506b7cf4cb38e3ee77d1e6ea28c,1,
release/la_2/S240935283-GM-A93-EEA-T01-S1-LH-C1-I0022-F00.png,la_2,single,512,512,PNG,406193,4e2cbc7f63ac22dca720617ac91405f252c9c69e09cec3e53ac8c53908b0ac88,1,
release/la_2/S245655911-GM-A99-EIA-T14-S1-LH-C1-I0023-F00.png,la_2,single,512,512,PNG,408509,48c7027e7c37cd07231d02a02bde7ab41828542e1b875d035e0195cdd77052e2,1,
release/la_2/S247603526-GM-A30-EEA-T13-S1-LH-C1-I0041-F00.png,la_2,single,512,512,PNG,314599,0a7dfd4ff3833846602edd3fa49cb350ab8a64b458d8b5298cb7753d179b95c2,1,
release/la_2/S248968574-GM-A81-EAS-T14-S1-LH-C1-I0022-F00.png,la_2,single,512,512,PNG,333158,b2d3342f0396540ed0ce4ef8769cfea2d141aef41728fab3feee8f87e003b134,1,
release/la_2/S25038292-GF-A59-EAF-T03-S1-LH-C1-I0041-F00.png,la_2,single,512,512,PNG,352201,5b5a9bffa498874f5eaaf8f23d03a85cd47ce855729fc553a16bcf1a2aeb08f3,1,
release/la_2/S259395943-GF-A59-EME-T14-S1-LH-C1-I0009-F00.png,la_2,single,512,512,PNG,333167,a41018f6cc0509d7ca067149be4288448094c833366e37223223f4ce2e726dc9,1,
release/la_2/S261182015-GM-A24-EEA-T01-S1-LH-C1-I0011-F00.png,la_2,single,512,512,PNG,318938,c024d6fa3143666264ede7702918e5dbcd87d50745473b4559aae634aa95d7bd,1,
release/la_2/S264396021-GM-A30-EAS-T14-S1-LH-C1-I0047-F00.png,la_2,single,512,512,PNG,320216,43a8a5a5d17ffc17804ef970e503da98b2afe4c7720af23e509178540930ffa4,1,
release/la_2/S265934537-GF-A26-EAS-T14-S1-LH-C1-I0063-F00.png,la_2,single,512,512,PNG,319440,f44e64feaf3000188f00853ae330521cbf6cf856ec84b1d317656b8eb7f0e628,1,
release/la_2/S268137029-GF-A39-EME-T01-S1-LH-C1-I0016-F00.png,la_2,single,512,512,PNG,396644,ef88cd677f8e792effade51cf17379c8ef38888a9a107ba9d0cee0e28f83a2be,1,
release/la_2/S268183923-GN-A24-EAF-T14-S1-LH-C1-I0053-F00.png,la_2,single,512,512,PNG,314481,b93631e4a32e6749a8d4b27c7c72f00c29b83a76cac9f5bc4724ae319c3ff33d,1,
release/la_2/S274652534-GF-A22-EEA-T01-S1-LH-C1-I0003-F00.png,la_2,single,512,512,PNG,349752,a2c3721ecb6b5d1be02b1c686911d44595611ed8ff2417b05df97156b6d26c3a,1,
release/la_2/S274869653-GF-A68-EAS-T03-S1-LH-C1-I0003-F00.png,la_2,single,512,512,PNG,361725,547f391d8b54bc221bd599c36134417190e92be467481392e4accf0fad326fc1,1,
release/la_2/S279879625-GF-A55-EAF-T00-S1-LH-C1-I0037-F00.png,la_2,single,512,512,PNG,377362,dd384a3d8e79610b1314889f710866834a060db9ca2e2fcaae0651882dada894,1,
release/la_2/S287510944-GF-A29-EME-T01-S1-LH-C1-I0059-F00.png,la_2,single,512,512,PNG,353397,9b43513499a3d4b5558a6a9fc2e51e3215d8a1a7874ea612c4a5aa8991bf23b2,1,
release/la_2/S289919415-GF-A46-EEA-T14-S1-LH-C1-I0060-F00.png,la_2,single,512,512,PNG,318872,b14bab79d622204271b01b28722b980ff07136787acc97e4f3ec8611faf07c33,1,
release/la_2/S300524837-GM-A42-EEA-T01-S1-LH-C1-I0008-F00.png,la_2,single,512,512,PNG,377508,76ac35c28b1f7a59855a37d32a1be5698e13b3c2167099091bb76bdb8847472a,1,
release/la_2/S303695349-GM-A23-EEA-T03-S1-LH-C1-I0002-F00.png,la_2,single,512,512,PNG,321158,403ba337d5803b24bb805ffe7f585f65ed5e4bf20991d4cd1b9e5b779eee8a5b,1,
release/la_2/S303695349-GM-A23-EEA-T03-S1-LH-C1-I0029-F00.png,la_2,single,512,512,PNG,310889,b4ab2ee2207dc6f8fdcb5a574b705f92c5c25cfdc48a5e542ffde4f421998d85,1,
release/la_2/S303695349-GM-A23-EEA-T03-S1-LH-C1-I0041-F00.png,la_2,single,512,512,PNG,306636,a617268d3bd349f85561960855ab0890947fcd16ccf9af33c7cd9b868f08a016,1,
release/la_2/S311145231-GF-A53-EAF-T03-S1-LH-C1-I0062-F00.png,la_2,single,512,512,PNG,411024,1985f4c56661e88893fb84f29523b0a655da3a4e382ecb22733450c37e6cec23,1,
release/la_2/S313264566-GM-A81-EAF-T14-S1-LH-C1-I0008-F00.png,la_2,single,512,512,PNG,319566,fad9149bfda8061fe06086f3f45b3d5b93caa626ae20b0223b97b21f9c631d3f,1,
release/la_2/S313264566-GM-A81-EAF-T14-S1-LH-C1-I0059-F00.png,la_2,single,512,512,PNG,369136,7ba2b26bcf07fe7d97bae00772edb3c4e70d38b706f13aeecceea1ce323c874a,1,
release/la_2/S316988909-GF-A99-EIA-T10-S1-LH-C1-I0040-F00.png,la_2,single,512,512,PNG,387363,ea84b79254673f9ad59f8c95a8931fd6d8fa575017f694448971a29f20e55909,1,
release/la_2/S319441451-GF-A19-EAS-T01-S1-LH-C1-I0006-F00.png,la_2,single,512,512,PNG,348695,b1b1753a73978ee8f39ecb6131c4bc8643d86ad6fa192973cfc2472b46b5144e,1,
release/la_2/S320892356-GF-A70-EIA-T03-S1-LH-C1-I0021-F00.png,la_2,single,512,512,PNG,382399,a88f4564ebe3f7c1dda9923af074139330af1508b24536e6e50402e994ad7c65,1,
release/la_2/S32440074-GF-A23-EIA-T15-S1-LH-C1-I0012-F00.png,la_2,single,512,512,PNG,344091,73d9c79ba5c157c7ad0db86df994ba88e596e674955405a907a8c91a46842ebf,1,
release/la_2/S325074401-GF-A50-EAS-T03-S1-LH-C1-I0044-F00.png,la_2,single,512,512,PNG,322569,e1be66cfd769fc2887279e5c745298dd72f8f4b3110f2421a7cd1819b12b0bb0,1,
release/la_2/S334613033-GM-A58-EAF-T14-S1-LH-C1-I0047-F00.png,la_2,single,512,512,PNG,432898,d2a4540c5d50ba1222022fa97f59a57e62a6cfc32a23893bdcffe0c9460c0b9e,1,
release/la_2/S334697091-GM-A32-EAS-T14-S1-LH-C1-I0031-F00.png,la_2,single,512,512,PNG,263292,a92768a668ba05f8083fe6c589929d0222c74602bf95c2dd71d2a71dfffee1b0,1,
release/la_2/S335757255-GF-A30-EME-T14-S1-LH-C1-I0002-F00.png,la_2,single,512,512,PNG,370688,006a3619a59954811401e00f0385f8a25550125ee1f16ac6cd395802b9d2546e,1,
release/la_2/S336053665-GF-A75-EME-T13-S1-LH-C1-I0037-F00.png,la_2,single,512,512,PNG,324176,f2718240c338cce75a3e4424c26ac6679c4e2d7f5679f1ff5abd51d6c2490ca8,1,
release/la_2/S340675536-GF-A37-EEA-T14-S1-LH-C1-I0052-F00.png,la_2,single,512,512,PNG,299460,3031e583b4a0eeb34426f63d80d09d7acde2ff7781339c19f741c30effb7c978,1,
release/la_2/S343616415-GF-A69-EEA-T03-S1-LH-C1-I0056-F00.png,la_2,single,512,512,PNG,351775,4c0d3615f8c0887b7550ddf1175e9d2db740e15046009c94bd12b628f6a1e453,1,
release/la_2/S343899513-GM-A51-EME-T01-S1-LH-C1-I0048-F00.png,la_2,single,512,512,PNG,401648,d7966bbee5a668ccf547a2a9048384a9fec8a677f05f9d885d80b6b273bf8ae4,1,
release/la_2/S345601750-GF-A64-EEA-T03-S1-LH-C1-I0032-F00.png,la_2,single,512,512,PNG,396114,6a191ecec701e0d12338ab04a888af7fc8285f1fdb8292294784ba0a28acb543,1,
release/la_2/S345601750-GF-A64-EEA-T03-S1-LH-C1-I0055-F00.png,la_2,single,512,512,PNG,378882,4e1691a630a770ce93c61be82c809c2922a48b90f8a7f354d84e3b03248b5d2b,1,
release/la_2/S347571913-GM-A24-EEA-T13-S1-LH-C1-I0054-F00.png,la_2,single,512,512,PNG,379296,36652c26bb16fa2280e40cdf5b16111ad6eecae7d9cba17f04136db743f21332,1,
release/la_2/S354713116-GF-A60-EAF-T14-S1-LH-C1-I0004-F00.png,la_2,single,512,512,PNG,368667,8e6a7dbd1dac8e301e1857efcb5caaed760057488be27dee99a1dc6d6f9c025b,1,
release/la_2/S354713116-GF-A60-EAF-T14-S1-LH-C1-I0011-F00.png,la_2,single,512,512,PNG,403407,5e0d8db6c0d5c89a3c4e4f874c756ff725819463d0fbd7760b24f44f4b1ba4a5,1,
release/la_2/S354713116-GF-A60-EAF-T14-S1-LH-C1-I0063-F00.png,la_2,single,512,512,PNG,394384,267f624bb9839900743169e92e07c0f019b921719170f74175f4d74a806e25c0,1,
release/la_2/S358652822-GF-A41-EEA-T01-S1-LH-C1-I0006-F00.png,la_2,single,512,512,PNG,371633,096b834826cc7efdf6bf3732a29755f234609c58f26bd5c654bb68c1e1d2d747,1,
release/la_2/S364995244-GM-A24-EEA-T03-S1-LH-C1-I0015-F00.png,la_2,single,512,512,PNG,372025,5cbc8bbe849659788fc30eb678e14c64dde2bc9f7c17b96c658d6d6516841faf,1,
release/la_2/S370286626-GF-A59-EEA-T00-S1-LH-C1-I0061-F00.png,la_2,single,512,512,PNG,391505,f94b7ed6c25bb7d78faa8674a210f81f0e457245444e3116f43c8f422c82ee35,1,
release/la_2/S371797493-GM-A29-EEA-T14-S1-LH-C1-I0043-F00.png,la_2,single,512,512,PNG,356743,c8f2504e687a733089543e63e8d6b054dcc389b28cc0534d3255764beb22d64c,1,
release/la_2/S373793896-GM-A22-EEA-T14-S1-LH-C1-I0035-F00.png,la_2,single,512,512,PNG,349515,57cc69ecba9aa86b07aa362f656bf6d4dee4535b73391c7c615f1d6c56e5b2a7,1,
release/la_2/S37396139-GF-A51-EEA-T14-S1-LH-C1-I0018-F00.png,la_2,single,512,512,PNG,383068,9d7d501b0a146223b1bc9ab54897a968064d003800397f0d11f0a812156483fc,1,
release/la_2/S37396139-GF-A51-EEA-T14-S1-LH-C1-I0048-F00.png,la_2,single,512,512,PNG,387367,41b1fdf7f17e8613ca9426362fade36fc8b8e9a2058fead1d3cfcabd52db9f9e,1,
release/la_2/S375545605-GM-A47-EEA-T00-S1-LH-C1-I0004-F00.png,la_2,single,512,512,PNG,367241,6925834da63424029c3dabc5d4c5888cd2f00b2527169dbc2db9bc73604bcb47,1,
release/la_2/S375545605-GM-A47-EEA-T00-S1-LH-C1-I0022-F00.png,la_2,single,512,512,PNG,359913,ff2c6b36c8b5d5e478375d9bd78a2bfd68a53af2ee3d32e0d347878f2ba51932,1,
release/la_2/S375545605-GM-A47-EEA-T00-S1-LH-C1-I0027-F00.png,la_2,single,512,512,PNG,371268,aed1ea91d6ee69ca3e3f003ce64ddd0d24c219437cab906ed0722c236bb2bf3c,1,
release/la_2/S375545605-GM-A47-EEA-T00-S1-LH-C1-I0049-F00.png,la_2,single,512,512,PNG,381309,a1f3eb97a5ba4f2d09a59855974c25e150d6c6efcf0dd89549e6a795bcc9676d,1,
release/la_2/S376287613-GF-A19-EAF-T14-S1-LH-C1-I0011-F00.png,la_2,single,512,512,PNG,327183,5cc692ad1fe850b97781e27143bdb1b52c5d01eebd56d6f0f5bd696d735f5569,1,
release/la_2/S377896724-GF-A29-EEA-T10-S1-LH-C1-I0028-F00.png,la_2,single,512,512,PNG,281255,268ebe8ecc83b6e254568ee364d1f67cb9b96d8f52bee579bb61646044fd0a4c,1,
release/la_2/S380795387-GF-A58-EEA-T14-S1-LH-C1-I0035-F00.png,la_2,single,512,512,PNG,340552,886e4b25877f89fe45827db58e713723fdb866ee347f0ea8e37fb3e251cdd3f6,1,
release/la_2/S382037204-GF-A89-EEA-T03-S1-LH-C1-I0006-F00.png,la_2,single,512,512,PNG,353954,ad7bb596cdf826f0d54f8b46cecacaccc843ffbba7c460338668255f6f5dbfc9,1,
release/la_2/S384793007-GF-A62-EEA-T01-S1-LH-C1-I0006-F00.png,la_2,single,512,512,PNG,278341,245a53293ec06051900dea1b87486bd4e7c08d68dcc9f9a738fd9e484341e17a,1,
release/la_2/S388546914-GF-A50-EEA-T14-S1-LH-C1-I0025-F00.png,la_2,single,512,512,PNG,351153,ff13c1381b7c42852c21f7f64543a31c8de49a4a911f6a7caa60bfe3a48ceb3b,1,
release/la_2/S39379132-GF-A54-EEA-T15-S1-LH-C1-I0056-F00.png,la_2,single,512,512,PNG,365197,daed739f9140a339b88b4753e2b6e87fd8655641af6d5aa9f90398d8dc93fb01,1,
release/la_2/S394313530-GF-A45-EEA-T03-S1-LH-C1-I0050-F00.png,la_2,single,512,512,PNG,381123,19fd33242016f0dcd0daee804e5180464d3b75b18c4cd5d3511178d4dcc5a686,1,
release/la_2/S395744997-GF-A18-EEA-T01-S1-LH-C1-I0002-F00.png,la_2,single,512,512,PNG,388803,14c71cd1b98b05b98df5ab226a89b7ce4577323be603eb3d3eed1673ca72454b,1,
release/la_2/S39590804-GM-A53-EEA-T03-S1-LH-C1-I0045-F00.png,la_2,single,512,512,PNG,376386,2a80535b0b8c957664f9f8334f1e9ebe6e8db5a753a594d960a1e9d9021aae42,1,
release/la_2/S397228464-GF-A72-EEA-T03-S1-LH-C1-I0009-F00.png,la_2,single,512,512,PNG,357681,2f1501bf3b0fc274887d8abbaefa59833e7518ed8af29700aa647e4843dde989,1,
release/la_2/S402397961-GF-A82-EEA-T00-S1-LH-C1-I0029-F00.png,la_2,single,512,512,PNG,354353,cf208fd615dec4e8bf1329d205f9ca9988849c4aebd8a9f3c90e13f89fe2d9dc,1,
release/la_2/S402992794-GF-A60-EEA-T14-S1-LH-C1-I0010-F00.png,la_2,single,512,512,PNG,350667,bc9cea6facf0bf7b93432f41428839c116251d41f18639d789554a6dd6fffc2c,1,
release/la_2/S407285746-GF-A18-EAF-T13-S1-LH-C1-I0047-F00.png,la_2,single,512,512,PNG,389574,8fabd16783958cef905fd01bf578e99115478a69d257dca0573f020dcb252b94,1,
release/la_2/S409626024-GM-A29-EEA-T11-S1-LH-C1-I0000-F00.png,la_2,single,512,512,PNG,224358,144cdd617bc421160d9f085af893439ef50b0c11d5e2b3216c9472d19ebe2de1,1,
release/la_2/S411588159-GF-A21-EEA-T03-S1-LH-C1-I0033-F00.png,la_2,single,512,512,PNG,343002,15fd58865c35574151629facebb2783ed4ca880dec10f1ab085069a966b878fd,1,
release/la_2/S412637027-GM-A93-EME-T01-S1-LH-C1-I0061-F00.png,la_2,single,512,512,PNG,368304,dfff8225bd6817315b4c685e37071f1c6dce4d82b5f74b19f79193b28feee01c,1,
release/la_2/S415761895-GF-A62-EAS-T03-S1-LH-C1-I0005-F00.png,la_2,single,512,512,PNG,336351,72b007e1735f57fd0045bf1213f3f08a8496faad5ebfd94fe4db93cdefc56ce7,1,
release/la_2/S422234801-GM-A19-EAS-T14-S1-LH-C1-I0050-F00.png,la_2,single,512,512,PNG,364682,e980211e9f4ae4459d1d024416f05df57b779852f7bd4494dc5c6ba7ab78928b,1,
release/la_2/S426127418-GF-A48-EEA-T03-S1-LH-C1-I0043-F00.png,la_2,single,512,512,PNG,388135,b4061b261bca2787d737a2e9c5428a6bd5a2e849b266dd601d5f41cd8d086ab6,1,
release/la_2/S43189665-GF-A47-EME-T13-S1-LH-C1-I0035-F00.png,la_2,single,512,512,PNG,364253,d731270c07673fa1008ddd43821f391faadebd554d10adfe7091ea9ef27a189e,1,
release/la_2/S43416355-GF-A63-EAS-T03-S1-LH-C1-I0018-F00.png,la_2,single,512,512,PNG,309005,b6180d3c00a13859982b5971524c62710815f4ed5d43e8732599721cac812145,1,
release/la_2/S44577521-GM-A92-EME-T14-S1-LH-C1-I0012-F00.png,la_2,single,512,512,PNG,326865,bbf09c4fbd67d3d59157d18c7a9ee865651778746841a90e42472a68d419a6c6,1,
release/la_2/S44577521-GM-A92-EME-T14-S1-LH-C1-I0041-F00.png,la_2,single,512,512,PNG,342813,ea9c38f419202b4c1e04291f3a0e53da9e309a57bdc05d454c90987c51c1ccbb,1,
release/la_2/S457681878-GF-A95-EEA-T14-S1-LH-C1-I0017-F00.png,la_2,single,512,512,PNG,365106,17385decc81efc788551261cc2546c0661208bfac8be8123d81e17841c3027c5,1,
release/la_2/S464252649-GM-A60-EEA-T15-S1-LH-C1-I0045-F00.png,la_2,single,512,512,PNG,333432,823f08b530e856b3dae6e024a2de2a7649ba3779d38ed04cda41f9100df9bbbd,1,
release/la_2/S472012617-GM-A63-EEA-T01-S1-LH-C1-I0014-F00.png,la_2,single,512,512,PNG,351468,c710617e2853ca44b3621f06f677c163af34c8f4ba652803441da228652ffcdd,1,
release/la_2/S472012617-GM-A63-EEA-T01-S1-LH-C1-I0022-F00.png,la_2,single,512,512,PNG,398768,4ba3c9c6159182aac26f747fe9a1dc9b75c42e93ab3c3c43f6ec68cdc629b436,1,
release/la_2/S475499547-GM-A26-EME-T01-S1-LH-C1-I0029-F00.png,la_2,single,512,512,PNG,389600,31b9989a0c938b31fe19607713ec0decec925d67e05f587a8254ecdee44f5e20,1,
release/la_2/S477281279-GF-A30-EME-T14-S1-LH-C1-I0058-F00.png,la_2,single,512,512,PNG,386309,b5d6d4cb5997308e293936dfe318b6e2d335afce54b3da1a7138c7d9137645b4,1,
release/la_2/S480910045-GF-A90-EME-T11-S1-LH-C1-I0003-F00.png,la_2,single,512,512,PNG,351007,fe98e31686f6abb23a09273a312443dcfc61ab0a0ad5d7cfa1bf5aebd365f58c,1,
release/la_2/S482766020-GF-A40-EAS-T15-S1-LH-C1-I0060-F00.png,la_2,single,512,512,PNG,340053,596e9b75da1181290432a623810fd92f820898ced775d19eb60cf8b56338fc06,1,
release/la_2/S493184426-GF-A19-EAF-T00-S1-LH-C1-I0000-F00.png,la_2,single,512,512,PNG,337900,6b59bcf0e1cbb74748184f119253f6d97871b648597033848b5c3383e4a861c9,1,
release/la_2/S495166625-GF-A58-EAS-T14-S1-LH-C1-I0053-F00.png,la_2,single,512,512,PNG,345014,12e6a9499a16f159ab61561b649b5f2cf4eb335b8b5b6dea962a043c45ba7de2,1,
release/la_2/S50180802-GM-A26-EEA-T00-S1-LH-C1-I0055-F00.png,la_2,single,512,512,PNG,339467,19157bde25b2de52da4bace498582a9cbd3e6b43b446746f10eae01eb1bd2c3c,1,
release/la_2/S504201509-GF-A50-EME-T14-S1-LH-C1-I0001-F00.png,la_2,single,512,512,PNG,371286,276ca792257cdd7c27a3e6641b3245605cf9cdb98bba8c7fb1827ad791ac8118,1,
release/la_2/S506465236-GM-A41-EEA-T00-S1-LH-C1-I0013-F00.png,la_2,single,512,512,PNG,354285,523eba15ce1790f4640cdae1950338365b1f1539e95a361adf12ecb13adb1edb,1,
release/la_2/S508947155-GF-A84-EAF-T01-S1-LH-C1-I0013-F00.png,la_2,single,512,512,PNG,328307,a289378cba12f6346d641a3415a6c241870f07482dd3e4bcd643c09e72c4cb7c,1,
release/la_2/S508947155-GF-A84-EAF-T01-S1-LH-C1-I0030-F00.png,la_2,single,512,512,PNG,331702,e0c0dd55a32f542b958291bbe8e0b08a9ee7cfcae1ae33b572038fe52d1104bd,1,
release/la_2/S508947155-GF-A84-EAF-T01-S1-LH-C1-I0033-F00.png,la_2,single,512,512,PNG,361412,4346521f5a0acab653eacc518bd696374a5c6c6ceb5243467c59b2a9f6049488,1,
release/la_2/S508947155-GF-A84-EAF-T01-S1-LH-C1-I0054-F00.png,la_2,single,512,512,PNG,337874,d8872c41cacdc2121d3638a4a16eb1a5c858c2fe910b58495a6d50c1d245747f,1,
release/la_2/S510917796-GF-A21-EME-T03-S1-LH-C1-I0042-F00.png,la_2,single,512,512,PNG,376841,fae0db8c21186ce43372af3d7d768b535617e2b6418fafa8ccbb86e299a51575,1,
release/la_2/S51891071-GM-A63-EEA-T03-S1-LH-C1-I0028-F00.png,la_2,single,512,512,PNG,398921,7699cc9f9fc0ff44a414d8047463aad19c42e5a50886f5d78714f7fe20a7c8af,1,
release/la_2/S519335789-GF-A87-EAF-T14-S1-LH-C1-I0012-F00.png,la_2,single,512,512,PNG,350166,f84b0a6773b1ce27d9210a65c3f623a2b59057d90029d87b5337f84f69e27d76,1,
release/la_2/S520464077-GF-A50-EEA-T00-S1-LH-C1-I0049-F00.png,la_2,single,512,512,PNG,371451,83aa18a68789abd52265a13afadb581848b8755591545ba10b3f5ac528a53d4d,1,
release/la_2/S520464077-GF-A50-EEA-T00-S1-LH-C1-I0055-F00.png,la_2,single,512,512,PNG,354165,ae7b1a6d5db534a7a7c3ef1f96fb67d68f144bef6fe3e4ae5d4ad66da5d5c595,1,
release/la_2/S526642813-GF-A73-EAF-T03-S1-LH-C1-I0033-F00.png,la_2,single,512,512,PNG,308463,5b428147fa9d8d195e6e89d2a843b292b11698dd72a94ab00f3db16144eecb18,1,
release/la_2/S526642813-GF-A73-EAF-T03-S1-LH-C1-I0036-F00.png,la_2,single,512,512,PNG,311934,60af60d1a3f0c69158e65dfb446fe96bf6d0efa6c092fd71d700cd623731ef6b,1,
release/la_2/S528079409-GM-A46-EEA-T11-S1-LH-C1-I0009-F00.png,la_2,single,512,512,PNG,312999,1eac7da8d5e62dc12ac12175c05dfa6c6cf27cc79ee59ae8fb2cd68ca863b8dd,1,
release/la_2/S533819468-GM-A53-EIA-T14-S1-LH-C1-I0007-F00.png,la_2,single,512,512,PNG,414682,89c35e93610ef6ea55c1961d8585e19083cc097c51078dade1a8982c80d940a2,1,
release/la_2/S535874367-GF-A18-EEA-T14-S1-LH-C1-I0059-F00.png,la_2,single,512,512,PNG,357295,7b91bc2d356079f43119f15e44beaaef13f390918854f7f5fec58324f71f7c6d,1,
release/la_2/S536119263-GM-A46-EEA-T11-S1-LH-C1-I0063-F00.png,la_2,single,512,512,PNG,311874,923fb08df5427da97d4041fca45ffcb9217c6bb47b6c5e45f9e4cd72f2a84fe2,1,
release/la_2/S537195914-GF-A56-EME-T03-S1-LH-C1-I0040-F00.png,la_2,single,512,512,PNG,385781,12559786f07e760687086f17fcbcaad4377bcdc2ddbe06f8a236f6cb8db46f6e,1,
release/la_2/S554872844-GF-A81-EIA-T00-S1-LH-C1-I0062-F00.png,la_2,single,512,512,PNG,253684,dd2039df13216fae73e21ee2aec06049fb44aebec69e7ac0889abc4659542f0d,1,
release/la_2/S557350179-GF-A53-EAS-T03-S1-LH-C1-I0005-F00.png,la_2,single,512,512,PNG,383343,c19d11f100a16df0dade4d3c468226f9f4adbb8851b2db66500ce04a9834775a,1,
release/la_2/S560191384-GF-A51-EEA-T01-S1-LH-C1-I0033-F00.png,la_2,single,512,512,PNG,335530,0595a8b7b47fa526a0f9692f5713e79bb885b2fbb9ddaf2f0a4dde4b242751e6,1,
release/la_2/S561424111-GM-A25-EME-T14-S1-LH-C1-I0010-F00.png,la_2,single,512,512,PNG,326265,75e4d276ba10c8484376c1282513630cfc466f67f1f69642935aff40a217ed20,1,
release/la_2/S562599431-GM-A42-EEA-T00-S1-LH-C1-I0036-F00.png,la_2,single,512,512,PNG,301429,ec4aaed00594d4bdd932200781723d7072ce05bb5a367983aee13bc4f8c4fd1c,1,
release/la_2/S564127454-GF-A22-EAS-T03-S1-LH-C1-I0009-F00.png,la_2,single,512,512,PNG,384491,d2a2e7c61c4775184d173d1305cfbb07c126a165584d8ef4127df87d9c3ac799,1,
release/la_2/S567149942-GF-A85-EEA-T00-S1-LH-C1-I0039-F00.png,la_2,single,512,512,PNG,311459,d590b0622b94231c9a580d9eb2a8d22dae5e7898097c63772422adcaa6763e49,1,
release/la_2/S567149942-GF-A85-EEA-T00-S1-LH-C1-I0061-F00.png,la_2,single,512,512,PNG,302547,62717936f33e5ae5f48f040f104b3227b284fad2f8efe6bfd21d1b82e0c59314,1,
release/la_2/S567565556-GF-A43-EME-T01-S1-LH-C1-I0057-F00.png,la_2,single,512,512,PNG,405245,ff959193a7f86b75dfa687744e326b0b3b3697c2fc28bc5450c8aec187f55994,1,
release/la_2/S571336030-GM-A48-EIA-T01-S1-LH-C1-I0034-F00.png,la_2,single,512,512,PNG,298857,9911900b54a3a0e04ceb3180e21145e47549444051014506816e19532b6c84bf,1,
release/la_2/S571571794-GM-A57-EEA-T03-S1-LH-C1-I0016-F00.png,la_2,single,512,512,PNG,347823,099fe2deaa1233e5349f67b84502e5576dace9aef5abcb8b2e6683f6804e9f3a,1,
release/la_2/S574280680-GF-A53-EME-T03-S1-LH-C1-I0005-F00.png,la_2,single,512,512,PNG,402424,fa9c491d32f12f63ebaf3df31ac2997de5d4f045e121d187175fd88af92ad6b7,1,
release/la_2/S574761980-GF-A38-EEA-T14-S1-LH-C1-I0044-F00.png,la_2,single,512,512,PNG,280539,133a3cf08c1ad2aa76f6862551fc597bee05b9c5cd609a96b9edc4b281ba6c16,1,
release/la_2/S577181289-GF-A97-EME-T00-S1-LH-C1-I0056-F00.png,la_2,single,512,512,PNG,378698,bef0c8d3f88da0c114a6ca5c075e80172bf99ecee9c6e1a29aad9a7a826b1c22,1,
release/la_2/S578152615-GM-A42-EEA-T03-S1-LH-C1-I0011-F00.png,la_2,single,512,512,PNG,355626,a9d90341b2d8f2b376dd4bf50a083c7b807304b5b554843e9df7d395ac7f958e,1,
release/la_2/S590103000-GF-A47-EEA-T01-S1-LH-C1-I0045-F00.png,la_2,single,512,512,PNG,398267,7d9232b3b4b4b5613683243657a909bed5ed03fa04cefca2a0ce10d3b6b727b0,1,
release/la_2/S590103000-GF-A47-EEA-T01-S1-LH-C1-I0047-F00.png,la_2,single,512,512,PNG,357726,90eeba30009637e42e171db939034ab531e4c86d0ae13fece4aff571a4d12e9b,1,
release/la_2/S590103000-GF-A47-EEA-T01-S1-LH-C1-I0056-F00.png,la_2,single,512,512,PNG,401470,aa1a4d6b81695a9a4d1bb8a11cc6c64dac96e85498b908a838df591a2e9cf309,1,
release/la_2/S590103000-GF-A47-EEA-T01-S1-LH-C1-I0063-F00.png,la_2,single,512,512,PNG,390465,3ab097fa43e24d8a34f5aad42eb453f7094370b721dcde2e4b6fb07cf3f32145,1,
release/la_2/S592147976-GF-A52-EEA-T00-S1-LH-C1-I0049-F00.png,la_2,single,512,512,PNG,329692,5641f6f860f066ff9c888633d378f25d4efd988608dc1ad8181902a890564d3f,1,
release/la_2/S606909976-GF-A59-EEA-T01-S1-LH-C1-I0035-F00.png,la_2,single,512,512,PNG,376488,8588f74b2cc27ca542bbf2076624d434cbb4402e0e8cf4a07a7186a9f51bf939,1,
release/la_2/S616053079-GF-A33-EEA-T00-S1-LH-C1-I0038-F00.png,la_2,single,512,512,PNG,401044,feada126518a49a35b5e0119905a9e49cf0023a583b06a181b343488009f6151,1,
release/la_2/S616105557-GF-A58-EEA-T11-S1-LH-C1-I0042-F00.png,la_2,single,512,512,PNG,279709,df18c5c316125274a6bd89814b53c01bd35a9ab3319e67bdfa1886ef02ff4c4b,1,
release/la_2/S618974755-GM-A24-EEA-T00-S1-LH-C1-I0045-F00.png,la_2,single,512,512,PNG,346096,66a2d070d5fbf45e4d45aa9891ed96ac9cb0444a390ffd1cab03fd6fe2c08f8d,1,
release/la_2/S621920790-GF-A25-EEA-T13-S1-LH-C1-I0005-F00.png,la_2,single,512,512,PNG,381159,769b012055c31bc93d697cd004250ece4aa652934d29c0aafbf90d25729cdf2c,1,
release/la_2/S622813751-GM-A67-EAF-T01-S1-LH-C1-I0021-F00.png,la_2,single,512,512,PNG,373264,d2f197f927ca85ffad3ed4420aa5153daadc8fe1f8dea9af7a1641099a6f7921,1,
release/la_2/S62389544-GF-A82-EEA-T14-S1-LH-C1-I0050-F00.png,la_2,single,512,512,PNG,279303,e5e5445b0359615d4677f2bb04adfcdbb7a4ed45daeefafa9c55251cb0fcaab3,1,
release/la_2/S640440409-GF-A40-EME-T14-S1-LH-C1-I0001-F00.png,la_2,single,512,512,PNG,406055,ebc7d996e3ebb8723bbb981a4f3fe4d5bfcb09cb17afca361b76391aef76c784,1,
release/la_2/S641100116-GM-A97-EEA-T14-S1-LH-C1-I0060-F00.png,la_2,single,512,512,PNG,350176,dc363a8c73b5f8ae2672a3eaf6c413192537c2140d56a1ea54c9483ac13b64a6,1,
release/la_2/S6470524-GF-A29-EAS-T14-S1-LH-C1-I0059-F00.png,la_2,single,512,512,PNG,330921,2171087549cf77dded329ab2b3d34b3b0bfec21ad84fa22ce8942f2d4f1efafa,1,
release/la_2/S647458820-GF-A61-EAF-T03-S1-LH-C1-I0003-F00.png,la_2,single,512,512,PNG,368881,ba30fe7f6d6c27fbcdb6eb0196b880d5ce55c916b50ff8b5eb7f4da07882601f,1,
release/la_2/S653507002-GM-A51-EME-T03-S1-LH-C1-I0023-F00.png,la_2,single,512,512,PNG,415141,952195971800b6405e74e339f0f3086ca2940e797f272d8311c403249472703d,1,
release/la_2/S653507002-GM-A51-EME-T03-S1-LH-C1-I0063-F00.png,la_2,single,512,512,PNG,403379,c519d590784e54d303c1574ff224aa6dc03229b5ee166617ae769c2e99a9e585,1,
release/la_2/S664246838-GF-A21-EEA-T11-S1-LH-C1-I0004-F00.png,la_2,single,512,512,PNG,395562,ae5955bc9680bd5bcbf9d674e83958552b4703b4c3932ef37039815d543a579b,1,
release/la_2/S664246838-GF-A21-EEA-T11-S1-LH-C1-I0019-F00.png,la_2,single,512,512,PNG,389928,d357bca90d0485273ee9363cb1712365059fc4978ad17bd52e0a64f20cb4bbf4,1,
release/la_2/S664545006-GF-A28-EIA-T14-S1-LH-C1-I0033-F00.png,la_2,single,512,512,PNG,338411,36cab8c2ce1510ea73e2480f3ce18ee5452c7ac9d7efdd56a0fa87a96767f8bd,1,
release/la_2/S669973447-GM-A20-EEA-T00-S1-LH-C1-I0000-F00.png,la_2,single,512,512,PNG,354853,3922efcd616e631badd25a00a944004f412cb7be32400f41e8550874d279ed8f,1,
release/la_2/S669973447-GM-A20-EEA-T00-S1-LH-C1-I0016-F00.png,la_2,single,512,512,PNG,334640,1029ddeaebe5ccb0e55898aa71bc8d8793163437d854419ce746fce16a418698,1,
release/la_2/S670711149-GF-A47-EEA-T00-S1-LH-C1-I0025-F00.png,la_2,single,512,512,PNG,300568,a025dccb7c7557deea7d63835c721170c81c5fa71589554bf33c5cd77d94e3c3,1,
release/la_2/S673442144-GF-A53-EEA-T01-S1-LH-C1-I0002-F00.png,la_2,single,512,512,PNG,361550,19f89274b420ed214d9787bb858671e00c2a6d0dac619382c4414596f04c807e,1,
release/la_2/S673442144-GF-A53-EEA-T01-S1-LH-C1-I0003-F00.png,la_2,single,512,512,PNG,350028,beee6a308032c60be01a7914313b5a79af4d834176730dd0752302994f7707ee,1,
release/la_2/S673442144-GF-A53-EEA-T01-S1-LH-C1-I0013-F00.png,la_2,single,512,512,PNG,339460,3cd3bcad91c3a44b5ed3d17a7aecad768bdb32db8b2c6edc35d92899625a0492,1,
release/la_2/S673442144-GF-A53-EEA-T01-S1-LH-C1-I0023-F00.png,la_2,single,512,512,PNG,347775,5537928ea66b4e50cd37b6db50e8cf24f414615306250a2637e3be44873977b9,1,
release/la_2/S673442144-GF-A53-EEA-T01-S1-LH-C1-I0028-F00.png,la_2,single,512,512,PNG,340250,e614be9d37a18168669b1b18170f9d2aead7245d079fb971d893cf7cd4087aeb,1,
release/la_2/S673442144-GF-A53-EEA-T01-S1-LH-C1-I0034-F00.png,la_2,single,512,512,PNG,307124,d7d9bbc0b9f72202343687006c00051c3183e515b28ad2bf4600127d5f3976f6,1,
release/la_2/S673442144-GF-A53-EEA-T01-S1-LH-C1-I0035-F00.png,la_2,single,512,512,PNG,377462,8fee9c6292f1c317ac3b88c9acf5a1c1f215a5589d37ff8dbc17f720127d1115,1,
release/la_2/S673442144-GF-A53-EEA-T01-S1-LH-C1-I0044-F00.png,la_2,single,512,512,PNG,343823,26d39c48b3392dde4e5ae0ed3d3276ad0f96b92b1c55419d356f13ff37372f03,1,
release/la_2/S673442144-GF-A53-EEA-T01-S1-LH-C1-I0049-F00.png,la_2,single,512,512,PNG,366871,af124385b55e9633530e9d215fa1db4875185259446d4b227b2108ad096c3b8c,1,
release/la_2/S673442144-GF-A53-EEA-T01-S1-LH-C1-I0056-F00.png,la_2,single,512,512,PNG,326493,a68784daa0d368333b18a173e6f7be3fa13e2e46229b484f91c770d4d022d16a,1,
release/la_2/S677155548-GF-A53-EME-T01-S1-LH-C1-I0011-F00.png,la_2,single,512,512,PNG,378424,97bbfa91ea2ef51ac9683e21e3313fd3c55d9863db9f3c1ec2b2788aef28585f,1,
release/la_2/S678466862-GF-A62-EEA-T03-S1-LH-C1-I0047-F00.png,la_2,single,512,512,PNG,398636,111ec6c4b0638da7b9cac9a78fecae63f559f2095b069d9b2ea6ae2c26fff6df,1,
release/la_2/S682364157-GF-A18-EIA-T03-S1-LH-C1-I0012-F00.png,la_2,single,512,512,PNG,382983,dae83bd955a7f6e63e6207697cb656fa75d459ecd9d9d9084eb5ece00f58d37b,1,
release/la_2/S683688917-GF-A31-EIA-T03-S1-LH-C1-I0021-F00.png,la_2,single,512,512,PNG,331345,bdf70c9d483b35d8016de50e120197d8029855828e2370f101425f829471392b,1,
release/la_2/S691494836-GM-A85-EIA-T11-S1-LH-C1-I0037-F00.png,la_2,single,512,512,PNG,331958,31cf866c09ccce302b0ce899cbb704809871f3fdd3fe94bd90f69a8d89031032,1,
release/la_2/S691842297-GM-A47-EME-T14-S1-LH-C1-I0022-F00.png,la_2,single,512,512,PNG,390594,2cb2492d8415a63d6c8e3b77051c59ed026e63aaa632b05c7593f2717d290b4e,1,
release/la_2/S700139260-GF-A56-EEA-T15-S1-LH-C1-I0053-F00.png,la_2,single,512,512,PNG,379990,47fbed5a406612ee57493a7de58ecc3d9a336bea07ed44a8150c31c6079e41d6,1,
release/la_2/S700907495-GM-A91-EME-T01-S1-LH-C1-I0006-F00.png,la_2,single,512,512,PNG,339307,5392eb273fa3550dc2f9aab1ccbda86d3dc79305b29cd9b3f0fe6b4052729722,1,
release/la_2/S708639364-GM-A59-EEA-T00-S1-LH-C1-I0042-F00.png,la_2,single,512,512,PNG,372236,407febca72b93765e24a711e83b4f6a64abdd2d66a910f1691065768aa29389c,1,
release/la_2/S710623010-GF-A75-EME-T01-S1-LH-C1-I0051-F00.png,la_2,single,512,512,PNG,344079,30d8d627309b86ae10fcc943b0300429dcd81ca705cbc3d76186089813b77adc,1,
release/la_2/S720555455-GF-A90-EAS-T14-S1-LH-C1-I0024-F00.png,la_2,single,512,512,PNG,308141,4e79b6afb45d11914adb1a86fe2c0055f33f0b61251c7ee2033b6a68ef5038d0,1,
release/la_2/S721709390-GF-A24-EME-T00-S1-LH-C1-I0000-F00.png,la_2,single,512,512,PNG,279092,88a4c28ddc4c6f8273e21f0b5cc679a070665538c857c1a750b4ab7d36f4a276,1,
release/la_2/S723966293-GM-A27-EEA-T03-S1-LH-C1-I0044-F00.png,la_2,single,512,512,PNG,332711,2ede810c7be88180f5db599447023f204d5eb2abef6dfbd91f6a494808984cce,1,
release/la_2/S726037773-GF-A57-EEA-T15-S1-LH-C1-I0030-F00.png,la_2,single,512,512,PNG,362970,49d7edf62201da86c8c0a9f17234798b195d470126fe566e60f8ffbf07fb513b,1,
release/la_2/S726037773-GF-A57-EEA-T15-S1-LH-C1-I0031-F00.png,la_2,single,512,512,PNG,360549,ffb1504a1352515cf15c4a7b1024e6373137d7fda7bdb81de21c99c2f00fa6fc,1,
release/la_2/S727226600-GM-A33-EAS-T03-S1-LH-C1-I0035-F00.png,la_2,single,512,512,PNG,349727,e7fdb7e4e93158e7e77b0057bc9e4728adb3e4f45c8d498a249c99ea9763e3ef,1,
release/la_2/S727226600-GM-A33-EAS-T03-S1-LH-C1-I0053-F00.png,la_2,single,512,512,PNG,328360,eb9fac2a1a694a187151bcfa2c6a5f3f39dd8522d20f5a1c8b20d89dd9eb2fce,1,
release/la_2/S735235858-GF-A76-EEA-T03-S1-LH-C1-I0045-F00.png,la_2,single,512,512,PNG,314673,0721e08d8087d485196b76f6ad82e1e8f476bedfe6e27d3b70267c7c1c1795f0,1,
release/la_2/S741955884-GF-A71-EEA-T14-S1-LH-C1-I0057-F00.png,la_2,single,512,512,PNG,369248,37c2c4d6e94810340b4e1cf228c16cfb6d657dad178c4eefaf25d30fdd1a47f9,1,
release/la_2/S74441691-GF-A84-EIA-T13-S1-LH-C1-I0061-F00.png,la_2,single,512,512,PNG,341617,6473d9253e207fe6e6a58afba1604dea59a1d5ebb32389bc92cbaa68bee1763a,1,
release/la_2/S744766748-GM-A69-EEA-T01-S1-LH-C1-I0008-F00.png,la_2,single,512,512,PNG,364213,858347726f2639b05ee9ac6fd29542364b4c6519bc89bcf42abb60f657051a7b,1,
release/la_2/S752785476-GF-A66-EEA-T00-S1-LH-C1-I0010-F00.png,la_2,single,512,512,PNG,374631,a7f5c3629800d2b7d2b9b9bfea49fd634ab1a15a6ae46553b0c10d408b5b0375,1,
release/la_2/S755595872-GF-A36-EME-T03-S1-LH-C1-I0000-F00.png,la_2,single,512,512,PNG,359659,5229ed4f6489c18c11f0a3603052e7cc7e1a4baffdf3b13e20f7fa475a3ebd1f,1,
release/la_2/S760022445-GF-A45-EEA-T03-S1-LH-C1-I0032-F00.png,la_2,single,512,512,PNG,375024,a16041abff0cfbb2c971d858d655240beb22fadee0e096f68a7ac5506d2beacf,1,
release/la_2/S766916408-GM-A23-EME-T14-S1-LH-C1-I0040-F00.png,la_2,single,512,512,PNG,338617,2b8a4bdc53ef32da09bbb91e23f665459276b26803005608d86af22a3942787a,1,
release/la_2/S778523462-GF-A44-EIA-T14-S1-LH-C1-I0042-F00.png,la_2,single,512,512,PNG,380661,971d28a53086982dfee4e4888eb75e451c27d2f7ff5927b14cc43610a15931e3,1,
release/la_2/S780045574-GF-A98-EAF-T14-S1-LH-C1-I0030-F00.png,la_2,single,512,512,PNG,305413,2526ae124300fd0aa2e6c490ce2b0ec0c9d13b5b22c72cfd3154bd420557f5e6,1,
release/la_2/S780124184-GF-A64-EME-T01-S1-LH-C1-I0042-F00.png,la_2,single,512,512,PNG,338414,b32afa60bace7fbf2bfb0958081f2321eb6b776d3da89eef9edc8dd791950389,1,
release/la_2/S786321386-GM-A32-EME-T00-S1-LH-C1-I0051-F00.png,la_2,single,512,512,PNG,358886,6e51367abfd0e6066807a38440d93df8b3f09766b0b0d4e0fcb9ed25ab771540,1,
release/la_2/S788462400-GM-A77-EEA-T14-S1-LH-C1-I0022-F00.png,la_2,single,512,512,PNG,358706,0f2944bdf036de9be44c37a5d9c6cdf108822f16566d699f5562b39350a0b70c,1,
release/la_2/S79333356-GF-A59-EEA-T03-S1-LH-C1-I0057-F00.png,la_2,single,512,512,PNG,365272,8841bdc1006f9270d5243229c2cb6c85fc1219990baa8f18f4f7b85af1344bbf,1,
release/la_2/S795622045-GM-A49-EEA-T03-S1-LH-C1-I0033-F00.png,la_2,single,512,512,PNG,314658,a1c9161210dd66a767584c18555db23fe66e754f3b1bf1e78a8eccf0849d81ce,1,
release/la_2/S804626448-GF-A39-EME-T01-S1-LH-C1-I0049-F00.png,la_2,single,512,512,PNG,378768,2085be0f266cd1c45f1e2d2adf3db13ed3663e299cbb3eafd66a43dc60c76778,1,
release/la_2/S806692215-GM-A67-EEA-T01-S1-LH-C1-I0022-F00.png,la_2,single,512,512,PNG,259228,bb08f0bfd733ebab2c268c44c31442168e1ebd869e2ca7cd989be2f2bdb23e90,1,
release/la_2/S806692215-GM-A67-EEA-T01-S1-LH-C1-I0043-F00.png,la_2,single,512,512,PNG,323710,088d56e68d3f913e0bc42afa3fd9a5dc056af62fecdc99582ec4fc969cd9f89b,1,
release/la_2/S808755818-GM-A40-EEA-T00-S1-LH-C1-I0059-F00.png,la_2,single,512,512,PNG,275755,460b15eaaa45eb688a68762c64edad8edd64c52188978030aab493664dac385a,1,
release/la_2/S816836927-GF-A61-EAS-T00-S1-LH-C1-I0031-F00.png,la_2,single,512,512,PNG,370269,6eccd5f7c2df99e1f8d5371c56a945edb66defdd6adcb9c2fbcb85f85158ac72,1,
release/la_2/S824192626-GF-A59-EIA-T14-S1-LH-C1-I0014-F00.png,la_2,single,512,512,PNG,308425,ce670e00a490575636e157c7c2bf38639e42998897acc47beb9a715e983f4159,1,
release/la_2/S825431925-GF-A77-EAF-T00-S1-LH-C1-I0000-F00.png,la_2,single,512,512,PNG,284288,cbeab35a4b3e5b28d0078ff2e9cd11799acbbdb25225f9a3f7e118c1c86b8037,1,
release/la_2/S825833733-GF-A82-EEA-T14-S1-LH-C1-I0004-F00.png,la_2,single,512,512,PNG,355922,588ec05e29ad16210e01edd8e99d6d3a44aec55b8cec7cc66e9e14fbfcce83ec,1,
release/la_2/S825833733-GF-A82-EEA-T14-S1-LH-C1-I0012-F00.png,la_2,single,512,512,PNG,325796,c955007f0bf597525fdd452b887b4f00dc1ee859959736a3f897c182fb969529,1,
release/la_2/S825833733-GF-A82-EEA-T14-S1-LH-C1-I0022-F00.png,la_2,single,512,512,PNG,384485,0dc1020b1c933fee8d51effd7dd4356f9134cd2f4b67e79e4a21231ef77b1953,1,
release/la_2/S825833733-GF-A82-EEA-T14-S1-LH-C1-I0028-F00.png,la_2,single,512,512,PNG,337243,0a708e41dd9e63bc332c5c392ffe42c4a26d26d39171bc5b78d40e0ede33a75f,1,
release/la_2/S835364261-GM-A45-EAS-T03-S1-LH-C1-I0032-F00.png,la_2,single,512,512,PNG,293639,598a5abce96240776c8b22b5b54bb8cd3268fb20f715672485f0eef3d380c25e,1,
release/la_2/S838732855-GF-A26-EEA-T03-S1-LH-C1-I0010-F00.png,la_2,single,512,512,PNG,360833,55b4f29655beb4f8ce8e99c53fd2d3599564af5c062845c5b43eafee72678c71,1,
release/la_2/S844573168-GM-A70-EEA-T00-S1-LH-C1-I0061-F00.png,la_2,single,512,512,PNG,305884,b68094cc3f78df92fe3801cbf74767e9c57aed591c0fa7bf96759d2c5ada87fc,1,
release/la_2/S844761652-GF-A54-EAF-T03-S1-LH-C1-I0008-F00.png,la_2,single,512,512,PNG,355165,02841a101a7b8a61cbb97bc5de41e96a28f788872d18f8dd547c5225f0658faf,1,
release/la_2/S851010322-GM-A30-EEA-T03-S1-LH-C1-I0061-F00.png,la_2,single,512,512,PNG,350122,43c683deca00be6b2bbd6e66392db259f74757e871165497bb0314f584a1a63f,1,
release/la_2/S85153826-GM-A28-EEA-T03-S1-LH-C1-I0011-F00.png,la_2,single,512,512,PNG,323338,38040dffb52e4ce8bb285384a7f3dd4c22f1c546a67f8399bc86c10fad150ac6,1,
release/la_2/S861590567-GF-A45-EIA-T03-S1-LH-C1-I0062-F00.png,la_2,single,512,512,PNG,382748,7c6eb1d269f4976a5e3187c1292a9b62e8858f8d60c61f879d22ac70854040e9,1,
release/la_2/S86418004-GF-A49-EEA-T10-S1-LH-C1-I0000-F00.png,la_2,single,512,512,PNG,345990,9197412b75a983ad25f3b83e7b127f6027e6cecd651ac6ed0c7db8ee57dd7ffd,1,
release/la_2/S871196184-GF-A27-EAF-T14-S1-LH-C1-I0028-F00.png,la_2,single,512,512,PNG,303922,0d2fca972cb6e40b0c4e72c3025c0e3cd0cae7be49025914110a6ef97b602d43,1,
release/la_2/S872849899-GF-A30-EEA-T03-S1-LH-C1-I0004-F00.png,la_2,single,512,512,PNG,373976,b49a8b64fce78b1e20e48d8db5b46a604ece9f4e587c70a2b4b711f4b8d7e419,1,
release/la_2/S881124278-GF-A51-EAS-T14-S1-LH-C1-I0059-F00.png,la_2,single,512,512,PNG,332133,656e81bad2a16820f1391f6e8299b440ab69b686366e05a15278a2470db370d9,1,
release/la_2/S882917275-GF-A60-EME-T01-S1-LH-C1-I0038-F00.png,la_2,single,512,512,PNG,360942,4837f88b03b3474f1280b2ffd356bc0dbf4f9c3c36bf83bf4a5b9fabf0f2144a,1,
release/la_2/S883374229-GF-A54-EEA-T14-S1-LH-C1-I0006-F00.png,la_2,single,512,512,PNG,351702,e6177915d7efcdb6504acee991f8666d9a8e6cf36f3874674edf3463e4d9708e,1,
release/la_2/S883374229-GF-A54-EEA-T14-S1-LH-C1-I0019-F00.png,la_2,single,512,512,PNG,342607,fb20393dc3af20b07a639a4be4b4295b218f68c0d62f74fe60b00911505daf04,1,
release/la_2/S883374229-GF-A54-EEA-T14-S1-LH-C1-I0021-F00.png,la_2,single,512,512,PNG,326443,6f3ff3f17f3b2552669730d38d8cede333d6620ab95f8cf2c70519d92b238dd1,1,
release/la_2/S883374229-GF-A54-EEA-T14-S1-LH-C1-I0038-F00.png,la_2,single,512,512,PNG,337460,54567ec125ea082479f7696ca0165e5b6340488d2e7e024dc70e5f0da7ca46f8,1,
release/la_2/S883374229-GF-A54-EEA-T14-S1-LH-C1-I0039-F00.png,la_2,single,512,512,PNG,340799,f3df93cef2d1c0acb8ecc8180ad31fab67d643a7e980ffd5a8740303051d735b,1,
release/la_2/S883374229-GF-A54-EEA-T14-S1-LH-C1-I0040-F00.png,la_2,single,512,512,PNG,341402,867cf9e7089bd22a8cca6d0c85810c46765c9d83ad7a0fc24de36ccf2d230268,1,
release/la_2/S883374229-GF-A54-EEA-T14-S1-LH-C1-I0041-F00.png,la_2,single,512,512,PNG,342589,8cec03ef7845782188cba72fc351d3f515bfd8a53af1384b38f1821862d0933c,1,
release/la_2/S883374229-GF-A54-EEA-T14-S1-LH-C1-I0059-F00.png,la_2,single,512,512,PNG,325709,00a1645dc4de5ce62f680104fdf444171ec5ea3637e533798839ca53894c89f3,1,
release/la_2/S883374229-GF-A54-EEA-T14-S1-LH-C1-I0062-F00.png,la_2,single,512,512,PNG,354210,21fcba2b32e4b643db9f799be619049142334ecbf709c8eaac131c616c8e6dd6,1,
release/la_2/S892006153-GF-A74-EAF-T14-S1-LH-C1-I0020-F00.png,la_2,single,512,512,PNG,314961,2604c793a7e6b42f063b81add447b2fef48f91fe80f029729aa0ed2a22243315,1,
release/la_2/S894840102-GN-A69-EAF-T00-S1-LH-C1-I0056-F00.png,la_2,single,512,512,PNG,392899,043c00d95a0ae6164338b946507c7f195fdde928b48d9528522f6cabfd173ab6,1,
release/la_2/S895967637-GM-A28-EEA-T01-S1-LH-C1-I0005-F00.png,la_2,single,512,512,PNG,357825,94b1da59fd07ae74115ce9a17d0c30e475c45166fad9811d87b3e2501deb55b1,1,
release/la_2/S897329683-GF-A41-EEA-T11-S1-LH-C1-I0040-F00.png,la_2,single,512,512,PNG,328537,2c153dadeb80cbe672bd4cfa14d7b193e31a4a2e1f062636ed9baaf219c73330,1,
release/la_2/S906953625-GF-A53-EEA-T01-S1-LH-C1-I0001-F00.png,la_2,single,512,512,PNG,293840,6d1ffb037a515f50e99869794deb7d6210a8c055878de22b223ad2ce9eccf512,1,
release/la_2/S921833550-GM-A28-EEA-T14-S1-LH-C1-I0000-F00.png,la_2,single,512,512,PNG,326703,53368aee03cc420425f74ccb4e5c2975b5f695ea9d11642cfb609d14d31d5371,1,
release/la_2/S924724708-GF-A48-EEA-T14-S1-LH-C1-I0053-F00.png,la_2,single,512,512,PNG,371791,7d6e6cf3009504ca510f9c1ca58977961a30003989aa3677211da31f63c844e0,1,
release/la_2/S926047332-GM-A22-EME-T14-S1-LH-C1-I0038-F00.png,la_2,single,512,512,PNG,324691,d31cd027d95f1d60d7f7587089a590efa2385b2ed61680f70c18bae85a38a6eb,1,
release/la_2/S926047332-GM-A22-EME-T14-S1-LH-C1-I0039-F00.png,la_2,single,512,512,PNG,321924,969bc71c72267937b1c43a42ec16355793af8ad0b608ef9c226c6b8de921ce2f,1,
release/la_2/S931374402-GM-A20-EAF-T14-S1-LH-C1-I0003-F00.png,la_2,single,512,512,PNG,329277,5b528ed55867f887f37e78e520055df71775a40322665a0199fb76cd7dd0b777,1,
release/la_2/S931374402-GM-A20-EAF-T14-S1-LH-C1-I0013-F00.png,la_2,single,512,512,PNG,315617,7c343a72b3a82920fbce91629d3a8e9971e4c292a5d6c2c1f6e34d1b560ad069,1,
release/la_2/S932980426-GM-A79-EME-T14-S1-LH-C1-I0010-F00.png,la_2,single,512,512,PNG,264004,7b1c4d61022e47544263ee341ec8108f3994b5c3324f1013e22db6173ee14b77,1,
release/la_2/S932980426-GM-A79-EME-T14-S1-LH-C1-I0014-F00.png,la_2,single,512,512,PNG,368579,862dac37c78a07aa7683281208d7e96703b119d99e3158760184aa9019bd4a63,1,
release/la_2/S932980426-GM-A79-EME-T14-S1-LH-C1-I0032-F00.png,la_2,single,512,512,PNG,282168,23b8e394aff73802d8b20c654914b849ae189c4003bf291fa29c0e0108d126fc,1,
release/la_2/S932980426-GM-A79-EME-T14-S1-LH-C1-I0054-F00.png,la_2,single,512,512,PNG,374550,6b622070d9267eb32f832a4cf65281371394de2eb754a4ce57d590acd7a4e7c3,1,
release/la_2/S936982627-GM-A77-EEA-T01-S1-LH-C1-I0040-F00.png,la_2,single,512,512,PNG,295804,2b37443cc7334b0065712751c1681e1e72ee348c2d2c4a9b9a6763f833791f98,1,
release/la_2/S94290629-GF-A23-EAF-T14-S1-LH-C1-I0030-F00.png,la_2,single,512,512,PNG,369081,5abebba43af0c3778bb61c7e424ecdb324f1ca0cb718dfed0d523e36d0e1f4e0,1,
release/la_2/S94888726-GM-A26-EME-T03-S1-LH-C1-I0049-F00.png,la_2,single,512,512,PNG,310735,8cf8b4b6975328061e7fbb6b7693429d34152d025d88c2e03e3ed353c1c5fda3,1,
release/la_2/S954227485-GF-A55-EME-T00-S1-LH-C1-I0054-F00.png,la_2,single,512,512,PNG,396354,19306f2ee0020df2c0a2978e074f87b72f51c0fd96f2a2d3865093edfb82cd9a,1,
release/la_2/S955490819-GM-A25-EAF-T14-S1-LH-C1-I0009-F00.png,la_2,single,512,512,PNG,337988,0ce4383839eb8c95889b73234d4b28eff27309630e51afc6cc0a95439400f4a0,1,
release/la_2/S956718444-GF-A38-EAS-T14-S1-LH-C1-I0018-F00.png,la_2,single,512,512,PNG,299729,f6da391365d221c80d4e8ad0771437735c7199ee68c4830aca1e642896ac9a0e,1,
release/la_2/S95924864-GM-A18-EEA-T14-S1-LH-C1-I0017-F00.png,la_2,single,512,512,PNG,354303,5cab5c2eead53cf4bf3f3f22106cce07b53952cdfc23c462f51a0d4c0c31bd1d,1,
release/la_2/S95924864-GM-A18-EEA-T14-S1-LH-C1-I0029-F00.png,la_2,single,512,512,PNG,386594,0aabcb555c77144aad7f769e7a5f600ce0cd266d3d5f938daee20f2af8dfadb7,1,
release/la_2/S959317588-GM-A42-EAS-T00-S1-LH-C1-I0008-F00.png,la_2,single,512,512,PNG,376399,2df3fffc1396349926d5cbd0d5749448e953adae7bd3bb3b91e37d740f6f191e,1,
release/la_2/S959317588-GM-A42-EAS-T00-S1-LH-C1-I0054-F00.png,la_2,single,512,512,PNG,345297,d9886e05cb5b5183282ba02d12e848ee296c048548c88f9b50ee12853ac83c50,1,
release/la_2/S962503135-GF-A84-EEA-T14-S1-LH-C1-I0013-F00.png,la_2,single,512,512,PNG,356507,1d7475cd8c15c759c43b3a4ec194bee8e9eb618b2bb330835e37e2ff3972bbe5,1,
release/la_2/S966499612-GM-A36-EEA-T14-S1-LH-C1-I0024-F00.png,la_2,single,512,512,PNG,355310,42aa8126ee2357e6f03c868c09542f413998b9187333e80e326c2b111c3bdb87,1,
release/la_2/S970888949-GF-A57-EEA-T15-S1-LH-C1-I0038-F00.png,la_2,single,512,512,PNG,356479,3343fde04477ea33660cf9af7a3910a295433a78bd276c2cbcda2c7a05b0d51e,1,
release/la_2/S976538751-GM-A19-EAF-T14-S1-LH-C1-I0007-F00.png,la_2,single,512,512,PNG,330087,3275b063479a4da499d86f4490cb58a54b656ef55e9d4520e99b1d821f7318ac,1,
release/la_2/S976538751-GM-A19-EAF-T14-S1-LH-C1-I0042-F00.png,la_2,single,512,512,PNG,335642,d70b6c44e803e996ff7e46b406f8c3254a0f75755d088f45a75e7c8efc30d0a6,1,
release/la_2/S978873421-GF-A64-EEA-T01-S1-LH-C1-I0000-F00.png,la_2,single,512,512,PNG,298572,4f3c7d64b0215ebd4516cfdd949451730f5bf9297d3555471168900f7e7e20db,1,
release/la_2/S980654402-GF-A53-EEA-T14-S1-LH-C1-I0004-F00.png,la_2,single,512,512,PNG,301251,4e2463c865ba18358699779d79948acb6060c6b85e0c773889d30c72ef34ba2a,1,
release/la_2/S982128636-GM-A71-EME-T01-S1-LH-C1-I0008-F00.png,la_2,single,512,512,PNG,402447,f6c872dd371d1ccff8809df6565bc0ec53487a0bf360246a16ddf5613557d626,1,
release/la_2/S982227952-GM-A31-EEA-T00-S1-LH-C1-I0051-F00.png,la_2,single,512,512,PNG,304040,dda8881e44e06ad3ff34510279b4bf87b0c7dd6757926613b93a3b9bd2253fff,1,
release/la_2/S98643087-GF-A34-EIA-T10-S1-LH-C1-I0042-F00.png,la_2,single,512,512,PNG,394536,150159ead796a110deb4891b599336845f96971a230fd8cdaba110bc6b72145d,1,
release/la_2/S987384432-GF-A95-EME-T01-S1-LH-C1-I0003-F00.png,la_2,single,512,512,PNG,325090,d3d5da32a69bb375f58d04a011ee72aaabb1ebe23ee47f3025d162ecc3eb77dd,1,
release/light/S108161842-GM-A52-EEA-T11-S1-LH-C1-I0007-F00.png,light,single,512,512,PNG,362150,34a27b1f51135c5584e3fc843b610fafe6a9b7baf5ff26d514954df2cf1d08f2,1,
release/light/S113923411-GF-A35-EEA-T14-S1-LH-C1-I0048-F00.png,light,single,512,512,PNG,56886,ead016740440626041a362caa7e768548ffd37df8df7e0f67fa8ee8662b23d08,1,
release/light/S115293589-GF-A67-EME-T01-S1-LH-C1-I0030-F00.png,light,single,512,512,PNG,406352,92df03cc20e1ad27442bb4f70d86ea6df7e1f5f7f2344dd3adf174aa2db25223,1,
release/light/S115379105-GF-A98-EEA-T14-S1-LH-C1-I0044-F00.png,light,single,512,512,PNG,391109,adcc2a82aac40617adcf59d6f2ed84f588d94fe7cbc93464da2b633a0e5dfa6d,1,
release/light/S116651325-GM-A28-EEA-T13-S1-LH-C1-I0056-F00.png,light,single,512,512,PNG,367041,4acb04c8c917cd0c9514bf3deee4b78a1de060350c68cf7c8fa17fe9e5239eb1,1,
release/light/S120660598-GM-A33-EEA-T00-S1-LH-C1-I0034-F00.png,light,single,512,512,PNG,395167,21819e2387a20971fd98891742ae2c049d41d41cc4d5b379a505eb51d13f57a3,1,
release/light/S121566497-GF-A32-EEA-T14-S1-LH-C1-I0036-F00.png,light,single,512,512,PNG,427030,8b2fd8496efd6769e39e4717b4dd4500b8ed4227e7e7f60786eacd99387f5ce6,1,
release/light/S121714872-GF-A34-EAF-T03-S1-LH-C1-I0053-F00.png,light,single,512,512,PNG,390674,3b7bc80c6fd40c6cd2517d965c0d71deb9315894a4a9b92b14b7742661de2f3a,1,
release/light/S124298498-GM-A91-EEA-T14-S1-LH-C1-I0034-F00.png,light,single,512,512,PNG,321240,6a985e84f517aa23f156735ed1d21e5eb954270c2958db191fa27eebba67d772,1,
release/light/S130186036-GF-A82-EEA-T01-S1-LH-C1-I0007-F00.png,light,single,512,512,PNG,377727,b210400bb3df81391988d15d9126942675d9b47f253806c6542c11563dabee10,1,
release/light/S137547030-GF-A76-EEA-T01-S1-LH-C1-I0045-F00.png,light,single,512,512,PNG,206495,a9ddb86d25fa0ac842ca8e8404ed793dda0ad4ee37fd8d9781fed29177bb8983,1,
release/light/S138993008-GF-A66-EAF-T00-S1-LH-C1-I0035-F00.png,light,single,512,512,PNG,329147,6c1e67d004cbeb42e8b84a50690ccc4e50ec069adf847f5380c18b0d78a18393,1,
release/light/S14964507-GF-A29-EEA-T00-S1-LH-C1-I0028-F00.png,light,single,512,512,PNG,419772,71120c2643b3c8bae4299f8aa5de8036cc8dc0be7231b921b8bd2f30feb572fa,1,
release/light/S150094415-GF-A53-EME-T10-S1-LH-C1-I0055-F00.png,light,single,512,512,PNG,365638,1ba1c2c73425b7bab69cd56977ba50038e5558419835fdb7e7d1481ac2e4fee6,1,
release/light/S15182111-GM-A44-EAS-T00-S1-LH-C1-I0049-F00.png,light,single,512,512,PNG,335009,91236e3d72ad28f21123f78326f883e13cab0bc77f4d660d8150234170d953f6,1,
release/light/S152846480-GF-A30-EEA-T03-S1-LH-C1-I0000-F00.png,light,single,512,512,PNG,425682,a7e5174141e832ecf09665add7da03cd8c293942b0f8251eb21ecf0b6496c0e3,1,
release/light/S152846480-GF-A30-EEA-T03-S1-LH-C1-I0050-F00.png,light,single,512,512,PNG,393587,d24a5da223cb2b53309b49ec15ada658397a80806022d623f8f6da0ee3570273,1,
release/light/S152846480-GF-A30-EEA-T03-S1-LH-C1-I0059-F00.png,light,single,512,512,PNG,404523,23ba97ed3ed636b82202dd6001b82a14d7b7327ad3fe343fdc23cfed6dfd30ba,1,
release/light/S16008476-GF-A92-EEA-T11-S1-LH-C1-I0061-F00.png,light,single,512,512,PNG,400201,080559cc25d9dd6294159988fb9f03aaae72375f15e12c9b2699e74ed4508435,1,
release/light/S16643293-GF-A66-EEA-T15-S1-LH-C1-I0043-F00.png,light,single,512,512,PNG,266232,d08fa3158d5b1c44e9fd224064134ed3e5e9c0ea50643beb1c8c61d79405bfff,1,
release/light/S18796367-GF-A93-EAF-T00-S1-LH-C1-I0045-F00.png,light,single,512,512,PNG,250078,53f08d3db1ec21f453743ecce5af9947a6e62310c2766b343522d1f3cf9edb99,1,
release/light/S19423222-GM-A45-EAF-T14-S1-LH-C1-I0040-F00.png,light,single,512,512,PNG,331036,3c0cdd38769d3658614b24a93ba1d983f65e203b6d6a4fcad64d786871461394,1,
release/light/S20939931-GF-A70-EME-T00-S1-LH-C1-I0047-F00.png,light,single,512,512,PNG,189083,d3d619ef6a60fb34864de5a854997c744b151fc9041868feef69b9329b7b7768,1,
release/light/S21322735-GF-A99-EEA-T03-S1-LH-C1-I0004-F00.png,light,single,512,512,PNG,373006,04a6238cf9b6f846119ad87ec974b4cc3cf779d43235e7e3c9d2b122baab4595,1,
release/light/S25038292-GF-A59-EAF-T03-S1-LH-C1-I0041-F00.png,light,single,512,512,PNG,341309,8e8307af28b13a4eec418bc969bfd17ded56b6ecdb81576c2e9d17232c843400,1,
release/light/S32440074-GF-A23-EIA-T15-S1-LH-C1-I0012-F00.png,light,single,512,512,PNG,363597,d69fa81fb820e00d5335dcde3ee1fb318075a0a0849dcec984ec2bc4af194e2a,1,
release/light/S340675536-GF-A37-EEA-T14-S1-LH-C1-I0052-F00.png,light,single,512,512,PNG,298884,de0ae90ac4a5fbebf93c03d347680c6d9b5ff3152a9b2e8366f0322d2f7f4a83,1,
release/light/S358652822-GF-A41-EEA-T01-S1-LH-C1-I0006-F00.png,light,single,512,512,PNG,368832,cc13696e7760a26ffbc4fb9b45ba1055123fcd8a435629bb8b470abde42575e6,1,
release/light/S37396139-GF-A51-EEA-T14-S1-LH-C1-I0018-F00.png,light,single,512,512,PNG,356030,6db8be9cb1f59eac26e6927a8772a7435c002a17b273840c58c293859fd57bd4,1,
release/light/S37396139-GF-A51-EEA-T14-S1-LH-C1-I0048-F00.png,light,single,512,512,PNG,189070,ebd9c1a94da31e63abd70bca5481ebb093c6a9858bee20a7b355b2951a32c7e4,1,
release/light/S389255162-GF-A34-EIA-T14-S1-LH-C1-I0047-F00.png,light,single,512,512,PNG,381668,f6eb86a2120a8d2909fd2e023f22ce0cb92ffafa2d5dc08f2e0887ecf3bc71a6,1,
release/light/S389255162-GF-A34-EIA-T14-S1-LH-C1-I0047-F00_1.png,light,single,512,512,PNG,381668,f6eb86a2120a8d2909fd2e023f22ce0cb92ffafa2d5dc08f2e0887ecf3bc71a6,1,
release/light/S39379132-GF-A54-EEA-T15-S1-LH-C1-I0056-F00.png,light,single,512,512,PNG,385232,b2b678f4383ebe327a305298608f65463ee5b214287a521087d241228b3a1a95,1,
release/light/S394313530-GF-A45-EEA-T03-S1-LH-C1-I0050-F00.png,light,single,512,512,PNG,391815,3d15a90d247a5eb4d851c651ca5fc6185abbd919ea159795e6f66b172950e1f2,1,
release/light/S394313530-GF-A45-EEA-T03-S1-LH-C1-I0050-F00_1.png,light,single,512,512,PNG,391815,3d15a90d247a5eb4d851c651ca5fc6185abbd919ea159795e6f66b172950e1f2,1,
release/light/S395744997-GF-A18-EEA-T01-S1-LH-C1-I0002-F00.png,light,single,512,512,PNG,430842,fc0fd7526d868c63dcf526bc9477de75545c66db8d90c778642557c8e47b27db,1,
release/light/S395744997-GF-A18-EEA-T01-S1-LH-C1-I0002-F00_1.png,light,single,512,512,PNG,430842,fc0fd7526d868c63dcf526bc9477de75545c66db8d90c778642557c8e47b27db,1,
release/light/S39590804-GM-A53-EEA-T03-S1-LH-C1-I0045-F00.png,light,single,512,512,PNG,381269,3fec61c3ad3c9f5f93c994ec042348fa9b317d08e59f900ebcb5af3d139d26cc,1,
release/light/S397228464-GF-A72-EEA-T03-S1-LH-C1-I0009-F00.png,light,single,512,512,PNG,420095,2d416505696b553571ceca536f4f4e88a24d33e1d1466f6f97ff7c7985a98d1e,1,
release/light/S402397961-GF-A82-EEA-T00-S1-LH-C1-I0029-F00.png,light,single,512,512,PNG,367620,0d36c6a12fcb605fb19fd10fcbfcfaad2bcf679271876ed09eb1f44a9046f0d0,1,
release/light/S402992794-GF-A60-EEA-T14-S1-LH-C1-I0010-F00.png,light,single,512,512,PNG,381419,1c9e59311db4efcacc324cfbae8901e74b6ce2fc03d598349863ba4c40617b25,1,
release/light/S407285746-GF-A18-EAF-T13-S1-LH-C1-I0047-F00.png,light,single,512,512,PNG,423720,4a88413f7b69ad67b70b19f8aba1dcba9827c7689f35469a5231f7de7aa9bd00,1,
release/light/S409626024-GM-A29-EEA-T11-S1-LH-C1-I0000-F00.png,light,single,512,512,PNG,234675,189aa4762236c34ec51a642ccc94df54463fb7af9089c718ef2151a6ee5df0b1,1,
release/light/S411588159-GF-A21-EEA-T03-S1-LH-C1-I0033-F00.png,light,single,512,512,PNG,357980,e69c543eaa73942b008d9962930035c5beeaec590d06400e8093e16125c8747d,1,
release/light/S412637027-GM-A93-EME-T01-S1-LH-C1-I0045-F00.png,light,single,512,512,PNG,429670,139ad9753b122c1d74f28ace3c46ecff6bfd3cf2c48fdccb4723dd45d5117f08,1,
release/light/S415761895-GF-A62-EAS-T03-S1-LH-C1-I0005-F00.png,light,single,512,512,PNG,334777,271882a8c55caf1b84b7a22c97cf4d037ba3f3c8840f03e5b53dccc597361dc9,1,
release/light/S422234801-GM-A19-EAS-T14-S1-LH-C1-I0050-F00 (1).png,light,single,512,512,PNG,378142,66414bb5816be053aaa30e434a7ff3dba56fdeb7dfadeae91627177545958a1e,1,
release/light/S422234801-GM-A19-EAS-T14-S1-LH-C1-I0050-F00.png,light,single,512,512,PNG,367336,054da8e269750b8877531d92748fe6953d66ea49d9d97201654ab1a8e8923f8e,1,
release/light/S426127418-GF-A48-EEA-T03-S1-LH-C1-I0043-F00.png,light,single,512,512,PNG,403147,93a41a4ff0cfee303e03b44325e8dd59cc79d04ac1f1027cab1048e03e1da3c5,1,
release/light/S427972431-GF-A95-EME-T14-S1-LH-C1-I0018-F00.png,light,single,512,512,PNG,426468,cad72b593efb973995bc61439b34bf22cd54dafd6f4cf7ac24a657e6f27ce93a,1,
release/light/S43189665-GF-A47-EME-T13-S1-LH-C1-I0035-F00.png,light,single,512,512,PNG,385596,5815b047ce56dc962480614b169518984046bc04f381d3225ccef85392e6ca3d,1,
release/light/S433132043-GF-A27-EAS-T01-S1-LH-C1-I0015-F00.png,light,single,512,512,PNG,271941,70477fa51c528372e395170304ed440ed464d4b6776d040956d3cbe4053ef536,1,
release/light/S43416355-GF-A63-EAS-T03-S1-LH-C1-I0018-F00.png,light,single,512,512,PNG,318117,11186e8f687613e7d88df441accd45bbb2812125e4ece5e88e41ebf1239d6a89,1,
release/light/S442640043-GF-A83-EEA-T01-S1-LH-C1-I0015-F00.png,light,single,512,512,PNG,380235,77fa905b05828244c7e28112ead111ada973859a5799656c1adfe0070f05cf6f,1,
release/light/S44577521-GM-A92-EME-T14-S1-LH-C1-I0012-F00.png,light,single,512,512,PNG,342513,c83b6f0bc2ec6466702fd7b67ed968a2d82927dd787db9d3f529ff71c60d8439,1,
release/light/S44577521-GM-A92-EME-T14-S1-LH-C1-I0041-F00.png,light,single,512,512,PNG,291634,7223f1cacd755ea23dc1552016d95471d5174eea81fcfa9a911730c978155e80,1,
release/light/S446421201-GM-A77-EME-T14-S1-LH-C1-I0048-F00.png,light,single,512,512,PNG,321036,70b8221d2690158a29f92df3412c377239d69712e20153c6dc1ad063b4418553,1,
release/light/S451881801-GF-A25-EEA-T14-S1-LH-C1-I0037-F00.png,light,single,512,512,PNG,342792,a94ecf371a11a6555fe8a54bbabb548a50e20111dee83d43fcd70e8feb90946a,1,
release/light/S457681878-GF-A95-EEA-T14-S1-LH-C1-I0017-F00.png,light,single,512,512,PNG,423746,c1c8b43efafb3e7c05de2529d8f4167b4f09d8ade32b5e1f2b45484ddd67bc30,1,
release/light/S459104965-GM-A22-EEA-T03-S1-LH-C1-I0015-F00.png,light,single,512,512,PNG,322772,514e78ed880014fdd96c822d697e06beb2aef4265f5773268d7c1c0f322bb156,1,
release/light/S464252649-GM-A60-EEA-T15-S1-LH-C1-I0045-F00.png,light,single,512,512,PNG,349369,031cd747ae41a67e0e6fdca16af44ddfa5fe40730c03bbb9a2e8263bd5a3b472,1,
release/light/S465929652-GF-A22-EAF-T00-S1-LH-C1-I0008-F00.png,light,single,512,512,PNG,347134,47f24cae8ca4cb3f6c84631c4895cd04d5c2d8550e16ac0b57d7aa12acb06575,1,
release/light/S466127583-GM-A39-EME-T11-S1-LH-C1-I0040-F00.png,light,single,512,512,PNG,243362,ea92d5d5db9a6408969f395fd8958655f05a57249489b83fb7facc6d4fff001f,1,
release/light/S472012617-GM-A63-EEA-T01-S1-LH-C1-I0014-F00.png,light,single,512,512,PNG,380105,ea7ea6d2e44602db8a3e701466e32a8d2bfe2dcb6aab30644be032b5d7a5c4e7,1,
release/light/S475499547-GM-A26-EME-T01-S1-LH-C1-I0029-F00 (1).png,light,single,512,512,PNG,398290,3afb7febf0b4711e974aa7ae46da7bfc044099b976f0792e685ea7e4e2ea82ab,1,
release/light/S475499547-GM-A26-EME-T01-S1-LH-C1-I0029-F00.png,light,single,512,512,PNG,369456,3741dc02d22cb08cc09acb1bf5211ef53f06747eb70d54e0d07e37717bb83d03,1,
release/light/S477281279-GF-A30-EME-T14-S1-LH-C1-I0058-F00.png,light,single,512,512,PNG,378873,4b1dc57b1b4ba1854e6130523cdc7a2b5073375a8f490c21082395bd1c556b06,1,
release/light/S480080971-GM-A31-EAF-T00-S1-LH-C1-I0057-F00.png,light,single,512,512,PNG,339368,4fa7e3362bf582758f5a296c9aef1fd8f59f274cc5347e8932785b3ea17c4db9,1,
release/light/S480910045-GF-A90-EME-T11-S1-LH-C1-I0003-F00.png,light,single,512,512,PNG,367893,755ef20700b964831b552528b244afbf170f0da9db47079d3f6ac9954f781f4e,1,
release/light/S482766020-GF-A40-EAS-T15-S1-LH-C1-I0060-F00.png,light,single,512,512,PNG,359483,ad198bec4188bbf446d7153e6f2d5b0ccfc335c2c607e872dd3863783b34e1a4,1,
release/light/S491714282-GM-A47-EAS-T14-S1-LH-C1-I0052-F00.png,light,single,512,512,PNG,398575,45695d3265bcc55bff69bf86caa85704da92f4d6d2095c600de212adfd4bf7c4,1,
release/light/S493184426-GF-A19-EAF-T00-S1-LH-C1-I0000-F00.png,light,single,512,512,PNG,334901,d343e182df7aff6cbf2598486865991d67333a090e4e5443512b586f5fe5d13c,1,
release/light/S495166625-GF-A58-EAS-T14-S1-LH-C1-I0053-F00.png,light,single,512,512,PNG,356453,b9b82072408ad55ca1cff137cae9550dcded4435997f4db9634cc50212afee3f,1,
release/light/S501773750-GF-A65-EAF-T01-S1-LH-C1-I0009-F00.png,light,single,512,512,PNG,342719,179f7a2ec6155f4830024c1c67ffb0ab935390f0b1e4f35dc2a5813e1fbe90c2,1,
release/light/S50180802-GM-A26-EEA-T00-S1-LH-C1-I0055-F00.png,light,single,512,512,PNG,363835,b1b69a3cd1d2077ad4a216652f636e37c4562342f0e64220b1e4b3f6713f927d,1,
release/light/S504201509-GF-A50-EME-T14-S1-LH-C1-I0001-F00.png,light,single,512,512,PNG,367802,9da67d800c58da4303f4d48a2212848c3f3f98bfff632cd0a6f24a7fb0e7836b,1,
release/light/S506465236-GM-A41-EEA-T00-S1-LH-C1-I0013-F00.png,light,single,512,512,PNG,375747,b2dc35f01b9681ca2029e41d0776dc580b8de90f1c44a0a1a617e02383d8571a,1,
release/light/S508947155-GF-A84-EAF-T01-S1-LH-C1-I0013-F00.png,light,single,512,512,PNG,344450,b4f40d401ae2ba62f236cc6e4aa0a6905323fb24fb4475fda761bedbb301e7bb,1,
release/light/S510917796-GF-A21-EME-T03-S1-LH-C1-I0042-F00.png,light,single,512,512,PNG,407352,b051444d5f0e88caf15b23f68d88fe2027a7764a9e73c4118ed88747f63fc2ac,1,
release/light/S514677740-GM-A43-EME-T03-S1-LH-C1-I0021-F00.png,light,single,512,512,PNG,371169,c6fa2e4b0a2e55f6d2d21f8a7e02e96ba8ab640b8bfed382bac71c909f8d00ef,1,
release/light/S51891071-GM-A63-EEA-T03-S1-LH-C1-I0028-F00.png,light,single,512,512,PNG,425720,2bb8bd2ee2c20dfa0d0b80cc980ae1a0c92b184ab7cbd82b82e3aa37bdef3a87,1,
release/light/S519335789-GF-A87-EAF-T14-S1-LH-C1-I0012-F00.png,light,single,512,512,PNG,349992,d267f7c4feb911ad38ee40a43df7bfeb302e51a686d4d6e7074b3c4a166989c8,1,
release/light/S557350179-GF-A53-EAS-T03-S1-LH-C1-I0005-F00.png,light,single,512,512,PNG,411528,2ba67f62329bc17ba9294fba2877acaf494da2b8b2ef131ce8a34804bafa5026,1,
release/light/S574761980-GF-A38-EEA-T14-S1-LH-C1-I0044-F00.png,light,single,512,512,PNG,278728,42a4ff74fd2c04c74d3e23fc2f67a6286ef4875ad271996a8a44c1b51f4c679f,1,
release/light/S578152615-GM-A42-EEA-T03-S1-LH-C1-I0011-F00.png,light,single,512,512,PNG,374642,ebd8aadb321ecb6306ec04f08709fef6963924f246124bb1c5b1a735f958c2b7,1,
release/light/S62389544-GF-A82-EEA-T14-S1-LH-C1-I0050-F00.png,light,single,512,512,PNG,162603,a10c786a7517273a1a0b35e796dd77c2bbc57e602c765cde868024e7b3698056,1,
release/light/S6470524-GF-A29-EAS-T14-S1-LH-C1-I0059-F00.png,light,single,512,512,PNG,117659,5aca7272e3608ff1cd8d047d5927d41520c40c4b77ccfcd01a47623a3d85503f,1,
release/light/S673442144-GF-A53-EEA-T01-S1-LH-C1-I0044-F00.png,light,single,512,512,PNG,387217,8002fc734f2d4895a2ca150c6d3516c9bd012d36941691e941858d59cbe6600c,1,
release/light/S683688917-GF-A31-EIA-T03-S1-LH-C1-I0021-F00.png,light,single,512,512,PNG,334147,9838f2a229cd6789aa3c2f5cf9fcd02e03453b9d2ad5c17eb277d60da6c2262d,1,
release/light/S74441691-GF-A84-EIA-T13-S1-LH-C1-I0061-F00.png,light,single,512,512,PNG,377986,00d08491dea6dcd2cb9b77b62b12cfce8cb80d46369f2f939fdbe13e114bbb1f,1,
release/light/S755595872-GF-A36-EME-T03-S1-LH-C1-I0000-F00.png,light,single,512,512,PNG,371273,0d27ed4f40c6303b6363eb9714d3d4b868f299d085763298c81b7af96e6e5fd3,1,
release/light/S79333356-GF-A59-EEA-T03-S1-LH-C1-I0057-F00.png,light,single,512,512,PNG,386104,ca5552dbdf77d53d69c66269ae766ca2c15d1cf4d9ae1c535d9cd9477010b238,1,
release/light/S835364261-GM-A45-EAS-T03-S1-LH-C1-I0032-F00.png,light,single,512,512,PNG,305573,06dbe6d642c3299072e86c9427be921d73be1fd70362681d2be5a5c056a5577b,1,
release/light/S838732855-GF-A26-EEA-T03-S1-LH-C1-I0010-F00.png,light,single,512,512,PNG,395461,05cf627f16948daceaa2106929dd8b0d291810330b40c2495125055ee091b9fc,1,
release/light/S844573168-GM-A70-EEA-T00-S1-LH-C1-I0061-F00.png,light,single,512,512,PNG,337110,e0a90d6943369ca98188f2ee534c68c462989a5db3fc29553f5a873969d7e3e8,1,
release/light/S844761652-GF-A54-EAF-T03-S1-LH-C1-I0008-F00.png,light,single,512,512,PNG,357445,3c14928b0f0edd50ae78e73b88b92679d3837150cce273df2550639044edcfcf,1,
release/light/S851010322-GM-A30-EEA-T03-S1-LH-C1-I0061-F00.png,light,single,512,512,PNG,385133,b51f42aa76de7c26261eee72940952f4b3770a0384d9bc2faf6dad97b2a792e3,1,
release/light/S85153826-GM-A28-EEA-T03-S1-LH-C1-I0011-F00.png,light,single,512,512,PNG,329926,1555640c0d196d4ff7f816891ff753b9939f6610501b810583540649dfc89c9a,1,
release/light/S861590567-GF-A45-EIA-T03-S1-LH-C1-I0062-F00.png,light,single,512,512,PNG,329282,4f0463a428eceeff7dddc159492343aa3ee1ca077545a0f695da301a3b53b687,1,
release/light/S86418004-GF-A49-EEA-T10-S1-LH-C1-I0000-F00.png,light,single,512,512,PNG,374518,1ef0768ad78a475530694b6895ef5a932ef5214b6bcd2081df2ad02746f0c8f1,1,
release/light/S871196184-GF-A27-EAF-T14-S1-LH-C1-I0028-F00.png,light,single,512,512,PNG,252878,9a4b0419b48507bfadb11b159ebee31c66d3fda8f47c966daa500a236db50ad8,1,
release/light/S872849899-GF-A30-EEA-T03-S1-LH-C1-I0004-F00.png,light,single,512,512,PNG,420477,9852e31f7fdee50929f627de6a559e00b1a75c78f5340df9843283422c8538d0,1,
release/light/S881124278-GF-A51-EAS-T14-S1-LH-C1-I0059-F00.png,light,single,512,512,PNG,322026,91da3e2571d5203ac0dcba32a1533bfeca9893803ead9560f2a69838f808ff8d,1,
release/light/S882917275-GF-A60-EME-T01-S1-LH-C1-I0038-F00.png,light,single,512,512,PNG,371921,b2c6bb63508d7f480ed158989d20d2a369c9a3a81f527b7861eeeac406624e6f,1,
release/light/S883374229-GF-A54-EEA-T14-S1-LH-C1-I0006-F00.png,light,single,512,512,PNG,289785,30a51d58c5c4ac1bae7c735c3aeb41f50669fd869264313ccd7d069063ed006a,1,
release/light/S883374229-GF-A54-EEA-T14-S1-LH-C1-I0019-F00.png,light,single,512,512,PNG,370234,0241bf67a8771b1b30e0f00dc04e6e398b1e9a934bf8935840cae405680c52bd,1,
release/light/S883374229-GF-A54-EEA-T14-S1-LH-C1-I0021-F00.png,light,single,512,512,PNG,394707,68b7d74a7169e32b55b5ab75d07c683797535c74ab7333eef00b4fcf10e8aa3f,1,
release/light/S883374229-GF-A54-EEA-T14-S1-LH-C1-I0038-F00.png,light,single,512,512,PNG,322111,7b2183d3c8e4056f49e142691520e4c16641a17a849baaa3292eb48186de10d6,1,
release/light/S883374229-GF-A54-EEA-T14-S1-LH-C1-I0039-F00.png,light,single,512,512,PNG,385554,c504dce2bd8c1be287a47572cec62fcb4834a15c8fc392a0e3c7f1dff6a7b5f7,1,
release/light/S883374229-GF-A54-EEA-T14-S1-LH-C1-I0040-F00.png,light,single,512,512,PNG,327618,cdf4e8cf4041cc27f0cdb7e5e3e378fd65f8a1f4b61ca42d70b0ccb470ec9f7f,1,
release/light/S883374229-GF-A54-EEA-T14-S1-LH-C1-I0041-F00.png,light,single,512,512,PNG,377536,04401dc060390e48322e3451f1fca4a5864ce3c03868270eca54e3200f70893e,1,
release/light/S883374229-GF-A54-EEA-T14-S1-LH-C1-I0059-F00.png,light,single,512,512,PNG,317245,45e4b4dbefe83f25bc127a8bcb8b83d89badb4401d5d5b101f2adcc0f79499b5,1,
release/light/S883374229-GF-A54-EEA-T14-S1-LH-C1-I0062-F00.png,light,single,512,512,PNG,378251,e809e9e339f5f6f98037e1fd748f263ca704dc2dbc8b0a39a34d8009d6aa538f,1,
release/light/S892006153-GF-A74-EAF-T14-S1-LH-C1-I0020-F00.png,light,single,512,512,PNG,334371,2ca4892b80b730d4451d4fc316bd9d021a5fd7d64b818b188e70c01cbc95d045,1,
release/light/S894840102-GN-A69-EAF-T00-S1-LH-C1-I0056-F00.png,light,single,512,512,PNG,407617,57d1cf20312d0afdbe0190671bc632fd33a35e3b7a32de602653c5437e266800,1,
release/light/S895967637-GM-A28-EEA-T01-S1-LH-C1-I0005-F00.png,light,single,512,512,PNG,348622,baf785247a2a0a9bb7d80c792a57361e7a2fcd26445ccac0dee6e1906a384205,1,
release/light/S897329683-GF-A41-EEA-T11-S1-LH-C1-I0040-F00.png,light,single,512,512,PNG,362904,b587fd166f2758d36ab01bcaaeb10151eb55d81e074b4f2939ab5394cb0380b2,1,
release/light/S906953625-GF-A53-EEA-T01-S1-LH-C1-I0001-F00.png,light,single,512,512,PNG,286427,5a7b1f53f14f3cbbb25fadcc493d3aeb928a0866176d672a2d0fb60a5a1b7a63,1,
release/light/S9176807-GM-A21-EEA-T03-S1-LH-C1-I0024-F00.png,light,single,512,512,PNG,380395,c5b93ffa2b2f9ef60b9610e2bc14f5680fce76238507906c492076888464d29e,1,
release/light/S921833550-GM-A28-EEA-T14-S1-LH-C1-I0000-F00.png,light,single,512,512,PNG,248477,3083e2dad4d9c97aefeba259005babd025782920b79e8b29eb78c1dc1a465ab1,1,
release/light/S924724708-GF-A48-EEA-T14-S1-LH-C1-I0053-F00.png,light,single,512,512,PNG,398653,18ec2ab943aace25c35f4e2bac8218ce1646738f3617a9191113a11799c3296a,1,
release/light/S926047332-GM-A22-EME-T14-S1-LH-C1-I0038-F00.png,light,single,512,512,PNG,312306,372437812460ed8c46ace64e8ba9d3b839dfa192efab8cedc2d05a840e0253b6,1,
release/light/S926047332-GM-A22-EME-T14-S1-LH-C1-I0039-F00.png,light,single,512,512,PNG,325306,2f985ae997b2468003ed567f3de687cbc92fb8da7b4256d9030d8de5946daf9c,1,
release/light/S931374402-GM-A20-EAF-T14-S1-LH-C1-I0003-F00.png,light,single,512,512,PNG,311873,be52aad0e0fe4f9bf1fe41d824c760834e01a0b951ab09fefba88db83f14363d,1,
release/light/S931374402-GM-A20-EAF-T14-S1-LH-C1-I0013-F00.png,light,single,512,512,PNG,233160,92f56d2b5ddcd1d7207095119e38be6a6e3e510697bd2b4252faebb0e5db9cac,1,
release/light/S932980426-GM-A79-EME-T14-S1-LH-C1-I0010-F00.png,light,single,512,512,PNG,281092,76121b670df08a526824eee9a4b7fb1c251076e12f39a0c3406434d526ee5f70,1,
release/light/S932980426-GM-A79-EME-T14-S1-LH-C1-I0014-F00.png,light,single,512,512,PNG,375459,a0c95725afddbe1beb6afcc7f365efcdf02f0307720cedd22382c85ba0992ccc,1,
release/light/S932980426-GM-A79-EME-T14-S1-LH-C1-I0032-F00.png,light,single,512,512,PNG,307409,066735d98de3db2e2525ffdaa8c9765f93f441327fb2ce5846f2a4b8b7573d57,1,
release/light/S932980426-GM-A79-EME-T14-S1-LH-C1-I0054-F00.png,light,single,512,512,PNG,396658,3a2ebbb515abc25ea22e7f4af478fb85e25dd535d6bc25ed6578a2ad3f313544,1,
release/light/S936982627-GM-A77-EEA-T01-S1-LH-C1-I0040-F00.png,light,single,512,512,PNG,310742,1480c245f299f5b606c996165e283ab9434f2eccd496529cb1b41d8c815fbb23,1,
release/light/S94290629-GF-A23-EAF-T14-S1-LH-C1-I0030-F00.png,light,single,512,512,PNG,378670,d934d5eb03a44403f21e1f315d87974e7c6fe7cb3af2e1ad84300f72670ec5f2,1,
release/light/S94888726-GM-A26-EME-T03-S1-LH-C1-I0049-F00.png,light,single,512,512,PNG,303350,e3420b37f7ee51304d072f324cf1cc9b6a6acef833aa3b25edb4f03dd5d98ba0,1,
release/light/S954227485-GF-A55-EME-T00-S1-LH-C1-I0054-F00.png,light,single,512,512,PNG,418817,58710705dfcaacd6a7efcb05282d109192ad83b9614b0712b1ae4e6d1b254f0f,1,
release/light/S955490819-GM-A25-EAF-T14-S1-LH-C1-I0009-F00.png,light,single,512,512,PNG,348172,a4817f2bb71ef610f6bc72dd342e22264e2c2859a03a992a09b6cbdb0c04eec7,1,
release/light/S956718444-GF-A38-EAS-T14-S1-LH-C1-I0018-F00.png,light,single,512,512,PNG,259124,06d4eeb2f99031b67effa2ab5a60275bf01048f4eb00c8c84da8a53530dad221,1,
release/light/S95924864-GM-A18-EEA-T14-S1-LH-C1-I0017-F00.png,light,single,512,512,PNG,357085,5d9a42a9c2f7ce68a7e2a3e3b413f132d15a7f28d8792ecc058b9c6c9a586a99,1,
release/light/S95924864-GM-A18-EEA-T14-S1-LH-C1-I0029-F00.png,light,single,512,512,PNG,389103,0ee844edad559e8dd8d61c8ed205034f99323b35b9cf9e86f5f82509f36e99c7,1,
release/light/S959317588-GM-A42-EAS-T00-S1-LH-C1-I0008-F00.png,light,single,512,512,PNG,300786,66578b3a7b789ecfa13fd94fa6fe6ec31b696a3d73cb66bd4db3620f757c4206,1,
release/light/S959317588-GM-A42-EAS-T00-S1-LH-C1-I0054-F00.png,light,single,512,512,PNG,365323,1a70755d88abda8335b37844509eefcb0d0cf72c77a24a565a0f7acf330d43fd,1,
release/light/S962503135-GF-A84-EEA-T14-S1-LH-C1-I0013-F00.png,light,single,512,512,PNG,384307,d16c51088ec271d8c75c424c6731d50d0d0d21d079351e55fb37e133eb9a5c31,1,
release/light/S966499612-GM-A36-EEA-T14-S1-LH-C1-I0024-F00.png,light,single,512,512,PNG,369352,777955e82a7f67d5f4db0073efd3b9bc319220d161ffac0c7fdb5c5578ccf337,1,
release/light/S970888949-GF-A57-EEA-T15-S1-LH-C1-I0038-F00.png,light,single,512,512,PNG,351938,50dfe0f18e8056db05f72c8e7450ac404641b7661d62c38e499a946638944f81,1,
release/light/S976538751-GM-A19-EAF-T14-S1-LH-C1-I0007-F00.png,light,single,512,512,PNG,331165,21d0cfeea1dc79cf0e335a55f066ed2676caa2e1b350464c09cb2d892932ff9c,1,
release/light/S976538751-GM-A19-EAF-T14-S1-LH-C1-I0042-F00.png,light,single,512,512,PNG,308041,08719284467b9c97d146b8dbc7b8fb38a0165386f1106f6962746d97fe90413e,1,
release/light/S978873421-GF-A64-EEA-T01-S1-LH-C1-I0000-F00.png,light,single,512,512,PNG,324360,b8fa0c734bdf29506319276b1409ffdc0cf8ce188d52a2bfacf80b153063a466,1,
release/light/S980654402-GF-A53-EEA-T14-S1-LH-C1-I0004-F00.png,light,single,512,512,PNG,278134,e29f0fe1861af98a6babeeb689b4336b0abdb5254e32a40e4e5d0b3c9b217260,1,
release/light/S982128636-GM-A71-EME-T01-S1-LH-C1-I0008-F00.png,light,single,512,512,PNG,398328,5636730b9f75aa8890d74e43a74521d8ad0cccad93906f6625c18718f19b09fc,1,
release/light/S982227952-GM-A31-EEA-T00-S1-LH-C1-I0051-F00.png,light,single,512,512,PNG,307998,defa5aca114c4f91701902d25ab1cda7c91745d4bed992532ee3e95a13fb63cd,1,
release/light/S98643087-GF-A34-EIA-T10-S1-LH-C1-I0042-F00.png,light,single,512,512,PNG,438063,c477d6217b21fecdc5be16abfc5fb344e6746a9a55fb6a3b8338be865e7523bc,1,
release/light/S987384432-GF-A95-EME-T01-S1-LH-C1-I0003-F00.png,light,single,512,512,PNG,336295,0abb78c3c1e10af49cb7680c624df0742a2c67d55eceabaa69369b0b316051a3,1,
release/mkup/S113923411-GF-A35-EEA-T14-S1-LH-C1-I0048-F00.png,mkup,single,512,512,PNG,292132,98fa52e013eda1cfb04de1d284b4238ce0971eefbb08fc3958e3a030a49ac9e2,1,
release/mkup/S115293589-GF-A67-EME-T01-S1-LH-C1-I0030-F00.png,mkup,single,512,512,PNG,373202,2dda7aeb8ca5e1c184a6fe3a10c3962226f56bc5a4eea4f59808ea6e35f8f626,1,
release/mkup/S120660598-GM-A33-EEA-T00-S1-LH-C1-I0034-F00.png,mkup,single,512,512,PNG,344145,3b5c6ee699e12c530a2364b0c011ecbdf614fa31c58218e6e87d332621a117bc,1,
release/mkup/S121566497-GF-A32-EEA-T14-S1-LH-C1-I0036-F00.png,mkup,single,512,512,PNG,392009,993be75f6e6e38fc8d814d1bd49c91b4833970d7a34f43c4605696d16bf4155f,1,
release/mkup/S130186036-GF-A82-EEA-T01-S1-LH-C1-I0007-F00.png,mkup,single,512,512,PNG,354750,37cf3891689fdf5431a79cbda086e2691c0d9938df2d33a85ad858e77e65f241,1,
release/mkup/S14964507-GF-A29-EEA-T00-S1-LH-C1-I0028-F00.png,mkup,single,512,512,PNG,357298,11c32e73aa2560a6cb5e03f60cc52265d6136de4bc440ba536701ae59058b387,1,
release/mkup/S14964507-GF-A29-EEA-T00-S1-LH-C1-I0052-F00.png,mkup,single,512,512,PNG,377930,efd37adc7434000fcb2e2e3664835612d8aade5a9dfbfc4d0dfa0b078703ab63,1,
release/mkup/S15182111-GM-A44-EAS-T00-S1-LH-C1-I0049-F00.png,mkup,single,512,512,PNG,329169,acb69cdd03a1da34ad540ebb5fcf1d4e9d65c5f6ad3b8c92c15e78ab1d35a6bf,1,
release/mkup/S152846480-GF-A30-EEA-T03-S1-LH-C1-I0000-F00.png,mkup,single,512,512,PNG,384869,4c088651cc096e8e914d1264fe234ad3d2f094a8766ebda59682f77359180b39,1,
release/mkup/S152846480-GF-A30-EEA-T03-S1-LH-C1-I0059-F00.png,mkup,single,512,512,PNG,379013,59f77771a0db59fd0e4f008641cf48fb47283f6c5d2dcb15bf702830e818edd5,1,
release/mkup/S165380664-GM-A31-EIA-T01-S1-LH-C1-I0002-F00.png,mkup,single,512,512,PNG,286781,d41b4c6c2b21d33c049691f1f55581b49e0d23e770d6fc3b2effba8107191546,1,
release/mkup/S169208368-GM-A35-EME-T14-S1-LH-C1-I0016-F00.png,mkup,single,512,512,PNG,385843,40c4fc0cd5c4d7bc3cebdee01c943ae3387056b4e691e7a27a3f3c72bd4e1f71,1,
release/mkup/S169208368-GM-A35-EME-T14-S1-LH-C1-I0054-F00.png,mkup,single,512,512,PNG,383195,0e7c8d0ed668f37e1abadb5308ab59eaaf6a890121141eb461e47951701c1d2c,1,
release/mkup/S179125778-GM-A37-EME-T01-S1-LH-C1-I0055-F00.png,mkup,single,512,512,PNG,299006,73ab17531c7b5e423cc8b3ae76c3482919a49ab73c2002de0f92edc527798d3d,1,
release/mkup/S179182026-GM-A47-EEA-T11-S1-LH-C1-I0029-F00.png,mkup,single,512,512,PNG,366173,b3fb11f4a4f4249174f4200eafbb682f0c872eb91598792a2b364d69537d7413,1,
release/mkup/S18796367-GF-A93-EAF-T00-S1-LH-C1-I0045-F00.png,mkup,single,512,512,PNG,300213,1a02b2dd06b990f64c5bf8cdf7e02cbeadcaafaf4e151c0be794b381ad41b2d2,1,
release/mkup/S189019382-GF-A62-EIA-T03-S1-LH-C1-I0040-F00.png,mkup,single,512,512,PNG,362089,03823e1c8b580a09244eabf68cee33ad978af73376dd0dd8a1aeefca6394c668,1,
release/mkup/S189019382-GF-A62-EIA-T03-S1-LH-C1-I0046-F00.png,mkup,single,512,512,PNG,357103,a8422e59fad85865d594a15e362da0152a20e295c8a08a0df86558260d299e5f,1,
release/mkup/S190036673-GF-A19-EEA-T00-S1-LH-C1-I0057-F00.png,mkup,single,512,512,PNG,380054,c4d04b53bf7e25b9544ef7ef789e9a033ed42027a359a453d216cca3efc7e083,1,
release/mkup/S19423222-GM-A45-EAF-T14-S1-LH-C1-I0040-F00.png,mkup,single,512,512,PNG,299600,feb0c4257a5abdb008035772b8ee60ba060c90ce7b4a2056ab11502822520bb4,1,
release/mkup/S205686156-GF-A52-EAS-T01-S1-LH-C1-I0006-F00.png,mkup,single,512,512,PNG,350669,d61434f23cff777998ece5ac6984b1047a23fb466f85bd7413b4fdfebbfa7652,1,
release/mkup/S20939931-GF-A70-EME-T00-S1-LH-C1-I0047-F00.png,mkup,single,512,512,PNG,356145,d47ffde8fe4d73f415d5d8622e1df780e798cf7e6e8c3df5812524bb530261ed,1,
release/mkup/S210555380-GF-A95-EME-T14-S1-LH-C1-I0008-F00.png,mkup,single,512,512,PNG,393098,bcd5ea5c79d32a599407ecc58ba0fa7b2c289c13d517520838d48f2d54969b4f,1,
release/mkup/S21322735-GF-A99-EEA-T03-S1-LH-C1-I0004-F00.png,mkup,single,512,512,PNG,337080,9e6c1985a62a8ddc56ff315486e7a6e2954edcf36f6c0d24e0655148f50484e4,1,
release/mkup/S219134961-GM-A51-EME-T00-S1-LH-C1-I0016-F00.png,mkup,single,512,512,PNG,327862,730b12c2d63b30a49924cc8fdbbdfddc7f45cfa4ed50fffde3936e15233da9d1,1,
release/mkup/S220036139-GF-A33-EME-T14-S1-LH-C1-I0048-F00.png,mkup,single,512,512,PNG,383346,a5b4951d4c551be37f759c18b1b37c12b1f15eb38ade096e4119d6c8a854cbf4,1,
release/mkup/S229741512-GM-A18-EEA-T01-S1-LH-C1-I0029-F00.png,mkup,single,512,512,PNG,305201,9e2be73074dd7157b407f3e398a95aff2dba4a8c379eb7295fedee5900fef081,1,
release/mkup/S231352223-GF-A49-EEA-T14-S1-LH-C1-I0011-F00.png,mkup,single,512,512,PNG,353685,3ad421f60c8a0c124315c63af480cf40782abc4a7dcf395a7790616ada55c69c,1,
release/mkup/S231352223-GF-A49-EEA-T14-S1-LH-C1-I0027-F00.png,mkup,single,512,512,PNG,366127,f63371555afe84405ba4a911d242e52687ea1fbe0949d7c0b5ac8e3bf4f5e566,1,
release/mkup/S236474674-GF-A94-EEA-T14-S1-LH-C1-I0061-F00.png,mkup,single,512,512,PNG,344187,dca31674b5267531c01d696d893c50a88b01244776aff1346e0e1db85a031f23,1,
release/mkup/S240935283-GM-A93-EEA-T01-S1-LH-C1-I0022-F00.png,mkup,single,512,512,PNG,404399,35310a098844a1c04c9acada7f877ad3ee5b7ec9ae8e97c04341217a9925b4fd,1,
release/mkup/S245655911-GM-A99-EIA-T14-S1-LH-C1-I0023-F00.png,mkup,single,512,512,PNG,407847,2af05df5b4885cdd396c4c4610133b07a91648e3e8e36015295ca38be369d9ac,1,
release/mkup/S25038292-GF-A59-EAF-T03-S1-LH-C1-I0041-F00.png,mkup,single,512,512,PNG,353939,5f11c68bb5e4210a8192b9e15441e3fa0db37b58c59effd7ede78e9b68d6a2b8,1,
release/mkup/S261182015-GM-A24-EEA-T01-S1-LH-C1-I0011-F00.png,mkup,single,512,512,PNG,318425,afe714583c9876a75fe6c74363dfe7b42fa223b0bc47819c4deaa8783bcff10a,1,
release/mkup/S264396021-GM-A30-EAS-T14-S1-LH-C1-I0047-F00.png,mkup,single,512,512,PNG,314489,f08db539b6be7a0995efc12c27b6eb2a89f7edbefa0f874b29674aed2d54e9ae,1,
release/mkup/S268137029-GF-A39-EME-T01-S1-LH-C1-I0016-F00.png,mkup,single,512,512,PNG,395779,4b2b5a6c0f208846a782cb6c2e642e436c034908ef3564102cd0696a4b89dcfb,1,
release/mkup/S268183923-GN-A24-EAF-T14-S1-LH-C1-I0053-F00.png,mkup,single,512,512,PNG,311554,f410b7de3c8afe9467103a2e495b5479d61080cb47c406cf673397b6e444b634,1,
release/mkup/S274652534-GF-A22-EEA-T01-S1-LH-C1-I0003-F00.png,mkup,single,512,512,PNG,347688,17817eb4bf8dfde21691112b8d2423d1666de01361abbf1e3d2ab007060a1168,1,
release/mkup/S274869653-GF-A68-EAS-T03-S1-LH-C1-I0003-F00.png,mkup,single,512,512,PNG,360575,07352107df8dcf5bdb7f05bb17840ff72a57720e4cf4b4676f73b81a28715ae4,1,
release/mkup/S285023719-GF-A24-EEA-T00-S1-LH-C1-I0022-F00.png,mkup,single,512,512,PNG,295647,e6f797d4967524e0d07853de36a30da4a151c955a812cecf85131cdec8ca555b,1,
release/mkup/S287510944-GF-A29-EME-T01-S1-LH-C1-I0059-F00.png,mkup,single,512,512,PNG,350172,1e2a784054f683631becfc30a8a303f89aa0cfd6f5accbe96c816154456d0c54,1,
release/mkup/S289919415-GF-A46-EEA-T14-S1-LH-C1-I0060-F00.png,mkup,single,512,512,PNG,313409,42b0adc86f58d92c6cba5ddc3fa972675b67a11045cd24d1b37cdd68c65b1661,1,
release/mkup/S300524837-GM-A42-EEA-T01-S1-LH-C1-I0008-F00.png,mkup,single,512,512,PNG,378076,a2b9f7695c566372ca9e326c6dab7476d32b4f2607c91edb627d9142f0429e60,1,
release/mkup/S303695349-GM-A23-EEA-T03-S1-LH-C1-I0002-F00.png,mkup,single,512,512,PNG,314988,00ebc0bca6b16dab07dc75e3a77660d0224d0f65a8b40c48bdbab90cde20875a,1,
release/mkup/S303695349-GM-A23-EEA-T03-S1-LH-C1-I0029-F00.png,mkup,single,512,512,PNG,305432,ee101823857b6661bcb7bedccf295e0e8e0925a0b88627cdf82cdf169b07c88e,1,
release/mkup/S303695349-GM-A23-EEA-T03-S1-LH-C1-I0041-F00.png,mkup,single,512,512,PNG,300821,84d646a7f06ff010daba7c7f829c241381ea6a0a6ec0a0f4ef2c49294669246c,1,
release/mkup/S313264566-GM-A81-EAF-T14-S1-LH-C1-I0059-F00.png,mkup,single,512,512,PNG,363146,497ec85bd6488496f73fbd65b4e8fca73af25ac330391866967194c270323578,1,
release/mkup/S319441451-GF-A19-EAS-T01-S1-LH-C1-I0006-F00.png,mkup,single,512,512,PNG,347975,abc1c5249156b5b5817505ff46a6c1b67bb3d983d47791ef9d1aa9f72b8ebaa6,1,
release/mkup/S325074401-GF-A50-EAS-T03-S1-LH-C1-I0044-F00.png,mkup,single,512,512,PNG,320525,947506e99c392b852d4326cddaf6bea3dcada7ca68bd9f83ae5999d0982623f7,1,
release/mkup/S334697091-GM-A32-EAS-T14-S1-LH-C1-I0031-F00.png,mkup,single,512,512,PNG,261115,4199f7beb623cea20435d261772334b1f89e5d93839c40a7fab8f8f1e18f6662,1,
release/mkup/S335757255-GF-A30-EME-T14-S1-LH-C1-I0002-F00.png,mkup,single,512,512,PNG,370315,99ea47546f07a7af7602bbbc6af7645de7fb649283da6cb64c7399f91fef08fb,1,
release/mkup/S343899513-GM-A51-EME-T01-S1-LH-C1-I0048-F00.png,mkup,single,512,512,PNG,397295,172e1d55516e1ac16b1539c434644e9a64a54defdf888222f040ac309c8914fd,1,
release/mkup/S345601750-GF-A64-EEA-T03-S1-LH-C1-I0055-F00.png,mkup,single,512,512,PNG,375770,271a1fcc85db3f4c46d9e69f4776f15ba8f66805d3bc998ff228395616afb9d6,1,
release/mkup/S354713116-GF-A60-EAF-T14-S1-LH-C1-I0063-F00.png,mkup,single,512,512,PNG,390756,04db0cdf1ac0fba96073715d548d6d00f9118dff285a63941c1772b044c9c99b,1,
release/mkup/S364995244-GM-A24-EEA-T03-S1-LH-C1-I0015-F00.png,mkup,single,512,512,PNG,369685,ae43a66f1567de6d71f05293fdbb3378048c005ecc5dfd32c4611e72ecc08210,1,
release/mkup/S371797493-GM-A29-EEA-T14-S1-LH-C1-I0043-F00.png,mkup,single,512,512,PNG,352974,636626d834bd4630fa41e2800ee22dd3547bd568d108157ac0529736352d2a29,1,
release/mkup/S37396139-GF-A51-EEA-T14-S1-LH-C1-I0018-F00.png,mkup,single,512,512,PNG,381608,9c62e03364e88aa7bef0765ecff1cc033948be2ef3efec99337911d91e198bf3,1,
release/mkup/S37396139-GF-A51-EEA-T14-S1-LH-C1-I0048-F00.png,mkup,single,512,512,PNG,387305,5571dab91c6897f244c5672c6c9d60ad63bc4ca3296f9760ac096fc7edcd2a63,1,
release/mkup/S375545605-GM-A47-EEA-T00-S1-LH-C1-I0004-F00.png,mkup,single,512,512,PNG,364425,eb5cf1db4842c98564f6234b2a80a008a1b68f133c93675265c2e42126bec404,1,
release/mkup/S375545605-GM-A47-EEA-T00-S1-LH-C1-I0022-F00.png,mkup,single,512,512,PNG,354910,69c593840f7126f578ac71532b9331f09778662c0f7e40d5dd435d44616f02fa,1,
release/mkup/S375545605-GM-A47-EEA-T00-S1-LH-C1-I0027-F00.png,mkup,single,512,512,PNG,367078,9512b1a49aed4a101d214d858752b0b2c28724b2d5239cb23e5a2efcb6ef96c8,1,
release/mkup/S375545605-GM-A47-EEA-T00-S1-LH-C1-I0049-F00.png,mkup,single,512,512,PNG,376449,51e546ab93cde65c17d11e98e4ebcd911854393c74dfb327858b9bf3e5f01675,1,
release/mkup/S376287613-GF-A19-EAF-T14-S1-LH-C1-I0011-F00.png,mkup,single,512,512,PNG,325403,2832b000812e51f5faa1511d352026565da6b23d889f705be65c6598e5453e5e,1,
release/mkup/S380795387-GF-A58-EEA-T14-S1-LH-C1-I0035-F00.png,mkup,single,512,512,PNG,337579,94c833da774f86c28e0b139d68f82f438072b0b76deedf5ee46a21313f365f8a,1,
release/mkup/S382037204-GF-A89-EEA-T03-S1-LH-C1-I0006-F00.png,mkup,single,512,512,PNG,350908,4fb55642a276ab21521259193226c89fafb18dd0e4ecefea99d868c89ec9acd0,1,
release/mkup/S384793007-GF-A62-EEA-T01-S1-LH-C1-I0006-F00.png,mkup,single,512,512,PNG,273363,48b7503d4e6ff2f25ecbf4201f402ebb50aa2275b51128360ce355a127d06891,1,
release/mkup/S388546914-GF-A50-EEA-T14-S1-LH-C1-I0025-F00.png,mkup,single,512,512,PNG,349416,158f5738a8abdfce4b39daf04071928535f20f5f4df17c3ca2acd649f539be82,1,
release/mkup/S394313530-GF-A45-EEA-T03-S1-LH-C1-I0050-F00.png,mkup,single,512,512,PNG,380869,5688b71fdff4f8bf7ed7ddbd465e9adbb284dfbcbf06ddbe148b786453b7d703,1,
release/mkup/S395744997-GF-A18-EEA-T01-S1-LH-C1-I0002-F00.png,mkup,single,512,512,PNG,385842,71aebf275e2f7d25f8d8026fc925ae977d159884ccb01b2c6014e3f4d3953cf6,1,
release/mkup/S39590804-GM-A53-EEA-T03-S1-LH-C1-I0045-F00.png,mkup,single,512,512,PNG,372217,75bad1ff5db0e83eccf895daff1de7a6cab057b3429572605d6405fd281393ea,1,
release/mkup/S397228464-GF-A72-EEA-T03-S1-LH-C1-I0009-F00.png,mkup,single,512,512,PNG,352962,412cbf5cb5045fa7d1c99912147657509b56c5f0997f60c0506f9e7bc3c227b2,1,
release/mkup/S402397961-GF-A82-EEA-T00-S1-LH-C1-I0029-F00.png,mkup,single,512,512,PNG,350524,2b6bbba31f88c3d92dee53894e458d733493038740c78be974da14d930ce702c,1,
release/mkup/S422234801-GM-A19-EAS-T14-S1-LH-C1-I0050-F00.png,mkup,single,512,512,PNG,361659,3cad9515760ce7cf44d75ee7887b6d32ec4fd701c8ad7373cdbaede2ecbd387b,1,
release/mkup/S426127418-GF-A48-EEA-T03-S1-LH-C1-I0043-F00.png,mkup,single,512,512,PNG,384598,e604b0280a802f46bd83e5abd8a06fb5825bdf4a0d6f6f1de41c71be81c3d35f,1,
release/mkup/S43416355-GF-A63-EAS-T03-S1-LH-C1-I0018-F00.png,mkup,single,512,512,PNG,302293,dd6d5038daa72eb32395490c5928839fbe2b5c534408462aff862bfb7f2a0662,1,
release/mkup/S442640043-GF-A83-EEA-T01-S1-LH-C1-I0015-F00.png,mkup,single,512,512,PNG,351765,28d1efceda8014b19666479f0905c12deb32bbd45287d9ae057dcbff4ea347af,1,
release/mkup/S457681878-GF-A95-EEA-T14-S1-LH-C1-I0017-F00.png,mkup,single,512,512,PNG,360567,3edf63c49a8ea5e37963b9ab192fbad0120e8af9fa17d2daae0695f7db76cc9e,1,
release/mkup/S472012617-GM-A63-EEA-T01-S1-LH-C1-I0014-F00.png,mkup,single,512,512,PNG,346556,47e4696b981f9499372ba9969e35377bfa2017d790dc6b92c57888b810bb8527,1,
release/mkup/S472012617-GM-A63-EEA-T01-S1-LH-C1-I0022-F00.png,mkup,single,512,512,PNG,396319,3683c90f9caa6b0c0feaaa4bc29029c3c7eb1e4196e8259afde291a332b67730,1,
release/mkup/S475499547-GM-A26-EME-T01-S1-LH-C1-I0029-F00.png,mkup,single,512,512,PNG,386732,fad916197bb891829ebddaa729ddacd3131ec113aa24ca4316d6b42781518211,1,
release/mkup/S477281279-GF-A30-EME-T14-S1-LH-C1-I0058-F00.png,mkup,single,512,512,PNG,383330,98bb2236c3e32df16812e07550968779c123cea30b0d965357a6395bc4e3343e,1,
release/mkup/S482766020-GF-A40-EAS-T15-S1-LH-C1-I0060-F00.png,mkup,single,512,512,PNG,338528,df9808490284ea50e6b2c8bda072b30598b978e58973cd2125c52c47c9c7befc,1,
release/mkup/S495166625-GF-A58-EAS-T14-S1-LH-C1-I0053-F00.png,mkup,single,512,512,PNG,341045,6b0eb6ff3c60aa83ac39be5010cbb3060e9daf27bf767343def5b28655a68b50,1,
release/mkup/S50180802-GM-A26-EEA-T00-S1-LH-C1-I0055-F00.png,mkup,single,512,512,PNG,336526,b6be890ff96a8d31345372362f7286ca75776d0dccc35d80358816b564119c26,1,
release/mkup/S508947155-GF-A84-EAF-T01-S1-LH-C1-I0013-F00.png,mkup,single,512,512,PNG,323972,9834e224b6064c11e5d35a119fc31d252d7414f9518b19d77ff1643b7c6ab3dc,1,
release/mkup/S508947155-GF-A84-EAF-T01-S1-LH-C1-I0030-F00.png,mkup,single,512,512,PNG,326792,72a14fd9ecd445af91a52df2afb356c38a6ff14ab0cb4f708788926abc1677b4,1,
release/mkup/S508947155-GF-A84-EAF-T01-S1-LH-C1-I0033-F00.png,mkup,single,512,512,PNG,356864,9f65d871fd2c14712b8ab596aec6adfa7f727db4604c977fd3139a9ad4c501c5,1,
release/mkup/S508947155-GF-A84-EAF-T01-S1-LH-C1-I0054-F00.png,mkup,single,512,512,PNG,332922,62ac649feecd7e65241d7e7235e0fcc3990a519e1260267dc693001742e58385,1,
release/mkup/S510917796-GF-A21-EME-T03-S1-LH-C1-I0042-F00.png,mkup,single,512,512,PNG,372347,db3ef538cb5e9ac03bb950864353ab633a4c6717b87800028c121f4c89f41afb,1,
release/mkup/S51891071-GM-A63-EEA-T03-S1-LH-C1-I0028-F00.png,mkup,single,512,512,PNG,393349,c5acad3f87fd10e11a319008105be55b072ad586a1fb9ee36fbb6b6620b08b44,1,
release/mkup/S519335789-GF-A87-EAF-T14-S1-LH-C1-I0012-F00.png,mkup,single,512,512,PNG,355147,b429839e80b57b2a73b52b994e3000905ba756836c207662eb14e69abe475916,1,
release/mkup/S520464077-GF-A50-EEA-T00-S1-LH-C1-I0049-F00.png,mkup,single,512,512,PNG,368459,18be9633063d55ad38b4e9902f0985df029a0613a7926cd6d975fad79a85dde1,1,
release/mkup/S520464077-GF-A50-EEA-T00-S1-LH-C1-I0055-F00.png,mkup,single,512,512,PNG,352965,7894ada2372e14fdab2122706ea7d2163aa3eceb7a438f0ada8493671ddbc7bc,1,
release/mkup/S526642813-GF-A73-EAF-T03-S1-LH-C1-I0033-F00.png,mkup,single,512,512,PNG,302850,d30bf0aff3b58195dc56934b3cdf572d36a8cb527698908f1db6cdeca26a5fb6,1,
release/mkup/S526642813-GF-A73-EAF-T03-S1-LH-C1-I0036-F00.png,mkup,single,512,512,PNG,306531,53bb7521c8a4e047e3e18702b9011590cba11a5de6b8ac88bf8b46377e414f3a,1,
release/mkup/S533819468-GM-A53-EIA-T14-S1-LH-C1-I0007-F00.png,mkup,single,512,512,PNG,410632,69917b8e7e88a49571a3fb2b1f7b63cfd4316abb8ae79c49d296db622aa3aa56,1,
release/mkup/S537195914-GF-A56-EME-T03-S1-LH-C1-I0040-F00.png,mkup,single,512,512,PNG,384715,ef7ec7f1a3daa4e8915658d73fe2d375b5801a3203d6927ba0bfcac6c452b77a,1,
release/mkup/S554872844-GF-A81-EIA-T00-S1-LH-C1-I0062-F00.png,mkup,single,512,512,PNG,244673,8b6795999184f8932f618a140344310d3ea0922b9b1a8e64df75058c8897e0c1,1,
release/mkup/S557350179-GF-A53-EAS-T03-S1-LH-C1-I0005-F00.png,mkup,single,512,512,PNG,386825,5a35cc791cca60ecac2187bfaf8c7df37c986e71ba08b2c4076321b2cdd1a78e,1,
release/mkup/S561424111-GM-A25-EME-T14-S1-LH-C1-I0010-F00.png,mkup,single,512,512,PNG,319983,9eb27e354f888836fb0072ed418db245c53844aa7a73a207e2c625d5d3af6be5,1,
release/mkup/S562599431-GM-A42-EEA-T00-S1-LH-C1-I0036-F00.png,mkup,single,512,512,PNG,300243,f9cab968d5380761194219b5c94722bc9cf0bb19795d3a644fc447e8bea914f4,1,
release/mkup/S564127454-GF-A22-EAS-T03-S1-LH-C1-I0009-F00.png,mkup,single,512,512,PNG,383117,f9882a330b2b0a5066def37d6f558976883205bc9cdbd2a02cc84191208fbaf6,1,
release/mkup/S567149942-GF-A85-EEA-T00-S1-LH-C1-I0061-F00.png,mkup,single,512,512,PNG,299249,60241f1c1576edfdda459e2d02e7ce63a6e65c2d840cca11b876f83135cbf11a,1,
release/mkup/S567565556-GF-A43-EME-T01-S1-LH-C1-I0057-F00.png,mkup,single,512,512,PNG,404805,33880da7e9bc54003b0259b77b6e8e75a615e48c3c208375332209aea1612379,1,
release/mkup/S571336030-GM-A48-EIA-T01-S1-LH-C1-I0034-F00.png,mkup,single,512,512,PNG,290901,e9a9addb566ffa7e23aecdf0346fd04e4b82d5819fc532452c6162b0d5c6bf86,1,
release/mkup/S571571794-GM-A57-EEA-T03-S1-LH-C1-I0016-F00.png,mkup,single,512,512,PNG,346527,05f6c5f024d72abedaa8aa2218f8298f47c97475538c89e0993340925ad9ea82,1,
release/mkup/S574280680-GF-A53-EME-T03-S1-LH-C1-I0005-F00.png,mkup,single,512,512,PNG,395083,710cd325337f78d867f2b887b99c42ee4fd18bd283edd0f4af0c6af40f5377e7,1,
release/mkup/S574761980-GF-A38-EEA-T14-S1-LH-C1-I0044-F00.png,mkup,single,512,512,PNG,276564,0ad7b021f471fc8b0f2e58a7892faafa8cf8137e0b5a8b57ae7285c7c219ef3f,1,
release/mkup/S578152615-GM-A42-EEA-T03-S1-LH-C1-I0011-F00.png,mkup,single,512,512,PNG,351232,171a2995b871d832e13a5d7a983f652982a8aaae6f67d91f72ebde55e065931b,1,
release/mkup/S590103000-GF-A47-EEA-T01-S1-LH-C1-I0045-F00.png,mkup,single,512,512,PNG,394755,bfa1faaeff970894fabfe62084376d8335983122ef030553862b1886157a8bf1,1,
release/mkup/S590103000-GF-A47-EEA-T01-S1-LH-C1-I0056-F00.png,mkup,single,512,512,PNG,401973,f9e4fe7923cf4dac1bdea2c550edc16c485d2b8612c792046e49d20bb6bde0c1,1,
release/mkup/S590103000-GF-A47-EEA-T01-S1-LH-C1-I0063-F00.png,mkup,single,512,512,PNG,391285,cbff09dc70ba38ce287bb6c0052b43fb600108ca2b6620ae4a2c04e9730ab4f8,1,
release/mkup/S592147976-GF-A52-EEA-T00-S1-LH-C1-I0049-F00.png,mkup,single,512,512,PNG,327319,a95f5052f46967d7c0f3333b3a668c58005f64b6726771972aa7b99b9e17c40f,1,
release/mkup/S606909976-GF-A59-EEA-T01-S1-LH-C1-I0035-F00.png,mkup,single,512,512,PNG,378494,030997f05ff0badd578313104ea1d1ab9693295f13090e93181173be67f9a8c1,1,
release/mkup/S616053079-GF-A33-EEA-T00-S1-LH-C1-I0038-F00.png,mkup,single,512,512,PNG,400135,b8175da08de9384ec325939d205ecd04fb3587f67cf3e5c857ee05e1d24bf476,1,
release/mkup/S618974755-GM-A24-EEA-T00-S1-LH-C1-I0045-F00.png,mkup,single,512,512,PNG,342398,189f7e9e8fcd512dc91c6cec44fece020e349ae63ccc0ef09f26f76594a52a70,1,
release/mkup/S640440409-GF-A40-EME-T14-S1-LH-C1-I0001-F00.png,mkup,single,512,512,PNG,402456,214990b06e0181d7beaee5db517ee8ae1657b7abd3ad1c711ad69fd3689a5dec,1,
release/mkup/S641100116-GM-A97-EEA-T14-S1-LH-C1-I0060-F00.png,mkup,single,512,512,PNG,345571,fc8c684a0561cc446ad449d7acf088f13b622d045c4859094e01a32f232123b5,1,
release/mkup/S6470524-GF-A29-EAS-T14-S1-LH-C1-I0059-F00.png,mkup,single,512,512,PNG,325796,122e872a598e05c0f5ddcb28b0406dc31221eb38e6dc73380b0716a507907741,1,
release/mkup/S647458820-GF-A61-EAF-T03-S1-LH-C1-I0003-F00.png,mkup,single,512,512,PNG,370542,a742b58bcddfac36fff2f1f6f4bba6b5efe87e4cc014b2baed23941df3e1abd7,1,
release/mkup/S653507002-GM-A51-EME-T03-S1-LH-C1-I0063-F00.png,mkup,single,512,512,PNG,399292,b3b943d297586c8d2fe4771925130fe4a7c752404ffdd78e40e80458faf91419,1,
release/mkup/S664246838-GF-A21-EEA-T11-S1-LH-C1-I0019-F00.png,mkup,single,512,512,PNG,387113,7785c5b4d39002e9b99733d2cd6b192a4d5398792bc6246cb43b66daebd3b2c5,1,
release/mkup/S669973447-GM-A20-EEA-T00-S1-LH-C1-I0000-F00.png,mkup,single,512,512,PNG,350840,8f7f5a069d1062f4f00a83bcdb35f35df98c57dd8bd836c8bda4764d162f1ac3,1,
release/mkup/S669973447-GM-A20-EEA-T00-S1-LH-C1-I0016-F00.png,mkup,single,512,512,PNG,330034,b5da51e1294c1eb3f72f6ddc509219a97bdadea8b10b1ac720063032ddd8987c,1,
release/mkup/S670711149-GF-A47-EEA-T00-S1-LH-C1-I0025-F00.png,mkup,single,512,512,PNG,296657,effe3327137120ad128ec1a7f14df4f7bd46a609f138a44a33ed3f34bf0da506,1,
release/mkup/S673442144-GF-A53-EEA-T01-S1-LH-C1-I0002-F00.png,mkup,single,512,512,PNG,357067,902f3c499bb6c9aa39867d3c26826fb2d35a2abd085b19d9dabfcda038549089,1,
release/mkup/S673442144-GF-A53-EEA-T01-S1-LH-C1-I0003-F00.png,mkup,single,512,512,PNG,344771,3439b77af3aa03e8cbb75bc806979cf67ad2d4ff530e955231f7fcd5b760763a,1,
release/mkup/S673442144-GF-A53-EEA-T01-S1-LH-C1-I0023-F00.png,mkup,single,512,512,PNG,343866,f31c52d6755c3a2b91f021621094469055aadb069823db3d86dcb32a69cd5ca1,1,
release/mkup/S673442144-GF-A53-EEA-T01-S1-LH-C1-I0028-F00.png,mkup,single,512,512,PNG,336849,fa8335ffabedc3e968868b87123089336765d3cb90914b6588618b334820839b,1,
release/mkup/S673442144-GF-A53-EEA-T01-S1-LH-C1-I0034-F00.png,mkup,single,512,512,PNG,302663,1b57e6cddb746c0d775344bf49c2d42abf75ef6329bd1cd3d4004fea5a183b2a,1,
release/mkup/S673442144-GF-A53-EEA-T01-S1-LH-C1-I0035-F00.png,mkup,single,512,512,PNG,374696,cb15203eece54441d0630dad68e70732019795491f497ad5a3258291b15d5a2c,1,
release/mkup/S673442144-GF-A53-EEA-T01-S1-LH-C1-I0044-F00.png,mkup,single,512,512,PNG,338348,d5a27b42c62b3382db566354c52c4e3becd5a7729d1bd223fb2d7498c8851f38,1,
release/mkup/S673442144-GF-A53-EEA-T01-S1-LH-C1-I0049-F00.png,mkup,single,512,512,PNG,364972,55f8e7f03a750a62da370278b29d34f37a61b1a00b1ce4b5947cbe31c48ad6de,1,
release/mkup/S677155548-GF-A53-EME-T01-S1-LH-C1-I0011-F00.png,mkup,single,512,512,PNG,377405,698b89b55fc25cb5540759ec8ed2274b29e5c856541505441f517986c33a2ffe,1,
release/mkup/S682364157-GF-A18-EIA-T03-S1-LH-C1-I0012-F00.png,mkup,single,512,512,PNG,390530,f4690c28cf7dbbe11caf7a71cb69423b194cb17957746dc8b071202851e7d8ab,1,
release/mkup/S683688917-GF-A31-EIA-T03-S1-LH-C1-I0021-F00.png,mkup,single,512,512,PNG,328621,fd030aad1af62d8636983a8b291fa97f3ef572171af1bfba4fce7e81ae246a88,1,
release/mkup/S691842297-GM-A47-EME-T14-S1-LH-C1-I0022-F00.png,mkup,single,512,512,PNG,386878,20a5f8ec90638c6211cd64bd69c43bb2947535f10650f7c2747e3b049a63f7b4,1,
release/mkup/S708639364-GM-A59-EEA-T00-S1-LH-C1-I0042-F00.png,mkup,single,512,512,PNG,368721,15f8642a73f80c7c73232920197c36af4a5915f3d06e59c6f9cd64324f318c9e,1,
release/mkup/S723966293-GM-A27-EEA-T03-S1-LH-C1-I0044-F00.png,mkup,single,512,512,PNG,329900,0e02f11b62b78c0cf77d6fe6af34fb98e71926e503a9499dd8305adf721dd702,1,
release/mkup/S727226600-GM-A33-EAS-T03-S1-LH-C1-I0035-F00.png,mkup,single,512,512,PNG,349529,242b93a39f936d3497968305c8cb586ed4d45bd8d6b8ea5b38f8cb812b38f6c5,1,
release/mkup/S727226600-GM-A33-EAS-T03-S1-LH-C1-I0053-F00.png,mkup,single,512,512,PNG,326870,0b33bcdd2d4a9498a224252b16ed138fd29d68bf11fb8cf5c61934d1f0c834bb,1,
release/mkup/S741955884-GF-A71-EEA-T14-S1-LH-C1-I0057-F00.png,mkup,single,512,512,PNG,366062,5fbb33f802ceb3e573680c9da4ab809e6d00dd98f2fdc7c683995e782bf94960,1,
release/mkup/S744766748-GM-A69-EEA-T01-S1-LH-C1-I0008-F00.png,mkup,single,512,512,PNG,359505,d4d9463fbe1f5f54986325f511455a5a80cbfde271f2c57812c78c45731faa02,1,
release/mkup/S752785476-GF-A66-EEA-T00-S1-LH-C1-I0010-F00.png,mkup,single,512,512,PNG,371183,f902e05cb382448b8c545e01ee6e2e322c2b28d6da59305b47ca39fe91525cd0,1,
release/mkup/S755595872-GF-A36-EME-T03-S1-LH-C1-I0000-F00.png,mkup,single,512,512,PNG,358027,b0d4ffcd5e00c57924111a8dee6e305ec86a0f109980a2f684325d3b7e5a446c,1,
release/mkup/S766916408-GM-A23-EME-T14-S1-LH-C1-I0040-F00.png,mkup,single,512,512,PNG,333872,d33d5c5e209a48429d7e5a38db1f2c0322517a1d09fda6b5e725d09ef808fdf0,1,
release/mkup/S778523462-GF-A44-EIA-T14-S1-LH-C1-I0042-F00.png,mkup,single,512,512,PNG,378926,2ef10bb342eb91dc3870b2aea468d168fca4ca0ef81f67e4bbd7e527c41da0ab,1,
release/mkup/S780045574-GF-A98-EAF-T14-S1-LH-C1-I0030-F00.png,mkup,single,512,512,PNG,302630,72baa6fd83be6dd5a0347e71cc4128b5662efe01b553ccdf7716078cab22632d,1,
release/mkup/S786321386-GM-A32-EME-T00-S1-LH-C1-I0051-F00.png,mkup,single,512,512,PNG,354138,aeab9d52c4b92454044c421861ba8b73824cbd92a03600dc25c885f1d8cde260,1,
release/mkup/S788462400-GM-A77-EEA-T14-S1-LH-C1-I0022-F00.png,mkup,single,512,512,PNG,353702,2a8b6312bd0c4bee5fcff9edc8e7faa686f4dc8a4d0236e9f18ab5cf8983a0eb,1,
release/mkup/S79333356-GF-A59-EEA-T03-S1-LH-C1-I0057-F00.png,mkup,single,512,512,PNG,360830,8f6cc015541841b885033f247da8060f55ad36c3809b82c7f34532b692cb9a89,1,
release/mkup/S804626448-GF-A39-EME-T01-S1-LH-C1-I0049-F00.png,mkup,single,512,512,PNG,376854,2d03a49fa1a3bb5e8645dcc4a5d993e204765c9845f1b68ca52cb30e40124881,1,
release/mkup/S806692215-GM-A67-EEA-T01-S1-LH-C1-I0022-F00.png,mkup,single,512,512,PNG,253276,2e79d96df959aa9c33c65db4fc8ee92a7c9f2060b0069a790b48586ab8a85891,1,
release/mkup/S806692215-GM-A67-EEA-T01-S1-LH-C1-I0043-F00.png,mkup,single,512,512,PNG,317581,9dbd6803331ecafa62f383e23dd1434739f003574adb6938bcc5a09a3d8a189d,1,
release/mkup/S808755818-GM-A40-EEA-T00-S1-LH-C1-I0059-F00.png,mkup,single,512,512,PNG,274206,d96bc9240837cca262f625b01f36b4e57bd6cf44c4b1d3920658fbe6db53ba81,1,
release/mkup/S824192626-GF-A59-EIA-T14-S1-LH-C1-I0014-F00.png,mkup,single,512,512,PNG,307998,19b465ae6ef2e9d73e77eb87f1aab04a3069f0b5d12e361f4bd36c79e14ab05d,1,
release/mkup/S835364261-GM-A45-EAS-T03-S1-LH-C1-I0032-F00.png,mkup,single,512,512,PNG,290668,84352060295ad3fe87e334ef0e7dbfb4c6356c92cc78fe3dc3d99f8b4a04e70d,1,
release/mkup/S838732855-GF-A26-EEA-T03-S1-LH-C1-I0010-F00.png,mkup,single,512,512,PNG,357130,5ec404a5f86ce26deab95294542598c1ef3da1f78aeed3a4aeece007faf71b08,1,
release/mkup/S844573168-GM-A70-EEA-T00-S1-LH-C1-I0061-F00.png,mkup,single,512,512,PNG,299145,ad7b25810c4b7882149fc3f7e8f6bb220248145ea78d54bc72833bb14bc5131e,1,
release/mkup/S844761652-GF-A54-EAF-T03-S1-LH-C1-I0008-F00.png,mkup,single,512,512,PNG,354394,45dfb389343f73e1753d6482ffc8243838405abceef1962fef651eba563a867e,1,
release/mkup/S85153826-GM-A28-EEA-T03-S1-LH-C1-I0011-F00.png,mkup,single,512,512,PNG,319500,b65cf9329d9c41d5742abcc8e79e714440e6487bd5011ffaa7b160ed8e4411fd,1,
release/mkup/S861590567-GF-A45-EIA-T03-S1-LH-C1-I0062-F00.png,mkup,single,512,512,PNG,374112,0a1e138c811124f589e31c45cd7d5551c61f5b522c92057915b1d96bac54ed85,1,
release/mkup/S871196184-GF-A27-EAF-T14-S1-LH-C1-I0028-F00.png,mkup,single,512,512,PNG,299411,b0150f0f4fb75fd948149504d61c083f370c88a08b31d03e68475cd54fc9bec8,1,
release/mkup/S881124278-GF-A51-EAS-T14-S1-LH-C1-I0059-F00.png,mkup,single,512,512,PNG,333478,5d36afa51f3d307088bcebe610acc75b93841f88b528ba4db2f3749ea246ace7,1,
release/mkup/S882917275-GF-A60-EME-T01-S1-LH-C1-I0038-F00.png,mkup,single,512,512,PNG,358260,2032828e315d9edf60c68f31f4acca8512f6dc8c4bf55a2cb6b0e57a065620ba,1,
release/mkup/S883374229-GF-A54-EEA-T14-S1-LH-C1-I0006-F00.png,mkup,single,512,512,PNG,349429,d2dce3562b2a4b59508ad54a3275090a8652dfb94bf533c24302ec4fe35a9cf7,1,
release/mkup/S883374229-GF-A54-EEA-T14-S1-LH-C1-I0019-F00.png,mkup,single,512,512,PNG,337901,14f102d47c5cc4625dcbed0bd871b5ece54fc11a85ac304f3afc5c651c4104cd,1,
release/mkup/S883374229-GF-A54-EEA-T14-S1-LH-C1-I0021-F00.png,mkup,single,512,512,PNG,320236,92633e81445d11cdda22bbde67e4a96ff5934fa7a52e7b179ac1214da2eb7f2d,1,
release/mkup/S883374229-GF-A54-EEA-T14-S1-LH-C1-I0038-F00.png,mkup,single,512,512,PNG,332451,8eba4c6aa3b2c05ba94f984b6eece21d66aaa3be1e070a7e168763264e367b7e,1,
release/mkup/S883374229-GF-A54-EEA-T14-S1-LH-C1-I0040-F00.png,mkup,single,512,512,PNG,337700,260b89a5e1767ed4d31a5a29492d8bcfad09e26a3280e2e2f16c15fc9c225c72,1,
release/mkup/S883374229-GF-A54-EEA-T14-S1-LH-C1-I0062-F00.png,mkup,single,512,512,PNG,350169,1fe329fdcc4589f72d30980c2e6643b2d7e5381e2e58fb2704d565e5760a998d,1,
release/mkup/S892006153-GF-A74-EAF-T14-S1-LH-C1-I0020-F00.png,mkup,single,512,512,PNG,311355,4d0019e16384166f3dc7edfb980304a47af4c3ec002302865a108e0cda98fb74,1,
release/mkup/S894840102-GN-A69-EAF-T00-S1-LH-C1-I0056-F00.png,mkup,single,512,512,PNG,389320,28db1f445de60b89e6d3ea964c30aee3864220d2e8e442a3feba7652d4a6bbe6,1,
release/mkup/S895967637-GM-A28-EEA-T01-S1-LH-C1-I0005-F00.png,mkup,single,512,512,PNG,353783,9de9d85481e023ba1b589ce87bfb243fe554a307508d1f895e2a0bdc23109422,1,
release/mkup/S906953625-GF-A53-EEA-T01-S1-LH-C1-I0001-F00.png,mkup,single,512,512,PNG,291000,30b3657767dc9d3b7dcdc194b979a8f0ba446b9b90b01d8572b7d75c3b1babc7,1,
release/mkup/S9176807-GM-A21-EEA-T03-S1-LH-C1-I0024-F00.png,mkup,single,512,512,PNG,354890,52b829444536c52a04d5f232defb24837fab9348a1a96d0cf4a1fff02f13105f,1,
release/mkup/S926047332-GM-A22-EME-T14-S1-LH-C1-I0038-F00.png,mkup,single,512,512,PNG,321186,7820eacb0d275b8cc4b4aebdb1d6f8656b752d4643c38bb12cd330714a359f70,1,
release/mkup/S926047332-GM-A22-EME-T14-S1-LH-C1-I0039-F00.png,mkup,single,512,512,PNG,317824,3a985bfee519d796ad4e008d2afe16b17039812ff0860b9f7c52302a4b5cd895,1,
release/mkup/S931374402-GM-A20-EAF-T14-S1-LH-C1-I0003-F00.png,mkup,single,512,512,PNG,327309,fc06c2ef96020230363ddfbe578f58d9e0c78019cff0b29b1d0af8b7a0f8a138,1,
release/mkup/S931374402-GM-A20-EAF-T14-S1-LH-C1-I0013-F00.png,mkup,single,512,512,PNG,314829,18c4ca6fbaf1a303292448b90e8809045ab357041cf95136fdfca8350ac52e83,1,
release/mkup/S932980426-GM-A79-EME-T14-S1-LH-C1-I0014-F00.png,mkup,single,512,512,PNG,364492,2dc92dc0da54a5309a87fd07786a85a23a6eb128ad819912210fc4ca06f50a85,1,
release/mkup/S932980426-GM-A79-EME-T14-S1-LH-C1-I0032-F00.png,mkup,single,512,512,PNG,275978,7dbbf78bd6d96c7836e818a242b28f8ccdff24bf60d3ee39214598d414294a49,1,
release/mkup/S936982627-GM-A77-EEA-T01-S1-LH-C1-I0040-F00.png,mkup,single,512,512,PNG,292872,9938cca1fcdd7d27bfae93aaf73d71e188f306186784b435d48623f84ea22085,1,
release/mkup/S94290629-GF-A23-EAF-T14-S1-LH-C1-I0030-F00.png,mkup,single,512,512,PNG,362632,e031c87332031565e477ddbd9af64a55572eaffeea2c836ddd3b89127ca9a40b,1,
release/mkup/S94888726-GM-A26-EME-T03-S1-LH-C1-I0049-F00.png,mkup,single,512,512,PNG,305790,370a14213f2e307b022ba6b7fc6eeb1e3a4859b6cee3619541d619ae8a6eb17b,1,
release/mkup/S954227485-GF-A55-EME-T00-S1-LH-C1-I0054-F00.png,mkup,single,512,512,PNG,394700,329aee57b5afb31a393924c6bcb63f2378b4bfe4b185685bb4baa1c5028d95b6,1,
release/mkup/S955490819-GM-A25-EAF-T14-S1-LH-C1-I0009-F00.png,mkup,single,512,512,PNG,342448,598a9f82fe6838e912fe8fcbfc01a010e74c88d26662416ea61dd4d69f6ca24d,1,
release/mkup/S956718444-GF-A38-EAS-T14-S1-LH-C1-I0018-F00.png,mkup,single,512,512,PNG,298445,b7b1e89d199168ae19d329422167d24791d7bbc7e55c75f0f7fc918187669d67,1,
release/mkup/S95924864-GM-A18-EEA-T14-S1-LH-C1-I0029-F00.png,mkup,single,512,512,PNG,384140,9e33b6e01f2b4df463fbca5089a7019d153038959c07e297fa1c5f3595788e47,1,
release/mkup/S959317588-GM-A42-EAS-T00-S1-LH-C1-I0008-F00.png,mkup,single,512,512,PNG,372746,a674b97ea01f55f58330688f0ce9d8f6750ad74dc0070492f385769418dde4bc,1,
release/mkup/S959317588-GM-A42-EAS-T00-S1-LH-C1-I0054-F00.png,mkup,single,512,512,PNG,342462,8d639b443ce7f6ff2080b0f1cba747313aeff00171fd0cafb49a31c770ba1cb2,1,
release/mkup/S962503135-GF-A84-EEA-T14-S1-LH-C1-I0013-F00.png,mkup,single,512,512,PNG,362296,46aae497cc4dc65dc29d4c6449f42ee4cdbf86e963031029ce4a99b85380b3c6,1,
release/mkup/S966499612-GM-A36-EEA-T14-S1-LH-C1-I0024-F00.png,mkup,single,512,512,PNG,350733,619c7ff154d5d8fa81b6d127a6a4278b6287e41b3542607cde3862c6ec1c17ba,1,
release/mkup/S976538751-GM-A19-EAF-T14-S1-LH-C1-I0042-F00.png,mkup,single,512,512,PNG,331985,aa3007e54fb584618b79981d4c6f5a2b566811abf0283c16684a003eb53c61a0,1,
release/mkup/S978873421-GF-A64-EEA-T01-S1-LH-C1-I0000-F00.png,mkup,single,512,512,PNG,296043,b658bed53b7ebf8a41b71eb965ec45fbad7f771da9495ad4904446eaecc770bd,1,
release/mkup/S980654402-GF-A53-EEA-T14-S1-LH-C1-I0004-F00.png,mkup,single,512,512,PNG,295728,da724fe7ac25809f9e9751ca6445989131249e92bcfee4e8c67788c2447370ad,1,
release/mkup/S982128636-GM-A71-EME-T01-S1-LH-C1-I0008-F00.png,mkup,single,512,512,PNG,397062,4f204f9dac3dc2ae96e278b55c033d0c1ab6fdcba513927de7686f08d0e21c1b,1,
release/oof/S108161842-GM-A52-EEA-T11-S1-LH-C1-I0007-F00.png,oof,single,512,512,PNG,287429,caa2100ad192728b924a806d68c9c17bc366f55f0e432cd4aaeeb3e502cc5a6a,1,
release/oof/S113923411-GF-A35-EEA-T14-S1-LH-C1-I0048-F00.png,oof,single,512,512,PNG,192400,ff47d59a43eb01b32b4a37f34aabb211e7707ececa12c809a6aedc23328d7700,1,
release/oof/S115293589-GF-A67-EME-T01-S1-LH-C1-I0030-F00.png,oof,single,512,512,PNG,350482,bc6f7d676c108535e85d9ee8ad1fe22d5381d9636f2fcb22d852ee195b20e615,1,
release/oof/S115379105-GF-A98-EEA-T14-S1-LH-C1-I0044-F00.png,oof,single,512,512,PNG,323961,e2748cdfb3fad8f3d68343eac756bf47ab261ff2ca6ec4973d12dd7bd9621a43,1,
release/oof/S116651325-GM-A28-EEA-T13-S1-LH-C1-I0056-F00.png,oof,single,512,512,PNG,251536,21082d116cb5dcee12c589ff778ee3a361753022e25dc10229ad65226b1aeb0b,1,
release/oof/S120660598-GM-A33-EEA-T00-S1-LH-C1-I0034-F00.png,oof,single,512,512,PNG,304173,5093c34129c866ea1fbaf1ac999ee08a8d66f405dc130aea47860fceacc147fb,1,
release/oof/S121566497-GF-A32-EEA-T14-S1-LH-C1-I0036-F00.png,oof,single,512,512,PNG,360987,0603e8b2af742e5bd9301f77ed30f59c251b976c0eecf0ec2f32c4c34df522e3,1,
release/oof/S121714872-GF-A34-EAF-T03-S1-LH-C1-I0053-F00.png,oof,single,512,512,PNG,312701,1ea623b3087c93e77ebe7fa32949301ed3bcafe80c849ee3e35ff632b3183c35,1,
release/oof/S124298498-GM-A91-EEA-T14-S1-LH-C1-I0034-F00.png,oof,single,512,512,PNG,239776,7544cfc037ea864bd1592de0b3d510458255134830a0bd2870832f090b8a4a1f,1,
release/oof/S130186036-GF-A82-EEA-T01-S1-LH-C1-I0007-F00.png,oof,single,512,512,PNG,328252,f691d7b1d72bc0fb111f11ceca42be04f49adc02047a8efacc581ada78cfd6fa,1,
release/oof/S137547030-GF-A76-EEA-T01-S1-LH-C1-I0045-F00.png,oof,single,512,512,PNG,302325,d35ba82f79d7bfa790635ca716f3b41652744ddadb6acd5fd7fee6eda279864f,1,
release/oof/S138993008-GF-A66-EAF-T00-S1-LH-C1-I0035-F00.png,oof,single,512,512,PNG,255785,08f80ad1d8a63cc4caa72497b28b2491963e82e535c3128534e60eca7ff5f8ab,1,
release/oof/S14964507-GF-A29-EEA-T00-S1-LH-C1-I0028-F00.png,oof,single,512,512,PNG,344250,18d03868a461a41c7f819a77839c0b64a3e4452d6b5d63acf7f71707c155272c,1,
release/oof/S14964507-GF-A29-EEA-T00-S1-LH-C1-I0052-F00.png,oof,single,512,512,PNG,328666,20cb4aca3d1de395b1492c87d7d701c56f2cd16f3d8809159f043eb4d5ae2a31,1,
release/oof/S150094415-GF-A53-EME-T10-S1-LH-C1-I0055-F00.png,oof,single,512,512,PNG,294410,6fd56262bcca186cd4648accea4c81ef6233012bb81ab6ade91915f20e8de0d5,1,
release/oof/S15182111-GM-A44-EAS-T00-S1-LH-C1-I0049-F00.png,oof,single,512,512,PNG,236798,44c84d35aa3992afd14cda04e6dd8f53b8f554171e0e22e917e013567affe91f,1,
release/oof/S152846480-GF-A30-EEA-T03-S1-LH-C1-I0000-F00.png,oof,single,512,512,PNG,348442,fc872e8ee8055fe43a853e68fdf0affaaadb0824811e8cfdd4f9ea4ee7aabdfe,1,
release/oof/S152846480-GF-A30-EEA-T03-S1-LH-C1-I0050-F00.png,oof,single,512,512,PNG,349345,aed0a85f0575cc730cd768ac752683f8d22786b60dd0244ece668cb1fb3f71b2,1,
release/oof/S152846480-GF-A30-EEA-T03-S1-LH-C1-I0059-F00.png,oof,single,512,512,PNG,304994,38432a08d3777ee679d7ba05a57de391e1c323e7fc9fa53c409cabae25aa15f4,1,
release/oof/S16008476-GF-A92-EEA-T11-S1-LH-C1-I0061-F00.png,oof,single,512,512,PNG,350958,994df6d77de61a8d9efb8b81b6b3110f61419073c3d1079aeb3554c9ebbe8789,1,
release/oof/S164577361-GF-A44-EEA-T01-S1-LH-C1-I0030-F00.png,oof,single,512,512,PNG,384587,716aac1918159117a227662ddeacf4bd2ea95132e95f2f26435682c837e7e6bd,1,
release/oof/S165380664-GM-A31-EIA-T01-S1-LH-C1-I0002-F00.png,oof,single,512,512,PNG,253009,37bc626366891e1c1cc1742ed1a55763b5aae5de024955864e0b0ca5f4f2c749,1,
release/oof/S16643293-GF-A66-EEA-T15-S1-LH-C1-I0043-F00.png,oof,single,512,512,PNG,320545,40b374227e60f5e7beb82e891086073e10e078992dee31e6822765b6ea34c3f9,1,
release/oof/S166658587-GM-A81-EEA-T03-S1-LH-C1-I0060-F00.png,oof,single,512,512,PNG,268458,9ddcbeda05b36d7de13c67c53c6c7914c65a057ee465eccb4b441fa9ba491df0,1,
release/oof/S169208368-GM-A35-EME-T14-S1-LH-C1-I0016-F00.png,oof,single,512,512,PNG,274664,4c24682a2bcca3bbbee55e2f643ef3a340a34ba8c3d5b6f4d41aff3dbfd05f81,1,
release/oof/S169208368-GM-A35-EME-T14-S1-LH-C1-I0054-F00.png,oof,single,512,512,PNG,275292,a09421defc37d6c8aec720dc63cc5f894fc9d5a3ced73ca9c9a3af78a6631226,1,
release/oof/S179125778-GM-A37-EME-T01-S1-LH-C1-I0055-F00.png,oof,single,512,512,PNG,245332,2250b1d947ea9fae89fc74d5a2ceddbad721a759682c485ae2f91d2b7fc882fd,1,
release/oof/S179182026-GM-A47-EEA-T11-S1-LH-C1-I0029-F00.png,oof,single,512,512,PNG,307651,3f1e1052560261405a2a9669b6388b62f20c68bede07c73f57ce2a497655fbfd,1,
release/oof/S179182026-GM-A47-EEA-T11-S1-LH-C1-I0041-F00.png,oof,single,512,512,PNG,267279,ca1953e9436e57faf94a0aaeccb231960d383010f7d659535b131ff0fef16ee7,1,
release/oof/S184299974-GF-A49-EME-T10-S1-LH-C1-I0023-F00.png,oof,single,512,512,PNG,348671,7dc8dc643d373f15d54e9f7d913c4219155c73361122bf2e1a2552b513f50631,1,
release/oof/S185880747-GF-A53-EAF-T03-S1-LH-C1-I0030-F00.png,oof,single,512,512,PNG,340351,c762021868c605ff13a4401bbb6ee6df7f38eef285d675f65073461e5d328543,1,
release/oof/S187000211-GF-A54-EEA-T03-S1-LH-C1-I0063-F00.png,oof,single,512,512,PNG,337738,34953f27626bd42c1f5cac49043b3fac0acb27d5cac1cf11ab3ce1bba94ce902,1,
release/oof/S18796367-GF-A93-EAF-T00-S1-LH-C1-I0045-F00.png,oof,single,512,512,PNG,268107,825e1be88e4d289c23842b65c1d35a3c85194a315eafd31d1f3bd862337a6e1c,1,
release/oof/S189019382-GF-A62-EIA-T03-S1-LH-C1-I0040-F00.png,oof,single,512,512,PNG,302416,f88132244815af1d35017a88d402ec4278f7e9bb35ff2d0e0d7b50e36c09c207,1,
release/oof/S189019382-GF-A62-EIA-T03-S1-LH-C1-I0046-F00.png,oof,single,512,512,PNG,329900,a6ef555ab75099999ef4c8f4d5351c95a340fc0e4074dda3d6b82e3046aea67e,1,
release/oof/S190036673-GF-A19-EEA-T00-S1-LH-C1-I0057-F00.png,oof,single,512,512,PNG,286150,746ff6eeb9f8ef52be6da9c0179236e6f5f31ce63d5b8afc792e47cc154ab41b,1,
release/oof/S19423222-GM-A45-EAF-T14-S1-LH-C1-I0040-F00.png,oof,single,512,512,PNG,257781,c5a7e4e1407a4591c6e364b3445706ca564757ff2752339e01421f8e36a23be4,1,
release/oof/S198149424-GF-A51-EEA-T13-S1-LH-C1-I0055-F00.png,oof,single,512,512,PNG,335416,05fffc6290d9ffe0ac547e2faf47ec5a276a1518158770e9c773b2506711df8e,1,
release/oof/S205686156-GF-A52-EAS-T01-S1-LH-C1-I0006-F00.png,oof,single,512,512,PNG,286801,3a961e2cf2b1af8e427fc676c81f84397b5d63f84089d0a1f0963c788811fcae,1,
release/oof/S20939931-GF-A70-EME-T00-S1-LH-C1-I0047-F00.png,oof,single,512,512,PNG,263984,500260d1396d5136a261eb70acd76d956c4e6f7faf1daefb1782338fc4392610,1,
release/oof/S210555380-GF-A95-EME-T14-S1-LH-C1-I0008-F00.png,oof,single,512,512,PNG,340623,2536c5b44bdaf3357cf83728bc076f6310ab74f443da808cd07cfa0b192dd16a,1,
release/oof/S210555380-GF-A95-EME-T14-S1-LH-C1-I0048-F00.png,oof,single,512,512,PNG,293488,9975eaaa06dfeea4cdcb639ea2202e47fbbc16725deda04c58d1e643de31bc74,1,
release/oof/S21322735-GF-A99-EEA-T03-S1-LH-C1-I0004-F00.png,oof,single,512,512,PNG,265093,d5382fd7a2827be9eabce849450699a37c2a338994d53d7db3698005cd79f66d,1,
release/oof/S219134961-GM-A51-EME-T00-S1-LH-C1-I0016-F00.png,oof,single,512,512,PNG,214763,3f9ccb1dc8025624bf0a05033a8e269f30e63eae8e3b8c5a0bd4214b0272f8f4,1,
release/oof/S220036139-GF-A33-EME-T14-S1-LH-C1-I0048-F00.png,oof,single,512,512,PNG,302862,d07b618b41ec26fc5a9616801a4e890849033587b9222c7202ade10232b79f61,1,
release/oof/S229472865-GM-A49-EEA-T15-S1-LH-C1-I0053-F00.png,oof,single,512,512,PNG,220130,8210764fc279cc372859e54289af717edf2971e71f77a76ae452415ad74abe7d,1,
release/oof/S229741512-GM-A18-EEA-T01-S1-LH-C1-I0029-F00.png,oof,single,512,512,PNG,202828,28e22df38df9cbcd1a0707998a9fa4c30cacecf5bbec210e11f6a9144327a3ba,1,
release/oof/S231352223-GF-A49-EEA-T14-S1-LH-C1-I0011-F00.png,oof,single,512,512,PNG,311187,c041fb675c40847118d19c917b2d0b22e99eef16ac02fa6b412576a70d9a1fbf,1,
release/oof/S231352223-GF-A49-EEA-T14-S1-LH-C1-I0027-F00.png,oof,single,512,512,PNG,282434,78cfbb25ab28ecdb0c448467837509fcb2d3e65bf0509dbb4835bda0cd5f3287,1,
release/oof/S236474674-GF-A94-EEA-T14-S1-LH-C1-I0061-F00.png,oof,single,512,512,PNG,213839,caaeb96bc563359b77b3b62d068887fb030aa35f513d4f583dbef44996187ebb,1,
release/oof/S240935283-GM-A93-EEA-T01-S1-LH-C1-I0022-F00.png,oof,single,512,512,PNG,292420,c577ef387120da5a5268f712e788ab19dac9d6e995c3fe835783b4bbaf7adfae,1,
release/oof/S245655911-GM-A99-EIA-T14-S1-LH-C1-I0023-F00.png,oof,single,512,512,PNG,352091,29b647eead0da55adeed4f80b8aa8908317ff2114f1b901151f86d463e9ab20f,1,
release/oof/S247603526-GM-A30-EEA-T13-S1-LH-C1-I0041-F00.png,oof,single,512,512,PNG,202703,d277650a5f30da725f95eb3464c6117376af18196de04ba605f1938396b1d71f,1,
release/oof/S248968574-GM-A81-EAS-T14-S1-LH-C1-I0022-F00.png,oof,single,512,512,PNG,231343,4ac1cd57601520992a968c5065baa31aa129d81f9594822f89ba7eeb8d5166f7,1,
release/oof/S25038292-GF-A59-EAF-T03-S1-LH-C1-I0041-F00.png,oof,single,512,512,PNG,322709,bbc6d9ef0ac3eeb85d1ee5b9f00d3655beb767fe5bf7008ce9429706fd055ae1,1,
release/oof/S259395943-GF-A59-EME-T14-S1-LH-C1-I0009-F00.png,oof,single,512,512,PNG,220535,84f06953e8604aabbc9b8061441813cb0e262fc6d8cb0181423858012ff903fa,1,
release/oof/S261182015-GM-A24-EEA-T01-S1-LH-C1-I0011-F00.png,oof,single,512,512,PNG,245456,e7dfe886348abbfb1e22452f07148b98a0fd1ba8a1361495233bac4c347a4a7c,1,
release/oof/S264396021-GM-A30-EAS-T14-S1-LH-C1-I0047-F00.png,oof,single,512,512,PNG,222501,83a34238cb8485954ab3d7052272eba5bc903ab890511ece3aed13e141e072fe,1,
release/oof/S265934537-GF-A26-EAS-T14-S1-LH-C1-I0063-F00.png,oof,single,512,512,PNG,255984,caea4da1f2ec4d87d355601813f62f282ccdeb9094cdeec572b6d379a95b1195,1,
release/oof/S268137029-GF-A39-EME-T01-S1-LH-C1-I0016-F00.png,oof,single,512,512,PNG,348869,c37b4a83aa6a36c84c038f02f8b17477f6903618a85bb21cb1322dbd676347d2,1,
release/oof/S268183923-GN-A24-EAF-T14-S1-LH-C1-I0053-F00.png,oof,single,512,512,PNG,216318,4aa1137155811b1e9bc5d2b283d4fc35c0d92321923e4e2faa76862e6543dad2,1,
release/oof/S274652534-GF-A22-EEA-T01-S1-LH-C1-I0003-F00.png,oof,single,512,512,PNG,255595,9acf62b43040eb26719a709914fd299b561ab3baa0830d01964c726db29e07c5,1,
release/oof/S274869653-GF-A68-EAS-T03-S1-LH-C1-I0003-F00.png,oof,single,512,512,PNG,337053,2c16458706da0806b8344aea9479e6ca5e273e036485f58ef10240e7c3a1f8b3,1,
release/oof/S279879625-GF-A55-EAF-T00-S1-LH-C1-I0037-F00.png,oof,single,512,512,PNG,351770,f88ec3f41733f6752ffd8688f627190f099ab55778f4a85981374b6b20b2371d,1,
release/oof/S285023719-GF-A24-EEA-T00-S1-LH-C1-I0022-F00.png,oof,single,512,512,PNG,254175,b332c3b493f9c075b27e05bed39b70fd603902d5f9eb12081d273ae3afb326db,1,
release/oof/S287510944-GF-A29-EME-T01-S1-LH-C1-I0059-F00.png,oof,single,512,512,PNG,351783,cf51e0f43a4e683745c92ce1d03b511afbb75275afc934839c8b15420724658d,1,
release/oof/S289919415-GF-A46-EEA-T14-S1-LH-C1-I0060-F00.png,oof,single,512,512,PNG,287482,11dfa976423d9c861f004604935906528c63169f7bb330c72b5bf2c1df94d598,1,
release/oof/S300524837-GM-A42-EEA-T01-S1-LH-C1-I0008-F00.png,oof,single,512,512,PNG,323153,ac088c1db2a58537bf7194307e554ab2607d58ed5f0cb4f6b1773738759d4f1b,1,
release/oof/S303695349-GM-A23-EEA-T03-S1-LH-C1-I0002-F00.png,oof,single,512,512,PNG,267733,c5a9ef99f2b8f8db0ad8dfa28f6409e38e1a6992d65559a15fde836016a52d4a,1,
release/oof/S303695349-GM-A23-EEA-T03-S1-LH-C1-I0029-F00.png,oof,single,512,512,PNG,209095,ca6e300266acdc6fe0ffc75acb1523f8e816882a0f51eb77f3c1e34c47d04aa0,1,
release/oof/S303695349-GM-A23-EEA-T03-S1-LH-C1-I0041-F00.png,oof,single,512,512,PNG,225738,24cc72333edd8e58c52c92445fe2653c7b6dfa2b5451b474de529c0f48c7b9e7,1,
release/oof/S311145231-GF-A53-EAF-T03-S1-LH-C1-I0062-F00.png,oof,single,512,512,PNG,325527,a6818265f63ba1a53f2d5148260f7831867e47567d51d8b099887830e9464fc8,1,
release/oof/S313264566-GM-A81-EAF-T14-S1-LH-C1-I0008-F00.png,oof,single,512,512,PNG,285312,a9ab30a85e358f8cb1f42240d0467189a7d646cfc9b5ea9ec83a087ad2f94462,1,
release/oof/S313264566-GM-A81-EAF-T14-S1-LH-C1-I0059-F00.png,oof,single,512,512,PNG,315708,1ce9ec02431524d4b331f4c7601bcf7d949a6c7d1b9a75283ae6a3d39e960060,1,
release/oof/S316988909-GF-A99-EIA-T10-S1-LH-C1-I0040-F00.png,oof,single,512,512,PNG,312867,d68e992273643e95b9ba89748a64599d9fc01f5e06730e3fa449ad43e46f4760,1,
release/oof/S319441451-GF-A19-EAS-T01-S1-LH-C1-I0006-F00.png,oof,single,512,512,PNG,298870,611d2c9cf6d4fbcb625400f6873c9adcb3922894db0e1793c3fb69c38db06631,1,
release/oof/S320892356-GF-A70-EIA-T03-S1-LH-C1-I0021-F00.png,oof,single,512,512,PNG,327966,754c4bcc3d1ae770ea1eed63afcfa1d7a0f0390b83537ed389f3fd14dbc8244b,1,
release/oof/S32440074-GF-A23-EIA-T15-S1-LH-C1-I0012-F00.png,oof,single,512,512,PNG,313719,f25b90d7e176a4c50b452ca91306ebdf95453b9bf287e1176c3351f3cc5a6f1a,1,
release/oof/S325074401-GF-A50-EAS-T03-S1-LH-C1-I0044-F00.png,oof,single,512,512,PNG,221665,d021a348af0aaa95b4444dc64704a63ee7e1a42c83ed5b07761479c76b7b21ee,1,
release/oof/S334613033-GM-A58-EAF-T14-S1-LH-C1-I0047-F00.png,oof,single,512,512,PNG,371166,8285a8543a5ed2f31caa6f2b47e32efbb2c573fa36518c078f814e29c249529c,1,
release/oof/S334697091-GM-A32-EAS-T14-S1-LH-C1-I0031-F00.png,oof,single,512,512,PNG,234474,441048223998df45d0d3d45c3cd95dadd65bae0b77010ae640498d34529f5fcd,1,
release/oof/S335757255-GF-A30-EME-T14-S1-LH-C1-I0002-F00.png,oof,single,512,512,PNG,296919,c7588b1fa896906a69e7021e74aaa995053219ff33501273fd3eafc3d61e8909,1,
release/oof/S336053665-GF-A75-EME-T13-S1-LH-C1-I0037-F00.png,oof,single,512,512,PNG,280524,b3e2c1aee85b0f058fb98eaee8200be3a51445707946e8ab927eb0a847c622af,1,
release/oof/S340675536-GF-A37-EEA-T14-S1-LH-C1-I0052-F00.png,oof,single,512,512,PNG,206171,2315c81cb80dc9edf6a1a55169d1c24119b635da9f9fe2cbbab87a43ba588055,1,
release/oof/S343616415-GF-A69-EEA-T03-S1-LH-C1-I0056-F00.png,oof,single,512,512,PNG,300566,8ad302419706cd7a7f9e7aeacaf2d6c2eebacca5ca075c2090a7a3880bf5115e,1,
release/oof/S343899513-GM-A51-EME-T01-S1-LH-C1-I0048-F00.png,oof,single,512,512,PNG,324306,da7c748670ccbce5728e9e6f9fb5867e2d390476b4e2c1c264ef4cb9855bf08a,1,
release/oof/S345601750-GF-A64-EEA-T03-S1-LH-C1-I0032-F00.png,oof,single,512,512,PNG,299324,3193889c7e439c92b5f3c6ea99b5a9f0f3c680acd3a9cd8de1c16b08ff195136,1,
release/oof/S345601750-GF-A64-EEA-T03-S1-LH-C1-I0055-F00.png,oof,single,512,512,PNG,347477,4cc5b3fc540fd66f282e202ae4bac52899fc0c724ac24ecc80b4587afb782f38,1,
release/oof/S347571913-GM-A24-EEA-T13-S1-LH-C1-I0054-F00.png,oof,single,512,512,PNG,300360,0447c9d34dffa6addc5e74e6a88cd7466528c48d8ff73771745e2612be3b3b22,1,
release/oof/S354713116-GF-A60-EAF-T14-S1-LH-C1-I0000-F00.png,oof,single,512,512,PNG,323849,1cd8c50ca84dc93415450c6a733679cc7a950ba24a2478756e83a18e6b62cb68,1,
release/oof/S354713116-GF-A60-EAF-T14-S1-LH-C1-I0004-F00.png,oof,single,512,512,PNG,342413,e3120b60482d55fc26513601f3a5b7da30d1a9d4e81ed27af5fb0d0c4c732d1b,1,
release/oof/S354713116-GF-A60-EAF-T14-S1-LH-C1-I0011-F00.png,oof,single,512,512,PNG,372079,7efff175e1f916eb8ae68e06fae59644d050bd2af81b0990c4e02be4a0a4baa5,1,
release/oof/S354713116-GF-A60-EAF-T14-S1-LH-C1-I0063-F00.png,oof,single,512,512,PNG,374278,4a5f12b88f719d0d325736c9aca686745694fd85a5a6397aa9915cf7a6026e11,1,
release/oof/S358652822-GF-A41-EEA-T01-S1-LH-C1-I0006-F00.png,oof,single,512,512,PNG,293046,c461aaeea2b82168480cf4c5748565f59f1c2026ff161d841855b0a13b662e12,1,
release/oof/S364995244-GM-A24-EEA-T03-S1-LH-C1-I0015-F00.png,oof,single,512,512,PNG,298991,c4dd24d1d44d5878f388aa48b38ed8c2ff06e17265faa643f8ebcf1f5b38575a,1,
release/oof/S370286626-GF-A59-EEA-T00-S1-LH-C1-I0061-F00.png,oof,single,512,512,PNG,378157,92a17876aed073a968b6dfeb48bee0689290f7c47accd9aa957807a06e224055,1,
release/oof/S371797493-GM-A29-EEA-T14-S1-LH-C1-I0043-F00.png,oof,single,512,512,PNG,292589,0eb0556d5d69b7bec22051a399384f7629f5dd7e6dee19eff8057e23579ab71c,1,
release/oof/S373793896-GM-A22-EEA-T14-S1-LH-C1-I0035-F00.png,oof,single,512,512,PNG,261402,0a7928d0acdfd1eeabcbcb60d988d122b3b1f718078f925f777066113700227c,1,
release/oof/S37396139-GF-A51-EEA-T14-S1-LH-C1-I0018-F00.png,oof,single,512,512,PNG,321864,aa8b3500b343a80caae600760c206bb85337b4d057e18ec8cd5b5e4f30ebf1ca,1,
release/oof/S37396139-GF-A51-EEA-T14-S1-LH-C1-I0048-F00.png,oof,single,512,512,PNG,293777,3b3f7bc036a2c1394ce68209b1292640041707977af66190b1aa5e5f97684195,1,
release/oof/S375545605-GM-A47-EEA-T00-S1-LH-C1-I0004-F00.png,oof,single,512,512,PNG,265994,2611391cfd99390730230addf7a12878d42fb49b7a1f7a5863cca730c5082807,1,
release/oof/S375545605-GM-A47-EEA-T00-S1-LH-C1-I0022-F00.png,oof,single,512,512,PNG,273779,0bd6bf22039c581a7f46bc340de83f3eec2f73eed5b367afbf422398cfb7fe7d,1,
release/oof/S375545605-GM-A47-EEA-T00-S1-LH-C1-I0027-F00.png,oof,single,512,512,PNG,293767,2db62e80ee651565d68b2119979f6229db1f92b22fd5fe9104801d8042d70f25,1,
release/oof/S375545605-GM-A47-EEA-T00-S1-LH-C1-I0049-F00.png,oof,single,512,512,PNG,319621,6a6a0c4e173d6eb68d0b3aa490082eb0f39863dc88e60093eda99aaab1c127c9,1,
release/oof/S376287613-GF-A19-EAF-T14-S1-LH-C1-I0011-F00.png,oof,single,512,512,PNG,242617,3fad667a9572a53124e6daf335360b70bcbb2d3f35b2788e35503dd0e7f2662d,1,
release/oof/S377896724-GF-A29-EEA-T10-S1-LH-C1-I0028-F00.png,oof,single,512,512,PNG,208656,7ddf22c515e09db04829a77172d83fb1e221874446bd77feacdc4c09c0aa6571,1,
release/oof/S380795387-GF-A58-EEA-T14-S1-LH-C1-I0035-F00.png,oof,single,512,512,PNG,295731,98c1037998726d80c89f87fc5ebf08347ace90f5a1d2bc7fc4b3e9d4bfc23c69,1,
release/oof/S382037204-GF-A89-EEA-T03-S1-LH-C1-I0006-F00.png,oof,single,512,512,PNG,297831,2ad9522d8e9e3ebc4d1a8ef277494aa061eece1f28a749fda2ad8eedd36e6b4c,1,
release/oof/S384793007-GF-A62-EEA-T01-S1-LH-C1-I0006-F00.png,oof,single,512,512,PNG,228581,e3383fc75e3f56669041d0f78071632fc2182ef4c09cc3bdf9581638b2bd1d74,1,
release/oof/S388546914-GF-A50-EEA-T14-S1-LH-C1-I0025-F00.png,oof,single,512,512,PNG,278878,2c254de4776f957dcebd0a2783d9a1bfd97c45d2191c674a6260a326de70bca9,1,
release/oof/S39379132-GF-A54-EEA-T15-S1-LH-C1-I0056-F00.png,oof,single,512,512,PNG,277459,48c69fcb19a3e96d8552e48481ab2a06fb19a61c6857a5abba29f7ad3b16f14b,1,
release/oof/S394313530-GF-A45-EEA-T03-S1-LH-C1-I0050-F00.png,oof,single,512,512,PNG,336692,0e8c7922e01ef9d95d1118595c4e7a6afe6c93aa00b1cd8ef1c02b58b011ad5e,1,
release/oof/S395744997-GF-A18-EEA-T01-S1-LH-C1-I0002-F00.png,oof,single,512,512,PNG,341585,5eab9f1a7dad132f9711f61d40cfccdefd65729935b17db29cc740146446caa6,1,
release/oof/S39590804-GM-A53-EEA-T03-S1-LH-C1-I0045-F00.png,oof,single,512,512,PNG,246863,44974f266f50653c3b5bda2dd0ecf53fb45a303c31230bb5fa58f1be1bb6b827,1,
release/oof/S397228464-GF-A72-EEA-T03-S1-LH-C1-I0009-F00.png,oof,single,512,512,PNG,353433,1e9249df7b5839c49c6e895118ed13fc014bdb23cdc43cc83bb97f92eec8dfde,1,
release/oof/S402397961-GF-A82-EEA-T00-S1-LH-C1-I0029-F00.png,oof,single,512,512,PNG,279761,97c1289461986ed76820b3e1dde4f2363c350e7c70e7b5d2f5f14cbb5c229a9a,1,
release/oof/S402992794-GF-A60-EEA-T14-S1-LH-C1-I0010-F00.png,oof,single,512,512,PNG,284275,3de5dc92af848daea5f648efc81186d94e90b6fed2d0271ae107704c1547683b,1,
release/oof/S407285746-GF-A18-EAF-T13-S1-LH-C1-I0047-F00.png,oof,single,512,512,PNG,328953,c0ed7874170faf6df8de73976d62913f51e78bcf7684263282275239792a0931,1,
release/oof/S409626024-GM-A29-EEA-T11-S1-LH-C1-I0000-F00.png,oof,single,512,512,PNG,189577,12b26ba78e946d1bced059cb9bb6f2bb4be99851c07500cbb181c194c2d7f9d7,1,
release/oof/S411588159-GF-A21-EEA-T03-S1-LH-C1-I0033-F00.png,oof,single,512,512,PNG,290151,33ab9315e7d8cad75b94e2f575ffe2d0b1dca02ea268604b54fc1734f587b1e0,1,
release/oof/S412637027-GM-A93-EME-T01-S1-LH-C1-I0061-F00.png,oof,single,512,512,PNG,262153,94ccaa07f7f2c89df70c7a5549a4e88186d72f3b19b7e51c4db1268ff74d73a4,1,
release/oof/S415761895-GF-A62-EAS-T03-S1-LH-C1-I0005-F00.png,oof,single,512,512,PNG,250167,4bf12d6b9f5822d4377eddfce35126ef8f9bd00933d6a683def074a0521a2c3d,1,
release/oof/S422234801-GM-A19-EAS-T14-S1-LH-C1-I0050-F00.png,oof,single,512,512,PNG,247609,f986302a744924ba07cf491c011520918a6c8334f2372d165ede8641370dd4b6,1,
release/oof/S426127418-GF-A48-EEA-T03-S1-LH-C1-I0043-F00.png,oof,single,512,512,PNG,294547,7c668e6d2ec28db46ea07de37a35599194b0292d9c87e112d52f7f3aed29355e,1,
release/oof/S43189665-GF-A47-EME-T13-S1-LH-C1-I0035-F00.png,oof,single,512,512,PNG,346039,4e85d92bf0481b86816c2554b28046aa91e340e44380fb283c0ecf7201722643,1,
release/oof/S43416355-GF-A63-EAS-T03-S1-LH-C1-I0018-F00.png,oof,single,512,512,PNG,247282,d9434a79cc5d8dd87e79bfbccdc28d4f19119230285bcbec0aaff33986ade3d0,1,
release/oof/S442640043-GF-A83-EEA-T01-S1-LH-C1-I0015-F00.png,oof,single,512,512,PNG,326811,7802e8de23c370cc105e071da0a8a62b5c0adac91e3444267abc19e975c9c9f3,1,
release/oof/S44577521-GM-A92-EME-T14-S1-LH-C1-I0012-F00.png,oof,single,512,512,PNG,252032,7ea1020f108359fd4d61a7205096d0c21171e60e5333d187713163b5bdc9a1e2,1,
release/oof/S44577521-GM-A92-EME-T14-S1-LH-C1-I0041-F00.png,oof,single,512,512,PNG,293392,fa58db58c9b1a028576d6b29e74e0e934ef38b14c07d0059eab6e5546e11294b,1,
release/oof/S457681878-GF-A95-EEA-T14-S1-LH-C1-I0017-F00.png,oof,single,512,512,PNG,304703,fb0b582b5217bae2cea59d86d589c1d1167b1b97450d1471e52dee68e0cf2441,1,
release/oof/S464252649-GM-A60-EEA-T15-S1-LH-C1-I0045-F00.png,oof,single,512,512,PNG,232138,608e17d9c136bbccb546105ad336a88f79de1ec13b4c5d3e5fd17a1968816642,1,
release/oof/S472012617-GM-A63-EEA-T01-S1-LH-C1-I0014-F00.png,oof,single,512,512,PNG,286215,e64015b17c8bdfbf791bbae32438c70a39f3bf3c8b731914bceb434430e78206,1,
release/oof/S472012617-GM-A63-EEA-T01-S1-LH-C1-I0022-F00.png,oof,single,512,512,PNG,322533,43ceaccabfb56a2c29f07b51deacea66e70c76af6dc9064dde3a4cd5866cc3e8,1,
release/oof/S475499547-GM-A26-EME-T01-S1-LH-C1-I0029-F00.png,oof,single,512,512,PNG,271439,bb09b8e80b57f4da735d977bfbc48728ef969272756ba7cbaabf7f97b43cf0ee,1,
release/oof/S477281279-GF-A30-EME-T14-S1-LH-C1-I0058-F00.png,oof,single,512,512,PNG,295865,4e8e60e49b68d331ba63e9581ceb8de5999e9e510f9cab08217ea387a6ae3141,1,
release/oof/S480910045-GF-A90-EME-T11-S1-LH-C1-I0003-F00.png,oof,single,512,512,PNG,277470,f172354407a022dc2e23d140683343f60e4ed27ff34b76035141fae445f6b908,1,
release/oof/S482766020-GF-A40-EAS-T15-S1-LH-C1-I0060-F00.png,oof,single,512,512,PNG,284373,d7442b904e7c4930df15ea2609436a316f6ec51b52dcaa8edee6c0a72c41d324,1,
release/oof/S493184426-GF-A19-EAF-T00-S1-LH-C1-I0000-F00.png,oof,single,512,512,PNG,229787,b1fea780a4d8c4d83d90a3e4d6dd8dca1b7c0c10eb02ddf82035677b7246c276,1,
release/oof/S495166625-GF-A58-EAS-T14-S1-LH-C1-I0053-F00.png,oof,single,512,512,PNG,277638,98685ac26783c95b82c058736adf7c5b532173a04acf10f1636a4a6a0e66e345,1,
release/oof/S50180802-GM-A26-EEA-T00-S1-LH-C1-I0055-F00.png,oof,single,512,512,PNG,283877,8e9ee24279563164de3033d27d66480ae2c371985c1e689a22967acce79e9867,1,
release/oof/S504201509-GF-A50-EME-T14-S1-LH-C1-I0001-F00.png,oof,single,512,512,PNG,315531,ca1c1731970754dcd29cd224349fe21ec649e5d5cd115c9bc4b33d62776ee79c,1,
release/oof/S506465236-GM-A41-EEA-T00-S1-LH-C1-I0013-F00.png,oof,single,512,512,PNG,280925,aa85a79fce92f3fa15dfd0fc7a3ff744d378e3b21bcc373e0b52e0667420467d,1,
release/oof/S508947155-GF-A84-EAF-T01-S1-LH-C1-I0013-F00.png,oof,single,512,512,PNG,316189,006ab0b12fc75d0d40822af32778fd7e2181bf4bbd90f7613d7fd97fa3731893,1,
release/oof/S508947155-GF-A84-EAF-T01-S1-LH-C1-I0030-F00.png,oof,single,512,512,PNG,272424,457b195475375629a60652d444a7600e0476fdcdadc1d6baef0126fc6102a052,1,
release/oof/S508947155-GF-A84-EAF-T01-S1-LH-C1-I0033-F00.png,oof,single,512,512,PNG,284477,21b924aaf36c5ca733e00be419b6a8e3efda2b8edfc218fb11ff8b157592b50b,1,
release/oof/S508947155-GF-A84-EAF-T01-S1-LH-C1-I0054-F00.png,oof,single,512,512,PNG,325128,60420a57ef78358fd33b3f6ca32ad04dcc4d6644dfca9ed48cb47add8f11bc7b,1,
release/oof/S510917796-GF-A21-EME-T03-S1-LH-C1-I0042-F00.png,oof,single,512,512,PNG,337139,0bf38ea7a90577f5e820955eef801807498cf322275ef197d723903b7a23aca1,1,
release/oof/S514677740-GM-A43-EME-T03-S1-LH-C1-I0021-F00.png,oof,single,512,512,PNG,271649,1a84b24b3851cef25d5183845ed03125ba73f59dd60d084d39638c94924cab18,1,
release/oof/S51891071-GM-A63-EEA-T03-S1-LH-C1-I0028-F00.png,oof,single,512,512,PNG,315528,811bf9f938e2444aff13bbaf427dc737a68d9365e218a272c44d0563166a7821,1,
release/oof/S519335789-GF-A87-EAF-T14-S1-LH-C1-I0012-F00.png,oof,single,512,512,PNG,282571,ee5ae6dab84297e5bffe6808a04fe3d9c3ac333971f15620c28315b54dd5ffb8,1,
release/oof/S520464077-GF-A50-EEA-T00-S1-LH-C1-I0049-F00.png,oof,single,512,512,PNG,343068,2efe78cb7ee151c978bee77a73f0041a95471778affc1927a6438bdcff6709b0,1,
release/oof/S520464077-GF-A50-EEA-T00-S1-LH-C1-I0055-F00.png,oof,single,512,512,PNG,340184,815bbcf54ee34baf1bcc6b9f8a1315a5eb11b62549ed3160c6785992b03dce6f,1,
release/oof/S526642813-GF-A73-EAF-T03-S1-LH-C1-I0033-F00.png,oof,single,512,512,PNG,219789,e2e367131837a9c58763bc25533e5ef738b369f77fa68692919f0340322244eb,1,
release/oof/S526642813-GF-A73-EAF-T03-S1-LH-C1-I0036-F00.png,oof,single,512,512,PNG,258290,35d9438091436d8785d7f2bcf81af2bd686bdce627494131da598e5903d066ce,1,
release/oof/S528079409-GM-A46-EEA-T11-S1-LH-C1-I0009-F00.png,oof,single,512,512,PNG,242287,8fe04feaf85eda1706000fd9ed77b7a40b81cd6dd4ff63b934ffc1817ffc916e,1,
release/oof/S533819468-GM-A53-EIA-T14-S1-LH-C1-I0007-F00.png,oof,single,512,512,PNG,326802,73c4314d848d272e4f5056a362c3d6118b5f39e815bd85c5df7d49439f0cfcb2,1,
release/oof/S535874367-GF-A18-EEA-T14-S1-LH-C1-I0059-F00.png,oof,single,512,512,PNG,316963,f0e8650b27967a59f762c1f89cd1a2035abd8681fe15c6a34a433859e6d05850,1,
release/oof/S536119263-GM-A46-EEA-T11-S1-LH-C1-I0063-F00.png,oof,single,512,512,PNG,263706,20d5cd060cd61afd81a0415e2483e9ec48ef5c4adf7c0a7a74ba5dc6a63fb70c,1,
release/oof/S537195914-GF-A56-EME-T03-S1-LH-C1-I0040-F00.png,oof,single,512,512,PNG,339174,60c0f2799f540e884ab67bbda45f9954d39e52b06a3c75fd562c7476eb935963,1,
release/oof/S554872844-GF-A81-EIA-T00-S1-LH-C1-I0062-F00.png,oof,single,512,512,PNG,222513,76a8663208c1dfea48c4d78b7f4ffa513432c2c4e51b680aec37ca715cd9a2b0,1,
release/oof/S557350179-GF-A53-EAS-T03-S1-LH-C1-I0005-F00.png,oof,single,512,512,PNG,347512,6872f4f9370f908dd9d311adaa4ecd162d2a617bd0a72bdac468120ec9ef76c1,1,
release/oof/S560191384-GF-A51-EEA-T01-S1-LH-C1-I0033-F00.png,oof,single,512,512,PNG,246506,32279dada2be5853036be6f04db9db056fa59dd771f55c430dd60b41bed7cac7,1,
release/oof/S561424111-GM-A25-EME-T14-S1-LH-C1-I0010-F00.png,oof,single,512,512,PNG,223310,8131625c014959a33d7b8465003395124d9cb9b4d1e35681c2a0d9ede22d95c7,1,
release/oof/S562599431-GM-A42-EEA-T00-S1-LH-C1-I0036-F00.png,oof,single,512,512,PNG,249944,7589e60e209cfd656343838b36d6b3aedbc2a87454298cc64e7894af084bc5af,1,
release/oof/S564127454-GF-A22-EAS-T03-S1-LH-C1-I0009-F00.png,oof,single,512,512,PNG,349491,e277d03088cfd74542399be0c2e7f8682c6bde550853427639b6e945de845897,1,
release/oof/S567149942-GF-A85-EEA-T00-S1-LH-C1-I0039-F00.png,oof,single,512,512,PNG,245825,2bc9d886f21fe8a7612663674588250a0783759cc7c29f94a86addebe66ebe21,1,
release/oof/S567149942-GF-A85-EEA-T00-S1-LH-C1-I0061-F00.png,oof,single,512,512,PNG,264816,123e9d0cda38bf4770a25ffe189edf5ef41c18846c5a86976dc0d703c77d5aeb,1,
release/oof/S567565556-GF-A43-EME-T01-S1-LH-C1-I0057-F00.png,oof,single,512,512,PNG,315401,b1a9c63404ad9f7b1976f5fd8a69d8d14baa991835adc34b55ceed942896ff6e,1,
release/oof/S571336030-GM-A48-EIA-T01-S1-LH-C1-I0034-F00.png,oof,single,512,512,PNG,257783,b95b343fe57079db5663bef068ccea503241b5d4f21b30268883e8aeec1eec67,1,
release/oof/S571571794-GM-A57-EEA-T03-S1-LH-C1-I0016-F00.png,oof,single,512,512,PNG,220384,e0538e962971402ade453e88faa8aacd2d20c390d1b8146488e52724f9d481fd,1,
release/oof/S574280680-GF-A53-EME-T03-S1-LH-C1-I0005-F00.png,oof,single,512,512,PNG,373391,da7214f0f93d3d59545fee6a7bfee8269a3efe194328c8b49ae7395ec355e475,1,
release/oof/S574761980-GF-A38-EEA-T14-S1-LH-C1-I0044-F00.png,oof,single,512,512,PNG,195552,73997b2c5e0f7fced54e607bb4d2925319d099b211740db17eccec5e5734a6d8,1,
release/oof/S577181289-GF-A97-EME-T00-S1-LH-C1-I0056-F00.png,oof,single,512,512,PNG,315069,dc9dfab323c42f43d93c6e55c354381358ba3d75e5a53733a96e7d4575b78a25,1,
release/oof/S578152615-GM-A42-EEA-T03-S1-LH-C1-I0011-F00.png,oof,single,512,512,PNG,270864,784aed557493e1ed33884588215e11a3fc6aa6bc504de867094137f1ab846db5,1,
release/oof/S590103000-GF-A47-EEA-T01-S1-LH-C1-I0045-F00.png,oof,single,512,512,PNG,392576,bfed8431700d968740786ac80a60609fd21c936f164c4f86dda3e04d19bc1fba,1,
release/oof/S590103000-GF-A47-EEA-T01-S1-LH-C1-I0047-F00.png,oof,single,512,512,PNG,306197,f531a418874ba9f5b8cfd907a01342ef62c1a56338ceff754693454e5144896e,1,
release/oof/S590103000-GF-A47-EEA-T01-S1-LH-C1-I0056-F00.png,oof,single,512,512,PNG,353965,931f6191496afda6f2a5243fee2155e654ffbc7b31b119d6b9a08150df925254,1,
release/oof/S590103000-GF-A47-EEA-T01-S1-LH-C1-I0063-F00.png,oof,single,512,512,PNG,369216,6b3d663bac5a1d953b95ba6ae8ffad29594ff52be13439030c3454b5b8d668c0,1,
release/oof/S592147976-GF-A52-EEA-T00-S1-LH-C1-I0049-F00.png,oof,single,512,512,PNG,266163,42c456990a1b88e981070190918498f5fef4d1e3d545b6ac2815c6a27b6678f9,1,
release/oof/S598532466-GM-A87-EME-T14-S1-LH-C1-I0025-F00.png,oof,single,512,512,PNG,241909,65d4bde97b034bab5d8e7dd263b14a970faf007e8e80c94debf0daacec0af6b2,1,
release/oof/S606909976-GF-A59-EEA-T01-S1-LH-C1-I0035-F00.png,oof,single,512,512,PNG,329791,9705ba1641979971534ea8effc42b2ab79aaacc0d1750f1f280954880225e55b,1,
release/oof/S616053079-GF-A33-EEA-T00-S1-LH-C1-I0038-F00.png,oof,single,512,512,PNG,316595,d4c2951e810ec5ae35e24d21bb6e216a020c9561a64582332f40f76faf945079,1,
release/oof/S616105557-GF-A58-EEA-T11-S1-LH-C1-I0042-F00.png,oof,single,512,512,PNG,196120,f427b936c970d427014303a210144aa4559f82087f999a294b53e0b2e4a57c0c,1,
release/oof/S618974755-GM-A24-EEA-T00-S1-LH-C1-I0045-F00.png,oof,single,512,512,PNG,254411,67a98940bc171db72325dde07f985cf99e29d3928e2ce33f6f088bdc54e1cc7b,1,
release/oof/S621920790-GF-A25-EEA-T13-S1-LH-C1-I0005-F00.png,oof,single,512,512,PNG,291304,c814685991c26836dfc82ed70da2088a43cab6246a39554c3f553dbc4c71e842,1,
release/oof/S622813751-GM-A67-EAF-T01-S1-LH-C1-I0021-F00.png,oof,single,512,512,PNG,263298,8f0454282172690ed0970baa0e97d4581481aa837f20ddc94cb6568683e7c23c,1,
release/oof/S62389544-GF-A82-EEA-T14-S1-LH-C1-I0050-F00.png,oof,single,512,512,PNG,201687,7a24a51c5c3efa712ac97f11ecb3039f91463bb2d47299889ada1b5dbf2e480e,1,
release/oof/S640440409-GF-A40-EME-T14-S1-LH-C1-I0001-F00.png,oof,single,512,512,PNG,411196,0a9a0031ec7d596240fe2ca3c63970224955a2b66acd337729468a9b4cdfe04c,1,
release/oof/S641100116-GM-A97-EEA-T14-S1-LH-C1-I0060-F00.png,oof,single,512,512,PNG,280843,28b25a44fd6570725cf6e38884438fd76231c6961aeddc019a86f661d6a53f2a,1,
release/oof/S6470524-GF-A29-EAS-T14-S1-LH-C1-I0059-F00.png,oof,single,512,512,PNG,257881,873766f79bd17939a62fe8a20ba967e7ce6bd9c0af58b878e4fbd21b2aee3b9d,1,
release/oof/S647458820-GF-A61-EAF-T03-S1-LH-C1-I0003-F00.png,oof,single,512,512,PNG,320837,aa9c593f5250c6542373979855c72a59c667681c1f9d848f2abd64fc5dccc19c,1,
release/oof/S653507002-GM-A51-EME-T03-S1-LH-C1-I0023-F00.png,oof,single,512,512,PNG,389771,1d5b723e295f0174eb4e2bd8075ce2f394a1602c0ed146317c99ba20127fcf2a,1,
release/oof/S653507002-GM-A51-EME-T03-S1-LH-C1-I0063-F00.png,oof,single,512,512,PNG,309825,3642b16f07e51f252734633d53c518a2a9e967e4bd186375c4639d84ea4ce20c,1,
release/oof/S664246838-GF-A21-EEA-T11-S1-LH-C1-I0004-F00.png,oof,single,512,512,PNG,342261,c1a4b973cbd89b2ed846f565bdb3e7bde1767c17369d59816430fa2aee612286,1,
release/oof/S664246838-GF-A21-EEA-T11-S1-LH-C1-I0019-F00.png,oof,single,512,512,PNG,337797,589761d58c6d08ad94195baa409ef034532f9a33eb28adaa6fa321e0c4d42817,1,
release/oof/S664545006-GF-A28-EIA-T14-S1-LH-C1-I0033-F00.png,oof,single,512,512,PNG,233909,d2fcbdc2c43ac80b5619d8854f0779186899d460f4fdebd77b8fa53fb5266c7c,1,
release/oof/S669973447-GM-A20-EEA-T00-S1-LH-C1-I0000-F00.png,oof,single,512,512,PNG,268963,b134ddbf033c436263ee8946e5ee0314d4047aa28f5940022d989c42aed089c3,1,
release/oof/S669973447-GM-A20-EEA-T00-S1-LH-C1-I0016-F00.png,oof,single,512,512,PNG,266957,eb3991e4e9b7bcfe721f58de038f0b94148e8d7bb53f6e3e3dcdb24f5678fb88,1,
release/oof/S670711149-GF-A47-EEA-T00-S1-LH-C1-I0025-F00.png,oof,single,512,512,PNG,261800,d2b27f9c4e9f647b3e1ae425cb125a2459d8bbc441bd59c759d560c13930e879,1,
release/oof/S673442144-GF-A53-EEA-T01-S1-LH-C1-I0002-F00.png,oof,single,512,512,PNG,307989,9c171a5b08afe47507a3c170151f8a3ee008f95430347440895a5833df974da1,1,
release/oof/S673442144-GF-A53-EEA-T01-S1-LH-C1-I0003-F00.png,oof,single,512,512,PNG,282020,30c92fb9e3f77efe8837a7e93968664c4594a41ec24031aea0ca9caac615feb2,1,
release/oof/S673442144-GF-A53-EEA-T01-S1-LH-C1-I0013-F00.png,oof,single,512,512,PNG,272646,2004d45e9a63792c7c6c7015d1b0dbd0d73eab46a3946f7171a439e5b82ce1b8,1,
release/oof/S673442144-GF-A53-EEA-T01-S1-LH-C1-I0023-F00.png,oof,single,512,512,PNG,298833,3d6772d211779ad2fa5882f46af5bd1db62c2fd59ac0851b28a6d76b540143e6,1,
release/oof/S673442144-GF-A53-EEA-T01-S1-LH-C1-I0028-F00.png,oof,single,512,512,PNG,283804,045d33cfdcc53f05947f9aee32a40af3c1cd80796392fc82aec266257bb39189,1,
release/oof/S673442144-GF-A53-EEA-T01-S1-LH-C1-I0034-F00.png,oof,single,512,512,PNG,297631,2d1b30b385faa3fe007a20cac1bd2409649291b64d8e482004373af8c1ef472f,1,
release/oof/S673442144-GF-A53-EEA-T01-S1-LH-C1-I0035-F00.png,oof,single,512,512,PNG,330959,cdb2961cd3a4bd4798e5bfe704c97fdf7085010c9a13c38823018e4664215df2,1,
release/oof/S673442144-GF-A53-EEA-T01-S1-LH-C1-I0044-F00.png,oof,single,512,512,PNG,332940,9567cb28c6fc8a319a5becf7ad1e2f7a95d84364ed80175f3579a468e51f33c6,1,
release/oof/S673442144-GF-A53-EEA-T01-S1-LH-C1-I0049-F00.png,oof,single,512,512,PNG,331002,a6b3df1e211714a6d1637b053ffcca98246ce7c7eb2d72fbec951b2ad8599dac,1,
release/oof/S673442144-GF-A53-EEA-T01-S1-LH-C1-I0056-F00.png,oof,single,512,512,PNG,286971,10575a98df7ac92a4948e2d8a0ed514c0ef5ff47f0c2a5eb729ae606a3645031,1,
release/oof/S677155548-GF-A53-EME-T01-S1-LH-C1-I0011-F00.png,oof,single,512,512,PNG,328823,253222f1da359ffc965c6ec86b029ade4b8374a40a98e57a720c156ca135da2e,1,
release/oof/S678466862-GF-A62-EEA-T03-S1-LH-C1-I0047-F00.png,oof,single,512,512,PNG,364916,2df5e3748c204c6d89122b283d430d54ef5eb9f6b61a6fc05bdefe5f440df1d2,1,
release/oof/S682364157-GF-A18-EIA-T03-S1-LH-C1-I0012-F00.png,oof,single,512,512,PNG,295568,6f417c5181fa4cc9d58f69d07b37e41ac59f807c08fa83d2e14ddac98be4ddff,1,
release/oof/S683688917-GF-A31-EIA-T03-S1-LH-C1-I0021-F00.png,oof,single,512,512,PNG,247687,21ffaae86f61b5e53557c73837d3cff0fa95accc6b94ba5c7baebfef6b94b89d,1,
release/oof/S691494836-GM-A85-EIA-T11-S1-LH-C1-I0037-F00.png,oof,single,512,512,PNG,300679,dc0d41f489ad0bcc9cef7537ca0196b16a13edd58216ba3d99d1fe72951d23a4,1,
release/oof/S691842297-GM-A47-EME-T14-S1-LH-C1-I0022-F00.png,oof,single,512,512,PNG,304609,43931ef22d1091f6e688cdede4cb00318141888047638d52bdc194d991548f80,1,
release/oof/S700139260-GF-A56-EEA-T15-S1-LH-C1-I0053-F00.png,oof,single,512,512,PNG,279841,5295dd7c54b3a14bb88bfe0e5243d3bf234ed449d6f3a4e7bfc94aa47b4f7f0f,1,
release/oof/S700907495-GM-A91-EME-T01-S1-LH-C1-I0006-F00.png,oof,single,512,512,PNG,298753,44f80802dbdf84b40aa5992ed51815887783a61ab60fcba6830948d05176d38c,1,
release/oof/S708639364-GM-A59-EEA-T00-S1-LH-C1-I0042-F00.png,oof,single,512,512,PNG,300566,54c3dfa8d4e2af6fc01a724eaf4f84bcbc4eeaa739a569eeb9e7a2c82cf41094,1,
release/oof/S710623010-GF-A75-EME-T01-S1-LH-C1-I0051-F00.png,oof,single,512,512,PNG,238366,ff27e3836b8fba1bde85bbd387cad3009338cc37afd09e4dd4c7b9730416f094,1,
release/oof/S720555455-GF-A90-EAS-T14-S1-LH-C1-I0024-F00.png,oof,single,512,512,PNG,260178,f475cb3d3c0e999fd806f89e5a0520722edc9f52961a5ef7881a4c74ec4936b6,1,
release/oof/S721709390-GF-A24-EME-T00-S1-LH-C1-I0000-F00.png,oof,single,512,512,PNG,194889,877966565de734b563d1030996964f5516c3d320ca64fc9e385178420d9fc67c,1,
release/oof/S723966293-GM-A27-EEA-T03-S1-LH-C1-I0044-F00.png,oof,single,512,512,PNG,274760,d1b4086ee41e130848dc1c1d8d98fcb28e10f1f1f7b497ab8ac290fd57d2b534,1,
release/oof/S726037773-GF-A57-EEA-T15-S1-LH-C1-I0030-F00.png,oof,single,512,512,PNG,342777,8a4cc895dfb5d439e980e43bfa3d6cc583b75275876529be78a3f2fccad3e140,1,
release/oof/S726037773-GF-A57-EEA-T15-S1-LH-C1-I0031-F00.png,oof,single,512,512,PNG,326820,9d2b868426c1a7f0e3ea6da1f6ff9031eb6ee4cf8cbbf688adb6ad838e57e61b,1,
release/oof/S727226600-GM-A33-EAS-T03-S1-LH-C1-I0035-F00.png,oof,single,512,512,PNG,291036,bc67035fed0f471d978a4b2baf8d36675bab2d521c31fa1cbea7a7625cae9f84,1,
release/oof/S727226600-GM-A33-EAS-T03-S1-LH-C1-I0053-F00.png,oof,single,512,512,PNG,238129,909a65a6631f36d7e5861fa22f5979c85268f799cb8e0acff620c6c62dd5057b,1,
release/oof/S735235858-GF-A76-EEA-T03-S1-LH-C1-I0045-F00.png,oof,single,512,512,PNG,236742,8769812755aaa6196bf2eb1c72c5080a18293a1f2e3ae689575d27d7a0ab49d7,1,
release/oof/S741955884-GF-A71-EEA-T14-S1-LH-C1-I0057-F00.png,oof,single,512,512,PNG,277442,c8b2cd216c04a9ac13141d615abf08357c40eb6f0f2f6ed1e34bff966fa17a4f,1,
release/oof/S74441691-GF-A84-EIA-T13-S1-LH-C1-I0061-F00.png,oof,single,512,512,PNG,270487,689652a4d891c98b34f6bcf495f79f85ac3e1697b91e033f547a1b065fddfe12,1,
release/oof/S744766748-GM-A69-EEA-T01-S1-LH-C1-I0008-F00.png,oof,single,512,512,PNG,324622,437e77d7bbe5367a168630af287ee71bdc1d6a171e30c4aafb4ba08632ee1ecc,1,
release/oof/S752785476-GF-A66-EEA-T00-S1-LH-C1-I0010-F00.png,oof,single,512,512,PNG,316477,e40491b67117af86147a40fe4a27a47086eb4d07c5109c49221b5f414e88b7e7,1,
release/oof/S755595872-GF-A36-EME-T03-S1-LH-C1-I0000-F00.png,oof,single,512,512,PNG,271615,6e4c6abb5f69e4049d42e079794b415d9fdd456ed906cf5174313ab933877351,1,
release/oof/S760022445-GF-A45-EEA-T03-S1-LH-C1-I0032-F00.png,oof,single,512,512,PNG,376303,6097909e3e895ec65438a0faba4fc3fedae71b9c9cf242bc660ff44eb3e89866,1,
release/oof/S766916408-GM-A23-EME-T14-S1-LH-C1-I0040-F00.png,oof,single,512,512,PNG,277301,f3494a37b612cf7bd2c28be099cfc874b3505bbbdc065f5e01d455845a52c95c,1,
release/oof/S778523462-GF-A44-EIA-T14-S1-LH-C1-I0042-F00.png,oof,single,512,512,PNG,290933,a6c45489dbc8c0807285fcd9d79325c7db02b041d141027bf9e74c3f4f6f42f7,1,
release/oof/S780045574-GF-A98-EAF-T14-S1-LH-C1-I0030-F00.png,oof,single,512,512,PNG,225075,3a6e60ac12b7ee4ac930be00983817bc61e9c66864cb9ed3557ad33efaf69791,1,
release/oof/S780124184-GF-A64-EME-T01-S1-LH-C1-I0042-F00.png,oof,single,512,512,PNG,289693,886a0c3d47d45726efae9ddba8684fde744c4fa367e669fd8842b0c7037ea78b,1,
release/oof/S786321386-GM-A32-EME-T00-S1-LH-C1-I0051-F00.png,oof,single,512,512,PNG,299453,54c599d8b25b4f147089b6805d70213c583b33c2bf2b642b512f4a871d114423,1,
release/oof/S788462400-GM-A77-EEA-T14-S1-LH-C1-I0022-F00.png,oof,single,512,512,PNG,285280,8ede434edb83ba3e1192842d8bb7477707cb617cb184094d9e1f46f518ef0eaa,1,
release/oof/S79333356-GF-A59-EEA-T03-S1-LH-C1-I0057-F00.png,oof,single,512,512,PNG,281180,8a4412916dd52308481c1bc134d06876d75c12519cb6c0936b17b4c6f5664608,1,
release/oof/S795622045-GM-A49-EEA-T03-S1-LH-C1-I0033-F00.png,oof,single,512,512,PNG,202755,4f4438a8a40f9f59e653a98d7e415e83782f98455d9f6bef06e3bd06f6808fd2,1,
release/oof/S798606872-GF-A37-EME-T15-S1-LH-C1-I0028-F00.png,oof,single,512,512,PNG,350906,718b28365de68535fcaa3c84507b9fb238d203fdab33ec12830304f2ba42c157,1,
release/oof/S804626448-GF-A39-EME-T01-S1-LH-C1-I0049-F00.png,oof,single,512,512,PNG,366348,b1649e736e87b7f066fc902c7a3ca66749a8231e262f9840aa9336b691465f3b,1,
release/oof/S806692215-GM-A67-EEA-T01-S1-LH-C1-I0022-F00.png,oof,single,512,512,PNG,241950,aee2f5d0c95e562548ef15851b1d19ac4be3884bb716aede1474c032b9f600d8,1,
release/oof/S806692215-GM-A67-EEA-T01-S1-LH-C1-I0043-F00.png,oof,single,512,512,PNG,226767,e654111bff52140f437b14f98db37435b1b7de534f8e91792a253fecc491b60c,1,
release/oof/S808755818-GM-A40-EEA-T00-S1-LH-C1-I0059-F00.png,oof,single,512,512,PNG,241499,9c9167797a3eadf6a312798b2c200c4b7c21ec576577c1e98a47e6ec2d6ce8cb,1,
release/oof/S816836927-GF-A61-EAS-T00-S1-LH-C1-I0031-F00.png,oof,single,512,512,PNG,328525,632ed42c3cecccdcddf53527270ab026f6ea036165c32856aa3e73cc29df7289,1,
release/oof/S824192626-GF-A59-EIA-T14-S1-LH-C1-I0014-F00.png,oof,single,512,512,PNG,267855,0e819ccc645f5dd8412b1b0b9969055aa9cc27492405968bd46a850dd40b4f96,1,
release/oof/S825431925-GF-A77-EAF-T00-S1-LH-C1-I0000-F00.png,oof,single,512,512,PNG,248137,b7dbe4ef0af8c38d80bc81ef2d952469cbe6d4891439ea34ec6018cd5936a768,1,
release/oof/S825833733-GF-A82-EEA-T14-S1-LH-C1-I0004-F00.png,oof,single,512,512,PNG,252554,dd2e0154d5eccadfec7c60e5dc325ef7bc2085657e19707b1d0019f97929aacf,1,
release/oof/S825833733-GF-A82-EEA-T14-S1-LH-C1-I0012-F00.png,oof,single,512,512,PNG,275927,505d6a1e55018f3cde8c9012d52475d64b362f788a1178096e3e87ccef37c1d8,1,
release/oof/S825833733-GF-A82-EEA-T14-S1-LH-C1-I0022-F00.png,oof,single,512,512,PNG,309361,54ef85740bc3abe29cc14f0aee4fcef058a00b3fe6deb2e0c47c0e8d39dad1df,1,
release/oof/S825833733-GF-A82-EEA-T14-S1-LH-C1-I0028-F00.png,oof,single,512,512,PNG,288423,3a137b5eb80135f7fe5b71de4b0291682d2e9a1d8e02eccac7fba033901fb3f0,1,
release/oof/S835364261-GM-A45-EAS-T03-S1-LH-C1-I0032-F00.png,oof,single,512,512,PNG,220254,5c0a1fdf4f8bd3828a642a3bfa0a485017dc96e9573b2bd05736b078fe02a913,1,
release/oof/S838732855-GF-A26-EEA-T03-S1-LH-C1-I0010-F00.png,oof,single,512,512,PNG,350231,805712f029c1d374c3b8f1320a9a9a1764ab54014936753c6aaba1ea284db3fb,1,
release/oof/S844573168-GM-A70-EEA-T00-S1-LH-C1-I0061-F00.png,oof,single,512,512,PNG,282553,5f5d468e3009dfcce0c4f70397cd297aeb775e86c65bf18ee187c5231cfb7348,1,
release/oof/S844761652-GF-A54-EAF-T03-S1-LH-C1-I0008-F00.png,oof,single,512,512,PNG,302583,a42e2594207445c06a0ce23ef7aab732d3af4ebad5baa79ac0809c028bc6e9a6,1,
release/oof/S851010322-GM-A30-EEA-T03-S1-LH-C1-I0061-F00.png,oof,single,512,512,PNG,283857,1acea589c7f28d7fcee0d1b6f699e44ecc8b7ada44c15a079b131f38dff33afb,1,
release/oof/S85153826-GM-A28-EEA-T03-S1-LH-C1-I0011-F00.png,oof,single,512,512,PNG,266581,6f3cd350b7341ccbf77df2a831ffb150d9b97c19767b9075a3d7dc52b56212d9,1,
release/oof/S861590567-GF-A45-EIA-T03-S1-LH-C1-I0062-F00.png,oof,single,512,512,PNG,274652,a4627e90aa2a7fa07493e519ea9b6b785c5b18f2eb2125651cd6599f91da9b60,1,
release/oof/S86418004-GF-A49-EEA-T10-S1-LH-C1-I0000-F00.png,oof,single,512,512,PNG,330199,0dfe526063ebffa9ae3549d4dffb9f38e7d17ffddded2166a44b721b7153c770,1,
release/oof/S871196184-GF-A27-EAF-T14-S1-LH-C1-I0028-F00.png,oof,single,512,512,PNG,203176,4ee2012f985c847c76723ccfb851f2277152b15b7934892e5646beba5b8122ce,1,
release/oof/S872849899-GF-A30-EEA-T03-S1-LH-C1-I0004-F00.png,oof,single,512,512,PNG,334387,77d396632c7acc8190cb50a0a285155d6dc4942f5b80b1d4a480a17e9423ac9a,1,
release/oof/S881124278-GF-A51-EAS-T14-S1-LH-C1-I0059-F00.png,oof,single,512,512,PNG,270303,8738d5550f27a7162f90f1a6d0761a1e9766a858c4850daf828abecdf30d7044,1,
release/oof/S882917275-GF-A60-EME-T01-S1-LH-C1-I0038-F00.png,oof,single,512,512,PNG,321751,5f3e4fa95e221b9f638a8784592f36310cd5b56035ec96ace9ac5ac8eb7257dc,1,
release/oof/S883374229-GF-A54-EEA-T14-S1-LH-C1-I0006-F00.png,oof,single,512,512,PNG,281860,921820c7bd962a2f8023af2390ed3e2bb2980d4f9213f8c3ec4a738cb03daad8,1,
release/oof/S883374229-GF-A54-EEA-T14-S1-LH-C1-I0019-F00.png,oof,single,512,512,PNG,324743,95f3d831eeeac5f353eb444b964fcfd4e8d75b7fbbdc7ea6bdde49a2d735ee34,1,
release/oof/S883374229-GF-A54-EEA-T14-S1-LH-C1-I0021-F00.png,oof,single,512,512,PNG,346625,a98a05085a10bc120f113d6b49754e5dadc57d558a450df0064968b48ebb781d,1,
release/oof/S883374229-GF-A54-EEA-T14-S1-LH-C1-I0038-F00.png,oof,single,512,512,PNG,337377,24e10ee04dfa776d22b970b01004e181088c66d8cfa9b000c130b378a081e602,1,
release/oof/S883374229-GF-A54-EEA-T14-S1-LH-C1-I0039-F00.png,oof,single,512,512,PNG,275389,f396f11f4f69d8798e2898ce50d76fc55df6c641c3c1ded4b0f3d0145d87463d,1,
release/oof/S883374229-GF-A54-EEA-T14-S1-LH-C1-I0040-F00.png,oof,single,512,512,PNG,321254,55ef905e1ba2e9c16cf2815142350044c93e22a1537e780cbe8d540dd3f825d6,1,
release/oof/S883374229-GF-A54-EEA-T14-S1-LH-C1-I0041-F00.png,oof,single,512,512,PNG,302747,d5875f185c64f2bbfd4f8024921201d6e08dbc8d9bb6c3303f4bc8c606bd01bd,1,
release/oof/S883374229-GF-A54-EEA-T14-S1-LH-C1-I0059-F00.png,oof,single,512,512,PNG,266887,85cf9ce580d023bde61a0371ad39e15b6818547de375ac1529e4e94fbc642e4c,1,
release/oof/S883374229-GF-A54-EEA-T14-S1-LH-C1-I0062-F00.png,oof,single,512,512,PNG,259502,45a6d3bd28e9868b6517827921f02ed0ef72947a1e344334fbccf515fcbc88cb,1,
release/oof/S892006153-GF-A74-EAF-T14-S1-LH-C1-I0020-F00.png,oof,single,512,512,PNG,286501,6bc64c43f85b6f237d0f2cab76d4cee596826f13b648c7c9af90f3018d529f2c,1,
release/oof/S894840102-GN-A69-EAF-T00-S1-LH-C1-I0056-F00.png,oof,single,512,512,PNG,327340,76d4f5df46fb70905159839d1e5d7e7c2e7ac2233b9795e9432b88df3aa243f0,1,
release/oof/S895967637-GM-A28-EEA-T01-S1-LH-C1-I0005-F00.png,oof,single,512,512,PNG,278164,5092408872132f2879c91b058ab3e61e89d127a6c3838f7507fe0bb150fa00f0,1,
release/oof/S897329683-GF-A41-EEA-T11-S1-LH-C1-I0040-F00.png,oof,single,512,512,PNG,307812,17145845dbbdf49bba44c2f021f3af4de7559a20f1a4bfb2ea199431ccb3bafc,1,
release/oof/S906953625-GF-A53-EEA-T01-S1-LH-C1-I0001-F00.png,oof,single,512,512,PNG,206887,797f3a7ef34df652198f108a60c282ce52ecdddba39b6a80f784a8fc4b47b96b,1,
release/oof/S9176807-GM-A21-EEA-T03-S1-LH-C1-I0024-F00.png,oof,single,512,512,PNG,297883,6192b4552809b8e62387b7c12933c9392e9ed12a2d509f63f23a066906420665,1,
release/oof/S921833550-GM-A28-EEA-T14-S1-LH-C1-I0000-F00.png,oof,single,512,512,PNG,226574,6a5f1db13613b112944f8a7cce6ed9cdecaf137465f101d85e7fee85e489c4c7,1,
release/oof/S924724708-GF-A48-EEA-T14-S1-LH-C1-I0053-F00.png,oof,single,512,512,PNG,292350,cd68f50258d084244e830b5fd60b9466bf3f8f35aa3853dce94f2528624d5b8c,1,
release/oof/S926047332-GM-A22-EME-T14-S1-LH-C1-I0038-F00.png,oof,single,512,512,PNG,236101,3d173e0fce2fe0b50524d2187a536db284df0237201fb9737abf1b4098b48aeb,1,
release/oof/S926047332-GM-A22-EME-T14-S1-LH-C1-I0039-F00.png,oof,single,512,512,PNG,231781,03b73fc6147122baf03c339c537b7e00970cbb15d5b4cd2d75ea188d0b4f219d,1,
release/oof/S931374402-GM-A20-EAF-T14-S1-LH-C1-I0003-F00.png,oof,single,512,512,PNG,242688,c7e287cd4c140f4e5f77d7b425afd7000b56b077b5e0067cec4e9456e3027b65,1,
release/oof/S931374402-GM-A20-EAF-T14-S1-LH-C1-I0013-F00.png,oof,single,512,512,PNG,230071,6149360a9f5a1f9e7c625d62ecb0a98617a6f5fd1a50e95772febf02a472b099,1,
release/oof/S932980426-GM-A79-EME-T14-S1-LH-C1-I0010-F00.png,oof,single,512,512,PNG,238050,5fa4cab9962ed74d18f38b505c4a71ab83c89d44035da52f93b574e9ded2e868,1,
release/oof/S932980426-GM-A79-EME-T14-S1-LH-C1-I0014-F00.png,oof,single,512,512,PNG,260833,b67056dc450cd3d183dd7863edbf7d0a07b1a0d12630d13619cc3d095a436663,1,
release/oof/S932980426-GM-A79-EME-T14-S1-LH-C1-I0032-F00.png,oof,single,512,512,PNG,261316,99e8abc31d75ff528bb97381c3d41e223ee42184ca77b2b78636fc3f3b4419f4,1,
release/oof/S932980426-GM-A79-EME-T14-S1-LH-C1-I0054-F00.png,oof,single,512,512,PNG,278135,6c7f8d4f1bfdc0a54428a4f5b61963eb9ef42d198cfbbaa9d1664de86a56fcc1,1,
release/oof/S936982627-GM-A77-EEA-T01-S1-LH-C1-I0040-F00.png,oof,single,512,512,PNG,248132,c000fe82f6d1423eecd1167121335f05c21d00964cca38fcfe49bdf01eb37959,1,
release/oof/S94290629-GF-A23-EAF-T14-S1-LH-C1-I0030-F00.png,oof,single,512,512,PNG,333987,185bb6c107d9e7b1030a1f9bcbece712ac4ab2e191932484d45b37ef6a57f0ab,1,
release/oof/S94888726-GM-A26-EME-T03-S1-LH-C1-I0049-F00.png,oof,single,512,512,PNG,211182,24074bac94c17f37b3fc56bb21e9bc9eeb54852115dd137320bcad5241897810,1,
release/oof/S954227485-GF-A55-EME-T00-S1-LH-C1-I0054-F00.png,oof,single,512,512,PNG,369604,f7ba58f253623ae70b1cd63d2872fcbad08db8af6fd0f3d2078ff53cc61fe163,1,
release/oof/S955490819-GM-A25-EAF-T14-S1-LH-C1-I0009-F00.png,oof,single,512,512,PNG,253326,c439808a4891fd0c7045eb49dbabbc1dc8045ec1b1193cf1bb3681031c9ea886,1,
release/oof/S956718444-GF-A38-EAS-T14-S1-LH-C1-I0018-F00.png,oof,single,512,512,PNG,280959,234ce99d01d179598bf6b46903f7652c5f2d39c5e1b210964d8eb87231e7b151,1,
release/oof/S95924864-GM-A18-EEA-T14-S1-LH-C1-I0017-F00.png,oof,single,512,512,PNG,251466,56ecace51521a21d7bcc717268cc438a0a478b137408412948bc22a1eb02afaf,1,
release/oof/S95924864-GM-A18-EEA-T14-S1-LH-C1-I0029-F00.png,oof,single,512,512,PNG,329660,c2a6544d54b17d0186d844c09907e2ed2ec3a3fa94b9cbf840fb81321ff4b65a,1,
release/oof/S959317588-GM-A42-EAS-T00-S1-LH-C1-I0008-F00.png,oof,single,512,512,PNG,274876,f9456b99e596e16aafb9e155491d07f90e3a088bef74852fbe7dddc00d03a4bd,1,
release/oof/S959317588-GM-A42-EAS-T00-S1-LH-C1-I0054-F00.png,oof,single,512,512,PNG,257024,747ae80aa0706e07b95c99d45d8a1316f10b041c63d72bfd07102a83f9377bf7,1,
release/oof/S962503135-GF-A84-EEA-T14-S1-LH-C1-I0013-F00.png,oof,single,512,512,PNG,302799,7b92a6229382ab4b5f10501fa51117423fac5547b4586e60ee85325d9a0d5333,1,
release/oof/S966499612-GM-A36-EEA-T14-S1-LH-C1-I0024-F00.png,oof,single,512,512,PNG,328846,54590aca07d6717a6232db97bd00bd04ebff260218626cf6d79df39728ee7783,1,
release/oof/S970888949-GF-A57-EEA-T15-S1-LH-C1-I0038-F00.png,oof,single,512,512,PNG,293464,e9aaf43f6b8a499eaefe898c3ba7a7a6da5817ff4de9a86a84730ed6f12b244f,1,
release/oof/S976538751-GM-A19-EAF-T14-S1-LH-C1-I0007-F00.png,oof,single,512,512,PNG,274385,bfe864e9d85855abe986b4eff390942e7393f3ac2ffb5971bbe10b2fb3ccbbc7,1,
release/oof/S976538751-GM-A19-EAF-T14-S1-LH-C1-I0042-F00.png,oof,single,512,512,PNG,239792,3254fff8c72d9c095da27705cb9b8e40777ed22bc95c9d8ddd923a088f340f6f,1,
release/oof/S978873421-GF-A64-EEA-T01-S1-LH-C1-I0000-F00.png,oof,single,512,512,PNG,285932,88129b342c73ace0cc76360b5d3fe9c3bd607d625fa5fc936773b8ab9c050a7e,1,
release/oof/S980654402-GF-A53-EEA-T14-S1-LH-C1-I0004-F00.png,oof,single,512,512,PNG,236845,13a13140d1ec30bf952da3be228e5f80fbc00f9a62c8e507bf3707ccc4484622,1,
release/oof/S982128636-GM-A71-EME-T01-S1-LH-C1-I0008-F00.png,oof,single,512,512,PNG,315192,5f543c9982903c8974c7c4f92e33801e02e9b7bcc69e5683e7e2c3fcf891e877,1,
release/oof/S982227952-GM-A31-EEA-T00-S1-LH-C1-I0051-F00.png,oof,single,512,512,PNG,196890,1b36d85f36627ddbf7ebafbb24592c3f7eacb8d6df137fb9290cb7dab959764b,1,
release/oof/S98643087-GF-A34-EIA-T10-S1-LH-C1-I0042-F00.png,oof,single,512,512,PNG,380995,3216c8d9f2afed54ef4854d85655a88bd7846cd6235f76ff254dde0932d4385f,1,
release/oof/S987384432-GF-A95-EME-T01-S1-LH-C1-I0003-F00.png,oof,single,512,512,PNG,250512,fa6f7a1f2e0b1276e85d7f8a7c77d8deafa85e3f8ddfe8242777aa84bb37b2e1,1,
release/pixel/S108161842-GM-A52-EEA-T11-S1-LH-C1-I0007-F00.png,pixel,single,512,512,PNG,274731,141277d859f6345129f966b8228df808d0b235ef3706e9ec2e0340f66f6e8a05,1,
release/pixel/S113923411-GF-A35-EEA-T14-S1-LH-C1-I0048-F00.png,pixel,single,512,512,PNG,231295,cb3c5afcd7a6f9c8d88d9d28dac67788ac64acffdfe7bf5a008e80f2bbc2ce3b,1,
release/pixel/S115293589-GF-A67-EME-T01-S1-LH-C1-I0030-F00.png,pixel,single,512,512,PNG,289529,b80885d02ae196dedb863d9f874630a4b5f1692f50527935a588f62d7cfeafd6,1,
release/pixel/S115379105-GF-A98-EEA-T14-S1-LH-C1-I0044-F00.png,pixel,single,512,512,PNG,292194,12d16afcb46452b1c90dd8ee7132be34df47491d2d809f8da2a794905940fead,1,
release/pixel/S116651325-GM-A28-EEA-T13-S1-LH-C1-I0056-F00.png,pixel,single,512,512,PNG,273292,59a37d0344be89f49446ae8b89d5d4e211aa410e79e007c152431d75859077af,1,
release/pixel/S120660598-GM-A33-EEA-T00-S1-LH-C1-I0034-F00.png,pixel,single,512,512,PNG,286328,74f79fea5ba619f2b8324f5daa22127e0ba77ec3ccd855c645f419da329c61ac,1,
release/pixel/S121566497-GF-A32-EEA-T14-S1-LH-C1-I0036-F00.png,pixel,single,512,512,PNG,314082,99013d38f90e92b12a98dd8f253cd23c87ec2ac4c0a35c9fc45cbe2bf07f1cc3,1,
release/pixel/S121714872-GF-A34-EAF-T03-S1-LH-C1-I0053-F00.png,pixel,single,512,512,PNG,290954,c7e0da475a01561cb681d09d208b80ddb2eaaf89aaaa077f8338603e35a27fc3,1,
release/pixel/S124298498-GM-A91-EEA-T14-S1-LH-C1-I0034-F00.png,pixel,single,512,512,PNG,255056,970bc0bb50e5c89202393f261a37bf72fcdecf39963174d39db585b05c728cd1,1,
release/pixel/S130186036-GF-A82-EEA-T01-S1-LH-C1-I0007-F00.png,pixel,single,512,512,PNG,285004,1546bce2439ba118db85f9b02ee04fde5622d326e86489c8df2faaeec9cbbcd8,1,
release/pixel/S137547030-GF-A76-EEA-T01-S1-LH-C1-I0045-F00.png,pixel,single,512,512,PNG,286632,625ba094b66ef12faa087a08fd02fbe2d5424334d512bd627bb66001882fb433,1,
release/pixel/S138993008-GF-A66-EAF-T00-S1-LH-C1-I0035-F00.png,pixel,single,512,512,PNG,242258,fd5c063c52765e570cacb4267b9edaddf3857bb7868925fac41bd27185533751,1,
release/pixel/S14964507-GF-A29-EEA-T00-S1-LH-C1-I0028-F00.png,pixel,single,512,512,PNG,305720,941ffc587ca17eb3c82615ed376995736e44981b8b473e2ba062c355297ee836,1,
release/pixel/S14964507-GF-A29-EEA-T00-S1-LH-C1-I0052-F00.png,pixel,single,512,512,PNG,313960,d7ad67b7b54777cd8d0f9530acab605eea901d2bbf274ae5cf57b94feddd32c9,1,
release/pixel/S150094415-GF-A53-EME-T10-S1-LH-C1-I0055-F00.png,pixel,single,512,512,PNG,263156,a1a65c932a482830eb2476c0339b38d5a74df0c595fd31c444d21e18179c6304,1,
release/pixel/S15182111-GM-A44-EAS-T00-S1-LH-C1-I0049-F00.png,pixel,single,512,512,PNG,256172,2a17b2faff4c6730b29ce88c7fe8e18cd9ec83a77e1a1d268d22b2e4b91d3c51,1,
release/pixel/S152846480-GF-A30-EEA-T03-S1-LH-C1-I0000-F00.png,pixel,single,512,512,PNG,325820,abc0b054ddca3adab557a7d1ad2f04c3704244ba49c0ff2e9bb5fcebc968cd0f,1,
release/pixel/S152846480-GF-A30-EEA-T03-S1-LH-C1-I0050-F00.png,pixel,single,512,512,PNG,304983,60cdfb539ee82f30c03d1e49e9ac4ca3303f9ec270c5c0b92bd9c39da975aaee,1,
release/pixel/S152846480-GF-A30-EEA-T03-S1-LH-C1-I0059-F00.png,pixel,single,512,512,PNG,303016,e809a98b073fab57aeab2b573e8ed470bcde374cc3f1ff43032d97070bfd22c5,1,
release/pixel/S16008476-GF-A92-EEA-T11-S1-LH-C1-I0061-F00.png,pixel,single,512,512,PNG,297714,59e1475a1fa9490360aaf4eb677142ad02a6882d25bc7a6a663f25eb8a843ad9,1,
release/pixel/S164577361-GF-A44-EEA-T01-S1-LH-C1-I0030-F00.png,pixel,single,512,512,PNG,319433,762d8f1adb9746813fad8169fee106f955a129e2bcab65c6e817c0567aecae24,1,
release/pixel/S165380664-GM-A31-EIA-T01-S1-LH-C1-I0002-F00.png,pixel,single,512,512,PNG,218555,e19466a94a8826da15277e3664c9f1504262a072f55c4bc2a3116b01db7b4f60,1,
release/pixel/S16643293-GF-A66-EEA-T15-S1-LH-C1-I0043-F00.png,pixel,single,512,512,PNG,270099,d85a6157bcafb574391fb49b21dba55c58b53e606aa12f54a3f3f132f10daf7c,1,
release/pixel/S166658587-GM-A81-EEA-T03-S1-LH-C1-I0060-F00.png,pixel,single,512,512,PNG,232402,28fff2ca4896172b127db478133730885c8668a5e63cfdd2a6ee12cbceada807,1,
release/pixel/S169208368-GM-A35-EME-T14-S1-LH-C1-I0016-F00.png,pixel,single,512,512,PNG,302646,2778eb00ccf61340c8f8566f5a9314830c6e1ea42cbf89215d51e9c0e883134d,1,
release/pixel/S169208368-GM-A35-EME-T14-S1-LH-C1-I0054-F00.png,pixel,single,512,512,PNG,296190,17d78bb3752ae912ad40534fa7e2478465bff0f3767bf5aac7ba648bf3600a76,1,
release/pixel/S179125778-GM-A37-EME-T01-S1-LH-C1-I0055-F00.png,pixel,single,512,512,PNG,227277,c27032fe788bdb84f94d6831a1e4e95f0012fb38ffc62b0cc71eec25405bd407,1,
release/pixel/S179182026-GM-A47-EEA-T11-S1-LH-C1-I0029-F00.png,pixel,single,512,512,PNG,288417,3089b85c5ad72b493964168456f039e1d04a58f64f26aa7963d4ca3aed4611c1,1,
release/pixel/S179182026-GM-A47-EEA-T11-S1-LH-C1-I0041-F00.png,pixel,single,512,512,PNG,273546,7be7b33301326d9da2c6e4f1780a7c5674834b3168e4cbaf1a5489fd82eaddfa,1,
release/pixel/S184299974-GF-A49-EME-T10-S1-LH-C1-I0023-F00.png,pixel,single,512,512,PNG,286852,34d8d00bb09ec85e20eb84d12567f4c2e3991761e285dd45861907dc27a1fb0c,1,
release/pixel/S185880747-GF-A53-EAF-T03-S1-LH-C1-I0030-F00.png,pixel,single,512,512,PNG,302538,b024842e53ec2e573cd019a5c5bba0c620b83073901ea3b27c3ff42cf73bed33,1,
release/pixel/S187000211-GF-A54-EEA-T03-S1-LH-C1-I0063-F00.png,pixel,single,512,512,PNG,296425,d866c7c9c9dedd756db11b08bc7c1c0919eef6eb50130c8da4517f20a44ed0e5,1,
release/pixel/S18796367-GF-A93-EAF-T00-S1-LH-C1-I0045-F00.png,pixel,single,512,512,PNG,257435,65cb4a299937b1fd101f6681f8310aaf48ae30467fb7ceee2e2d29e90d6d3437,1,
release/pixel/S189019382-GF-A62-EIA-T03-S1-LH-C1-I0040-F00.png,pixel,single,512,512,PNG,301351,d6430265fbdc39830b9d66affa0615bba7298951b9e15dd9c8bf8c9c18f2d869,1,
release/pixel/S189019382-GF-A62-EIA-T03-S1-LH-C1-I0046-F00.png,pixel,single,512,512,PNG,301790,3d0d98123c609875c7a90d62e9797cd40a2e0cbb75be59b9e6e568f40c15388f,1,
release/pixel/S190036673-GF-A19-EEA-T00-S1-LH-C1-I0057-F00.png,pixel,single,512,512,PNG,296271,44b530e10a98b7addd459314cd6424479622e82e6b47df4fb0ea1beed0e083da,1,
release/pixel/S19423222-GM-A45-EAF-T14-S1-LH-C1-I0040-F00.png,pixel,single,512,512,PNG,227328,0acae77f2ca926b0a74168e6006e0be0255f7fdd007cac3d2ffeb5863e7a5f83,1,
release/pixel/S198149424-GF-A51-EEA-T13-S1-LH-C1-I0055-F00.png,pixel,single,512,512,PNG,312019,e5df2e842b73d2655674211f6ee8f0c878ad66897a099e0ba63934f3e24bed91,1,
release/pixel/S205686156-GF-A52-EAS-T01-S1-LH-C1-I0006-F00.png,pixel,single,512,512,PNG,288821,9e3bd0f00147921edc0ab40930e0680b121e4a5373a4de0983793a357c03f008,1,
release/pixel/S20939931-GF-A70-EME-T00-S1-LH-C1-I0047-F00.png,pixel,single,512,512,PNG,287986,3c924c250ee967c260f9ca38f28c0daad6228911fa3e97b26dce3bd95b6743a1,1,
release/pixel/S210555380-GF-A95-EME-T14-S1-LH-C1-I0008-F00.png,pixel,single,512,512,PNG,301435,458e09ba0ee8039b854f80c2bd7c28a763818a852e1ad6227029452c6f54bc2c,1,
release/pixel/S210555380-GF-A95-EME-T14-S1-LH-C1-I0048-F00.png,pixel,single,512,512,PNG,285605,c6c77cb2ce8a489b4e7854e36a014acb7a87fb8b431326e53e14789a4f522bba,1,
release/pixel/S21322735-GF-A99-EEA-T03-S1-LH-C1-I0004-F00.png,pixel,single,512,512,PNG,270485,5edb1e13e02b2e5f242a854d74833f0a021caefb5a2cf565074e57038c0a2172,1,
release/pixel/S219134961-GM-A51-EME-T00-S1-LH-C1-I0016-F00.png,pixel,single,512,512,PNG,256393,9a62ce2e2b91d538f28d386581149e5bc4b070abd142db56836f95eea7daa203,1,
release/pixel/S220036139-GF-A33-EME-T14-S1-LH-C1-I0048-F00.png,pixel,single,512,512,PNG,310635,1b37d01e6c50fbc92f8057376148090c65609eddfcc1c18f44d70828733ec9c3,1,
release/pixel/S229472865-GM-A49-EEA-T15-S1-LH-C1-I0053-F00.png,pixel,single,512,512,PNG,241641,87ae537fc78625fad6af8119f3141018bc3fce12c5eca39d17b23de8e0ed1f79,1,
release/pixel/S229741512-GM-A18-EEA-T01-S1-LH-C1-I0029-F00.png,pixel,single,512,512,PNG,236420,28ec6ff774a202416ce97a779cae655c0eed51eff48f20c67c51de4240d0f45c,1,
release/pixel/S231352223-GF-A49-EEA-T14-S1-LH-C1-I0011-F00.png,pixel,single,512,512,PNG,285203,01a570451bfccf6669a2352b6dbab9a7a56ead76a88a96718a7ce094e051f184,1,
release/pixel/S231352223-GF-A49-EEA-T14-S1-LH-C1-I0027-F00.png,pixel,single,512,512,PNG,289438,068062be2c18af06fd3ed5f1efd18e4f3462110a1299a2556220e4f3fce2a44d,1,
release/pixel/S236474674-GF-A94-EEA-T14-S1-LH-C1-I0061-F00.png,pixel,single,512,512,PNG,265230,0bbf6c04e1a1afe44f778c87c11ad311fc3cf86df1924c4f17350b953591be25,1,
release/pixel/S240935283-GM-A93-EEA-T01-S1-LH-C1-I0022-F00.png,pixel,single,512,512,PNG,300679,691eb3722c6f513bef7e8a7554145f9b95e9542c2e727d2cec8ca827f175c5a6,1,
release/pixel/S245655911-GM-A99-EIA-T14-S1-LH-C1-I0023-F00.png,pixel,single,512,512,PNG,310156,28c53dd3eaaf506ce780e64333d1fd0c5dedd5c3f0260d050eefa9c8f48b6cb2,1,
release/pixel/S247603526-GM-A30-EEA-T13-S1-LH-C1-I0041-F00.png,pixel,single,512,512,PNG,226962,9e95b26bdc649dd8ce005cbd674f145f363d1c5328f40e911087a25273937134,1,
release/pixel/S248968574-GM-A81-EAS-T14-S1-LH-C1-I0022-F00.png,pixel,single,512,512,PNG,254854,d32126676b8089e24c6805f5c6ac062d07f5bf02ef12bc229f493957b02902aa,1,
release/pixel/S25038292-GF-A59-EAF-T03-S1-LH-C1-I0041-F00.png,pixel,single,512,512,PNG,292164,e5a14bddf32fc1f2fb86343f83efcd1821b145ce81fe1101fd3908ef8b7f5959,1,
release/pixel/S259395943-GF-A59-EME-T14-S1-LH-C1-I0009-F00.png,pixel,single,512,512,PNG,253020,31357e726830319cfd37d612ff7c14184dd1af3be4e358b40946564ec72a0613,1,
release/pixel/S261182015-GM-A24-EEA-T01-S1-LH-C1-I0011-F00.png,pixel,single,512,512,PNG,254760,910efa7a9a2f3290537d56b96a431711d92381b1310c8d8cdec7afcffca189ac,1,
release/pixel/S264396021-GM-A30-EAS-T14-S1-LH-C1-I0047-F00.png,pixel,single,512,512,PNG,254493,c7fa5b635c664458bb57d4998669f8f04eea68d2ea5b07dc0b873a8923ed5c24,1,
release/pixel/S265934537-GF-A26-EAS-T14-S1-LH-C1-I0063-F00.png,pixel,single,512,512,PNG,236269,593f75fb45a97c5d2d34a88b7cfb74a056b342eb054ca02eed398bb7a2c42cd3,1,
release/pixel/S268137029-GF-A39-EME-T01-S1-LH-C1-I0016-F00.png,pixel,single,512,512,PNG,321173,1a8df0b58bd484b06d77604e98b21ec3f4dd7bfa6a1aa839a5d95bca88639c9f,1,
release/pixel/S268183923-GN-A24-EAF-T14-S1-LH-C1-I0053-F00.png,pixel,single,512,512,PNG,247276,936414643a8a09f1ae190d12bf2b050720f8c6a94ff28cdf1122a1ab8feecf89,1,
release/pixel/S274652534-GF-A22-EEA-T01-S1-LH-C1-I0003-F00.png,pixel,single,512,512,PNG,267242,5dc51b434bf6c175834c77ad0027e67ce8e0d61e9d5b55c0c9d2cb17557857dc,1,
release/pixel/S274869653-GF-A68-EAS-T03-S1-LH-C1-I0003-F00.png,pixel,single,512,512,PNG,287701,edc77c56f5a9fe6cca999eb12c7af476c22fe1e79495de51e32c9a9bf3de2a50,1,
release/pixel/S279879625-GF-A55-EAF-T00-S1-LH-C1-I0037-F00.png,pixel,single,512,512,PNG,288837,bec011083cef4653835ce6e119389202eae6cdf9af322f968d93c52b600fbba0,1,
release/pixel/S285023719-GF-A24-EEA-T00-S1-LH-C1-I0022-F00.png,pixel,single,512,512,PNG,240073,644f072bfb32f0943bda9b57a09a3a9af71335d80b5f9306705c626a6b930c72,1,
release/pixel/S287510944-GF-A29-EME-T01-S1-LH-C1-I0059-F00.png,pixel,single,512,512,PNG,293198,b94755e130168ae6e1da35ac23808cb86b89f0ada075bba7be7dbf08fb8cfd61,1,
release/pixel/S289919415-GF-A46-EEA-T14-S1-LH-C1-I0060-F00.png,pixel,single,512,512,PNG,260758,5db5dad2249e1c4a2794ea01295eaca02ae65d51e8bd9ba1c546a1cc85220bd8,1,
release/pixel/S300524837-GM-A42-EEA-T01-S1-LH-C1-I0008-F00.png,pixel,single,512,512,PNG,282536,6886d9893f3faf4694b857326644c42f2c5c04a6e6290a446b458449f1294adb,1,
release/pixel/S303695349-GM-A23-EEA-T03-S1-LH-C1-I0002-F00.png,pixel,single,512,512,PNG,253731,a32b8da24e1240e33c3f43cb535ad3ee4a5106d4e57c3111236295e4b7b0379c,1,
release/pixel/S303695349-GM-A23-EEA-T03-S1-LH-C1-I0029-F00.png,pixel,single,512,512,PNG,245003,2a0b8399bdbb4c44703dca1f9e0ed5ecd58823d14f97239aebe441e2de9b34db,1,
release/pixel/S303695349-GM-A23-EEA-T03-S1-LH-C1-I0041-F00.png,pixel,single,512,512,PNG,244177,27a0f078b4b075bf044c46c8829bc3716a5f9ad533156b42f7fc3ead68d1866a,1,
release/pixel/S311145231-GF-A53-EAF-T03-S1-LH-C1-I0062-F00.png,pixel,single,512,512,PNG,312489,680a37103a1dad060328f28e1d5c1e5c66c548740b2041a464af281440ce53cb,1,
release/pixel/S313264566-GM-A81-EAF-T14-S1-LH-C1-I0008-F00.png,pixel,single,512,512,PNG,248888,5ae9de32fdf94ba03a760cb1c356ce263ac4a461a2ef6d2bd98061a67e3c109c,1,
release/pixel/S313264566-GM-A81-EAF-T14-S1-LH-C1-I0059-F00.png,pixel,single,512,512,PNG,272325,74095e5cc60e3a99cd6cd58d99386b38ef4e3c9569c741b149b71f3b5d9009e6,1,
release/pixel/S316988909-GF-A99-EIA-T10-S1-LH-C1-I0040-F00.png,pixel,single,512,512,PNG,267845,f752323cdcb5fc569ea590f84e0e3679ca8dcf025e6d9ba74f994385ff2a2a10,1,
release/pixel/S319441451-GF-A19-EAS-T01-S1-LH-C1-I0006-F00.png,pixel,single,512,512,PNG,288671,ca24f87ae6556701f214d983951759e4a3da84b5e4f65ce38ab5775d7d91e754,1,
release/pixel/S320892356-GF-A70-EIA-T03-S1-LH-C1-I0021-F00.png,pixel,single,512,512,PNG,303694,174888a10130269fce6f6887ba07671776600a4569c1907f7f4cdf99cc32c099,1,
release/pixel/S32440074-GF-A23-EIA-T15-S1-LH-C1-I0012-F00.png,pixel,single,512,512,PNG,279332,c09b9b2ce10f59e5caa69637132264064029b5a2ecd2a4d1847420757f355854,1,
release/pixel/S325074401-GF-A50-EAS-T03-S1-LH-C1-I0044-F00.png,pixel,single,512,512,PNG,260366,8f7b69861221017572ef306e31e1f76e614397e153fb9c3a3d62bd4b7b54ef22,1,
release/pixel/S334613033-GM-A58-EAF-T14-S1-LH-C1-I0047-F00.png,pixel,single,512,512,PNG,318574,77470586b1d3f650570a6305bfc89c42639c55c22b50a58aee4460237551b0c3,1,
release/pixel/S334697091-GM-A32-EAS-T14-S1-LH-C1-I0031-F00.png,pixel,single,512,512,PNG,202043,b73b00b097131b32b8ea2be7cad9b30db9118e6035b6f3bc039153dc6934415d,1,
release/pixel/S335757255-GF-A30-EME-T14-S1-LH-C1-I0002-F00.png,pixel,single,512,512,PNG,292283,e29d7fb2a95c200805c8f6e9574bade987765486a64c7829f7494a0b8888d2f8,1,
release/pixel/S336053665-GF-A75-EME-T13-S1-LH-C1-I0037-F00.png,pixel,single,512,512,PNG,254839,768de38c3dcf9aea6e671f4fd1fb72e527fd05f9f59ac43e3dc82072486556d6,1,
release/pixel/S340675536-GF-A37-EEA-T14-S1-LH-C1-I0052-F00.png,pixel,single,512,512,PNG,232205,299526920805bda5b662cb3f035773472ac58c1fbf5dc4302be74e22d9bef09e,1,
release/pixel/S343616415-GF-A69-EEA-T03-S1-LH-C1-I0056-F00.png,pixel,single,512,512,PNG,268935,dbce775c29eb5f16273a1ef0c55a4a9defc14c63dbbf8283c35bc0fd2099f040,1,
release/pixel/S343899513-GM-A51-EME-T01-S1-LH-C1-I0048-F00.png,pixel,single,512,512,PNG,313623,f3ba9ffb7d9b16ace9da8ac1f7b112b9a5142716e0dd0034fd50644f8d86732f,1,
release/pixel/S345601750-GF-A64-EEA-T03-S1-LH-C1-I0032-F00.png,pixel,single,512,512,PNG,307844,f484872939cd6b0cc1136742d9caf629058caee8f3f4d78532fffdc8da12d6f3,1,
release/pixel/S345601750-GF-A64-EEA-T03-S1-LH-C1-I0055-F00.png,pixel,single,512,512,PNG,302905,a0ae0ee55671f75655b8f291a96b7c0ea35444619e623aea7a7a0f6f1ca3fd29,1,
release/pixel/S347571913-GM-A24-EEA-T13-S1-LH-C1-I0054-F00.png,pixel,single,512,512,PNG,284169,8cce5f4d347a2bbdfd777447ea3d0f1cf168a0f2a038684c4cc274ec3254ab3b,1,
release/pixel/S354713116-GF-A60-EAF-T14-S1-LH-C1-I0000-F00.png,pixel,single,512,512,PNG,314676,6e2628ff7fdf851ad9311328eb3940dfedb4acf9d720ac842e769c0339babceb,1,
release/pixel/S354713116-GF-A60-EAF-T14-S1-LH-C1-I0004-F00.png,pixel,single,512,512,PNG,301361,2d918182e664e4c219b5308635ff843c6b63e89f19359afe41f2f35b05296a65,1,
release/pixel/S354713116-GF-A60-EAF-T14-S1-LH-C1-I0011-F00.png,pixel,single,512,512,PNG,309249,2bc5a5945a61a615bd378ea3da481ee1938653af4fb7b90c620f4b83699cd05f,1,
release/pixel/S354713116-GF-A60-EAF-T14-S1-LH-C1-I0063-F00.png,pixel,single,512,512,PNG,320181,3255d436b3e3393c56debd8c072569ad34dffc130a38933f9219b6dc8bcc1b44,1,
release/pixel/S358652822-GF-A41-EEA-T01-S1-LH-C1-I0006-F00.png,pixel,single,512,512,PNG,285908,6a61fd71fc582d4a59b0849789042ab3fc7f1474c1ddcbbf2a69c698d1dfcfab,1,
release/pixel/S364995244-GM-A24-EEA-T03-S1-LH-C1-I0015-F00.png,pixel,single,512,512,PNG,286071,5ffc6bae4272a3d8f19d2e6e7080c3a9be470b2c4a837b8fc650f60d97ca79f9,1,
release/pixel/S370286626-GF-A59-EEA-T00-S1-LH-C1-I0061-F00.png,pixel,single,512,512,PNG,311480,83419099ee72586ca42e91fb9ba93d30f45386dff4fec8acde5caf1c230181f2,1,
release/pixel/S371797493-GM-A29-EEA-T14-S1-LH-C1-I0043-F00.png,pixel,single,512,512,PNG,277011,53095e17fecefc3a743fcda91917d8961d0b364d4d9cd0f6b3c734e22c792b87,1,
release/pixel/S373793896-GM-A22-EEA-T14-S1-LH-C1-I0035-F00.png,pixel,single,512,512,PNG,278190,cbeabda5a4d4ae18e48ceff07275dc7f1d55a4a86004e4dfd7c05d144dc90cee,1,
release/pixel/S37396139-GF-A51-EEA-T14-S1-LH-C1-I0018-F00.png,pixel,single,512,512,PNG,291359,80da0864d11d6d151d86f81d854653b8873fb87662dee5f021f5ea96745e74d6,1,
release/pixel/S37396139-GF-A51-EEA-T14-S1-LH-C1-I0048-F00.png,pixel,single,512,512,PNG,307543,4272c7bee48795aeac3d637221def4e3e1d3a4116dcb0c59f8f13fcf21924538,1,
release/pixel/S375545605-GM-A47-EEA-T00-S1-LH-C1-I0004-F00.png,pixel,single,512,512,PNG,283853,530b8839f2f57827e9d0bc67a6c380277517eaf5db32f83396c1ad5b4afc1649,1,
release/pixel/S375545605-GM-A47-EEA-T00-S1-LH-C1-I0022-F00.png,pixel,single,512,512,PNG,278039,c1974b0d5e15a6be85311df83ec7b02ba48ac9546378fca3142392fe2d7bf519,1,
release/pixel/S375545605-GM-A47-EEA-T00-S1-LH-C1-I0027-F00.png,pixel,single,512,512,PNG,294190,b42533a9e2f9f8d788b5b7cd48ccd848e257f8aca7c1ec5a652b9eaab065e34a,1,
release/pixel/S375545605-GM-A47-EEA-T00-S1-LH-C1-I0049-F00.png,pixel,single,512,512,PNG,300753,6cd6b13bf202d5b2ecbec3253bafe61dfad2737476de02ea383ce2083a5774a7,1,
release/pixel/S376287613-GF-A19-EAF-T14-S1-LH-C1-I0011-F00.png,pixel,single,512,512,PNG,250782,20daa7de7f963ad9406c61a8cbbeaeb7a561e8b319edbf9d7a49c7e205cb8e54,1,
release/pixel/S377896724-GF-A29-EEA-T10-S1-LH-C1-I0028-F00.png,pixel,single,512,512,PNG,215624,bfcce45a5eb1330ba8c9aa84a1e2c6ebbb9e214ffbd6d8dd926214e6a992ae75,1,
release/pixel/S380795387-GF-A58-EEA-T14-S1-LH-C1-I0035-F00.png,pixel,single,512,512,PNG,256800,61d382ee3631bbca487f1ee52cab82fd2fe60c38332dcb17b856846e3a542d8f,1,
release/pixel/S382037204-GF-A89-EEA-T03-S1-LH-C1-I0006-F00.png,pixel,single,512,512,PNG,273404,fecda46e42dfcf2117ac0d6aea3c35d881694e6f0744a1d1f0746e16f156131c,1,
release/pixel/S384793007-GF-A62-EEA-T01-S1-LH-C1-I0006-F00.png,pixel,single,512,512,PNG,226434,cb7314912c362d42cafe936e20ee19abe1357f0aaa333b63c0a112b035a4ba01,1,
release/pixel/S388546914-GF-A50-EEA-T14-S1-LH-C1-I0025-F00.png,pixel,single,512,512,PNG,278520,5ea7220c959d943c2c180f11500826b6f4d9128ee4845d1851b3e0729422047e,1,
release/pixel/S39379132-GF-A54-EEA-T15-S1-LH-C1-I0056-F00.png,pixel,single,512,512,PNG,274137,fcac042ac6e108f107729e9355511e73d95c84cfe401abdc871e30687a79d06f,1,
release/pixel/S394313530-GF-A45-EEA-T03-S1-LH-C1-I0050-F00.png,pixel,single,512,512,PNG,305082,7eaca708aa238f96b0112c0ea94eead223ca619a54b066c4eb6500b07a87aa78,1,
release/pixel/S395744997-GF-A18-EEA-T01-S1-LH-C1-I0002-F00.png,pixel,single,512,512,PNG,307133,aa9b58ae2b9cac4ea2a8530a47091840beacf72a1e10205215f8d6b5b2eeb9ec,1,
release/pixel/S39590804-GM-A53-EEA-T03-S1-LH-C1-I0045-F00.png,pixel,single,512,512,PNG,284769,e72e018b88462329588c9494b4398e676a06f632f6903053cb1acc83d00319ca,1,
release/pixel/S397228464-GF-A72-EEA-T03-S1-LH-C1-I0009-F00.png,pixel,single,512,512,PNG,293904,335934a25f322749ce977b3a4fb90c9537131735a2a565827474726d97b5ddeb,1,
release/pixel/S402397961-GF-A82-EEA-T00-S1-LH-C1-I0029-F00.png,pixel,single,512,512,PNG,277933,6dce83640a644754f5ccd58d6de48017d0f28dd323dec8903df6fee1f86bf4e3,1,
release/pixel/S402992794-GF-A60-EEA-T14-S1-LH-C1-I0010-F00.png,pixel,single,512,512,PNG,300836,6e4d68768edc283d47d2feba80638afbf1bb482ed45dbd253c244c506acc35cf,1,
release/pixel/S407285746-GF-A18-EAF-T13-S1-LH-C1-I0047-F00.png,pixel,single,512,512,PNG,298129,8a30a43fd8ae3d688a043c3a77afc2306a0609e12257cb6f2be2625bf38d1f6c,1,
release/pixel/S409626024-GM-A29-EEA-T11-S1-LH-C1-I0000-F00.png,pixel,single,512,512,PNG,177548,14da50b8d0c66e2e630b9a6d83b03c229371583dcd5be0cd089a18233c3ede94,1,
release/pixel/S411588159-GF-A21-EEA-T03-S1-LH-C1-I0033-F00.png,pixel,single,512,512,PNG,258975,bab6ea67cdecc1c045acb2c4a6407a32f90395526032985544a30e5292299deb,1,
release/pixel/S412637027-GM-A93-EME-T01-S1-LH-C1-I0061-F00.png,pixel,single,512,512,PNG,286402,a27cbda4aef0edb67752a24c1a0537777b6486eb91e5158c1ab774a6471c76e2,1,
release/pixel/S415761895-GF-A62-EAS-T03-S1-LH-C1-I0005-F00.png,pixel,single,512,512,PNG,249670,8cae0ea7272485e79947d9f4b7a197e1ac2a77d4782ec2874675df5f8628c493,1,
release/pixel/S422234801-GM-A19-EAS-T14-S1-LH-C1-I0050-F00.png,pixel,single,512,512,PNG,272886,b6af8cccffdd951894c53a94fc78e4bac8d2442036e5af1d62ec723146003156,1,
release/pixel/S426127418-GF-A48-EEA-T03-S1-LH-C1-I0043-F00.png,pixel,single,512,512,PNG,302463,5cd2054ea19b5f66f1427a3f9f331965d5ba773ec44b616eb028a87b6a403d3b,1,
release/pixel/S43189665-GF-A47-EME-T13-S1-LH-C1-I0035-F00.png,pixel,single,512,512,PNG,289624,a2cce2794add739363841e7d06179c852d267d949f6655ac80596cbdc6fa4e7d,1,
release/pixel/S43416355-GF-A63-EAS-T03-S1-LH-C1-I0018-F00.png,pixel,single,512,512,PNG,236983,3732f649851ccdd9e3ed2ced16846a983781c4a55e7972ccbd47f31d8583a3a0,1,
release/pixel/S442640043-GF-A83-EEA-T01-S1-LH-C1-I0015-F00.png,pixel,single,512,512,PNG,285308,b96c7f182fca5e9cff7b4ef20cfd397884c33d06c0bdfb6ff385d8b6b0801270,1,
release/pixel/S44577521-GM-A92-EME-T14-S1-LH-C1-I0012-F00.png,pixel,single,512,512,PNG,254955,a6db898d1c5a1e2130dd3d454511c3d43479037a7fe0518a8f9dbc4e6f871c24,1,
release/pixel/S44577521-GM-A92-EME-T14-S1-LH-C1-I0041-F00.png,pixel,single,512,512,PNG,258688,abd6a1854badaf33b42cb4f3e5e34a3674b1dcfeaa60a12f716a4605ae90a441,1,
release/pixel/S457681878-GF-A95-EEA-T14-S1-LH-C1-I0017-F00.png,pixel,single,512,512,PNG,297643,5ccf491f5dbeb1bc3803e08ad66b18e28dd84787af46464305dd16885d8225d5,1,
release/pixel/S464252649-GM-A60-EEA-T15-S1-LH-C1-I0045-F00.png,pixel,single,512,512,PNG,253106,48abc3bf5cdad42c86946a6f09aa17ace42a8f216afe8139f97682b4331df89c,1,
release/pixel/S472012617-GM-A63-EEA-T01-S1-LH-C1-I0014-F00.png,pixel,single,512,512,PNG,271217,42dcffa82abbd6d1f6c6ad88c5dda9bc06a0b2c32bc89fb58d6bfe5d6b2d6ced,1,
release/pixel/S472012617-GM-A63-EEA-T01-S1-LH-C1-I0022-F00.png,pixel,single,512,512,PNG,306188,34d2c2fa4181756ad1c12db7d745f87b395d10883527228789a7498ff63ef991,1,
release/pixel/S475499547-GM-A26-EME-T01-S1-LH-C1-I0029-F00.png,pixel,single,512,512,PNG,297802,466c1acb5551ff359c11e2dea967e762980be4e0bf91dc10b31ae8897e60a9aa,1,
release/pixel/S477281279-GF-A30-EME-T14-S1-LH-C1-I0058-F00.png,pixel,single,512,512,PNG,289010,7ce3a5baf187120ea16ac12fdcfa97d75bb2e138204e613a74fefdde23a9b1e6,1,
release/pixel/S480910045-GF-A90-EME-T11-S1-LH-C1-I0003-F00.png,pixel,single,512,512,PNG,272049,dfeef130c84702a0d899799a6de1aa3d6ff7543bda50d0ded5f4668ba576d8f2,1,
release/pixel/S482766020-GF-A40-EAS-T15-S1-LH-C1-I0060-F00.png,pixel,single,512,512,PNG,263483,670b653bfec22bda90855f9f567670d84cc137116a24a9c3c3a1a90ed47fa987,1,
release/pixel/S493184426-GF-A19-EAF-T00-S1-LH-C1-I0000-F00.png,pixel,single,512,512,PNG,255595,67c3aead9a382ce7b360c4b5188419a257bed62cfe3b282ef15e6851ac47ecea,1,
release/pixel/S495166625-GF-A58-EAS-T14-S1-LH-C1-I0053-F00.png,pixel,single,512,512,PNG,278568,3b6aae7c17292b47f540f4fe22ced3daf9be07ea31425aa8431e532cb556d5d1,1,
release/pixel/S50180802-GM-A26-EEA-T00-S1-LH-C1-I0055-F00.png,pixel,single,512,512,PNG,285288,a5f05dd7447b6a8e62b0d2a10f04f606bd35cda3c26b49ad66120b4ee8e437f5,1,
release/pixel/S504201509-GF-A50-EME-T14-S1-LH-C1-I0001-F00.png,pixel,single,512,512,PNG,279970,5d4b990b1223f35797475eafd03d7c8960675dd9252f2577bc2e83cadea390e0,1,
release/pixel/S506465236-GM-A41-EEA-T00-S1-LH-C1-I0013-F00.png,pixel,single,512,512,PNG,268207,e8e806f8379a9db8c1b1b2353adbaa31c0027a95266a121201380f43e5680f4e,1,
release/pixel/S508947155-GF-A84-EAF-T01-S1-LH-C1-I0013-F00.png,pixel,single,512,512,PNG,260067,5fb9be41ebc53cb951fded72b29dc8c3087798ce605b39090d18ee08e1a823fb,1,
release/pixel/S508947155-GF-A84-EAF-T01-S1-LH-C1-I0030-F00.png,pixel,single,512,512,PNG,267983,96b99545c5a0da73b7d3e1148760de1919b1cee9eff1e53be4d8b6af0c5b8da1,1,
release/pixel/S508947155-GF-A84-EAF-T01-S1-LH-C1-I0033-F00.png,pixel,single,512,512,PNG,272112,0c9158ef5547689b5c7b7f003afeffbe65f80b2f9dc5ebb31564d97e5e0fbf9c,1,
release/pixel/S508947155-GF-A84-EAF-T01-S1-LH-C1-I0054-F00.png,pixel,single,512,512,PNG,279190,a9b7cfa7fa353d314e3c74b11a32e007813380ffaaff80c262cf63929da51db5,1,
release/pixel/S510917796-GF-A21-EME-T03-S1-LH-C1-I0042-F00.png,pixel,single,512,512,PNG,298333,08cfbdc9eb81b976b7597e1898da7c7fece51784ce1225463390df08a1aa6758,1,
release/pixel/S514677740-GM-A43-EME-T03-S1-LH-C1-I0021-F00.png,pixel,single,512,512,PNG,298200,46677a56d13fd3a2c7e3d540960397fcfd3742c8c3a000177b6b9c70638fe388,1,
release/pixel/S51891071-GM-A63-EEA-T03-S1-LH-C1-I0028-F00.png,pixel,single,512,512,PNG,297115,16ca7bffa8e21c7255bd8282415dab0b29199b21500ed69cee9f4b9858cb4b8e,1,
release/pixel/S519335789-GF-A87-EAF-T14-S1-LH-C1-I0012-F00.png,pixel,single,512,512,PNG,260158,eb6ab9152d46bf05e8babb65ae5e9ec1b6a075fb6e03815d18b00aff30d4283a,1,
release/pixel/S520464077-GF-A50-EEA-T00-S1-LH-C1-I0049-F00.png,pixel,single,512,512,PNG,315185,afd46c9ebd9d53d39dd74fd7498bea3df50bc540a8076e84705bbf5ed4ef4bcb,1,
release/pixel/S520464077-GF-A50-EEA-T00-S1-LH-C1-I0055-F00.png,pixel,single,512,512,PNG,287039,76f4c3ff70594696104122d5dd223a66b6c688896edbab623f7cd4d58ac219ad,1,
release/pixel/S526642813-GF-A73-EAF-T03-S1-LH-C1-I0033-F00.png,pixel,single,512,512,PNG,226174,448a7414676685f1610a82ccaff4d094f077f3638d28841f39eb46957dd6f08f,1,
release/pixel/S526642813-GF-A73-EAF-T03-S1-LH-C1-I0036-F00.png,pixel,single,512,512,PNG,238761,e0d9d3db81d1df7b7de26aa7baa27802b0cfef148ec8bb779467f6b51cd71064,1,
release/pixel/S528079409-GM-A46-EEA-T11-S1-LH-C1-I0009-F00.png,pixel,single,512,512,PNG,241160,24b1a93161785c18dcd1be1938b8611fd2e36e4001c92bda8189c21462ce8ce5,1,
release/pixel/S533819468-GM-A53-EIA-T14-S1-LH-C1-I0007-F00.png,pixel,single,512,512,PNG,324825,e2c5b9cc1d68d88aab32ee5ae82e0250112701118af090951b8033908a3ff0e5,1,
release/pixel/S535874367-GF-A18-EEA-T14-S1-LH-C1-I0059-F00.png,pixel,single,512,512,PNG,302403,6d22445ed752d6b65ed65591f89a421aa7f855200391841cac366c7709d11b03,1,
release/pixel/S536119263-GM-A46-EEA-T11-S1-LH-C1-I0063-F00.png,pixel,single,512,512,PNG,234384,83c612c24d3f8798bca81124d63623a3ab6028ba88e5c24e4e5a21e88cf3d398,1,
release/pixel/S537195914-GF-A56-EME-T03-S1-LH-C1-I0040-F00.png,pixel,single,512,512,PNG,308282,47a70ba7ab3280cb691f36634fb1d5aa768446d28378a54efa1e77fc45f2f1eb,1,
release/pixel/S554872844-GF-A81-EIA-T00-S1-LH-C1-I0062-F00.png,pixel,single,512,512,PNG,194019,4e9de5890d0adb65d04c17d28176cd66c25ddf051f413f9c2123cc3470c834b7,1,
release/pixel/S557350179-GF-A53-EAS-T03-S1-LH-C1-I0005-F00.png,pixel,single,512,512,PNG,299826,b79024cd9a3975dfc5d5cc66c33f0ef6cbbbf81f93d8e5a22551e21378bb1707,1,
release/pixel/S560191384-GF-A51-EEA-T01-S1-LH-C1-I0033-F00.png,pixel,single,512,512,PNG,270229,464de737394394ed2f5079b529a60abbfe78490a83c336016f2ed4e9db1552e4,1,
release/pixel/S561424111-GM-A25-EME-T14-S1-LH-C1-I0010-F00.png,pixel,single,512,512,PNG,253844,01c67ac8fb2086c88061fbf7ef6aa237d7604ffe46f289862679eb5f757dc5b0,1,
release/pixel/S562599431-GM-A42-EEA-T00-S1-LH-C1-I0036-F00.png,pixel,single,512,512,PNG,218252,f57ecc8c3fc6b433bb25e14fb058fc77a629923694f7737da3d5ff8524753020,1,
release/pixel/S564127454-GF-A22-EAS-T03-S1-LH-C1-I0009-F00.png,pixel,single,512,512,PNG,301582,96daca531666bf1c5ecaf160ca2f1ff71f509b7d6f86da9836af93e4d0f70cd4,1,
release/pixel/S567149942-GF-A85-EEA-T00-S1-LH-C1-I0039-F00.png,pixel,single,512,512,PNG,252783,3b23aa30d4181e10c3854357e69c69337b8971f4e74cfcdc2aad15782ddaaa4d,1,
release/pixel/S567149942-GF-A85-EEA-T00-S1-LH-C1-I0061-F00.png,pixel,single,512,512,PNG,238978,06fa4aecba17b95122f0422cf327c978cd57d4b66241fa50f52a64a807a42d5e,1,
release/pixel/S567565556-GF-A43-EME-T01-S1-LH-C1-I0057-F00.png,pixel,single,512,512,PNG,319360,496335739d194eb07ced253485a2c88c1c4a92fa9d32b5d114ac0cfa6bc1a69c,1,
release/pixel/S571336030-GM-A48-EIA-T01-S1-LH-C1-I0034-F00.png,pixel,single,512,512,PNG,217006,be1e86f5afe05721ae65e9b1aa0a6e8a923fd7022f5eb547ae0e9923ec7db170,1,
release/pixel/S571571794-GM-A57-EEA-T03-S1-LH-C1-I0016-F00.png,pixel,single,512,512,PNG,261515,10602dd64e7352320bd0c3c5b975dc75b33eb45d16e2b7277b2ece70fc17eacb,1,
release/pixel/S574280680-GF-A53-EME-T03-S1-LH-C1-I0005-F00.png,pixel,single,512,512,PNG,314945,04529aac4e94105c6e467753947c560c249f995eacb2316050308cadcac8e590,1,
release/pixel/S574761980-GF-A38-EEA-T14-S1-LH-C1-I0044-F00.png,pixel,single,512,512,PNG,215790,1f6f5dca778553d19ae5312ed1bd0346d2e85fa16e2c352c8ea1054659f41d2c,1,
release/pixel/S577181289-GF-A97-EME-T00-S1-LH-C1-I0056-F00.png,pixel,single,512,512,PNG,299979,e40dbb0ea795c6ca56cb9deb0e7a4e6d2c0face03fc1310cc1f4de8510b90c40,1,
release/pixel/S578152615-GM-A42-EEA-T03-S1-LH-C1-I0011-F00.png,pixel,single,512,512,PNG,273589,2e20a238ff0dc05381556e0c1865f83b83bd592b1ef66ee9775addaf8a085998,1,
release/pixel/S590103000-GF-A47-EEA-T01-S1-LH-C1-I0045-F00.png,pixel,single,512,512,PNG,311602,5159f648436978eb88963d9c2539758b9cc17159368193c47a5e2bcb4e18948c,1,
release/pixel/S590103000-GF-A47-EEA-T01-S1-LH-C1-I0047-F00.png,pixel,single,512,512,PNG,285632,e7a62d94fbc167c9e8dbdc85349e0fb6f0ed515a85b4e2f7f2e67a5de439e432,1,
release/pixel/S590103000-GF-A47-EEA-T01-S1-LH-C1-I0056-F00.png,pixel,single,512,512,PNG,305827,8c48f73445c8fc74ed9fef70fde93158850bb477d3f8add03080ec27330df9c5,1,
release/pixel/S590103000-GF-A47-EEA-T01-S1-LH-C1-I0063-F00.png,pixel,single,512,512,PNG,316783,240f5b6a57f0b71f5ac2ed9d525c455bb54eeec8123d3ebf0681cd1e00b702d0,1,
release/pixel/S592147976-GF-A52-EEA-T00-S1-LH-C1-I0049-F00.png,pixel,single,512,512,PNG,256523,cb9bee070f99547092b2331e0155b31e5e94e86605e15c47aa9c2f7d62fc36b5,1,
release/pixel/S598532466-GM-A87-EME-T14-S1-LH-C1-I0025-F00.png,pixel,single,512,512,PNG,255769,65a874b74143cefb6a373ea794decc79007176b4099d6fcb3b14f781b0eae097,1,
release/pixel/S606909976-GF-A59-EEA-T01-S1-LH-C1-I0035-F00.png,pixel,single,512,512,PNG,291809,b5afed15b220662b2dff9a3ec6c4d79dd877e8edbb036b2b15bf1d69a605bff3,1,
release/pixel/S616053079-GF-A33-EEA-T00-S1-LH-C1-I0038-F00.png,pixel,single,512,512,PNG,303476,4e5266f0093f0d345b5af33afa3500a1a71a6e4bcfc973c81d367920b8acc56a,1,
release/pixel/S616105557-GF-A58-EEA-T11-S1-LH-C1-I0042-F00.png,pixel,single,512,512,PNG,215216,65b48963360387574eef24c807356ea4a4136a18d8cb31ded0cb916def4e7a0c,1,
release/pixel/S618974755-GM-A24-EEA-T00-S1-LH-C1-I0045-F00.png,pixel,single,512,512,PNG,267000,df9bda74ef052da809f8011b6e3201ec8c965bbe680abbce81f93e7851c4e5a0,1,
release/pixel/S621920790-GF-A25-EEA-T13-S1-LH-C1-I0005-F00.png,pixel,single,512,512,PNG,292054,9389efd4081d2bf117099bc4fefa4e58ea71435dbb71f2d00205f698a0d35a07,1,
release/pixel/S622813751-GM-A67-EAF-T01-S1-LH-C1-I0021-F00.png,pixel,single,512,512,PNG,282428,9046ca4cea3aa2fc16dd0c65aa6e89b021dee646627c09b37edd387405295813,1,
release/pixel/S62389544-GF-A82-EEA-T14-S1-LH-C1-I0050-F00.png,pixel,single,512,512,PNG,226069,7c6f6beb649f932fe6d947a9c19919d3aea4c4b432c6d6149d3de6846c1ca1f3,1,
release/pixel/S640440409-GF-A40-EME-T14-S1-LH-C1-I0001-F00.png,pixel,single,512,512,PNG,340319,85a5fd37a856cbebc12bd49a0a29ea4ae8216a0ce875d5b653e7fe179920d298,1,
release/pixel/S641100116-GM-A97-EEA-T14-S1-LH-C1-I0060-F00.png,pixel,single,512,512,PNG,261502,81657dfb41a6c12e130c7856b9bd13ebd333df2778c65559c127861b2134aa29,1,
release/pixel/S6470524-GF-A29-EAS-T14-S1-LH-C1-I0059-F00.png,pixel,single,512,512,PNG,255453,fbcbd8c642c73833773d4758440254cdaf5fe6ad7dfbf3d7a71bbb91d40930a1,1,
release/pixel/S647458820-GF-A61-EAF-T03-S1-LH-C1-I0003-F00.png,pixel,single,512,512,PNG,272972,21dd61ed2562f3736ceaa964a2429ed72b8c76e3916abaf864f00e43c1eb32fc,1,
release/pixel/S653507002-GM-A51-EME-T03-S1-LH-C1-I0023-F00.png,pixel,single,512,512,PNG,320139,6024aa7bec78e8e7760263599a73d8971667610f7acc73173bce59b3cbe0adbf,1,
release/pixel/S653507002-GM-A51-EME-T03-S1-LH-C1-I0063-F00.png,pixel,single,512,512,PNG,305260,8af72a30db637e0cdfc4f8734ac547931fddb974e8803fed5bab23c5252e347e,1,
release/pixel/S664246838-GF-A21-EEA-T11-S1-LH-C1-I0004-F00.png,pixel,single,512,512,PNG,325152,ba99500c27fbca0307b9276a1538516c74791f4a87d4feab7f003a3c6a1ba66b,1,
release/pixel/S664246838-GF-A21-EEA-T11-S1-LH-C1-I0019-F00.png,pixel,single,512,512,PNG,311368,a09ffe0aa55bd44a3e363979d8b1f39d9806ce336246c10e7108dba12d5f59e9,1,
release/pixel/S664545006-GF-A28-EIA-T14-S1-LH-C1-I0033-F00.png,pixel,single,512,512,PNG,262338,e5af42fd84a6c8a78b7ed0382e1ae668d91d8bec5b7f421fe179018a12fb6134,1,
release/pixel/S669973447-GM-A20-EEA-T00-S1-LH-C1-I0000-F00.png,pixel,single,512,512,PNG,269077,ce947ab9b9df642ccda4e35088d512a64b539dd0efdeabe63a7cf22b4d9629fb,1,
release/pixel/S669973447-GM-A20-EEA-T00-S1-LH-C1-I0016-F00.png,pixel,single,512,512,PNG,265452,efe413c6e945384ea6d61d83baf82635e3c15be492c12d174ddad9e9b2d60c6e,1,
release/pixel/S670711149-GF-A47-EEA-T00-S1-LH-C1-I0025-F00.png,pixel,single,512,512,PNG,237252,c2e32c2e5119c22f5b726f9f7cdea9a2a401a1de91682a8ae49ecde1960916b2,1,
release/pixel/S673442144-GF-A53-EEA-T01-S1-LH-C1-I0002-F00.png,pixel,single,512,512,PNG,296789,c73e6bc089a5ee7f8d5b98a5a0cf54694dc8d9fc3e574326e28ef6fc1f8d6dec,1,
release/pixel/S673442144-GF-A53-EEA-T01-S1-LH-C1-I0003-F00.png,pixel,single,512,512,PNG,284126,fab6537595e2850527eade1d3fb3c27823e13e3cb78e503831ed9712157d0892,1,
release/pixel/S673442144-GF-A53-EEA-T01-S1-LH-C1-I0013-F00.png,pixel,single,512,512,PNG,275716,81a26f43fbbdfb10e0891f53ea278b75b55bfcf5df918027d76eebcff052c43e,1,
release/pixel/S673442144-GF-A53-EEA-T01-S1-LH-C1-I0023-F00.png,pixel,single,512,512,PNG,292773,c916fd729dcba7cefba4194093bbc4011c1aed1fbd2704b070c76f27d4f5395b,1,
release/pixel/S673442144-GF-A53-EEA-T01-S1-LH-C1-I0028-F00.png,pixel,single,512,512,PNG,265729,d97cceba3114118d42c6eeedca1beb50e175faba7710983474cc5a2cedc4f54d,1,
release/pixel/S673442144-GF-A53-EEA-T01-S1-LH-C1-I0034-F00.png,pixel,single,512,512,PNG,255946,637fe2fb2268aae1f7091199dc3080f4aa7cfa3204637e9e8d13cce749b59dac,1,
release/pixel/S673442144-GF-A53-EEA-T01-S1-LH-C1-I0035-F00.png,pixel,single,512,512,PNG,309729,a9c5ade678a06b69af5e97438a029301c1c1043844c8a44fa959a35968aff27e,1,
release/pixel/S673442144-GF-A53-EEA-T01-S1-LH-C1-I0044-F00.png,pixel,single,512,512,PNG,291435,a33067e2071ef0245ff45abba9569a8c80d2a61660968bf71c6f6c93c18fd24e,1,
release/pixel/S673442144-GF-A53-EEA-T01-S1-LH-C1-I0049-F00.png,pixel,single,512,512,PNG,300622,ff11571e85feb4fe460c4e3c0f640ed234a71a9c06ef6e7dfde33c078911a8d5,1,
release/pixel/S673442144-GF-A53-EEA-T01-S1-LH-C1-I0056-F00.png,pixel,single,512,512,PNG,263063,754596914acc6e8334c80519bc879ea81cc9a42db80dd6ff4a39dfa3bca43e6d,1,
release/pixel/S677155548-GF-A53-EME-T01-S1-LH-C1-I0011-F00.png,pixel,single,512,512,PNG,307463,f8b356ea306f84f21118697b7140ffcff1156dc78a1c8e983b70724721e5e345,1,
release/pixel/S678466862-GF-A62-EEA-T03-S1-LH-C1-I0047-F00.png,pixel,single,512,512,PNG,311102,97695b14a6b32642e008ad5da46740c6a1148b2e29e2e0c6142fe7e6ead7dfbb,1,
release/pixel/S682364157-GF-A18-EIA-T03-S1-LH-C1-I0012-F00.png,pixel,single,512,512,PNG,306934,d24acc9f848fbc9c0f83f9717fb25ea7b05a5376ff304cde9279d3c6189faeb7,1,
release/pixel/S683688917-GF-A31-EIA-T03-S1-LH-C1-I0021-F00.png,pixel,single,512,512,PNG,263365,c89992140bc33a22ca412f8b73ae1c78738c73a7bade28ada99cef10e7ac7f79,1,
release/pixel/S691494836-GM-A85-EIA-T11-S1-LH-C1-I0037-F00.png,pixel,single,512,512,PNG,246406,b4f85d786df970b5ba7e21f467546a94c3b8a300b90c8a56cd7d0a7a303c0356,1,
release/pixel/S691842297-GM-A47-EME-T14-S1-LH-C1-I0022-F00.png,pixel,single,512,512,PNG,308871,fcd6de7be63269a9fd1387858525f3afdfdf6130ecb46908aa6cafe8fe12cef2,1,
release/pixel/S700139260-GF-A56-EEA-T15-S1-LH-C1-I0053-F00.png,pixel,single,512,512,PNG,286392,e808b6875e724e0be086d1add9a4557167c597c43d272084fbcea06125f64794,1,
release/pixel/S700907495-GM-A91-EME-T01-S1-LH-C1-I0006-F00.png,pixel,single,512,512,PNG,265299,04cefa7c6c06c01465d1fd4c562bc5831582c0af776ce42b0fce6642bfde7cb3,1,
release/pixel/S708639364-GM-A59-EEA-T00-S1-LH-C1-I0042-F00.png,pixel,single,512,512,PNG,284733,564c2a96c44b83d10ffe1a621c9d7da9801145985bd031619b9e561dce04c818,1,
release/pixel/S710623010-GF-A75-EME-T01-S1-LH-C1-I0051-F00.png,pixel,single,512,512,PNG,265392,a5861651f20a7add1f2700075d4080171c6f30bc3cb8ba8194e177a8debc58e5,1,
release/pixel/S720555455-GF-A90-EAS-T14-S1-LH-C1-I0024-F00.png,pixel,single,512,512,PNG,245310,b432c9b07e9e93169b10b0cba648871f204b6fbf480792bd6b27edad094e0162,1,
release/pixel/S721709390-GF-A24-EME-T00-S1-LH-C1-I0000-F00.png,pixel,single,512,512,PNG,216619,c751ad1384c5ff79de9358e8af91275aaea581dde21a9a43ee90f6001f879599,1,
release/pixel/S723966293-GM-A27-EEA-T03-S1-LH-C1-I0044-F00.png,pixel,single,512,512,PNG,254691,c939fe146e2cb63228b134985cd4fd8153c7c3c07414e3311213a43ab8fca8ee,1,
release/pixel/S726037773-GF-A57-EEA-T15-S1-LH-C1-I0030-F00.png,pixel,single,512,512,PNG,283730,42eb1dd4a286100585083928e7669c4c39aea88a54b8eb55a79ec9a14739a66f,1,
release/pixel/S726037773-GF-A57-EEA-T15-S1-LH-C1-I0031-F00.png,pixel,single,512,512,PNG,273830,46310d12cc841728364681f9ea343f5d9e13f8e8a0b361444d1267624b6a6940,1,
release/pixel/S727226600-GM-A33-EAS-T03-S1-LH-C1-I0035-F00.png,pixel,single,512,512,PNG,269060,ae57ec44f41224fe21d2346ca938c72ebc08cc25e05dce9de442a099339c022d,1,
release/pixel/S727226600-GM-A33-EAS-T03-S1-LH-C1-I0053-F00.png,pixel,single,512,512,PNG,258341,72c22d87d22df38a9cb3aec16d5348d7aee57632cfd2d605002aac34c1da22d7,1,
release/pixel/S735235858-GF-A76-EEA-T03-S1-LH-C1-I0045-F00.png,pixel,single,512,512,PNG,238847,c3fb18f64de58ec21be4cf17c321d9c1681b08c71a0bd98a8e784ff2db88a03f,1,
release/pixel/S741955884-GF-A71-EEA-T14-S1-LH-C1-I0057-F00.png,pixel,single,512,512,PNG,284063,d8dbd604e0123b054dcd2a534891deaf3151f3467b7ddab0cd4db4a60c0e2ba3,1,
release/pixel/S74441691-GF-A84-EIA-T13-S1-LH-C1-I0061-F00.png,pixel,single,512,512,PNG,267574,780b6fca2404008527e24c603944d140de4de34b23eb8800bc5f84fce5a92481,1,
release/pixel/S744766748-GM-A69-EEA-T01-S1-LH-C1-I0008-F00.png,pixel,single,512,512,PNG,294520,d42dc352f5fcaa455efb85e80de924d16b3771c51d3b17348bb0d6f2ca4d5f37,1,
release/pixel/S752785476-GF-A66-EEA-T00-S1-LH-C1-I0010-F00.png,pixel,single,512,512,PNG,287995,6cf6996b605ec093c0bea2956df32c94c339d4eaeddddabb11b2c42f4d7cda2b,1,
release/pixel/S755595872-GF-A36-EME-T03-S1-LH-C1-I0000-F00.png,pixel,single,512,512,PNG,281875,80734d1341f7f57191d73bb9cb053218261938f40b21d5ff057a9d618a863cdb,1,
release/pixel/S760022445-GF-A45-EEA-T03-S1-LH-C1-I0032-F00.png,pixel,single,512,512,PNG,298269,840cd066ad8737a6f52ec44ca62a59b42a4774e2e270ff0d90ae93b396114c11,1,
release/pixel/S766916408-GM-A23-EME-T14-S1-LH-C1-I0040-F00.png,pixel,single,512,512,PNG,258623,1214b61bf20ae1db19f7a9b40446e094b6d6266ca0e6ba773564670db556dc90,1,
release/pixel/S778523462-GF-A44-EIA-T14-S1-LH-C1-I0042-F00.png,pixel,single,512,512,PNG,283374,82baaaf66adbc5e7eec71493f9108e2e9f661b72259609547a372e7ff7e1f0f5,1,
release/pixel/S780045574-GF-A98-EAF-T14-S1-LH-C1-I0030-F00.png,pixel,single,512,512,PNG,229706,2ddceb51bb0f8f5e68bad1f08cb508b6101e015e0b9fe7106e3575d187a4c9dc,1,
release/pixel/S780124184-GF-A64-EME-T01-S1-LH-C1-I0042-F00.png,pixel,single,512,512,PNG,271334,aa61f7dab036330be4a8c0c64fc7151f5594d3dc513cb10e1e9a680549e1a2b5,1,
release/pixel/S786321386-GM-A32-EME-T00-S1-LH-C1-I0051-F00.png,pixel,single,512,512,PNG,295334,fb7ed2e0fb74eec7a127d3fa07d914496ba5995a7ba031b8b2b79e24d794adc1,1,
release/pixel/S788462400-GM-A77-EEA-T14-S1-LH-C1-I0022-F00.png,pixel,single,512,512,PNG,272787,7f34c1248993677e47c23e505898426ed774739ffbe3bc3f82e2e3d7a8fcd726,1,
release/pixel/S79333356-GF-A59-EEA-T03-S1-LH-C1-I0057-F00.png,pixel,single,512,512,PNG,283827,1e1d4c3e2237c02d3e3b3bcdf06976c6f0becb5ed65fd75382e621e12bab6f06,1,
release/pixel/S795622045-GM-A49-EEA-T03-S1-LH-C1-I0033-F00.png,pixel,single,512,512,PNG,244592,e31b98fe352b858ad69d60fb409428d87915f6ceb985d28c82ac62d21594d0aa,1,
release/pixel/S798606872-GF-A37-EME-T15-S1-LH-C1-I0028-F00.png,pixel,single,512,512,PNG,302878,73717e9949a07db018f4989692c82b85edcf08f223b4ae62250fe89c07b8e094,1,
release/pixel/S804626448-GF-A39-EME-T01-S1-LH-C1-I0049-F00.png,pixel,single,512,512,PNG,297083,15fc0ade686a655d6fffba6df156c2cc7af40c482afb09a067efb7370a0f4b59,1,
release/pixel/S806692215-GM-A67-EEA-T01-S1-LH-C1-I0022-F00.png,pixel,single,512,512,PNG,203861,32347a4b8ae253aea329dd0620077016e2e7ee500623e8baf43b996504a2e33a,1,
release/pixel/S806692215-GM-A67-EEA-T01-S1-LH-C1-I0043-F00.png,pixel,single,512,512,PNG,256854,3a2994343d5d78828228b50870104bdf7ccee920b40c6de86d476f5dc808d987,1,
release/pixel/S808755818-GM-A40-EEA-T00-S1-LH-C1-I0059-F00.png,pixel,single,512,512,PNG,200985,2ac7d258748a72ed0b95c186afd525f10ab0019199c415202e062c2d921ac1d7,1,
release/pixel/S816836927-GF-A61-EAS-T00-S1-LH-C1-I0031-F00.png,pixel,single,512,512,PNG,287317,584cb352d775d768d43f3dafbf19c6dac7284f1d21e00a022eb56d3a563cabc8,1,
release/pixel/S824192626-GF-A59-EIA-T14-S1-LH-C1-I0014-F00.png,pixel,single,512,512,PNG,239864,4d7a035aad0ebfe534748da162bea7e7c67554201ba4e5491459769311c875db,1,
release/pixel/S825431925-GF-A77-EAF-T00-S1-LH-C1-I0000-F00.png,pixel,single,512,512,PNG,215813,d745a9ccb00ec3af71c9192c05198aff30ea6fa76e5ebb8b015020ae749b6842,1,
release/pixel/S825833733-GF-A82-EEA-T14-S1-LH-C1-I0004-F00.png,pixel,single,512,512,PNG,281560,c2e5332f289dde9095cc997e071cdc3c1e438e7fe4c2a9a0b45b682d7163eb08,1,
release/pixel/S825833733-GF-A82-EEA-T14-S1-LH-C1-I0012-F00.png,pixel,single,512,512,PNG,256528,84c75d2b630bc7c5e090ef2cce883d4f7c3d8c7aba403be1f3fddf075bbfe8f8,1,
release/pixel/S825833733-GF-A82-EEA-T14-S1-LH-C1-I0022-F00.png,pixel,single,512,512,PNG,303636,7837eb1dcf41d83f9079ceb4d1dec60213601754088c40bf68228c22c93d98b6,1,
release/pixel/S825833733-GF-A82-EEA-T14-S1-LH-C1-I0028-F00.png,pixel,single,512,512,PNG,264630,b40e6ba59324e38adf30dbee9c1f083652dc729a8c71dae10daac96154c0b61b,1,
release/pixel/S835364261-GM-A45-EAS-T03-S1-LH-C1-I0032-F00.png,pixel,single,512,512,PNG,211382,8f385da5ec1960cb594f2f6bf5a186fee1d1595aaa18b5900b9d5da4e6565564,1,
release/pixel/S838732855-GF-A26-EEA-T03-S1-LH-C1-I0010-F00.png,pixel,single,512,512,PNG,293951,b1d44abbf9af34be6b0e95f63bb5f94404d28ffc3eb356f0d740d61b252570a8,1,
release/pixel/S844573168-GM-A70-EEA-T00-S1-LH-C1-I0061-F00.png,pixel,single,512,512,PNG,225782,67886c444a2c1c0f9da0ead3dacfdb7752840b24702950632e8efa906e89d5f4,1,
release/pixel/S844761652-GF-A54-EAF-T03-S1-LH-C1-I0008-F00.png,pixel,single,512,512,PNG,265225,ca7e8f4397ac2ebaa51e1324d3100101cd12d35cb2367dcf84fcb8ba2e4cf41a,1,
release/pixel/S851010322-GM-A30-EEA-T03-S1-LH-C1-I0061-F00.png,pixel,single,512,512,PNG,273205,904432b7437693819866452ff189e093518847602c7bd539d64c1aac869d3d6c,1,
release/pixel/S85153826-GM-A28-EEA-T03-S1-LH-C1-I0011-F00.png,pixel,single,512,512,PNG,255252,f0c2b508becdb627e88ac83aef5294bf2f66c154927c4b1e57798d3b8af6c0aa,1,
release/pixel/S861590567-GF-A45-EIA-T03-S1-LH-C1-I0062-F00.png,pixel,single,512,512,PNG,297137,aad3993a9def2bf9f13b9155416905555ecd8bd2f8b4b8731992b8cbe96f3a57,1,
release/pixel/S86418004-GF-A49-EEA-T10-S1-LH-C1-I0000-F00.png,pixel,single,512,512,PNG,270075,9d0dff98798e5b742b800c6c38e23873ee52205e4f8f7135f09d05156df8cda3,1,
release/pixel/S871196184-GF-A27-EAF-T14-S1-LH-C1-I0028-F00.png,pixel,single,512,512,PNG,227226,1629e769c52dd514a80006c5cc22051283fa56fbb251ecf5f54254461a42edee,1,
release/pixel/S872849899-GF-A30-EEA-T03-S1-LH-C1-I0004-F00.png,pixel,single,512,512,PNG,302678,8cf20e2d367df6fa5c7d9765b21f8ce753284bb04208adb61ecdbf182e0b798b,1,
release/pixel/S881124278-GF-A51-EAS-T14-S1-LH-C1-I0059-F00.png,pixel,single,512,512,PNG,258078,aff53b53db351c815ce3236464b74e61418a6c09c602cb11d965b279044687f1,1,
release/pixel/S882917275-GF-A60-EME-T01-S1-LH-C1-I0038-F00.png,pixel,single,512,512,PNG,285161,59d801c7b414474d8f3e48a8cd7160dfb19b156f6a14af5bfea3d15b8d55c4b3,1,
release/pixel/S883374229-GF-A54-EEA-T14-S1-LH-C1-I0006-F00.png,pixel,single,512,512,PNG,299192,e84ea4b22f9c2f650683a90349419e524a9fa5dc207fe8d00bd8d9c474429121,1,
release/pixel/S883374229-GF-A54-EEA-T14-S1-LH-C1-I0019-F00.png,pixel,single,512,512,PNG,269671,c112f1be681031ca89fe2ce424446249453d84e32ab6d764aef1de56b47e61d2,1,
release/pixel/S883374229-GF-A54-EEA-T14-S1-LH-C1-I0021-F00.png,pixel,single,512,512,PNG,291886,946622e11980e88e9e8beed61ed024e71ab51e2f9bc2034ebe19c8e22bd82afc,1,
release/pixel/S883374229-GF-A54-EEA-T14-S1-LH-C1-I0038-F00.png,pixel,single,512,512,PNG,285688,4c18423bd9b17592cda699c3f5536377d4fed0ed5afdb7242682005d884b0d91,1,
release/pixel/S883374229-GF-A54-EEA-T14-S1-LH-C1-I0039-F00.png,pixel,single,512,512,PNG,285807,5d6fc2e69f84909f36e90b2b3fe725fc213e465cec335c2a003970c6db402b8c,1,
release/pixel/S883374229-GF-A54-EEA-T14-S1-LH-C1-I0040-F00.png,pixel,single,512,512,PNG,281852,cf230dc6888d584cd55acc2c0950f1c3bd915301dcd9f60fc5d93cba86b5f135,1,
release/pixel/S883374229-GF-A54-EEA-T14-S1-LH-C1-I0041-F00.png,pixel,single,512,512,PNG,281816,505ce689ca284e93b9c9c6fe9ca0262808870c1457b06d6f9e64daffff95c289,1,
release/pixel/S883374229-GF-A54-EEA-T14-S1-LH-C1-I0059-F00.png,pixel,single,512,512,PNG,251490,feb9a7e70f19c168e3032283c5801dff0faa59579ee953a9ef315639d052d68a,1,
release/pixel/S883374229-GF-A54-EEA-T14-S1-LH-C1-I0062-F00.png,pixel,single,512,512,PNG,283556,8218453841f4149d3747d6a5ba4a44aadd87a8947d10def9b2e278eab6ff1dc6,1,
release/pixel/S892006153-GF-A74-EAF-T14-S1-LH-C1-I0020-F00.png,pixel,single,512,512,PNG,256904,8e58276634b41233d692ce2ad4c6d6bce78497dfce2ec04957f0bf5eca541403,1,
release/pixel/S894840102-GN-A69-EAF-T00-S1-LH-C1-I0056-F00.png,pixel,single,512,512,PNG,322645,31486c70bb43b2c9da95b786125c7a8bb08ed34a54298f4139379277bca4e294,1,
release/pixel/S895967637-GM-A28-EEA-T01-S1-LH-C1-I0005-F00.png,pixel,single,512,512,PNG,271715,fe40d10ea86d9db541e2aea15233de2817875ef8b8519d4b25eacb673d7d4ebe,1,
release/pixel/S897329683-GF-A41-EEA-T11-S1-LH-C1-I0040-F00.png,pixel,single,512,512,PNG,261427,892f35a758af49237a0fbeac79516491d97789694c81b34a68b99648b15c6c55,1,
release/pixel/S906953625-GF-A53-EEA-T01-S1-LH-C1-I0001-F00.png,pixel,single,512,512,PNG,233433,81c6f69f5a06fd8df575cc53435578f5e67a599f1004d0a626477b4639e9f1a1,1,
release/pixel/S9176807-GM-A21-EEA-T03-S1-LH-C1-I0024-F00.png,pixel,single,512,512,PNG,282618,255a4a384c367991f467c48228a53ecdab44db66f350baad88a2915a6490742e,1,
release/pixel/S921833550-GM-A28-EEA-T14-S1-LH-C1-I0000-F00.png,pixel,single,512,512,PNG,248558,6b6a10fe61c05830abb13560a3130f3fd14bf1f1afab9695af03fa9ef84ec0ea,1,
release/pixel/S924724708-GF-A48-EEA-T14-S1-LH-C1-I0053-F00.png,pixel,single,512,512,PNG,292591,2b9bc46102ed63211193c89a83e492e3163d57b4fb34a53b65b256f79e889c37,1,
release/pixel/S926047332-GM-A22-EME-T14-S1-LH-C1-I0038-F00.png,pixel,single,512,512,PNG,261714,bdaf63e327410c6339a7f5ad19e8b823248b54ad4f3bf04c324c0b950ab986bc,1,
release/pixel/S926047332-GM-A22-EME-T14-S1-LH-C1-I0039-F00.png,pixel,single,512,512,PNG,249817,920beeb322d9bf2a6e131c28713b2b37af6d091b08f90db0b55c1d233cbec572,1,
release/pixel/S931374402-GM-A20-EAF-T14-S1-LH-C1-I0003-F00.png,pixel,single,512,512,PNG,252678,733bf60ca82d6ab5c05e5b4d3feb1e464b49c04a574eafa2ef46f67f5c6790f7,1,
release/pixel/S931374402-GM-A20-EAF-T14-S1-LH-C1-I0013-F00.png,pixel,single,512,512,PNG,236797,b4f5b61848bfdd690a7a91ed262a8a39c190cce8331667aac84b0b190ea3b2eb,1,
release/pixel/S932980426-GM-A79-EME-T14-S1-LH-C1-I0010-F00.png,pixel,single,512,512,PNG,201701,5a30fdaa6e259c63184995edfb0a4ede861e2bc87e0ef27096d73a622a54a3f9,1,
release/pixel/S932980426-GM-A79-EME-T14-S1-LH-C1-I0014-F00.png,pixel,single,512,512,PNG,279625,3401fd30ee4f182b77f2add85c7c5a7699133b6bf1e3add172a8356d515147d1,1,
release/pixel/S932980426-GM-A79-EME-T14-S1-LH-C1-I0032-F00.png,pixel,single,512,512,PNG,218988,472d0b8e405137d7d05b58c89004d438fb6aacfd291487e88c5e22387047eef8,1,
release/pixel/S932980426-GM-A79-EME-T14-S1-LH-C1-I0054-F00.png,pixel,single,512,512,PNG,279150,ebcf9e029b6b535fa6e3d76b4b4fc899b09d2add99aba69f71b14f996fd562ad,1,
release/pixel/S936982627-GM-A77-EEA-T01-S1-LH-C1-I0040-F00.png,pixel,single,512,512,PNG,227300,2573180f6b39a74f2342bf18d0d160b5047649fa8da677f2d38d1158451f7b50,1,
release/pixel/S94290629-GF-A23-EAF-T14-S1-LH-C1-I0030-F00.png,pixel,single,512,512,PNG,290600,e24ca08e105d806d4fef8b6a6969a07eb1fdb62519649bb0c0bf7bd8307df128,1,
release/pixel/S94888726-GM-A26-EME-T03-S1-LH-C1-I0049-F00.png,pixel,single,512,512,PNG,243732,f37a1d083db27043c6a36e90d83337825f5b86fc95d4bd659c9a73d2b10e1b2b,1,
release/pixel/S954227485-GF-A55-EME-T00-S1-LH-C1-I0054-F00.png,pixel,single,512,512,PNG,295334,288e0e9b634247e2039e55df9bd07b03ce0373b985aa626ad34eeb706247cfda,1,
release/pixel/S955490819-GM-A25-EAF-T14-S1-LH-C1-I0009-F00.png,pixel,single,512,512,PNG,265689,891ee5caa0a0487c44c274360efeb9dfa785ef34d459d124071c2423a79aca31,1,
release/pixel/S956718444-GF-A38-EAS-T14-S1-LH-C1-I0018-F00.png,pixel,single,512,512,PNG,238616,9e7621e5d469c651ff7bbd11a0c179a3b275293a0bad23cb48e752d723870762,1,
release/pixel/S95924864-GM-A18-EEA-T14-S1-LH-C1-I0017-F00.png,pixel,single,512,512,PNG,276706,55647b0dbf580a532af4504a6f309336f99a79d75d65a382538b7dc01107d346,1,
release/pixel/S95924864-GM-A18-EEA-T14-S1-LH-C1-I0029-F00.png,pixel,single,512,512,PNG,286333,ae0ea954e6dc97338d72e20aede80fc556f461f85a200e7b71e4fb3e1d8e56a1,1,
release/pixel/S959317588-GM-A42-EAS-T00-S1-LH-C1-I0008-F00.png,pixel,single,512,512,PNG,291973,7abba56efafb4af29fb1cb1dfc585e4a233577c190f3c26201e65ef22341d034,1,
release/pixel/S959317588-GM-A42-EAS-T00-S1-LH-C1-I0054-F00.png,pixel,single,512,512,PNG,268241,331a19d5e71da8df6f1b0d6e010ee75bffa73648d17877d20a299e5b8f303218,1,
release/pixel/S962503135-GF-A84-EEA-T14-S1-LH-C1-I0013-F00.png,pixel,single,512,512,PNG,269862,0398973bd7d4e16387360e90b6148033ed10fcde5f25376d30bb84fbe49d9d38,1,
release/pixel/S966499612-GM-A36-EEA-T14-S1-LH-C1-I0024-F00.png,pixel,single,512,512,PNG,274203,6dc7e6d00480a8b0c6ddd69a41b1268b32cbed4211119fea1db68b88d64d48cc,1,
release/pixel/S970888949-GF-A57-EEA-T15-S1-LH-C1-I0038-F00.png,pixel,single,512,512,PNG,276944,d59be6703368bd370fae401b03a54486f477e4510fabccf037a9866e848d5de7,1,
release/pixel/S976538751-GM-A19-EAF-T14-S1-LH-C1-I0007-F00.png,pixel,single,512,512,PNG,259797,337bfb628a1eef35ac5ead3eba32c77fed1f15d686cb778589bc1fc1cbbd3fd5,1,
release/pixel/S976538751-GM-A19-EAF-T14-S1-LH-C1-I0042-F00.png,pixel,single,512,512,PNG,264437,2e39dc00b519aa726f2f8295d7cbe3b5e615b21e16c1db6741cbe22d5e9ebd9d,1,
release/pixel/S978873421-GF-A64-EEA-T01-S1-LH-C1-I0000-F00.png,pixel,single,512,512,PNG,232017,6a93eb2f8149756f0dc57ea6e50d852b1140602da3d1e3a22accdd641428f0e4,1,
release/pixel/S980654402-GF-A53-EEA-T14-S1-LH-C1-I0004-F00.png,pixel,single,512,512,PNG,240254,0d1d8d801696523462128f8fbf95a5c299f43632b2dbfa26b3109fbc035d68db,1,
release/pixel/S982128636-GM-A71-EME-T01-S1-LH-C1-I0008-F00.png,pixel,single,512,512,PNG,304214,5567485c2420050ff161ae38d0007403565ccaaefcc4a012e53394fa593b53e6,1,
release/pixel/S982227952-GM-A31-EEA-T00-S1-LH-C1-I0051-F00.png,pixel,single,512,512,PNG,230316,985ad40e1f5ac5f969c13812bc62aace9474ab9ef8314697a5917d755b7ecc13,1,
release/pixel/S98643087-GF-A34-EIA-T10-S1-LH-C1-I0042-F00.png,pixel,single,512,512,PNG,306613,7321567cd0a288c89f841bbab22f9e4f40ca8c6d5c6fff0e6710c2f1a6eecfd1,1,
release/pixel/S987384432-GF-A95-EME-T01-S1-LH-C1-I0003-F00.png,pixel,single,512,512,PNG,260594,4dc7ec2b60397202171eae0d25160d2505f353dd71dde8b055f55958c1a70d05,1,
release/poster/S108161842-GM-A52-EEA-T11-S1-LH-C1-I0007-F00.png,poster,single,512,512,PNG,97524,276bb15696707d03a4df6946dfde57b248fb0928036d449fbfd0fc4e01baa5e1,1,
release/poster/S113923411-GF-A35-EEA-T14-S1-LH-C1-I0048-F00.png,poster,single,512,512,PNG,83483,b0cda0fb141fdf2f36c37df6628952bc281373b4f11979bb48dc1c333e02e1c8,1,
release/poster/S115293589-GF-A67-EME-T01-S1-LH-C1-I0030-F00.png,poster,single,512,512,PNG,135489,171918532dc658a1edd203199707817d372df97d5359098803869986470376d8,1,
release/poster/S115379105-GF-A98-EEA-T14-S1-LH-C1-I0044-F00.png,poster,single,512,512,PNG,104285,dd357dc610c227a6c54f6275590a791946a381bf991915ad8347669dda8d20ca,1,
release/poster/S116651325-GM-A28-EEA-T13-S1-LH-C1-I0056-F00.png,poster,single,512,512,PNG,112144,4cec2ea504336726f4d617498a7a933da71469aa5182ed7f02c3de4d5652a37d,1,
release/poster/S120660598-GM-A33-EEA-T00-S1-LH-C1-I0034-F00.png,poster,single,512,512,PNG,108872,8c64127e3911fdfbd71d5454693d35f3cc1bb0bfe1946ab9a81704d2b552bc54,1,
release/poster/S121566497-GF-A32-EEA-T14-S1-LH-C1-I0036-F00.png,poster,single,512,512,PNG,133796,c99da020fdc160460c8a1b3ed0e802c68a5e4c5cdc0be56aaea51c05c0f71ee2,1,
release/poster/S121714872-GF-A34-EAF-T03-S1-LH-C1-I0053-F00.png,poster,single,512,512,PNG,135345,292279dad62047f3c2680403072584b492fb1a7b73850739bc726cfb8dc7829d,1,
release/poster/S124298498-GM-A91-EEA-T14-S1-LH-C1-I0034-F00.png,poster,single,512,512,PNG,108628,f922e0fc739da2cbb330f7d6e384218889517504f9f6065184b8f884567ca48c,1,
release/poster/S130186036-GF-A82-EEA-T01-S1-LH-C1-I0007-F00.png,poster,single,512,512,PNG,112704,777933819ee6afa9e30111a97ebe58ebb9e916a94859e7095e75288af8528094,1,
release/poster/S137547030-GF-A76-EEA-T01-S1-LH-C1-I0045-F00.png,poster,single,512,512,PNG,103079,9e92c2deb12511e35fc8e595f08ff7eef431686f2db318ed7325efb5c068e74e,1,
release/poster/S138993008-GF-A66-EAF-T00-S1-LH-C1-I0035-F00.png,poster,single,512,512,PNG,83363,c2cd1105c67b7f643a2a46246da38f1b0c84e20f603f36e9d3e5ccc1ad139d94,1,
release/poster/S14964507-GF-A29-EEA-T00-S1-LH-C1-I0028-F00.png,poster,single,512,512,PNG,148011,ae91dc7ae46d2188c49e41f5df741f27c433b1856a359a72c98e751477c7130e,1,
release/poster/S14964507-GF-A29-EEA-T00-S1-LH-C1-I0052-F00.png,poster,single,512,512,PNG,153046,8956fe740a7dc3f1e99e99a5c8901d68d3d72190ed899bb37f08c6e335421c0a,1,
release/poster/S150094415-GF-A53-EME-T10-S1-LH-C1-I0055-F00.png,poster,single,512,512,PNG,94590,d8069f48c80586c85b05a8618d0ca2bc3e0013c304294d8afb03bf8084938e6c,1,
release/poster/S15182111-GM-A44-EAS-T00-S1-LH-C1-I0049-F00.png,poster,single,512,512,PNG,88704,2f1270d698c17522947b6803962a0eff319b097579d29c24089cb2ba40b84f35,1,
release/poster/S152846480-GF-A30-EEA-T03-S1-LH-C1-I0000-F00.png,poster,single,512,512,PNG,153360,e041da37f9cd3399d33fda29752bb6e7780b5a85e08434529b087078670ad0e7,1,
release/poster/S152846480-GF-A30-EEA-T03-S1-LH-C1-I0050-F00.png,poster,single,512,512,PNG,115394,2bc02a0ed94dd0bed827935b0d611aad927d59ea6272f151e19b0918aaf2f3af,1,
release/poster/S152846480-GF-A30-EEA-T03-S1-LH-C1-I0059-F00.png,poster,single,512,512,PNG,146578,ebd3899c76c842b054d37f128a2fbebc0ddbee1d2635993aaeb0dda78dece9d4,1,
release/poster/S16008476-GF-A92-EEA-T11-S1-LH-C1-I0061-F00.png,poster,single,512,512,PNG,124988,e18d34788af5063672325bee33f321d9dc93be62cea2a5fa6a40a186b2cbc10c,1,
release/poster/S164577361-GF-A44-EEA-T01-S1-LH-C1-I0030-F00.png,poster,single,512,512,PNG,150601,bd14bc44848f23d97deeb5bf1ee9cddf3ddfd70d5fd0218297bbbd4af45b55e8,1,
release/poster/S165380664-GM-A31-EIA-T01-S1-LH-C1-I0002-F00.png,poster,single,512,512,PNG,76071,e100c6314f7bf4461ce9ff9f724f26eebff6f87e528d6832ca3644444548f655,1,
release/poster/S16643293-GF-A66-EEA-T15-S1-LH-C1-I0043-F00.png,poster,single,512,512,PNG,124550,f2a70fdf69d6e911389b6035e37002765a71b292ee8e9fbd103844f652c59f53,1,
release/poster/S166658587-GM-A81-EEA-T03-S1-LH-C1-I0060-F00.png,poster,single,512,512,PNG,84508,3f3c23a2400aa4fabe0f593e468cd800295cec06d15aa111263845b31e0dfa2a,1,
release/poster/S169208368-GM-A35-EME-T14-S1-LH-C1-I0016-F00.png,poster,single,512,512,PNG,105952,db551804b878d75f280ddadb75748a14f5a30f8edfa3b3f8a56558dbfe0f6924,1,
release/poster/S169208368-GM-A35-EME-T14-S1-LH-C1-I0054-F00.png,poster,single,512,512,PNG,125530,8ec730cac6f7bb10c891afacde87327d8fa11cbdc772fff61f00c537ba13abfe,1,
release/poster/S179125778-GM-A37-EME-T01-S1-LH-C1-I0055-F00.png,poster,single,512,512,PNG,100271,f4252418164fc6bee4a5af98089108b9c6076e9deec7a27434fe0aefbfad1775,1,
release/poster/S179182026-GM-A47-EEA-T11-S1-LH-C1-I0029-F00.png,poster,single,512,512,PNG,121730,0d64b433085326f73286953cf962d8e425d552568af0c5f70b746d3c3d70a22c,1,
release/poster/S179182026-GM-A47-EEA-T11-S1-LH-C1-I0041-F00.png,poster,single,512,512,PNG,116928,96e44bc61ec559ccc08c1c1272e17aecd447e735878b59d4faf2aa2b9e279ab2,1,
release/poster/S184299974-GF-A49-EME-T10-S1-LH-C1-I0023-F00.png,poster,single,512,512,PNG,135946,791b75a92775ffc75469af6e0cd4f7bd02d356caf57e80ef1d1bb29bf0ba53d6,1,
release/poster/S185880747-GF-A53-EAF-T03-S1-LH-C1-I0030-F00.png,poster,single,512,512,PNG,121833,2b7470603e44152d17b6a9ad0d2bd45e33f938e6bc8a440974ecbac7434141ba,1,
release/poster/S187000211-GF-A54-EEA-T03-S1-LH-C1-I0063-F00.png,poster,single,512,512,PNG,138472,56b838f3f7aca53f6424b93932617979df225b77dde623252b22d2268a88c72e,1,
release/poster/S18796367-GF-A93-EAF-T00-S1-LH-C1-I0045-F00.png,poster,single,512,512,PNG,116162,cf9a8129160253e4bcb972c36c82bb87f956cdc90ea50ba82251489cf6bd4edb,1,
release/poster/S189019382-GF-A62-EIA-T03-S1-LH-C1-I0040-F00.png,poster,single,512,512,PNG,101859,6fea73150a703a0081a26c37ef01aaca6f6329ec596ff48fe660c5e4b8360bc3,1,
release/poster/S189019382-GF-A62-EIA-T03-S1-LH-C1-I0046-F00.png,poster,single,512,512,PNG,106252,4d337e3e3a6312095e497a9d98a4ce6ae801348b5054e625ac563a19fdf3a818,1,
release/poster/S190036673-GF-A19-EEA-T00-S1-LH-C1-I0057-F00.png,poster,single,512,512,PNG,113870,ae570fdb1625c0ab270217558c9c232b266a0727345653a31a417732a8c33e81,1,
release/poster/S19423222-GM-A45-EAF-T14-S1-LH-C1-I0040-F00.png,poster,single,512,512,PNG,111370,b3d2041c6c3e9db502446e37d88d5bebc31e96094ddc4802af8e7070c77af53e,1,
release/poster/S198149424-GF-A51-EEA-T13-S1-LH-C1-I0055-F00.png,poster,single,512,512,PNG,122798,a5dc1eaa6d8d35744f92b6d5cb897426a4f6b5b1e18ea0921becabc3cb6cc151,1,
release/poster/S205686156-GF-A52-EAS-T01-S1-LH-C1-I0006-F00.png,poster,single,512,512,PNG,129405,78ffb2988e763a8764ae8aca4be518289dad0278ad7b8914008bbe5d5bb6aea2,1,
release/poster/S20939931-GF-A70-EME-T00-S1-LH-C1-I0047-F00.png,poster,single,512,512,PNG,120007,c1bd62ead206295b076446a68dd5a85eb6b1ca8c68f2ec8a0266f33370318beb,1,
release/poster/S210555380-GF-A95-EME-T14-S1-LH-C1-I0008-F00.png,poster,single,512,512,PNG,142735,092b06d1c8835614d73a16e444838f323f68feca7a79097103cb45e634f1fcd1,1,
release/poster/S210555380-GF-A95-EME-T14-S1-LH-C1-I0048-F00.png,poster,single,512,512,PNG,127496,a0a49084cb0a5156160f19295fe93b5ea07ffce84d0561c043d3abdb6dfcd546,1,
release/poster/S21322735-GF-A99-EEA-T03-S1-LH-C1-I0004-F00.png,poster,single,512,512,PNG,121672,633a90a611e1e93deeaa7f2327f2fcd5fd6a0045952b7654e3984f8a65dfc51c,1,
release/poster/S219134961-GM-A51-EME-T00-S1-LH-C1-I0016-F00.png,poster,single,512,512,PNG,106563,873a6c381823f749e8506d09ed2926c997ad3c8ec4c2d30129e8d7bd8e766270,1,
release/poster/S220036139-GF-A33-EME-T14-S1-LH-C1-I0048-F00.png,poster,single,512,512,PNG,137213,2f05329c6ecf6e3ef61d3afb44030d67e59148c0bcf74075df3c3db6c39502a4,1,
release/poster/S229472865-GM-A49-EEA-T15-S1-LH-C1-I0053-F00.png,poster,single,512,512,PNG,73357,5effd9816876a56cbe4c3dabfd591146870c3b70c28f33c571a58348d4122c31,1,
release/poster/S229741512-GM-A18-EEA-T01-S1-LH-C1-I0029-F00.png,poster,single,512,512,PNG,70120,8d54d6c08de52a8c54e2fb3be7615791630d09df5c3353288e44d743098e9885,1,
release/poster/S231352223-GF-A49-EEA-T14-S1-LH-C1-I0011-F00.png,poster,single,512,512,PNG,103240,8aea8744a7239c3835cc190953b8ee34dd15c27d7c5922601c72a9d2c8d563ae,1,
release/poster/S231352223-GF-A49-EEA-T14-S1-LH-C1-I0027-F00.png,poster,single,512,512,PNG,126698,61d158c7cb73823d4642898c9735a6a7d4c224ec9da86c0b93c4ba7c3482969b,1,
release/poster/S236474674-GF-A94-EEA-T14-S1-LH-C1-I0061-F00.png,poster,single,512,512,PNG,107308,4ceb5b306ab6a710ff5fe2a495eefc16e059e9f8d0046865200623a4c9eb7e71,1,
release/poster/S240935283-GM-A93-EEA-T01-S1-LH-C1-I0022-F00.png,poster,single,512,512,PNG,139444,4b26d52189f00dfef13fa887d24da09f9bc4d11425cd2c38cf139ebf53e45f91,1,
release/poster/S245655911-GM-A99-EIA-T14-S1-LH-C1-I0023-F00.png,poster,single,512,512,PNG,124220,3ce9b036d0381528b78fddfc12c2f8b20a0f13a6ef5ed10c5859296c88fbb04f,1,
release/poster/S247603526-GM-A30-EEA-T13-S1-LH-C1-I0041-F00.png,poster,single,512,512,PNG,94077,0fda3acb48d5dcc09d6f2ea9383031eec1d1e48e9310ff275a65de8025382c49,1,
release/poster/S248968574-GM-A81-EAS-T14-S1-LH-C1-I0022-F00.png,poster,single,512,512,PNG,91935,c084aee862fb77fe4c045f362d435862375c2c5cff7122184998f79fd6756f1e,1,
release/poster/S25038292-GF-A59-EAF-T03-S1-LH-C1-I0041-F00.png,poster,single,512,512,PNG,135844,0db2e77091e172470f22128092aa29d29410039845ab322ea56879dc9d873201,1,
release/poster/S259395943-GF-A59-EME-T14-S1-LH-C1-I0009-F00.png,poster,single,512,512,PNG,88547,96f8fefacd31346c5c370a98af05c717b7379e88c873f40f839ce555c3d9620a,1,
release/poster/S261182015-GM-A24-EEA-T01-S1-LH-C1-I0011-F00.png,poster,single,512,512,PNG,85581,8f40d84d261d296a8f4f5541c3822125d9329e9d3f1ab62726b7efb54aa6267c,1,
release/poster/S264396021-GM-A30-EAS-T14-S1-LH-C1-I0047-F00.png,poster,single,512,512,PNG,93854,e37fff5b4d2cd5bed2cf2925c58a38a2858b7bae9ab3c9e81cb4192b289b04c5,1,
release/poster/S265934537-GF-A26-EAS-T14-S1-LH-C1-I0063-F00.png,poster,single,512,512,PNG,86177,aa8288ad993ae2604a15d5c8e2d120c41c73529454dbe78fe234e1d39ee719cf,1,
release/poster/S268137029-GF-A39-EME-T01-S1-LH-C1-I0016-F00.png,poster,single,512,512,PNG,155912,5aa5b9a685f21b1fd6126cdbb1db339e9ad330817f4688548acd2cd5720a68a4,1,
release/poster/S268183923-GN-A24-EAF-T14-S1-LH-C1-I0053-F00.png,poster,single,512,512,PNG,72787,4110fb2f24d2663a8d339c0a0b22b98c4352400a622166fb0440ba3bd3fcfddc,1,
release/poster/S274652534-GF-A22-EEA-T01-S1-LH-C1-I0003-F00.png,poster,single,512,512,PNG,125131,241514d4bcb1a7099c500ad2291f9497548f70a48e43c841cecf6b230fa5321a,1,
release/poster/S274869653-GF-A68-EAS-T03-S1-LH-C1-I0003-F00.png,poster,single,512,512,PNG,133242,d32d7c9675aeb63f99655211b61e6dfedb5b4d7943c53d373ea1ebb6f06b817e,1,
release/poster/S279879625-GF-A55-EAF-T00-S1-LH-C1-I0037-F00.png,poster,single,512,512,PNG,151523,a36daf7b0c3417b768e692afdb873eba975a69592a30bc7e2e3714586f3152fa,1,
release/poster/S285023719-GF-A24-EEA-T00-S1-LH-C1-I0022-F00.png,poster,single,512,512,PNG,97605,3532d1a05c630b3036a5c90f13f7b282ae887957f23e85d2f45b4fb80190a679,1,
release/poster/S287510944-GF-A29-EME-T01-S1-LH-C1-I0059-F00.png,poster,single,512,512,PNG,126708,6d55e8431e7a8e9b315c7496d5026442edf3185f21b79a3669db45f47a20b518,1,
release/poster/S289919415-GF-A46-EEA-T14-S1-LH-C1-I0060-F00.png,poster,single,512,512,PNG,99718,25ffdcfd350e1cefb78dbacbc416da1e07072e9e04cea809e0ab8fe1af72b846,1,
release/poster/S300524837-GM-A42-EEA-T01-S1-LH-C1-I0008-F00.png,poster,single,512,512,PNG,106394,1a867c9ce0f533cd8ec3125745fd08d93984a3ba156f39aee688a4a2a1346113,1,
release/poster/S303695349-GM-A23-EEA-T03-S1-LH-C1-I0002-F00.png,poster,single,512,512,PNG,68141,28286d5b89d1513a17544d56f8e666f5172a0a0b0048d777480b9f0ec7f0b5ed,1,
release/poster/S303695349-GM-A23-EEA-T03-S1-LH-C1-I0029-F00.png,poster,single,512,512,PNG,92255,10c6ce3a430a6917948420366e4b4dac5786a4715876de29dc66a4d1313170c0,1,
release/poster/S303695349-GM-A23-EEA-T03-S1-LH-C1-I0041-F00.png,poster,single,512,512,PNG,95710,ed84d4ba4080e0d96904a8a73537a37d17cdc8be6919156288508604041fda36,1,
release/poster/S311145231-GF-A53-EAF-T03-S1-LH-C1-I0062-F00.png,poster,single,512,512,PNG,124710,60b146aa46f6c410a24c3f993a44a97e4bd0602ceda11b924adeec636b4d5a09,1,
release/poster/S313264566-GM-A81-EAF-T14-S1-LH-C1-I0008-F00.png,poster,single,512,512,PNG,96169,e11a13853edbe650b96d559cad7497e71ff805e99373fc2367a8ba717283e6fe,1,
release/poster/S313264566-GM-A81-EAF-T14-S1-LH-C1-I0059-F00.png,poster,single,512,512,PNG,118537,72fb18f888f3698d9703a2c25d428d81c76863e94c28c32b3a6e55969799fcff,1,
release/poster/S316988909-GF-A99-EIA-T10-S1-LH-C1-I0040-F00.png,poster,single,512,512,PNG,150250,d5aa8f3ef5377d122cf78fb75bbb419c062bd4007f616b072fcfefb7367851df,1,
release/poster/S319441451-GF-A19-EAS-T01-S1-LH-C1-I0006-F00.png,poster,single,512,512,PNG,140481,be0785429e9f807a84f7119893bc9be2510c84e4e39dfba7daa138653adbb82e,1,
release/poster/S320892356-GF-A70-EIA-T03-S1-LH-C1-I0021-F00.png,poster,single,512,512,PNG,128332,bcfa66cacc2c16b539ec1c3ede03a3a78854a75cbded8cf948665d599567ef11,1,
release/poster/S32440074-GF-A23-EIA-T15-S1-LH-C1-I0012-F00.png,poster,single,512,512,PNG,110591,38e1dd160e8f45bf33d3718671171bbd4e59aa231e7591e06a9b0afc214ab4b5,1,
release/poster/S325074401-GF-A50-EAS-T03-S1-LH-C1-I0044-F00.png,poster,single,512,512,PNG,88456,5f5e5a1577f50a398c2c32454e6abf7c614d230fab4a6f9b265976dbf7b2fa01,1,
release/poster/S334613033-GM-A58-EAF-T14-S1-LH-C1-I0047-F00.png,poster,single,512,512,PNG,128437,d2ce9d73d1d362d41075e74defad66f8cef76eca612b8b0223e17565b2d8e3c4,1,
release/poster/S334697091-GM-A32-EAS-T14-S1-LH-C1-I0031-F00.png,poster,single,512,512,PNG,81475,6dca04ef80922b65d75c986e49466acb1903b2d5aa7dd44dc7dc2654d40c209c,1,
release/poster/S335757255-GF-A30-EME-T14-S1-LH-C1-I0002-F00.png,poster,single,512,512,PNG,102640,8dbf7e48611e20ef1ab074a47606ecb0d3a22cde84f4256812d6b25b07d87564,1,
release/poster/S336053665-GF-A75-EME-T13-S1-LH-C1-I0037-F00.png,poster,single,512,512,PNG,95844,bcfcdac87f9b0bcc33d40efd56c8bd12f62827b8ab4c6b20a0f579d70bc018d7,1,
release/poster/S340675536-GF-A37-EEA-T14-S1-LH-C1-I0052-F00.png,poster,single,512,512,PNG,58823,1f2be13148c9cd8970eb839c8e510b9462a96d469bb0dc0d26cc7c9cedf5906c,1,
release/poster/S343616415-GF-A69-EEA-T03-S1-LH-C1-I0056-F00.png,poster,single,512,512,PNG,109799,d1f8f33a2cdac9fe4753f16b52a751727566bdc841bc8ce36e5d291c0a05fcda,1,
release/poster/S343899513-GM-A51-EME-T01-S1-LH-C1-I0048-F00.png,poster,single,512,512,PNG,139284,9d0ed22357e78a7120013e1a681d4749377c06d92e5a0dab4469963779b745e5,1,
release/poster/S345601750-GF-A64-EEA-T03-S1-LH-C1-I0032-F00.png,poster,single,512,512,PNG,134738,4947bcc5e29727f4e4f963be4a8b7dc56ba35778c865a14c7e43278fd00164a9,1,
release/poster/S345601750-GF-A64-EEA-T03-S1-LH-C1-I0055-F00.png,poster,single,512,512,PNG,110409,b4fe43946898d240f9438bd9c8ba9f5229d7844dbadeda7ab6ad932578ca5c32,1,
release/poster/S347571913-GM-A24-EEA-T13-S1-LH-C1-I0054-F00.png,poster,single,512,512,PNG,144205,149744b5c161ede8ebe50e931bfd64c6332c40ebf9d080df0f209401aae507c6,1,
release/poster/S354713116-GF-A60-EAF-T14-S1-LH-C1-I0000-F00.png,poster,single,512,512,PNG,166573,22b45ba4b690e597e225e21d450b76648954e242fd290d3e3e02f732c261c598,1,
release/poster/S354713116-GF-A60-EAF-T14-S1-LH-C1-I0004-F00.png,poster,single,512,512,PNG,134911,763f232fe5f4594e95518afef0dcb21cc123a06595275832e96f9615e639b5ce,1,
release/poster/S354713116-GF-A60-EAF-T14-S1-LH-C1-I0011-F00.png,poster,single,512,512,PNG,174144,bcb695f315e1f124f0120930a69c2dc043bf87b02564b8765321814c8eb78c9a,1,
release/poster/S354713116-GF-A60-EAF-T14-S1-LH-C1-I0063-F00.png,poster,single,512,512,PNG,152768,5938b1dda6f933f9ac974eb655688d8c4174f2183fbb860ee44fab0fca808c2f,1,
release/poster/S358652822-GF-A41-EEA-T01-S1-LH-C1-I0006-F00.png,poster,single,512,512,PNG,109534,731f9ccd72fb94d08a5f87a4d2e4a3ca8b2a760725c475e3d8485ace3b2ad3c6,1,
release/poster/S364995244-GM-A24-EEA-T03-S1-LH-C1-I0015-F00.png,poster,single,512,512,PNG,103178,fadef1a02f7f710f0ef4be5eaf48433cc8537fd7bd1c4906d84e8bbc842e373e,1,
release/poster/S370286626-GF-A59-EEA-T00-S1-LH-C1-I0061-F00.png,poster,single,512,512,PNG,134835,a15a157caee1e885bdf1dc9caef2bceaec04556a125a1b859d92970f5899c822,1,
release/poster/S371797493-GM-A29-EEA-T14-S1-LH-C1-I0043-F00.png,poster,single,512,512,PNG,120607,8541a41701e541f0d2110e052403960dea07be0958e661eb18f44c9d98b940e6,1,
release/poster/S373793896-GM-A22-EEA-T14-S1-LH-C1-I0035-F00.png,poster,single,512,512,PNG,108043,11fe94fd30a082d97c725d3c6ff43203d357bee8348a9009ae03fb5d0e63a6c6,1,
release/poster/S37396139-GF-A51-EEA-T14-S1-LH-C1-I0018-F00.png,poster,single,512,512,PNG,127826,3c3ce9b66bb4642a61e0aa58081b3672dd527c5454b4646a1a10378fc2e21b5f,1,
release/poster/S37396139-GF-A51-EEA-T14-S1-LH-C1-I0048-F00.png,poster,single,512,512,PNG,101850,ef70a74f3e9aa51b4c2742d912dc91e09df1db555821a25dc631c111c7e5fa7a,1,
release/poster/S375545605-GM-A47-EEA-T00-S1-LH-C1-I0004-F00.png,poster,single,512,512,PNG,120098,380a6a470fc9faa9b345e5ce8e775ba5169d2c9d80d2aaa275cec655c33225b4,1,
release/poster/S375545605-GM-A47-EEA-T00-S1-LH-C1-I0022-F00.png,poster,single,512,512,PNG,108715,12bb651d9b02af3778c35dd49a7cdacb890b824cd1f0599261b0c584e86a9285,1,
release/poster/S375545605-GM-A47-EEA-T00-S1-LH-C1-I0027-F00.png,poster,single,512,512,PNG,117191,7ff008d334eacf957079700d3ba99bfc38eb6dd6cba05082c43df9fae1ad6b65,1,
release/poster/S375545605-GM-A47-EEA-T00-S1-LH-C1-I0049-F00.png,poster,single,512,512,PNG,141403,6dedf6fd785f492af340f7cfbfa28ab2a34ab1305926b9b081a6a12eaf52946f,1,
release/poster/S376287613-GF-A19-EAF-T14-S1-LH-C1-I0011-F00.png,poster,single,512,512,PNG,84780,bba93b2db0c83301d974860ea2ff9bbde7fee057931a98106c75f403287cdb66,1,
release/poster/S377896724-GF-A29-EEA-T10-S1-LH-C1-I0028-F00.png,poster,single,512,512,PNG,89167,2b0436dbc062bf396089a63c548820b18e3bcb35d358f679ba44fe96aa4986d1,1,
release/poster/S380795387-GF-A58-EEA-T14-S1-LH-C1-I0035-F00.png,poster,single,512,512,PNG,108107,529c1ded0f162a7677d8c53f9c50e732e5872280980f7d3ad84d12e257029c35,1,
release/poster/S382037204-GF-A89-EEA-T03-S1-LH-C1-I0006-F00.png,poster,single,512,512,PNG,118713,1041309025e95dfc22f9d80262ef0404d614a1264890324347e7bfae338e1a23,1,
release/poster/S384793007-GF-A62-EEA-T01-S1-LH-C1-I0006-F00.png,poster,single,512,512,PNG,68412,3b042c4b223e3a42773d5e6dbd6c522e952b8dbf990c5514730d203b28ce6631,1,
release/poster/S388546914-GF-A50-EEA-T14-S1-LH-C1-I0025-F00.png,poster,single,512,512,PNG,91090,6e81bc42777f8a59677235cda7a8a4f8c8d36aac3d55ead4a23832f30fd7efdd,1,
release/poster/S39379132-GF-A54-EEA-T15-S1-LH-C1-I0056-F00.png,poster,single,512,512,PNG,120776,9d214b8efb9d7d2793b226292456026da8bc94f2050c7e22b5b757a67bb7116b,1,
release/poster/S394313530-GF-A45-EEA-T03-S1-LH-C1-I0050-F00.png,poster,single,512,512,PNG,138962,ea573043e9bff4d3d26031279ef251765abbe00ce15172c4e65e883c08c53b93,1,
release/poster/S395744997-GF-A18-EEA-T01-S1-LH-C1-I0002-F00.png,poster,single,512,512,PNG,148241,536c32b1046d4524f97509e05cc108fbcbd731a3c5cfb95b571c973ff7cb35dd,1,
release/poster/S39590804-GM-A53-EEA-T03-S1-LH-C1-I0045-F00.png,poster,single,512,512,PNG,132824,7f3750cddb1f97cd95a367dbfe2e266604b722a1864013105b6d969c08208aed,1,
release/poster/S397228464-GF-A72-EEA-T03-S1-LH-C1-I0009-F00.png,poster,single,512,512,PNG,131712,1c0767eb8b4e67b557641866f497c5b47321a3f24be87a3cf71913a4d18ad3e8,1,
release/poster/S402397961-GF-A82-EEA-T00-S1-LH-C1-I0029-F00.png,poster,single,512,512,PNG,113465,3452d7ce2a1a91d40d2c9bd8a651c04e50821e1d6c70c5e491a90a04c5dd7cb4,1,
release/poster/S402992794-GF-A60-EEA-T14-S1-LH-C1-I0010-F00.png,poster,single,512,512,PNG,110398,216da44acf91f0975ee19628391566ca7169935e8f38c33c8ab7414e1f3b95ac,1,
release/poster/S407285746-GF-A18-EAF-T13-S1-LH-C1-I0047-F00.png,poster,single,512,512,PNG,108976,51993a0fef454de5d547c2b0ea68a0b599b2b1436b695df8be610cab04a6169e,1,
release/poster/S409626024-GM-A29-EEA-T11-S1-LH-C1-I0000-F00.png,poster,single,512,512,PNG,74425,4dc9355a1233d6162a7b2a4fbd11134a476fc837d0fe7ed28823076d571da358,1,
release/poster/S411588159-GF-A21-EEA-T03-S1-LH-C1-I0033-F00.png,poster,single,512,512,PNG,89462,5a2ead2b8a4c0fd90a13140463ce23341efcc664ed1ad308154dab3f89732d8b,1,
release/poster/S412637027-GM-A93-EME-T01-S1-LH-C1-I0061-F00.png,poster,single,512,512,PNG,109397,a76ce91b1b507888695e5512b3a577e85038a635212211885ef63f2263687fa1,1,
release/poster/S415761895-GF-A62-EAS-T03-S1-LH-C1-I0005-F00.png,poster,single,512,512,PNG,130904,b0e3719523913353230a7285367f3fbac3c97aa635ba3841cff973a91c860e6b,1,
release/poster/S422234801-GM-A19-EAS-T14-S1-LH-C1-I0050-F00.png,poster,single,512,512,PNG,81273,f3b55430188e9bf23e6275ee9f698a84597ba70423e4055589c37766b3f4f3f5,1,
release/poster/S426127418-GF-A48-EEA-T03-S1-LH-C1-I0043-F00.png,poster,single,512,512,PNG,132588,d66e772bba712f861d8d874ec17cd4696833972bb411d11dceeaf6f8d1608da6,1,
release/poster/S43189665-GF-A47-EME-T13-S1-LH-C1-I0035-F00.png,poster,single,512,512,PNG,126216,ff4717bbe8b1e9040319f6028e76ff1ac5a5d6b1a542efad6a748b18e23d9195,1,
release/poster/S43416355-GF-A63-EAS-T03-S1-LH-C1-I0018-F00.png,poster,single,512,512,PNG,79551,23a6f5fd319378b3e6b948974b1df66df6d2ab973c3cfacf1bfdb7398ed09d6d,1,
release/poster/S442640043-GF-A83-EEA-T01-S1-LH-C1-I0015-F00.png,poster,single,512,512,PNG,95626,5f5b93d79c06b71ba064fed5163a11868ca24d36b2186612987ee85e895a0559,1,
release/poster/S44577521-GM-A92-EME-T14-S1-LH-C1-I0012-F00.png,poster,single,512,512,PNG,80998,09dc370b6dc54deb24c820367c632ce2e55b75a084a0f2436ef173f3008026be,1,
release/poster/S44577521-GM-A92-EME-T14-S1-LH-C1-I0041-F00.png,poster,single,512,512,PNG,122118,3809392cec5b52acdde4f003f1d7a5ee5867b6a8eeae29bdcfaf055f63ee0f6d,1,
release/poster/S457681878-GF-A95-EEA-T14-S1-LH-C1-I0017-F00.png,poster,single,512,512,PNG,143084,660a628840e8ba912aa36412a5456cc5a0049fc15e6665a6e97ddc6a6602756b,1,
release/poster/S464252649-GM-A60-EEA-T15-S1-LH-C1-I0045-F00.png,poster,single,512,512,PNG,96364,c1c74a688b5e6f8bf497d9e30c324b6366451f5871e60f1ca52a01546768e91c,1,
release/poster/S472012617-GM-A63-EEA-T01-S1-LH-C1-I0014-F00.png,poster,single,512,512,PNG,104644,89d97351d2593778b44402c06fc83923a66d799ea856c5f7d4cb8a8c2209d4f9,1,
release/poster/S472012617-GM-A63-EEA-T01-S1-LH-C1-I0022-F00.png,poster,single,512,512,PNG,136332,96c8a88031e97013117361852238f434747286f383999a4b71a502fc96c07045,1,
release/poster/S475499547-GM-A26-EME-T01-S1-LH-C1-I0029-F00.png,poster,single,512,512,PNG,118478,299731a550bfdc59373d5303e45ffb6e9a792be82c18468e3bda1a6ded437bc9,1,
release/poster/S477281279-GF-A30-EME-T14-S1-LH-C1-I0058-F00.png,poster,single,512,512,PNG,135922,b2b7b6b8293f4a841396121fcc1d3befe08c3a544117449abd93aadbc627dfaa,1,
release/poster/S480910045-GF-A90-EME-T11-S1-LH-C1-I0003-F00.png,poster,single,512,512,PNG,112187,fdf0df741801f92e44934fb73f328d9f5fea587187e5507860d523ff03d5d642,1,
release/poster/S482766020-GF-A40-EAS-T15-S1-LH-C1-I0060-F00.png,poster,single,512,512,PNG,113949,d037834ce90e308304d3c71afaa08ce9307238b8e6394bce1fc4bf515e498966,1,
release/poster/S493184426-GF-A19-EAF-T00-S1-LH-C1-I0000-F00.png,poster,single,512,512,PNG,73263,0d33ae7830e6b445185ddc0336946ed910d8ff3a16066d81f5c71eec64ae8bc0,1,
release/poster/S495166625-GF-A58-EAS-T14-S1-LH-C1-I0053-F00.png,poster,single,512,512,PNG,103128,b7600ff58114bb21d485662fd4702791785e37f94f462da49c4877e1e1418433,1,
release/poster/S50180802-GM-A26-EEA-T00-S1-LH-C1-I0055-F00.png,poster,single,512,512,PNG,128367,e46d719af588432b50a9202fd8b778df6455ce5f1a1b209a08af1522a868babd,1,
release/poster/S504201509-GF-A50-EME-T14-S1-LH-C1-I0001-F00.png,poster,single,512,512,PNG,128999,0d589568c70e1cc270fb83e114eb63a81510bbfc229410458becd112af348f12,1,
release/poster/S506465236-GM-A41-EEA-T00-S1-LH-C1-I0013-F00.png,poster,single,512,512,PNG,96324,f269b861211ebda53f4d376d4f7583e1228b172f08ed29b1bbe2ea24e294b8fc,1,
release/poster/S508947155-GF-A84-EAF-T01-S1-LH-C1-I0013-F00.png,poster,single,512,512,PNG,122490,5c3ff8d7ca55e1bc9cb8990b65c8083506da6199a730e8bf0281c0b407866257,1,
release/poster/S508947155-GF-A84-EAF-T01-S1-LH-C1-I0030-F00.png,poster,single,512,512,PNG,115729,efc0316e2ced08a3d3047b9092ea0f8b948ca6f2a43a9c40038cf4139ea67e1d,1,
release/poster/S508947155-GF-A84-EAF-T01-S1-LH-C1-I0033-F00.png,poster,single,512,512,PNG,139669,f4ad0049883e1fc8720242611201d1d3fd4d0153d3bb1591dc0366cc2e58f9aa,1,
release/poster/S508947155-GF-A84-EAF-T01-S1-LH-C1-I0054-F00.png,poster,single,512,512,PNG,121434,19a38efa835322b48850209d4f9370e286c0633a23d1c982440c05e658e5350e,1,
release/poster/S510917796-GF-A21-EME-T03-S1-LH-C1-I0042-F00.png,poster,single,512,512,PNG,124068,fcf0c2c6a8ce247ad0f5a6a04c8c5a761ce031e2b2427dfd8e3651a75876ad55,1,
release/poster/S514677740-GM-A43-EME-T03-S1-LH-C1-I0021-F00.png,poster,single,512,512,PNG,107786,fb3a97d2755751ee2c4eb08d69ea5bd4d62a186654125f723b7aed0f98a6283f,1,
release/poster/S51891071-GM-A63-EEA-T03-S1-LH-C1-I0028-F00.png,poster,single,512,512,PNG,116004,59d4b9d7994a0eacb6497b00c0c031a715f594de0b1d8f8e0dd1b6135a9030f5,1,
release/poster/S519335789-GF-A87-EAF-T14-S1-LH-C1-I0012-F00.png,poster,single,512,512,PNG,97118,7c48164486a0c9d2a6769041ec883d5b5f7e1a7f8df5ceee273e170a6ace2e69,1,
release/poster/S520464077-GF-A50-EEA-T00-S1-LH-C1-I0049-F00.png,poster,single,512,512,PNG,157768,a2372a135b5472f7f2d26292070a3a2cf48863696410c43760fb99881e3888e5,1,
release/poster/S520464077-GF-A50-EEA-T00-S1-LH-C1-I0055-F00.png,poster,single,512,512,PNG,106000,787b8506a061e12b927932fc94559273b460e42d0dac4073bff785e1788c5024,1,
release/poster/S526642813-GF-A73-EAF-T03-S1-LH-C1-I0033-F00.png,poster,single,512,512,PNG,96230,abf528a51e9ac13c4182b8056136f7c6c65c685602f0d8269fe48f2a2143ca07,1,
release/poster/S526642813-GF-A73-EAF-T03-S1-LH-C1-I0036-F00.png,poster,single,512,512,PNG,92702,1456fcbc72480c5a256c0d1af0e4edd294ca64144807d2bfdef967bcea4755f0,1,
release/poster/S528079409-GM-A46-EEA-T11-S1-LH-C1-I0009-F00.png,poster,single,512,512,PNG,86471,030a2dc0613e7a6ef0395dcbbbc3ff89f1a97c19d0a1f0a5121704234b8e06c3,1,
release/poster/S533819468-GM-A53-EIA-T14-S1-LH-C1-I0007-F00.png,poster,single,512,512,PNG,151824,d57e4dbc9bb1effe846a3ef5e070a44b9de9680f38f06f563ea9f460769bf430,1,
release/poster/S535874367-GF-A18-EEA-T14-S1-LH-C1-I0059-F00.png,poster,single,512,512,PNG,131149,7410a6939f263e50e25f521789b4baf041cdc06c4d7612bb17a7f3647bf63089,1,
release/poster/S536119263-GM-A46-EEA-T11-S1-LH-C1-I0063-F00.png,poster,single,512,512,PNG,103467,6f7c0eaeb844f793e132493199c25a19a29214231e2463b8c9e9f98fe39a3cb4,1,
release/poster/S537195914-GF-A56-EME-T03-S1-LH-C1-I0040-F00.png,poster,single,512,512,PNG,144748,84459e9331bfa8d849b9920c16c99dcb9d4cbe7dc7427bb21faab45f7b3e94b3,1,
release/poster/S554872844-GF-A81-EIA-T00-S1-LH-C1-I0062-F00.png,poster,single,512,512,PNG,88906,f1fadee3ee4825817475af95bdb0e21e4b4b69a18384598515edf15ba4b7658a,1,
release/poster/S557350179-GF-A53-EAS-T03-S1-LH-C1-I0005-F00.png,poster,single,512,512,PNG,132235,168f3e24fcac76b7caaa8330a18a0e914b60fba05fc0e2c59922006f50e36d2b,1,
release/poster/S560191384-GF-A51-EEA-T01-S1-LH-C1-I0033-F00.png,poster,single,512,512,PNG,88529,c82f934ce11a6e245482fbe0b13c586c5fe7aa069ea25bebbe558821d82c054f,1,
release/poster/S561424111-GM-A25-EME-T14-S1-LH-C1-I0010-F00.png,poster,single,512,512,PNG,81996,a0a351efacae3e859bf2b82f90811e6733e56ac03fb4290f37d9f2dcb617c84f,1,
release/poster/S562599431-GM-A42-EEA-T00-S1-LH-C1-I0036-F00.png,poster,single,512,512,PNG,87421,b58514ad3dc3c968c4538ef67c8795b6f0e96f26b44e2b43ef0d282808b69ec4,1,
release/poster/S564127454-GF-A22-EAS-T03-S1-LH-C1-I0009-F00.png,poster,single,512,512,PNG,122040,64ed11e33c7b211058a83b186d2ddbf8cbda1ad9c4dd423641e4baba9cca5208,1,
release/poster/S567149942-GF-A85-EEA-T00-S1-LH-C1-I0039-F00.png,poster,single,512,512,PNG,108658,cf1abb0a37519e4e5c56cf543c78298be930c354dbccbd04baf592e98a7fa72d,1,
release/poster/S567149942-GF-A85-EEA-T00-S1-LH-C1-I0061-F00.png,poster,single,512,512,PNG,70928,f86fd3ddda224cecf1c67a915a7d0fe15fd7871aaeb2f0014e63ea07f2291277,1,
release/poster/S567565556-GF-A43-EME-T01-S1-LH-C1-I0057-F00.png,poster,single,512,512,PNG,122893,588dcba2fab804defe08e1f4f06cb8511c55c8c95f5a1edade65d16b39ca2ad3,1,
release/poster/S571336030-GM-A48-EIA-T01-S1-LH-C1-I0034-F00.png,poster,single,512,512,PNG,115133,b17ebbf9e9d3618938f846ea7f4b55d564a36a9f6ad58b9f75d87f5067e90ef1,1,
release/poster/S571571794-GM-A57-EEA-T03-S1-LH-C1-I0016-F00.png,poster,single,512,512,PNG,84903,ec6d259ab324766d880651f9371d8ecf22425e9def096fd4fdc9c909e07013a9,1,
release/poster/S574280680-GF-A53-EME-T03-S1-LH-C1-I0005-F00.png,poster,single,512,512,PNG,132604,69c68a163946560190b9ea57967494aee9801d13e7562ee79946748362da423d,1,
release/poster/S574761980-GF-A38-EEA-T14-S1-LH-C1-I0044-F00.png,poster,single,512,512,PNG,60607,aee64ec560a083457682eb03a59fbd390cab141113f11d9676457b68d838ae4c,1,
release/poster/S577181289-GF-A97-EME-T00-S1-LH-C1-I0056-F00.png,poster,single,512,512,PNG,120132,7bcaa67bfd39425b2fbfb50ff04f74c95543cbd72643788cc721862731fdd2b3,1,
release/poster/S578152615-GM-A42-EEA-T03-S1-LH-C1-I0011-F00.png,poster,single,512,512,PNG,104974,963c1083cb2bb38d0a3d863233876e0c6e42e0db75e8cb0978873359dd8c82fe,1,
release/poster/S590103000-GF-A47-EEA-T01-S1-LH-C1-I0045-F00.png,poster,single,512,512,PNG,159728,658c8ff735007f86aad672e270be88db13972abc513658424491b804f03ca2d0,1,
release/poster/S590103000-GF-A47-EEA-T01-S1-LH-C1-I0047-F00.png,poster,single,512,512,PNG,119081,f6a07db6569f7f962abba2b822951cbe98d5529431f6d15f0148f627bfd4af06,1,
release/poster/S590103000-GF-A47-EEA-T01-S1-LH-C1-I0056-F00.png,poster,single,512,512,PNG,140861,896946744b1cb0634b210256acd01d7c5f7c2641403b5f28cbbcf1906dedabb3,1,
release/poster/S590103000-GF-A47-EEA-T01-S1-LH-C1-I0063-F00.png,poster,single,512,512,PNG,145888,b6cd7beff00b1e0c982326f4f54f49ca4184944bc8190d8fdae140eda21e3ed4,1,
release/poster/S592147976-GF-A52-EEA-T00-S1-LH-C1-I0049-F00.png,poster,single,512,512,PNG,80013,02e6f3c7c5de7d8342b3a31bfc0780e9730919694985f28dfc9c46295f688ed1,1,
release/poster/S598532466-GM-A87-EME-T14-S1-LH-C1-I0025-F00.png,poster,single,512,512,PNG,123448,f6b8934e3022e628e923272ca7989a90da18538f17e62f4e0784ea1c116dd19f,1,
release/poster/S606909976-GF-A59-EEA-T01-S1-LH-C1-I0035-F00.png,poster,single,512,512,PNG,95928,10cdf36a14b932fa34f97a8295e598efadfafb00d2165fe8a8492dbf9ec19d65,1,
release/poster/S616053079-GF-A33-EEA-T00-S1-LH-C1-I0038-F00.png,poster,single,512,512,PNG,122182,551dc9c9c51b37169d0893fb56f93011f584c4ef4b25c0f250070eeacdf6e29d,1,
release/poster/S616105557-GF-A58-EEA-T11-S1-LH-C1-I0042-F00.png,poster,single,512,512,PNG,62462,f69c1c5e32a6fb8ebcc739811ad225e3a3f03b85a2225f152e972f416265c561,1,
release/poster/S618974755-GM-A24-EEA-T00-S1-LH-C1-I0045-F00.png,poster,single,512,512,PNG,113514,7cabfe57e5a40b38f42e324c4debf6d7bfa4b4bf6bc8d37d40a9aa8d73a76e52,1,
release/poster/S621920790-GF-A25-EEA-T13-S1-LH-C1-I0005-F00.png,poster,single,512,512,PNG,136258,cdd89fb5c27d31e496e70be428a1313aa128997b26bdf12e13119fa5440f0f5d,1,
release/poster/S622813751-GM-A67-EAF-T01-S1-LH-C1-I0021-F00.png,poster,single,512,512,PNG,117196,efd0445b0e6747d5811131ce311b0d5bc8ead3e5302e8210a5969606d3521b32,1,
release/poster/S62389544-GF-A82-EEA-T14-S1-LH-C1-I0050-F00.png,poster,single,512,512,PNG,79702,da5b7afe85a4d78c6a5d6fd2bc41366b025096474ea248866d8acbc0672be387,1,
release/poster/S640440409-GF-A40-EME-T14-S1-LH-C1-I0001-F00.png,poster,single,512,512,PNG,141889,ecdb5427e552d79d5d27633126b61e3610157b691ac68a6ead2d4e28a754b81a,1,
release/poster/S641100116-GM-A97-EEA-T14-S1-LH-C1-I0060-F00.png,poster,single,512,512,PNG,97511,28c38b20388ff8a170cb58ada657ead46074f61dde2b79d7c33ebbc66355a8a3,1,
release/poster/S6470524-GF-A29-EAS-T14-S1-LH-C1-I0059-F00.png,poster,single,512,512,PNG,83240,87ded1baf0371ab2844d2bf5a7eaa302cb189cf1ccef8c7169575fe03c3ce95e,1,
release/poster/S647458820-GF-A61-EAF-T03-S1-LH-C1-I0003-F00.png,poster,single,512,512,PNG,109183,7c42e9692c8fedda3162e05f35e4a22f493f250a85828f1ca6e9801e8e952c29,1,
release/poster/S653507002-GM-A51-EME-T03-S1-LH-C1-I0023-F00.png,poster,single,512,512,PNG,137851,a26d0f96e5d72e02822b2ed6748e92b6098fb770c3853702b11a1e200a39fe94,1,
release/poster/S653507002-GM-A51-EME-T03-S1-LH-C1-I0063-F00.png,poster,single,512,512,PNG,128987,3ffeac065420f867f4ef07a9dc1904b8bbe98714b598dcd348ad0b00085fdab6,1,
release/poster/S664246838-GF-A21-EEA-T11-S1-LH-C1-I0004-F00.png,poster,single,512,512,PNG,136314,3a7417976a2c86d5f3a2626cb9b3e2201151eb75b9e4636dd1e24eb42d91e983,1,
release/poster/S664246838-GF-A21-EEA-T11-S1-LH-C1-I0019-F00.png,poster,single,512,512,PNG,155113,2bb2c3fb436d40f0d4ac9e6d6b95d7f1ca3c8c24e838e595c13abb260de636e1,1,
release/poster/S664545006-GF-A28-EIA-T14-S1-LH-C1-I0033-F00.png,poster,single,512,512,PNG,107944,ba6d0e8f601e2277b8e7f4d9b7d094e0737d88ffa198ec5d3169b917f5aea191,1,
release/poster/S669973447-GM-A20-EEA-T00-S1-LH-C1-I0000-F00.png,poster,single,512,512,PNG,85057,964d1fab5589e0c801af2c4a7e54eadeed21929fd48831ba9220bfa0614837d5,1,
release/poster/S669973447-GM-A20-EEA-T00-S1-LH-C1-I0016-F00.png,poster,single,512,512,PNG,81218,5ae6a3aea38846339dfd6374a3d57c36ba664a62bd71282fc99c1fb5a1eeacad,1,
release/poster/S670711149-GF-A47-EEA-T00-S1-LH-C1-I0025-F00.png,poster,single,512,512,PNG,75781,a2fada1a747cb5dbdb46d7ae17b682f312d3e57cbf45aba4729923f27a75b91b,1,
release/poster/S673442144-GF-A53-EEA-T01-S1-LH-C1-I0002-F00.png,poster,single,512,512,PNG,117571,b69957e073b2b0969a1c603416119cca231edc4c941448d33d2e6c09af76fa0b,1,
release/poster/S673442144-GF-A53-EEA-T01-S1-LH-C1-I0003-F00.png,poster,single,512,512,PNG,125718,bef8a139ed245dc8c74ae7ac74f9d230db43ff971d50b467b2fc93250afd5faa,1,
release/poster/S673442144-GF-A53-EEA-T01-S1-LH-C1-I0013-F00.png,poster,single,512,512,PNG,122920,a6f4791cb168ae939786a046a20e87aa2198b4976487ea222a96d8e407b08678,1,
release/poster/S673442144-GF-A53-EEA-T01-S1-LH-C1-I0023-F00.png,poster,single,512,512,PNG,118093,b31f0100a0a71f1813ccd534eb0cac5f811e3a5665de58f7e14af6b790d51091,1,
release/poster/S673442144-GF-A53-EEA-T01-S1-LH-C1-I0028-F00.png,poster,single,512,512,PNG,112984,13b9c7447711b6bbd2a3fc55642af2ed4afc1eee8828f1bc72292b4e0cb7bd66,1,
release/poster/S673442144-GF-A53-EEA-T01-S1-LH-C1-I0034-F00.png,poster,single,512,512,PNG,133694,3e6e4b108e1d8aaeb2abda6a6b3df0477300e4f4200d3716c906d7bddc465e7d,1,
release/poster/S673442144-GF-A53-EEA-T01-S1-LH-C1-I0035-F00.png,poster,single,512,512,PNG,134202,d6c3197ca8bb1d7f25b05012ac78ad89289637f85bf7673c720a8faafea08536,1,
release/poster/S673442144-GF-A53-EEA-T01-S1-LH-C1-I0044-F00.png,poster,single,512,512,PNG,112987,689be6615367a2eb765a63542e2c45e7becca5c8b34a079d81851ca13b219735,1,
release/poster/S673442144-GF-A53-EEA-T01-S1-LH-C1-I0049-F00.png,poster,single,512,512,PNG,131722,f4a44ba80453692940515322d7fd3ea41194d2f50a4280dea079168242c42de5,1,
release/poster/S673442144-GF-A53-EEA-T01-S1-LH-C1-I0056-F00.png,poster,single,512,512,PNG,106828,da4e9bc99fe7f036c93782b930804dbdd15b181e1c50bc440f47bc07e422539c,1,
release/poster/S677155548-GF-A53-EME-T01-S1-LH-C1-I0011-F00.png,poster,single,512,512,PNG,133997,57a1a2c73bdb5a5d6fca8496afd3224824311bb2b50740989da5d168a034418f,1,
release/poster/S678466862-GF-A62-EEA-T03-S1-LH-C1-I0047-F00.png,poster,single,512,512,PNG,143997,21aaea9ab366652be160a1cbf62f6b6ab51df11980dc7c80e2c4faae451d6c5e,1,
release/poster/S682364157-GF-A18-EIA-T03-S1-LH-C1-I0012-F00.png,poster,single,512,512,PNG,109364,140eee17621ea4b4c2c857f18d6e6fca00bca5776d9f7196e19ec01ad69be610,1,
release/poster/S683688917-GF-A31-EIA-T03-S1-LH-C1-I0021-F00.png,poster,single,512,512,PNG,81123,9718758ad09103523a1535d9724e6a50735376018fdf999d921282f3f6b73fcb,1,
release/poster/S691494836-GM-A85-EIA-T11-S1-LH-C1-I0037-F00.png,poster,single,512,512,PNG,126431,a323d67024cdb7bb89157d1cbd9c8d20f8449bf8924555296d380ae31c993cb4,1,
release/poster/S691842297-GM-A47-EME-T14-S1-LH-C1-I0022-F00.png,poster,single,512,512,PNG,105378,0152b6326d0506a96ad43c30ad1083f3dac73ad702ad72d78025ee674bd1dcdc,1,
release/poster/S700139260-GF-A56-EEA-T15-S1-LH-C1-I0053-F00.png,poster,single,512,512,PNG,91877,643d13a39d47c489a2da0085e2b9594cbc88b0730f08fd9f633f29b4446f830d,1,
release/poster/S700907495-GM-A91-EME-T01-S1-LH-C1-I0006-F00.png,poster,single,512,512,PNG,109919,eea5ba02e2c9aa23747356a3778cd8dc0f06357584565c03b8a98d6ee445f0db,1,
release/poster/S708639364-GM-A59-EEA-T00-S1-LH-C1-I0042-F00.png,poster,single,512,512,PNG,105681,5e7830b9ccf716a66e8a7fc234edd1970a045a3420bc6fe60c69551d85557eef,1,
release/poster/S710623010-GF-A75-EME-T01-S1-LH-C1-I0051-F00.png,poster,single,512,512,PNG,83933,22969b0cd268ed3c78705cee9fa8683ed9fa5a17a71087ecbf06a0bce798acf2,1,
release/poster/S720555455-GF-A90-EAS-T14-S1-LH-C1-I0024-F00.png,poster,single,512,512,PNG,89533,e6056a3706874963883de6d90a65f2406d2ecbf96894179424e61cf4f9a0a81e,1,
release/poster/S721709390-GF-A24-EME-T00-S1-LH-C1-I0000-F00.png,poster,single,512,512,PNG,50877,3f07ea238f9eafe0e5731349dca224748a97cb93d0434fbfbe21c75b981a02bb,1,
release/poster/S723966293-GM-A27-EEA-T03-S1-LH-C1-I0044-F00.png,poster,single,512,512,PNG,94264,32d30a6639de9ababc25f5b9090621a6903ace6af112d7996f163fae85ad75c9,1,
release/poster/S726037773-GF-A57-EEA-T15-S1-LH-C1-I0030-F00.png,poster,single,512,512,PNG,117766,4fc0625914ce153aabee9c0b7a23e905c70d9e4944cad781f85220be85be008e,1,
release/poster/S726037773-GF-A57-EEA-T15-S1-LH-C1-I0031-F00.png,poster,single,512,512,PNG,109615,ad760fd93c46dd217f7eb0a1525594d2f968293ecfe691195f05f9be2d81e7c4,1,
release/poster/S727226600-GM-A33-EAS-T03-S1-LH-C1-I0035-F00.png,poster,single,512,512,PNG,95161,a7e2b95de520b8d8ba275d477468412fc63c63ca3ebb79e970c61208c4df17fe,1,
release/poster/S727226600-GM-A33-EAS-T03-S1-LH-C1-I0053-F00.png,poster,single,512,512,PNG,78129,0f2fe5e2cc11cb947e0b583d5c213f9ee6dd9b54b8f071b0b221323bbef14ba7,1,
release/poster/S735235858-GF-A76-EEA-T03-S1-LH-C1-I0045-F00.png,poster,single,512,512,PNG,99618,4b63e66ec142d172b95a9d7435e3654b6395d22d08edbfb528d7a3e60f3aa78b,1,
release/poster/S741955884-GF-A71-EEA-T14-S1-LH-C1-I0057-F00.png,poster,single,512,512,PNG,102761,c3f4ad83cf59a01989115e2ec76b94bf5d4a4098da46846b8d0df3f5b5748085,1,
release/poster/S74441691-GF-A84-EIA-T13-S1-LH-C1-I0061-F00.png,poster,single,512,512,PNG,94329,840d814c25e04e94fec801071ecf8a476037a0938a4349729a033589628c5781,1,
release/poster/S744766748-GM-A69-EEA-T01-S1-LH-C1-I0008-F00.png,poster,single,512,512,PNG,148785,3ef79206e26b047958d9b2203428f146c05acd2546801ef26bbe37408fcf7c29,1,
release/poster/S752785476-GF-A66-EEA-T00-S1-LH-C1-I0010-F00.png,poster,single,512,512,PNG,88283,bcf821725ebe54e17436e53c3055f7996b3f2a4284c2f18cba672edad486ea85,1,
release/poster/S755595872-GF-A36-EME-T03-S1-LH-C1-I0000-F00.png,poster,single,512,512,PNG,118998,d87d0ef040fc06ccfb1339539f63a01c31ed8dcefe0a0cd251948fd498fdb5fe,1,
release/poster/S760022445-GF-A45-EEA-T03-S1-LH-C1-I0032-F00.png,poster,single,512,512,PNG,150604,1b1679c5e7827f126d4e2df66b3a498ac0094ebae3616f343acdc606ee57014e,1,
release/poster/S766916408-GM-A23-EME-T14-S1-LH-C1-I0040-F00.png,poster,single,512,512,PNG,107289,94f8aa4f5b752f10ab14c0ad647d63b7afed7e804a7c588bec54e07080d68072,1,
release/poster/S778523462-GF-A44-EIA-T14-S1-LH-C1-I0042-F00.png,poster,single,512,512,PNG,118010,1c5dd41afcd2bafc439423eea497c1b1fc600d7a3e0ec75547f93308b72b64c6,1,
release/poster/S780045574-GF-A98-EAF-T14-S1-LH-C1-I0030-F00.png,poster,single,512,512,PNG,74888,939d94257ff0966043542298f1881ff58b132a0c7ad2b498dea08f496f590202,1,
release/poster/S780124184-GF-A64-EME-T01-S1-LH-C1-I0042-F00.png,poster,single,512,512,PNG,103415,66e2e9ed2158024a56d0fe4b4921e58472c46061db765fdc37fef2a676ff701b,1,
release/poster/S786321386-GM-A32-EME-T00-S1-LH-C1-I0051-F00.png,poster,single,512,512,PNG,138591,2ae396eb6184e47eea4d3096706a0a4d0ad05fa52486e6134f6f997f2ffb9323,1,
release/poster/S788462400-GM-A77-EEA-T14-S1-LH-C1-I0022-F00.png,poster,single,512,512,PNG,116002,5c6778dbbb2a8dcc45fda20ea873ed108858627ff629b92889fc0293094d3af3,1,
release/poster/S79333356-GF-A59-EEA-T03-S1-LH-C1-I0057-F00.png,poster,single,512,512,PNG,111485,173d1a6c84809532aa63826ba93c585bab278b29d6564120db71645cc60084a2,1,
release/poster/S795622045-GM-A49-EEA-T03-S1-LH-C1-I0033-F00.png,poster,single,512,512,PNG,96523,6407081da7b27434941fe351c003d038f1c0025ff1f4ca37033045e9d3da507d,1,
release/poster/S798606872-GF-A37-EME-T15-S1-LH-C1-I0028-F00.png,poster,single,512,512,PNG,107854,47c544c89f04d915378f8909bbf818166a953441d1d8a9f897f9f9d5a48b3290,1,
release/poster/S804626448-GF-A39-EME-T01-S1-LH-C1-I0049-F00.png,poster,single,512,512,PNG,134558,af3295537bcfbccfdf179701edcac5a3c68fc95477dbb9ba7ecaca227479e33c,1,
release/poster/S806692215-GM-A67-EEA-T01-S1-LH-C1-I0022-F00.png,poster,single,512,512,PNG,74187,b89e7cb41bb1b9da5c207eadd40b249dabc232559c4f380dda17edb075942b06,1,
release/poster/S806692215-GM-A67-EEA-T01-S1-LH-C1-I0043-F00.png,poster,single,512,512,PNG,101997,b490ff6dead414ec913c9241cc5b56775ddc886b8ff89482279919017b6c2a5f,1,
release/poster/S808755818-GM-A40-EEA-T00-S1-LH-C1-I0059-F00.png,poster,single,512,512,PNG,106074,5cc4f0cca12040da15336c5899e80f0e79417dcc904e16407bd2a5287a51b539,1,
release/poster/S816836927-GF-A61-EAS-T00-S1-LH-C1-I0031-F00.png,poster,single,512,512,PNG,123653,35e26d4643ff6206c1496e00d3a097cd96eeda78e68d9bc57ddde51caf75695e,1,
release/poster/S824192626-GF-A59-EIA-T14-S1-LH-C1-I0014-F00.png,poster,single,512,512,PNG,84639,f862c57165529ed051a31dfdf75284979c003afb5886a17643e982be028e8838,1,
release/poster/S825431925-GF-A77-EAF-T00-S1-LH-C1-I0000-F00.png,poster,single,512,512,PNG,95511,2104efecf9652858024156d831b0826d3cc7403ea73c49cc0a0d748f5accb004,1,
release/poster/S825833733-GF-A82-EEA-T14-S1-LH-C1-I0004-F00.png,poster,single,512,512,PNG,97030,8b056ef4a31cc5208c0e7bb04d3820923ba27697061405848ad86237936b32d5,1,
release/poster/S825833733-GF-A82-EEA-T14-S1-LH-C1-I0012-F00.png,poster,single,512,512,PNG,80146,9d2de00d8e774c84fdcfd034ab97289b0c67d924a6bbe7c729228b2a9089dec4,1,
release/poster/S825833733-GF-A82-EEA-T14-S1-LH-C1-I0022-F00.png,poster,single,512,512,PNG,126875,19cdd6f2f2735e51f20a9731607b4e3dec36e41c0f4d3de528762dbf181825b7,1,
release/poster/S825833733-GF-A82-EEA-T14-S1-LH-C1-I0028-F00.png,poster,single,512,512,PNG,121986,b7f19c97ce5389a7bd175959c4ad16ff1b4504bcf2643accd1c301a6c4cd390c,1,
release/poster/S835364261-GM-A45-EAS-T03-S1-LH-C1-I0032-F00.png,poster,single,512,512,PNG,82461,b64796bb837eacdc7c050a28f4cf0ad0141a888655c26ab01757f6d1d4a0b251,1,
release/poster/S838732855-GF-A26-EEA-T03-S1-LH-C1-I0010-F00.png,poster,single,512,512,PNG,113339,cd6f320527c425ad653dcad79f2a6e03a7b7bd094c32df2c8353b8125fa7a721,1,
release/poster/S844573168-GM-A70-EEA-T00-S1-LH-C1-I0061-F00.png,poster,single,512,512,PNG,100700,7391cad3f4657b4ba95b248cef459479e24c4e6375036b1e1b6c8a82437d6180,1,
release/poster/S844761652-GF-A54-EAF-T03-S1-LH-C1-I0008-F00.png,poster,single,512,512,PNG,117815,96729d26b9a7184e0ddf6c09695be2bc809fef6727cd8d6f8307c6f38a636405,1,
release/poster/S851010322-GM-A30-EEA-T03-S1-LH-C1-I0061-F00.png,poster,single,512,512,PNG,137414,bae51f26f83c258fea2c0b10a0abc45f6791d7b832874b147457798bbac55b5b,1,
release/poster/S85153826-GM-A28-EEA-T03-S1-LH-C1-I0011-F00.png,poster,single,512,512,PNG,85566,e3b5dae9874911f629abc969c05096395ebce08cbf103c554066f5d63314d5f5,1,
release/poster/S861590567-GF-A45-EIA-T03-S1-LH-C1-I0062-F00.png,poster,single,512,512,PNG,120942,306fe735556c904fae5a9e2f937d6c853faa45c31bdbeac60f06b9763a7bd34c,1,
release/poster/S86418004-GF-A49-EEA-T10-S1-LH-C1-I0000-F00.png,poster,single,512,512,PNG,136730,c96a659e2750ece00df447ca5393eb24d251fd8b479c1b3a6a5bbb0e6bebff44,1,
release/poster/S871196184-GF-A27-EAF-T14-S1-LH-C1-I0028-F00.png,poster,single,512,512,PNG,63593,b863c6e2c63d22382ff5b6671b1ef23d83b7d52178e4196b9308e7860ee7d761,1,
release/poster/S872849899-GF-A30-EEA-T03-S1-LH-C1-I0004-F00.png,poster,single,512,512,PNG,142636,46aacadd8a3df37262fb6ab776f0fc6a6a6d15c9773f4dc5b980f6f7155c8468,1,
release/poster/S881124278-GF-A51-EAS-T14-S1-LH-C1-I0059-F00.png,poster,single,512,512,PNG,97394,f736c79cf99c020fc80c45bacbf8b3c9459cfa410ad21ffcab4dc2c60d49d878,1,
release/poster/S882917275-GF-A60-EME-T01-S1-LH-C1-I0038-F00.png,poster,single,512,512,PNG,122141,c905291bccd401a60de779ab633e41beac0367e360726fef95700d186c48aaa6,1,
release/poster/S883374229-GF-A54-EEA-T14-S1-LH-C1-I0006-F00.png,poster,single,512,512,PNG,107679,915006e2515947a5b085ca54d770c946981679c7c08e91311b3b8dbc8582c797,1,
release/poster/S883374229-GF-A54-EEA-T14-S1-LH-C1-I0019-F00.png,poster,single,512,512,PNG,101061,237cdd56bf17704cb1f8d889c8ff7550823b1a98114de70175aa45c66f611dac,1,
release/poster/S883374229-GF-A54-EEA-T14-S1-LH-C1-I0021-F00.png,poster,single,512,512,PNG,121794,1d4aaf59a95c3053b1d0ef609e2316fe3e2c2a5328f6c0d7bc9cac03c252d360,1,
release/poster/S883374229-GF-A54-EEA-T14-S1-LH-C1-I0038-F00.png,poster,single,512,512,PNG,107290,71ecda2baba52c63dfdac218996da8e45f3db7389719890bd825681ccc5e7a4c,1,
release/poster/S883374229-GF-A54-EEA-T14-S1-LH-C1-I0039-F00.png,poster,single,512,512,PNG,126423,68ec12cd3112c877a9ec22eeaf0e7d2cce1ee96b2bf8a7770a5900012e99b29d,1,
release/poster/S883374229-GF-A54-EEA-T14-S1-LH-C1-I0040-F00.png,poster,single,512,512,PNG,100756,ea2661d75675c0431f328613d59a59d0d0d7884409759f84acb476c171f3f4d6,1,
release/poster/S883374229-GF-A54-EEA-T14-S1-LH-C1-I0041-F00.png,poster,single,512,512,PNG,115969,75acc4957d1b7ca7f306ea42305208ad32bd1694cd1f4d076ce34eb2c99000f3,1,
release/poster/S883374229-GF-A54-EEA-T14-S1-LH-C1-I0059-F00.png,poster,single,512,512,PNG,107642,969d744e1194ae29ef4b58f060e3b0397e47af122971a4dce12812a2dd024126,1,
release/poster/S883374229-GF-A54-EEA-T14-S1-LH-C1-I0062-F00.png,poster,single,512,512,PNG,114688,b300bf5c5fbb4f5451cff851c00ff00f2a4201d77fc819649661d5987a186ce5,1,
release/poster/S892006153-GF-A74-EAF-T14-S1-LH-C1-I0020-F00.png,poster,single,512,512,PNG,126383,f09318a392d05aefaf47e85d6d691b10d1f785241d2b6a5cb03db7b056f6b178,1,
release/poster/S894840102-GN-A69-EAF-T00-S1-LH-C1-I0056-F00.png,poster,single,512,512,PNG,156081,6ee08f9b2d3951618a693bae506d739b2237424b12713b3d88a891231e5bc09f,1,
release/poster/S895967637-GM-A28-EEA-T01-S1-LH-C1-I0005-F00.png,poster,single,512,512,PNG,113606,29bbb16e849fc3db7994f5d5e242c944d54ca8172a36b2605abb9c83ba8a9341,1,
release/poster/S897329683-GF-A41-EEA-T11-S1-LH-C1-I0040-F00.png,poster,single,512,512,PNG,94374,18fdd30fa948670f0978d6c9e10a73836fec8541ad0429fedd25aed5da4ce9dd,1,
release/poster/S906953625-GF-A53-EEA-T01-S1-LH-C1-I0001-F00.png,poster,single,512,512,PNG,62574,087da7f5347ff6699c72931edb3ad02899d7bddae4260228b6231eb0e36c7e4a,1,
release/poster/S9176807-GM-A21-EEA-T03-S1-LH-C1-I0024-F00.png,poster,single,512,512,PNG,122847,088f4c8a7be340bf792d9dd0b138bfed811a176000d3b56a15b3e7b0b3e7b6ee,1,
release/poster/S921833550-GM-A28-EEA-T14-S1-LH-C1-I0000-F00.png,poster,single,512,512,PNG,91002,dd332bfd8c1d897822240144d63a6a95cb6bd52b55082845faa7fb138550fa12,1,
release/poster/S924724708-GF-A48-EEA-T14-S1-LH-C1-I0053-F00.png,poster,single,512,512,PNG,118415,222a9811145b38f97432e34b0c78044fabbd473cb0e56fb5bf2a14f263031e1e,1,
release/poster/S926047332-GM-A22-EME-T14-S1-LH-C1-I0038-F00.png,poster,single,512,512,PNG,93368,f567fc4961144ac8555e01f8643533a799cea371c47c5230f3f307f3c96a019e,1,
release/poster/S926047332-GM-A22-EME-T14-S1-LH-C1-I0039-F00.png,poster,single,512,512,PNG,66432,aa097c7aeddc00869a439a3cbc989f745d3805a9d052d6d4f7e66b8afc5c5789,1,
release/poster/S931374402-GM-A20-EAF-T14-S1-LH-C1-I0003-F00.png,poster,single,512,512,PNG,77399,d430ea49280e723a6f410fab898b568a3fa82349651dc023bfdb358d9976c90f,1,
release/poster/S931374402-GM-A20-EAF-T14-S1-LH-C1-I0013-F00.png,poster,single,512,512,PNG,103761,fb4148557c7c45530b9a672986beddb7ac0c0ca3fd885ba236e08691c0d9f8d6,1,
release/poster/S932980426-GM-A79-EME-T14-S1-LH-C1-I0010-F00.png,poster,single,512,512,PNG,86177,1a34d60cd5c35c60fdd6f802ffcb8c824c0041f99cabb300a113bbe16a816444,1,
release/poster/S932980426-GM-A79-EME-T14-S1-LH-C1-I0014-F00.png,poster,single,512,512,PNG,122337,fa23ccd677e7e7d4f5c9d5777d575f03a3c175adc9397786a8d791c948dab372,1,
release/poster/S932980426-GM-A79-EME-T14-S1-LH-C1-I0032-F00.png,poster,single,512,512,PNG,94516,c33b3919569e5e934e27b2039ba4828e3a5f900d6660dfce69fa046e7e2b8e2f,1,
release/poster/S932980426-GM-A79-EME-T14-S1-LH-C1-I0054-F00.png,poster,single,512,512,PNG,111186,d147c371fc5b7eeeee9c2503f433be8f882020b2b392e968c61dc9e85b12bf61,1,
release/poster/S936982627-GM-A77-EEA-T01-S1-LH-C1-I0040-F00.png,poster,single,512,512,PNG,110265,223b4da54d9a7c36fdc9cee492414f349c7e26abbc8ccef761d9db593eac8c74,1,
release/poster/S94290629-GF-A23-EAF-T14-S1-LH-C1-I0030-F00.png,poster,single,512,512,PNG,131766,ae61e9574c5505bdd9f52e74c19c47ea157a64916b5f9c064c4504050d78d00f,1,
release/poster/S94888726-GM-A26-EME-T03-S1-LH-C1-I0049-F00.png,poster,single,512,512,PNG,55546,c5a32a6348853b970453a3b883947d90572f4ae35008a2f70a61994cbb4add1d,1,
release/poster/S954227485-GF-A55-EME-T00-S1-LH-C1-I0054-F00.png,poster,single,512,512,PNG,136598,01ef5bac54289d329a53d066699755f8bfdd17752fd1375cd3a01934c2cb5b40,1,
release/poster/S955490819-GM-A25-EAF-T14-S1-LH-C1-I0009-F00.png,poster,single,512,512,PNG,100089,e74f653ef7687068684782659550e351cb2c7dbfff6b64ea66eec7c1883e521c,1,
release/poster/S956718444-GF-A38-EAS-T14-S1-LH-C1-I0018-F00.png,poster,single,512,512,PNG,106689,201bdc1000c0da4943acfbda0e91655734e9b9fc1f0a51974a3c5fbfbe808ba1,1,
release/poster/S95924864-GM-A18-EEA-T14-S1-LH-C1-I0017-F00.png,poster,single,512,512,PNG,100744,ac0d53f31279748234f4e649f20605694a33ccd32f8c52c55ee2736f3fe0dd2a,1,
release/poster/S95924864-GM-A18-EEA-T14-S1-LH-C1-I0029-F00.png,poster,single,512,512,PNG,113382,0219930662eb45d459224bcf3649823d4276e1b59b8e9aec438233986c47a5d6,1,
release/poster/S959317588-GM-A42-EAS-T00-S1-LH-C1-I0008-F00.png,poster,single,512,512,PNG,122519,29e213cee57154ae4cd167524f9b77735ca61740c22e8f17fada8443fc30d804,1,
release/poster/S959317588-GM-A42-EAS-T00-S1-LH-C1-I0054-F00.png,poster,single,512,512,PNG,103703,58fa2175171a95d924b18210df828552a1ada4a9a8d2d97576d1d9d9ebc9c6c1,1,
release/poster/S962503135-GF-A84-EEA-T14-S1-LH-C1-I0013-F00.png,poster,single,512,512,PNG,118128,8f9b6547b5ae0a2680622922a134e43c5fd4ac65c9edf9e77d6c76fda1205927,1,
release/poster/S966499612-GM-A36-EEA-T14-S1-LH-C1-I0024-F00.png,poster,single,512,512,PNG,115428,c4e97ecdf6fe08ebb52abc81f8e0e2ae5e58a746e42103f84acb718ab3266de0,1,
release/poster/S970888949-GF-A57-EEA-T15-S1-LH-C1-I0038-F00.png,poster,single,512,512,PNG,123487,3387f1a8e4cb1c36cf554fc0bdde00a1ae17db17c500d6b86c7061ca123b0d58,1,
release/poster/S976538751-GM-A19-EAF-T14-S1-LH-C1-I0007-F00.png,poster,single,512,512,PNG,121297,a1d5410f9ddde92c4d4b5f99a546d2426077e4617824e07c34bedf2983228b4e,1,
release/poster/S976538751-GM-A19-EAF-T14-S1-LH-C1-I0042-F00.png,poster,single,512,512,PNG,80467,45fea8bbcbe93afd1d38f595920030c2d1ea3c488690140b5888546895d473e9,1,
release/poster/S978873421-GF-A64-EEA-T01-S1-LH-C1-I0000-F00.png,poster,single,512,512,PNG,106952,7a72f075824d2451af91a4c9b98e9b8f80d7682ebc1aff295d0646c6e060a76d,1,
release/poster/S980654402-GF-A53-EEA-T14-S1-LH-C1-I0004-F00.png,poster,single,512,512,PNG,78523,938973c0f038212dfb254d09c9abbb34f5238cf70fb23747eaa1a2198fbef204,1,
release/poster/S982128636-GM-A71-EME-T01-S1-LH-C1-I0008-F00.png,poster,single,512,512,PNG,151425,3c2d7d621dd0d4f87a6c039cffda4f7cb4cb9c013a507a8e545e7b755d96d889,1,
release/poster/S982227952-GM-A31-EEA-T00-S1-LH-C1-I0051-F00.png,poster,single,512,512,PNG,99738,9f344cedb4a1d43e1e8f0a7483ab9f2439b1b9981180044bc579c1e9ff22457e,1,
release/poster/S98643087-GF-A34-EIA-T10-S1-LH-C1-I0042-F00.png,poster,single,512,512,PNG,140520,fbb5bd0f95f27f3ccd6f1ae79f8b9882987421a5c6af31bbe33269ad11e51d46,1,
release/poster/S987384432-GF-A95-EME-T01-S1-LH-C1-I0003-F00.png,poster,single,512,512,PNG,108912,64ca4a7c6437df65d59f988eeb1ca0b8fcec4dfbc6fb16eb5cc3661d85cd0a7d,1,
release/sat/S108161842-GM-A52-EEA-T11-S1-LH-C1-I0007-F00.png,sat,single,512,512,PNG,370370,edb1b68a4be42fccdcec4b199b81362bb696da3e957331cb4e0e822c05ecad55,1,
release/sat/S113923411-GF-A35-EEA-T14-S1-LH-C1-I0048-F00.png,sat,single,512,512,PNG,330401,5cfbb95e45250426c875336343e5b13bfea980009be553799d335d9b8db76aa3,1,
release/sat/S115293589-GF-A67-EME-T01-S1-LH-C1-I0030-F00.png,sat,single,512,512,PNG,389174,5b31da579012a0406d48b6c5f49507377174f03cc0113fcfca4d50ca1196d9a9,1,
release/sat/S115379105-GF-A98-EEA-T14-S1-LH-C1-I0044-F00.png,sat,single,512,512,PNG,373819,d9b81c0ffcf0b3b684ca38e2f532aba6031ab27912416e5335b094a5dfc017da,1,
release/sat/S116651325-GM-A28-EEA-T13-S1-LH-C1-I0056-F00.png,sat,single,512,512,PNG,370790,7230b75eaa34102798d6576861034c6ff5c10682175c2e7fe7ba86994859bfe6,1,
release/sat/S120660598-GM-A33-EEA-T00-S1-LH-C1-I0034-F00.png,sat,single,512,512,PNG,370885,2457a639747b50006994dd460668b6a1b217b6e98030b2d5fae89ae7f5dd4e5f,1,
release/sat/S121566497-GF-A32-EEA-T14-S1-LH-C1-I0036-F00.png,sat,single,512,512,PNG,403595,3f3da4b224c72fd31e420716d4534cd6fdda0b481bfa1f4b37f664ece6e5609f,1,
release/sat/S121714872-GF-A34-EAF-T03-S1-LH-C1-I0053-F00.png,sat,single,512,512,PNG,365332,ea8b5fab63bd80c05a8020a53b99c89718fa3243ba30b5caec511f7cca3f7de5,1,
release/sat/S124298498-GM-A91-EEA-T14-S1-LH-C1-I0034-F00.png,sat,single,512,512,PNG,366528,007d2c2a8e05aa6442a14a16966a52a83c30511a8b3d402aba7928164bfda249,1,
release/sat/S130186036-GF-A82-EEA-T01-S1-LH-C1-I0007-F00.png,sat,single,512,512,PNG,368640,519811a1ea5876f0995419ae6585a37718f8c3a68eef4b98bcc92335bf2cf664,1,
release/sat/S137547030-GF-A76-EEA-T01-S1-LH-C1-I0045-F00.png,sat,single,512,512,PNG,374611,8550640a9f3e3c10dbbb6434a4d367ec2405f687b77463116a415e6ead501970,1,
release/sat/S138993008-GF-A66-EAF-T00-S1-LH-C1-I0035-F00.png,sat,single,512,512,PNG,340885,7fc6873796fd9bc754dfb52abbca8bcc7da263d8b083dc105d7cad37bcb3db74,1,
release/sat/S14964507-GF-A29-EEA-T00-S1-LH-C1-I0028-F00.png,sat,single,512,512,PNG,386629,1bce90480d65fb8ff9264b869437175190cd49c012012f2e08d21232e5b9893b,1,
release/sat/S14964507-GF-A29-EEA-T00-S1-LH-C1-I0052-F00.png,sat,single,512,512,PNG,396397,cb2973b2c4dd9a05c2cecf2c6da12773eb05953115a6ce37a8098ede2106c835,1,
release/sat/S150094415-GF-A53-EME-T10-S1-LH-C1-I0055-F00.png,sat,single,512,512,PNG,358992,4cfe450e64fb81b5abf37d6e21c53c879a5e593be6aed775dd8708de6f9982c6,1,
release/sat/S15182111-GM-A44-EAS-T00-S1-LH-C1-I0049-F00.png,sat,single,512,512,PNG,352234,f5fc1ab540b62c79b6b1b494d0bbaf81baf696985cb12a8d28b770902c30f384,1,
release/sat/S152846480-GF-A30-EEA-T03-S1-LH-C1-I0000-F00.png,sat,single,512,512,PNG,393625,ed67cabbaabb924a9db2c4b20ccf753f0b72431cb15600b33568d843c52c30b5,1,
release/sat/S152846480-GF-A30-EEA-T03-S1-LH-C1-I0050-F00.png,sat,single,512,512,PNG,397615,21dfbd6bacf0d32d22918c5a335877ced5dccd63b26437197c7de2a34780b955,1,
release/sat/S152846480-GF-A30-EEA-T03-S1-LH-C1-I0059-F00.png,sat,single,512,512,PNG,378950,f0768f38ed034375d8591833b7737ee0faca971225525cfb0853dc2086078686,1,
release/sat/S16008476-GF-A92-EEA-T11-S1-LH-C1-I0061-F00.png,sat,single,512,512,PNG,400282,c086f73f80c2397c1f687d8e559376c168f30edc163b3af55a6aa60b110849d1,1,
release/sat/S164577361-GF-A44-EEA-T01-S1-LH-C1-I0030-F00.png,sat,single,512,512,PNG,401650,87b6383050d1541d3aa1dda902ef2548ba33caf3450dfebab3f151ccbbe6927f,1,
release/sat/S165380664-GM-A31-EIA-T01-S1-LH-C1-I0002-F00.png,sat,single,512,512,PNG,290819,2c7a6d0b206b61af92390b6aa26090851612fbd01a56191b94a56b22fb2e2729,1,
release/sat/S16643293-GF-A66-EEA-T15-S1-LH-C1-I0043-F00.png,sat,single,512,512,PNG,365827,3c563c7a397100136b799f58dd1502ea3d3231ee38fedaa994faaa4e151b1c95,1,
release/sat/S166658587-GM-A81-EEA-T03-S1-LH-C1-I0060-F00.png,sat,single,512,512,PNG,297590,d7e2ddb20c410e3a063277e84bf189ed4298eae2bad2fb6984b867bdc3b8e0ea,1,
release/sat/S169208368-GM-A35-EME-T14-S1-LH-C1-I0016-F00.png,sat,single,512,512,PNG,407289,77a8ef4a70e6117bf416ac78ed01614fc4649501ce5811ba1a7981efe6e11373,1,
release/sat/S169208368-GM-A35-EME-T14-S1-LH-C1-I0054-F00.png,sat,single,512,512,PNG,405931,cc62e24e841eb6e6c39c068f8db223035a7610cbb3765cffde0307cace722cf1,1,
release/sat/S179125778-GM-A37-EME-T01-S1-LH-C1-I0055-F00.png,sat,single,512,512,PNG,302290,82b3a62aaa0a2a9bf20367386129553f34fbdfe47bbb5bcb28ed93663a6aabe3,1,
release/sat/S179182026-GM-A47-EEA-T11-S1-LH-C1-I0029-F00.png,sat,single,512,512,PNG,386690,baae77d83fa3dc29ed5cbfe92cbd3e06beec896e6d8d25e4921daad11e6d84f8,1,
release/sat/S179182026-GM-A47-EEA-T11-S1-LH-C1-I0041-F00.png,sat,single,512,512,PNG,379943,fe8ffce4523e8310131302cd49e3c2da69c2ce9dcbea2e0af65bdb4b96615ce8,1,
release/sat/S184299974-GF-A49-EME-T10-S1-LH-C1-I0023-F00.png,sat,single,512,512,PNG,396317,332fa0cef5826e8823ee5c6d8ed3b35da62d02b4ca47209ad72813d881560e0c,1,
release/sat/S185880747-GF-A53-EAF-T03-S1-LH-C1-I0030-F00.png,sat,single,512,512,PNG,409038,bda30f6c2b04f9ce5d20770dcb8cc754e1536e4337b12fd6e4578889582de40b,1,
release/sat/S187000211-GF-A54-EEA-T03-S1-LH-C1-I0063-F00.png,sat,single,512,512,PNG,386133,aba050513547e62d0759fe32d300ad8bef5b87b8a2f63e249261bef7dceaf67e,1,
release/sat/S18796367-GF-A93-EAF-T00-S1-LH-C1-I0045-F00.png,sat,single,512,512,PNG,320150,86ff9e95e86c89564fabf3f5bcd528b310f85d8b4a7ed59e335b04a2bb67004f,1,
release/sat/S189019382-GF-A62-EIA-T03-S1-LH-C1-I0040-F00.png,sat,single,512,512,PNG,386380,b083a68ce80e9b0439c4ec1ca3b5d6e01f3a63f72acd1a3d11315cac30bf28bd,1,
release/sat/S189019382-GF-A62-EIA-T03-S1-LH-C1-I0046-F00.png,sat,single,512,512,PNG,389433,e7068473f9ab9c9e29a23b3ccfbe85d5a5550a782cd50ec7773806c0e7380c65,1,
release/sat/S190036673-GF-A19-EEA-T00-S1-LH-C1-I0057-F00.png,sat,single,512,512,PNG,395138,c6ac0785c858484d290f42fbd018e74119d403f1d3392b052d1430d56689388f,1,
release/sat/S19423222-GM-A45-EAF-T14-S1-LH-C1-I0040-F00.png,sat,single,512,512,PNG,307973,53eb587c57370c06c682746ad0231b73a2a9ff18724983eac091f4a569866091,1,
release/sat/S198149424-GF-A51-EEA-T13-S1-LH-C1-I0055-F00.png,sat,single,512,512,PNG,388641,1df0e8c2381b633cdeb4a0b7f2a329de6216340318b3b253d3e3070c7f5079d7,1,
release/sat/S205686156-GF-A52-EAS-T01-S1-LH-C1-I0006-F00.png,sat,single,512,512,PNG,377502,a1afc9c6044128a4a7afea8610e004f092482c7488c8339705d6286febe97766,1,
release/sat/S20939931-GF-A70-EME-T00-S1-LH-C1-I0047-F00.png,sat,single,512,512,PNG,372412,356b5485a259401b50011cfd64825097d25a50ca271f91a8d905e3b609926b93,1,
release/sat/S210555380-GF-A95-EME-T14-S1-LH-C1-I0008-F00.png,sat,single,512,512,PNG,400163,3efa8f895bcc65021559b4b0fa249730ab411d197f9db7c3236ba80cc56e2e84,1,
release/sat/S210555380-GF-A95-EME-T14-S1-LH-C1-I0048-F00.png,sat,single,512,512,PNG,385216,aeb74375b8b6ad5ca0c09912f60a729de8a5bc9cb3cda7f1aa5da47e4ecbfd04,1,
release/sat/S21322735-GF-A99-EEA-T03-S1-LH-C1-I0004-F00.png,sat,single,512,512,PNG,357810,790dda31a2a65f02ecef8cbdc4bfee0fb9b6ca27471f59cfc45af6ec9b04735e,1,
release/sat/S219134961-GM-A51-EME-T00-S1-LH-C1-I0016-F00.png,sat,single,512,512,PNG,353764,5476fd2d8f78f43988c813c9030ee9d6ceb5d8331f41811a2dc34dc9b30b51cb,1,
release/sat/S220036139-GF-A33-EME-T14-S1-LH-C1-I0048-F00.png,sat,single,512,512,PNG,402825,d5e54fcb1a3c85446f23c93689fd399d3fe19e476c94a83ae9fc3f4c286e115b,1,
release/sat/S229472865-GM-A49-EEA-T15-S1-LH-C1-I0053-F00.png,sat,single,512,512,PNG,337153,d7c48a2f48f8fb904ed3c387338cba450bd5a1785efc481c55511df13717dd8f,1,
release/sat/S229741512-GM-A18-EEA-T01-S1-LH-C1-I0029-F00.png,sat,single,512,512,PNG,340658,d242dccbe016c9b41b3c74505d934b86c67bbf9cd14062754f9128dcd713d444,1,
release/sat/S231352223-GF-A49-EEA-T14-S1-LH-C1-I0011-F00.png,sat,single,512,512,PNG,372371,5e985affbd7b310f0a06cd6daa661f4a3d94dcf7f0c19fccc9c47c0b55273bc6,1,
release/sat/S231352223-GF-A49-EEA-T14-S1-LH-C1-I0027-F00.png,sat,single,512,512,PNG,381973,570dbe69060e86e75a8e3347f080c5f7d39fd65a0e442419143518880a2173a0,1,
release/sat/S236474674-GF-A94-EEA-T14-S1-LH-C1-I0061-F00.png,sat,single,512,512,PNG,373574,36ce5cb3262f01a4ad19ff53e4f5bb6da9d3bbb7e1ea64efe01a74305275f7b2,1,
release/sat/S240935283-GM-A93-EEA-T01-S1-LH-C1-I0022-F00.png,sat,single,512,512,PNG,415460,484d01d26ad8d5730d8c3b311047aa6c48789b63860824f3ee6822c95f7b612e,1,
release/sat/S245655911-GM-A99-EIA-T14-S1-LH-C1-I0023-F00.png,sat,single,512,512,PNG,426365,71eeb0015dca2a5691f29dbc02106818a48f6c0dc2d7528cef2c703885f2be63,1,
release/sat/S247603526-GM-A30-EEA-T13-S1-LH-C1-I0041-F00.png,sat,single,512,512,PNG,332946,c6199db7488d2ec91df9fd376ce9b6918feb487c663a1b5c126c40946ca04579,1,
release/sat/S248968574-GM-A81-EAS-T14-S1-LH-C1-I0022-F00.png,sat,single,512,512,PNG,346302,cfa045e7497f56fbea756f1e25ab01dad8f92c076ca76b551ca03a0ebc57cccb,1,
release/sat/S25038292-GF-A59-EAF-T03-S1-LH-C1-I0041-F00.png,sat,single,512,512,PNG,368660,de3463f77b24dee03f243776a7440af416653f5d97fe842169dc4a6b50f208b5,1,
release/sat/S259395943-GF-A59-EME-T14-S1-LH-C1-I0009-F00.png,sat,single,512,512,PNG,357510,c9c71a2298cb2dc43d2f4c5ce2c1e8d3c829be64c785641817ddbe34793a951d,1,
release/sat/S261182015-GM-A24-EEA-T01-S1-LH-C1-I0011-F00.png,sat,single,512,512,PNG,341098,c064d1f34f99147cf46126f1c7756a83e8363624c1c33afe1d39e07dd48c17f9,1,
release/sat/S264396021-GM-A30-EAS-T14-S1-LH-C1-I0047-F00.png,sat,single,512,512,PNG,345861,c16c658a9bb32f1d20366e5c4192d89e86e647f5eae981bd699357bc5a353906,1,
release/sat/S265934537-GF-A26-EAS-T14-S1-LH-C1-I0063-F00.png,sat,single,512,512,PNG,354479,55922817c0b96dfe3637147c25da93d9e00a12da131db32130621b22d5d7dfc8,1,
release/sat/S268137029-GF-A39-EME-T01-S1-LH-C1-I0016-F00.png,sat,single,512,512,PNG,406387,d5424286bc144e2bf28416611577d55f2b8430bd8779debeb4b67ab80c8c43ad,1,
release/sat/S268183923-GN-A24-EAF-T14-S1-LH-C1-I0053-F00.png,sat,single,512,512,PNG,349178,0106525f2bb83fc86a545e482443803ab15d2db8c9c6583ce2997a812f43c2c0,1,
release/sat/S274652534-GF-A22-EEA-T01-S1-LH-C1-I0003-F00.png,sat,single,512,512,PNG,372523,36516b5865a431fa3bed37c51bdad51f069eaeb52859177f419596ed5d9c9eaf,1,
release/sat/S274869653-GF-A68-EAS-T03-S1-LH-C1-I0003-F00.png,sat,single,512,512,PNG,370867,eaf5c4615259cc4a0d21e6a81c505e05c17ed9d965ce97a6fadf2d48d2b271bf,1,
release/sat/S279879625-GF-A55-EAF-T00-S1-LH-C1-I0037-F00.png,sat,single,512,512,PNG,380275,b3d9beb2d5c88f755b667cb7dcafcd3fa7889d261465f852b1c82ad74344c77c,1,
release/sat/S285023719-GF-A24-EEA-T00-S1-LH-C1-I0022-F00.png,sat,single,512,512,PNG,321450,382b968267547e16b931416d774bad2bfcac3a2831e9490fcc09f7a91fd1fb6c,1,
release/sat/S287510944-GF-A29-EME-T01-S1-LH-C1-I0059-F00.png,sat,single,512,512,PNG,374860,133321d6b2daed18b9cd950b4ee2e712fc5d6206ba28bfe3d3968b1231ebf784,1,
release/sat/S289919415-GF-A46-EEA-T14-S1-LH-C1-I0060-F00.png,sat,single,512,512,PNG,345133,2f795d401565fd55f9de11ca4f64dc4e81d450a2360411586400ce6cdfdbd1e9,1,
release/sat/S300524837-GM-A42-EEA-T01-S1-LH-C1-I0008-F00.png,sat,single,512,512,PNG,396273,04f752444b84a22e0bc7e2a258ca2da7779a52e5478a4c3bdb088e694282f32c,1,
release/sat/S303695349-GM-A23-EEA-T03-S1-LH-C1-I0002-F00.png,sat,single,512,512,PNG,350831,9c71f3d0fc8c92001ef958b1f8b83950988027bbfe4ba6eb826a29c31b7a13b0,1,
release/sat/S303695349-GM-A23-EEA-T03-S1-LH-C1-I0029-F00.png,sat,single,512,512,PNG,339521,bc3f09e353c10533986cd2436c7ac8d50d60775ef37b58484904c3a2b7a443e0,1,
release/sat/S303695349-GM-A23-EEA-T03-S1-LH-C1-I0041-F00.png,sat,single,512,512,PNG,336095,3d10ce46952fcd7915197ad8b0684ace3f8271f7bb25d4b1b32aa336dfce4f83,1,
release/sat/S311145231-GF-A53-EAF-T03-S1-LH-C1-I0062-F00.png,sat,single,512,512,PNG,419152,5ed7ade27ef60454cccfda4ad012bee166a537a299239b220dc0eedb65e1cc18,1,
release/sat/S313264566-GM-A81-EAF-T14-S1-LH-C1-I0008-F00.png,sat,single,512,512,PNG,334968,a93724f70ec6fa97147667274e4c84cf754b27036615bb4136729942e8f46166,1,
release/sat/S313264566-GM-A81-EAF-T14-S1-LH-C1-I0059-F00.png,sat,single,512,512,PNG,392665,f681a21d01ecd5cac7d2cac0384c213e6ab36f1e22c85657fac55056508014e5,1,
release/sat/S316988909-GF-A99-EIA-T10-S1-LH-C1-I0040-F00.png,sat,single,512,512,PNG,387601,5a27b175bb8778a56fd764ca227aa78757821a5c1f522cd4c2c1884869578cf2,1,
release/sat/S319441451-GF-A19-EAS-T01-S1-LH-C1-I0006-F00.png,sat,single,512,512,PNG,373234,d3e2b4789e553d58a0dc0f40386de313323c402b185d05ace8604efc1c53fb48,1,
release/sat/S320892356-GF-A70-EIA-T03-S1-LH-C1-I0021-F00.png,sat,single,512,512,PNG,395672,776b5771c165fd75615be4700c1ab9acf3b55a71737f0b70edde1c845f36b20c,1,
release/sat/S32440074-GF-A23-EIA-T15-S1-LH-C1-I0012-F00.png,sat,single,512,512,PNG,346017,fdee65ae7fd5762aca7297721f4017dae348bf45f7cb1b0ef18973563bc92899,1,
release/sat/S325074401-GF-A50-EAS-T03-S1-LH-C1-I0044-F00.png,sat,single,512,512,PNG,360320,21f469758c6b005a8f61ae8130a0a678cdb96f41bac682c02feaac46d3dc8794,1,
release/sat/S334613033-GM-A58-EAF-T14-S1-LH-C1-I0047-F00.png,sat,single,512,512,PNG,440937,f7c12db7476fcfceca428a1215be1f93ddc746d7b2f647144f24a188aaf555a4,1,
release/sat/S334697091-GM-A32-EAS-T14-S1-LH-C1-I0031-F00.png,sat,single,512,512,PNG,270223,44eef6f669fd531b2f965c02fc1884e021a073be50f6db34ffd8ba8fb8a82899,1,
release/sat/S335757255-GF-A30-EME-T14-S1-LH-C1-I0002-F00.png,sat,single,512,512,PNG,393436,46ceceeaa203d360f880fee90820e325812cd1d702a3ab334eb76ddf5fb5b063,1,
release/sat/S336053665-GF-A75-EME-T13-S1-LH-C1-I0037-F00.png,sat,single,512,512,PNG,362003,e2c91df18592147ddfe748c79e6484bf2849ea8fb462814f666d2007d122b373,1,
release/sat/S340675536-GF-A37-EEA-T14-S1-LH-C1-I0052-F00.png,sat,single,512,512,PNG,334736,136cd1b194c3503aed5cc88808b99509fb364295102482ee6aa3fd973643281f,1,
release/sat/S343616415-GF-A69-EEA-T03-S1-LH-C1-I0056-F00.png,sat,single,512,512,PNG,364937,1997fa1f045aa3dfe4f88f6dd9135fa8a8c9ffd01bfa4819ee93245a102bad32,1,
release/sat/S343899513-GM-A51-EME-T01-S1-LH-C1-I0048-F00.png,sat,single,512,512,PNG,412580,2719814ff524d930e857f614f9a82ccf403258b6aa5768e226bb7d690ae65072,1,
release/sat/S345601750-GF-A64-EEA-T03-S1-LH-C1-I0032-F00.png,sat,single,512,512,PNG,404001,688a1d9031bf9c53c9712680a7727227c783559e037f715c5677629e7b7ea7c8,1,
release/sat/S345601750-GF-A64-EEA-T03-S1-LH-C1-I0055-F00.png,sat,single,512,512,PNG,388301,efe0d01fd27888257ed019fe1b921f2c4cbe8fba31edafcdc01503468ea4e6bc,1,
release/sat/S347571913-GM-A24-EEA-T13-S1-LH-C1-I0054-F00.png,sat,single,512,512,PNG,392999,9bab9b558e7f22bf712dcd12ccb597db56e0307a7d998b95fc1b3922ba4d3e17,1,
release/sat/S354713116-GF-A60-EAF-T14-S1-LH-C1-I0000-F00.png,sat,single,512,512,PNG,396750,2e6cad05a1c8bab7e2b653fa34e1c1bfefdbc08d50c0fc379e8ceb2260456d4c,1,
release/sat/S354713116-GF-A60-EAF-T14-S1-LH-C1-I0004-F00.png,sat,single,512,512,PNG,374970,8cacb1519f7b25a3554fd6a9f7b60f2aa23f685c69c3deab2fcd93d4c38393b0,1,
release/sat/S354713116-GF-A60-EAF-T14-S1-LH-C1-I0011-F00.png,sat,single,512,512,PNG,404950,2753b8842ec551f635083ffd41854920d27bcda434d780cff1322118eaa22e86,1,
release/sat/S354713116-GF-A60-EAF-T14-S1-LH-C1-I0063-F00.png,sat,single,512,512,PNG,399256,e1d3737dc6903d42aaf120c179e26e8443606509bf45324192925152ed601430,1,
release/sat/S358652822-GF-A41-EEA-T01-S1-LH-C1-I0006-F00.png,sat,single,512,512,PNG,393912,a795bc9767eaa6c96f9563c8079946716e561e853f0d9a0c01216e5b9a24b8f0,1,
release/sat/S364995244-GM-A24-EEA-T03-S1-LH-C1-I0015-F00.png,sat,single,512,512,PNG,392314,b48598bf355df8ec7804b64215a4224972965aa37e2ecb1125abe565eb7189d2,1,
release/sat/S370286626-GF-A59-EEA-T00-S1-LH-C1-I0061-F00.png,sat,single,512,512,PNG,401378,4d87414334fd1989cbcb7e81c95b2bba6b3ed91b3f63f1118b317e856d99b303,1,
release/sat/S371797493-GM-A29-EEA-T14-S1-LH-C1-I0043-F00.png,sat,single,512,512,PNG,376666,521e8ea9e0d6f0b8aa49c50480d5ee150f3a36debb01040375bf1ebca2a8b91e,1,
release/sat/S373793896-GM-A22-EEA-T14-S1-LH-C1-I0035-F00.png,sat,single,512,512,PNG,370747,3672acbfba623622885ef0c3c3efcbf3b6ecf2fe13712165f6739878e7de1fe2,1,
release/sat/S37396139-GF-A51-EEA-T14-S1-LH-C1-I0018-F00.png,sat,single,512,512,PNG,394066,d96ae22fc1b4901827f68eb57c90284d73f2edeac2a885a4a247748fe66ff379,1,
release/sat/S37396139-GF-A51-EEA-T14-S1-LH-C1-I0048-F00.png,sat,single,512,512,PNG,392891,e357213dd7c4a3e66fc5f63e44b0692fd7b024b3e272e66723ab76083ee25811,1,
release/sat/S375545605-GM-A47-EEA-T00-S1-LH-C1-I0004-F00.png,sat,single,512,512,PNG,382018,1b30cfe59efbed6b7073d7f53e72d30168bf4518f841e01c0bc188580b960ab6,1,
release/sat/S375545605-GM-A47-EEA-T00-S1-LH-C1-I0022-F00.png,sat,single,512,512,PNG,373849,239f55e1601a209ae145f399612c363afb67ceedc15c397138e1d0c507142a3b,1,
release/sat/S375545605-GM-A47-EEA-T00-S1-LH-C1-I0027-F00.png,sat,single,512,512,PNG,391060,02d879b025e8c506b03736a9ba877033f77f1dc82bd73bfa593e7b804832381c,1,
release/sat/S375545605-GM-A47-EEA-T00-S1-LH-C1-I0049-F00.png,sat,single,512,512,PNG,394838,91d5d093d00aac436b2b535c553c63ba99685738bd5cae185e6494da4f4a4a7b,1,
release/sat/S376287613-GF-A19-EAF-T14-S1-LH-C1-I0011-F00.png,sat,single,512,512,PNG,341489,c3dfcab8fc62b6b58c5e8c8fd382f6ce8666d0fab6d7c27aa85b3e1dac8f2028,1,
release/sat/S377896724-GF-A29-EEA-T10-S1-LH-C1-I0028-F00.png,sat,single,512,512,PNG,310159,0ac7a27ba2517f052b3d02559a53cf8ff5f63dfbda9832f175cd5197e4f897d4,1,
release/sat/S380795387-GF-A58-EEA-T14-S1-LH-C1-I0035-F00.png,sat,single,512,512,PNG,352103,b0ec975f7014eb802bce7a47804fa0e1d8521f73abe81c1934e48326edc9f120,1,
release/sat/S382037204-GF-A89-EEA-T03-S1-LH-C1-I0006-F00.png,sat,single,512,512,PNG,362820,71d9bd04978df156b009af0be4246eaaeca33ca3825a56b607e78ceb2e879964,1,
release/sat/S384793007-GF-A62-EEA-T01-S1-LH-C1-I0006-F00.png,sat,single,512,512,PNG,313442,36e4f5489d758ba3eb98dc20acd0e9e26c1f3dfee4359609f0687050696c15d6,1,
release/sat/S388546914-GF-A50-EEA-T14-S1-LH-C1-I0025-F00.png,sat,single,512,512,PNG,366605,29a13a812860e9873300c6da7160a4d396a56cebc7cd551666822ceb198b02c3,1,
release/sat/S39379132-GF-A54-EEA-T15-S1-LH-C1-I0056-F00.png,sat,single,512,512,PNG,370515,71af25752326a3e6fa3dc5a77ceb62fc1ce5586c71c1b8fdfb49921d009de7d2,1,
release/sat/S394313530-GF-A45-EEA-T03-S1-LH-C1-I0050-F00.png,sat,single,512,512,PNG,382457,04fbd4c04fa7ab543ec57fc0387f9b387a890224af8fb115e91ad83f3e1e38a8,1,
release/sat/S395744997-GF-A18-EEA-T01-S1-LH-C1-I0002-F00.png,sat,single,512,512,PNG,412070,47e0bfd8b0f6a837e63bae6b6e868585950f5d21a215f0c1747325bbbf0e9d4b,1,
release/sat/S39590804-GM-A53-EEA-T03-S1-LH-C1-I0045-F00.png,sat,single,512,512,PNG,392721,b67ada0b4dee3f9279138189917b683e4df2998b73ebe033127d5d883bee7080,1,
release/sat/S397228464-GF-A72-EEA-T03-S1-LH-C1-I0009-F00.png,sat,single,512,512,PNG,379097,bb98210fdffc41b9cae313b3c267fbba19eb611620d222d8148d8c64f194d0cd,1,
release/sat/S402397961-GF-A82-EEA-T00-S1-LH-C1-I0029-F00.png,sat,single,512,512,PNG,366157,07318b56acfa5660a5c06337f84c423ba5d78febc1ff0549e32b391c62690ab6,1,
release/sat/S402992794-GF-A60-EEA-T14-S1-LH-C1-I0010-F00.png,sat,single,512,512,PNG,374028,7ebf809b3e29576955d81e789d83da30ad407f92c32cc42e00a5dee421e6520e,1,
release/sat/S407285746-GF-A18-EAF-T13-S1-LH-C1-I0047-F00.png,sat,single,512,512,PNG,391274,92a87a65fb9fd55a6c6093a8ad849fb4ccf7920109a4a7336ffbb172387ccc4d,1,
release/sat/S409626024-GM-A29-EEA-T11-S1-LH-C1-I0000-F00.png,sat,single,512,512,PNG,234488,cc8d4ecba82472448893f5f7806954002e57f018e015df5d121740a762d46f52,1,
release/sat/S411588159-GF-A21-EEA-T03-S1-LH-C1-I0033-F00.png,sat,single,512,512,PNG,362297,ee2184a46d95e73e395a6be8cc093d2cb722b274e30a6df6ff25f55b09462f8e,1,
release/sat/S412637027-GM-A93-EME-T01-S1-LH-C1-I0061-F00.png,sat,single,512,512,PNG,389238,d910dd18ddf6def5bac459fc8fc61dc97319788b4619493ec1c9e4ca3d2d61df,1,
release/sat/S415761895-GF-A62-EAS-T03-S1-LH-C1-I0005-F00.png,sat,single,512,512,PNG,364698,264bec14fc844218d0022d7c984fb2f33315e96ee2446493d9897f010dbcec4a,1,
release/sat/S422234801-GM-A19-EAS-T14-S1-LH-C1-I0050-F00.png,sat,single,512,512,PNG,384708,24077bf942c6e02a2fa0ede176f7028506c961626598773e6cdc73f13c7470ec,1,
release/sat/S426127418-GF-A48-EEA-T03-S1-LH-C1-I0043-F00.png,sat,single,512,512,PNG,397080,a07f2fd0c21b77ca3db797e5da2c939f87337916c11b44cc96b493bbe2fbe9e7,1,
release/sat/S43189665-GF-A47-EME-T13-S1-LH-C1-I0035-F00.png,sat,single,512,512,PNG,385803,20efcce97142273cbfc7fed5f148718af7c7a84765b08628706ae105810a31a0,1,
release/sat/S43416355-GF-A63-EAS-T03-S1-LH-C1-I0018-F00.png,sat,single,512,512,PNG,340132,0f14faa0812f5d0f29fb44d7e077d41acb19ab818afba91e21092a9184f80fcf,1,
release/sat/S442640043-GF-A83-EEA-T01-S1-LH-C1-I0015-F00.png,sat,single,512,512,PNG,366375,8d156426802b5b2445b6c65bf44adef67a96d265c69354cb018a452ec8159f2c,1,
release/sat/S44577521-GM-A92-EME-T14-S1-LH-C1-I0012-F00.png,sat,single,512,512,PNG,326693,29278a1042e848a76dd668c1ba636a6808ece6f339fc7297ae017ef5af5e4f8c,1,
release/sat/S44577521-GM-A92-EME-T14-S1-LH-C1-I0041-F00.png,sat,single,512,512,PNG,359162,540e90a45eef2533884de15c756bdb8b3127b0c3185dfc705a9927ad9606a47c,1,
release/sat/S457681878-GF-A95-EEA-T14-S1-LH-C1-I0017-F00.png,sat,single,512,512,PNG,368423,c2829748a4afa9a81124f9cbb7e9e9a39f4dee0f92c4ed26bacec929c3d5d020,1,
release/sat/S464252649-GM-A60-EEA-T15-S1-LH-C1-I0045-F00.png,sat,single,512,512,PNG,358822,101423c2a2dbd57228896fc5ab633d060df35fffd1728e4a0bbb664bc0f50a05,1,
release/sat/S472012617-GM-A63-EEA-T01-S1-LH-C1-I0014-F00.png,sat,single,512,512,PNG,356362,fea165b9c2507d60e687fbf819d3d2eaacd401a5ca6ddd0eefa7491c8a47faca,1,
release/sat/S472012617-GM-A63-EEA-T01-S1-LH-C1-I0022-F00.png,sat,single,512,512,PNG,415232,98ce306b434d8c20bc5d45310619e9a2a8b059c4d3a1a44fd2c77aec08d6bafe,1,
release/sat/S475499547-GM-A26-EME-T01-S1-LH-C1-I0029-F00.png,sat,single,512,512,PNG,409137,de6df7187581110e814a2366a0253ce5ac7799302031039d455b0c79bfeada66,1,
release/sat/S477281279-GF-A30-EME-T14-S1-LH-C1-I0058-F00.png,sat,single,512,512,PNG,393783,b3834df1b71ddecc9754aaba24f55906b35c12962ed7d733c7898a6fd7d9aa5f,1,
release/sat/S480910045-GF-A90-EME-T11-S1-LH-C1-I0003-F00.png,sat,single,512,512,PNG,373007,feca348ca986e588733abe862a83ad7e533a312e030ee39487369d5c7dec9607,1,
release/sat/S482766020-GF-A40-EAS-T15-S1-LH-C1-I0060-F00.png,sat,single,512,512,PNG,356035,7d5caf7d405a124646efc698fd087d83535e3bde715744f458d676328b869697,1,
release/sat/S493184426-GF-A19-EAF-T00-S1-LH-C1-I0000-F00.png,sat,single,512,512,PNG,370081,7d16352a661e0fc225f3cc3d2d8bf96111cde3f687cfbe8952a7ed1e395410b3,1,
release/sat/S495166625-GF-A58-EAS-T14-S1-LH-C1-I0053-F00.png,sat,single,512,512,PNG,372552,106c8a90c2781d1053e4f504ff690b5e4b4be6d470bd7b9b6683a07b2282fe09,1,
release/sat/S50180802-GM-A26-EEA-T00-S1-LH-C1-I0055-F00.png,sat,single,512,512,PNG,365542,5ba339f9880c3cf3d970374acb2dc6a08a9cd93b2c4920b82adca3052be49b8a,1,
release/sat/S504201509-GF-A50-EME-T14-S1-LH-C1-I0001-F00.png,sat,single,512,512,PNG,373471,68b24db093d8ab78f25622f63bd61b9645c37fa7975b08a5169a5a7595ac82eb,1,
release/sat/S506465236-GM-A41-EEA-T00-S1-LH-C1-I0013-F00.png,sat,single,512,512,PNG,368742,04ea5edf5be2718a51a69b823052508d7cf94c0d422f15b1c5abb06630192565,1,
release/sat/S508947155-GF-A84-EAF-T01-S1-LH-C1-I0013-F00.png,sat,single,512,512,PNG,342385,98913bc255c29923029e35ed9f8467ca567ee3a886712dfb12841dc855fa77ba,1,
release/sat/S508947155-GF-A84-EAF-T01-S1-LH-C1-I0030-F00.png,sat,single,512,512,PNG,351350,a997c22e3bc9bbe8c1c5105f6d63978555273abc5ed458f6a07e1930c4524c7f,1,
release/sat/S508947155-GF-A84-EAF-T01-S1-LH-C1-I0033-F00.png,sat,single,512,512,PNG,376570,cd9ff557c36a28ea1700c9e1b3e6f06c729bad34c1634999ffaf322657354a01,1,
release/sat/S508947155-GF-A84-EAF-T01-S1-LH-C1-I0054-F00.png,sat,single,512,512,PNG,357416,f1f2f5aa84798801d15ea060565911da1c7ddf306fa7fe3c3fbb2f5de0a3152c,1,
release/sat/S510917796-GF-A21-EME-T03-S1-LH-C1-I0042-F00.png,sat,single,512,512,PNG,393504,d2485fa673f27328438e2773395f806db0d7435818bb918ff4639b79497d63d0,1,
release/sat/S514677740-GM-A43-EME-T03-S1-LH-C1-I0021-F00.png,sat,single,512,512,PNG,397633,2291c8940924c447821a15cccc7b665f2b9f5d60ba4f7b18bcc9a84f5b872d94,1,
release/sat/S51891071-GM-A63-EEA-T03-S1-LH-C1-I0028-F00.png,sat,single,512,512,PNG,412083,200405c06d8fc0fa5bcd38afd8684770ef472be5d30e748e420aa6bc055eda66,1,
release/sat/S519335789-GF-A87-EAF-T14-S1-LH-C1-I0012-F00.png,sat,single,512,512,PNG,361209,5ce2e9026fbda3b309f25533a60b34c525df1f8cfde1f7b4343cfbbddfa38de9,1,
release/sat/S520464077-GF-A50-EEA-T00-S1-LH-C1-I0049-F00.png,sat,single,512,512,PNG,385845,fe7780c7e96d2aeca227e560414b6884856ce2f7762362246a4d5c76c9c4d355,1,
release/sat/S520464077-GF-A50-EEA-T00-S1-LH-C1-I0055-F00.png,sat,single,512,512,PNG,365770,dff22d39e7ba5aab5a2df2aa061cee5caefd0bf5109a7c1124e9c4d4e651be37,1,
release/sat/S526642813-GF-A73-EAF-T03-S1-LH-C1-I0033-F00.png,sat,single,512,512,PNG,299371,2246c98c253ec035bb85f0c95d08514d723c0c4ae233885ffe07ad326c36ecba,1,
release/sat/S526642813-GF-A73-EAF-T03-S1-LH-C1-I0036-F00.png,sat,single,512,512,PNG,328698,5c1d62656252306ef83ef4129267298ec5327711f8bf97fca3bbb77dbdac7fe6,1,
release/sat/S528079409-GM-A46-EEA-T11-S1-LH-C1-I0009-F00.png,sat,single,512,512,PNG,329720,ae253f3ced375e8a4798576e42062d33c3fb7696f7cd10a5ef0e76b9c75aba9e,1,
release/sat/S533819468-GM-A53-EIA-T14-S1-LH-C1-I0007-F00.png,sat,single,512,512,PNG,415022,acb034f9c64031b54def08551ea9ff0b7b7f23a2d20133b4abab9a4f52a41bce,1,
release/sat/S535874367-GF-A18-EEA-T14-S1-LH-C1-I0059-F00.png,sat,single,512,512,PNG,379548,3dd62e222e07ba3645068c677c5330fe697dadef7de3308c7114c0792feadfef,1,
release/sat/S536119263-GM-A46-EEA-T11-S1-LH-C1-I0063-F00.png,sat,single,512,512,PNG,331474,7316530b92462fb1ae2fd6f060a1ca8a3f7fab8981ee05aa7ffeaede8d274ba2,1,
release/sat/S537195914-GF-A56-EME-T03-S1-LH-C1-I0040-F00.png,sat,single,512,512,PNG,399496,587024eff0fd5a673aa47ce258e9ac90e4c25bf6421a5be6acecef089dc2d846,1,
release/sat/S554872844-GF-A81-EIA-T00-S1-LH-C1-I0062-F00.png,sat,single,512,512,PNG,231791,fb76263a804e57a7dcbbad790c8c52282da531c914652a3b44f79a41ff9a42aa,1,
release/sat/S557350179-GF-A53-EAS-T03-S1-LH-C1-I0005-F00.png,sat,single,512,512,PNG,412156,56b97a9f0c209c90585199bee902350c8cf9d72142be270fb6d5bca696ff9a8c,1,
release/sat/S560191384-GF-A51-EEA-T01-S1-LH-C1-I0033-F00.png,sat,single,512,512,PNG,363413,85cab61046ec92b8843855d9354003d3c184864eb1487caca4a657b931d0c212,1,
release/sat/S561424111-GM-A25-EME-T14-S1-LH-C1-I0010-F00.png,sat,single,512,512,PNG,353388,b051b35ce76ba2dd9e039bd3d153e62cbbef9dd02991e0bab6846d9f5a31a982,1,
release/sat/S562599431-GM-A42-EEA-T00-S1-LH-C1-I0036-F00.png,sat,single,512,512,PNG,304447,865f863bd191a850af5dd75907c3b4d61e7eb44d5834134afb8f1540ec0411fd,1,
release/sat/S564127454-GF-A22-EAS-T03-S1-LH-C1-I0009-F00.png,sat,single,512,512,PNG,401629,1b9ad7444d23312f0dbee720989ba6244c49634792a8a6152496b6a58d9685ca,1,
release/sat/S567149942-GF-A85-EEA-T00-S1-LH-C1-I0039-F00.png,sat,single,512,512,PNG,340361,2c1f288f74819506c83560fa356dbf84392a4762b7ea0b9948bc7458bdf7aeef,1,
release/sat/S567149942-GF-A85-EEA-T00-S1-LH-C1-I0061-F00.png,sat,single,512,512,PNG,338828,5afa4e574048fb6487d92d3852309e788cf7a9277f3076f3d7a3c967bffa6c4a,1,
release/sat/S567565556-GF-A43-EME-T01-S1-LH-C1-I0057-F00.png,sat,single,512,512,PNG,411351,7f48a91d996a3aa68be143bc65a604671ef1c280286bc8996e4f5d7eb88a0528,1,
release/sat/S571336030-GM-A48-EIA-T01-S1-LH-C1-I0034-F00.png,sat,single,512,512,PNG,290915,5d10182bebe26920c7b09ed82da7e62da20897f620e6b65c7f94f0cfb96062fc,1,
release/sat/S571571794-GM-A57-EEA-T03-S1-LH-C1-I0016-F00.png,sat,single,512,512,PNG,365630,9558d7baecfb7f19917ec26e9bbc4e3e05e062e4145124ba56898cd17ebc480b,1,
release/sat/S574280680-GF-A53-EME-T03-S1-LH-C1-I0005-F00.png,sat,single,512,512,PNG,422346,f8cd22ff1e825ce1fa05ef03dd9c78a0a374170f5020464099b9e4c4855557c9,1,
release/sat/S574761980-GF-A38-EEA-T14-S1-LH-C1-I0044-F00.png,sat,single,512,512,PNG,310500,1d57d44a186fadec632bc979db8baf3edab56581fdc55a7a4b732ed7d5e3a722,1,
release/sat/S577181289-GF-A97-EME-T00-S1-LH-C1-I0056-F00.png,sat,single,512,512,PNG,396103,04309fd3e44161091d398aac38e33360419514265a9cabb35edbcf1bbd7feb60,1,
release/sat/S578152615-GM-A42-EEA-T03-S1-LH-C1-I0011-F00.png,sat,single,512,512,PNG,380008,b8ee6cbe35f280b9ff45016851302f29e061ea669877b0544d8df5ffea71eb8a,1,
release/sat/S590103000-GF-A47-EEA-T01-S1-LH-C1-I0045-F00.png,sat,single,512,512,PNG,401708,884e79a849893b367f61ff8a2da36f88936dd88ddd3275745b76d8784abda2ac,1,
release/sat/S590103000-GF-A47-EEA-T01-S1-LH-C1-I0047-F00.png,sat,single,512,512,PNG,361905,f7528a7665581c8858216ed95c33cd1691737e68e05f8c2f45cb03497787b796,1,
release/sat/S590103000-GF-A47-EEA-T01-S1-LH-C1-I0056-F00.png,sat,single,512,512,PNG,401849,66e4099a9b504936687b01b0a8179c3ef49f10a444dfe94287528bc0a22244bb,1,
release/sat/S590103000-GF-A47-EEA-T01-S1-LH-C1-I0063-F00.png,sat,single,512,512,PNG,403805,7fef134f84e914ba7b716cc6c68438b1ca90b8df35c175399609e6051e85c19f,1,
release/sat/S592147976-GF-A52-EEA-T00-S1-LH-C1-I0049-F00.png,sat,single,512,512,PNG,355940,e115bbe5657f27e81a6697632bf819fe7d099564160a266e317f5f2f375fc31e,1,
release/sat/S598532466-GM-A87-EME-T14-S1-LH-C1-I0025-F00.png,sat,single,512,512,PNG,338231,08468cfb864350afbba2459495ab8c407724a3a31cc52acc05cfb78a24645407,1,
release/sat/S606909976-GF-A59-EEA-T01-S1-LH-C1-I0035-F00.png,sat,single,512,512,PNG,395070,da89a0a0f5dce9cb0ec145c5cd71fac3b043e5e5edc7afe5ef0400849844015f,1,
release/sat/S616053079-GF-A33-EEA-T00-S1-LH-C1-I0038-F00.png,sat,single,512,512,PNG,399152,581dd4bd594ebaaa84e8f661473dae6b0df3565b2067ee4642f19eecfc46e2f1,1,
release/sat/S616105557-GF-A58-EEA-T11-S1-LH-C1-I0042-F00.png,sat,single,512,512,PNG,307506,da55221c00d1631a27df92624dca18080dd9bacd0d47f0ecec9248c1a2d3ec5b,1,
release/sat/S618974755-GM-A24-EEA-T00-S1-LH-C1-I0045-F00.png,sat,single,512,512,PNG,374504,37e7f117c47b99bcb44e6a6268b42329a2f9911a0c82727e50b77af017eef807,1,
release/sat/S621920790-GF-A25-EEA-T13-S1-LH-C1-I0005-F00.png,sat,single,512,512,PNG,394718,a58a481ca56bc37417d8f1c567785952dfb2dfec89e0b7c44ead75ec9b000a20,1,
release/sat/S622813751-GM-A67-EAF-T01-S1-LH-C1-I0021-F00.png,sat,single,512,512,PNG,400657,f2cab4aca97440ec32a93ab7b9a92136661826a0e1fa461b278b1ed37944fbc1,1,
release/sat/S62389544-GF-A82-EEA-T14-S1-LH-C1-I0050-F00.png,sat,single,512,512,PNG,302903,8affb7fca3ea71d3457bde839c9238f7ba95da56518c2a8ed78fb7bfb1bda7b8,1,
release/sat/S640440409-GF-A40-EME-T14-S1-LH-C1-I0001-F00.png,sat,single,512,512,PNG,424875,09ee125a08fdf6bb8e0a7f3c83fb02f59009e32717a749497d75a8c218fcc123,1,
release/sat/S641100116-GM-A97-EEA-T14-S1-LH-C1-I0060-F00.png,sat,single,512,512,PNG,355888,2429255675c7cf31071073f1b4288489ae2e4be2ffe1a0c9c4427340ef067b14,1,
release/sat/S6470524-GF-A29-EAS-T14-S1-LH-C1-I0059-F00.png,sat,single,512,512,PNG,363531,334817970c3376b438a8d5d8e98f1b89c2913da53cc27273cbb67e5d776bf7b5,1,
release/sat/S647458820-GF-A61-EAF-T03-S1-LH-C1-I0003-F00.png,sat,single,512,512,PNG,316798,74737975372f78116f2eb3425bf2d80898fa8288b5238868b8123e7714757258,1,
release/sat/S653507002-GM-A51-EME-T03-S1-LH-C1-I0023-F00.png,sat,single,512,512,PNG,364233,8804262db5f4e402bc3b16047d11e4cfc2233cde10e64b8ec8e90a5691ea11b4,1,
release/sat/S653507002-GM-A51-EME-T03-S1-LH-C1-I0063-F00.png,sat,single,512,512,PNG,351478,7fff9d57d5afe30fc538fa092c59d4cb51a7137e9bb318bd08ebb9abe166f8fc,1,
release/sat/S664246838-GF-A21-EEA-T11-S1-LH-C1-I0004-F00.png,sat,single,512,512,PNG,355223,0f35dc0fb0810ac323e77d0da671ca2d9cc296bde86870a146be14142e3dd3f3,1,
release/sat/S664246838-GF-A21-EEA-T11-S1-LH-C1-I0019-F00.png,sat,single,512,512,PNG,349134,5b29eaccd71c1e77296ccdb2700a049b88f3c4628f01876e0dc7383547ff0ce9,1,
release/sat/S664545006-GF-A28-EIA-T14-S1-LH-C1-I0033-F00.png,sat,single,512,512,PNG,290805,c89fd7a79ec2796e523aa68eaad752ca1342c4a01ec8f5aad98eee3a6e0a1928,1,
release/sat/S669973447-GM-A20-EEA-T00-S1-LH-C1-I0000-F00.png,sat,single,512,512,PNG,288051,ed9e70e044a08adf240da4af0954e7dd13292b41e11ffb8c146853168574a612,1,
release/sat/S669973447-GM-A20-EEA-T00-S1-LH-C1-I0016-F00.png,sat,single,512,512,PNG,267861,fbc2492370d573fabb1e6730422a887bb49d18680629fbfdd0020e9c94aa9c32,1,
release/sat/S670711149-GF-A47-EEA-T00-S1-LH-C1-I0025-F00.png,sat,single,512,512,PNG,239847,4155bba2712594a94636049b9d9d39049a047a457f623324082ea311b1528d76,1,
release/sat/S673442144-GF-A53-EEA-T01-S1-LH-C1-I0002-F00.png,sat,single,512,512,PNG,308681,037f83e881892b8b721faac054cb9b336b8d86e1bd0c09347c5b58e6f984b793,1,
release/sat/S673442144-GF-A53-EEA-T01-S1-LH-C1-I0003-F00.png,sat,single,512,512,PNG,289675,75a56499e2b084fc33c0f35ebbe897e8fb63e4b38e8f65ad45d8703cba3ce943,1,
release/sat/S673442144-GF-A53-EEA-T01-S1-LH-C1-I0013-F00.png,sat,single,512,512,PNG,286356,d154cf78096d5ddc69fb76e93e49730a2e769ca8e016cb81a98572af4250a6f7,1,
release/sat/S673442144-GF-A53-EEA-T01-S1-LH-C1-I0023-F00.png,sat,single,512,512,PNG,293920,446a559180ce3d97af92bdbcd68235205e17f33763038d6458411808c718e06e,1,
release/sat/S673442144-GF-A53-EEA-T01-S1-LH-C1-I0028-F00.png,sat,single,512,512,PNG,289529,82027195007f6ceff5a496b2521e56cc3064fae8d5ba097d944f636ff8666856,1,
release/sat/S673442144-GF-A53-EEA-T01-S1-LH-C1-I0034-F00.png,sat,single,512,512,PNG,286253,6325c8e67dfd5baa1cf0da8547460f244ced59f73235347ff5c37102117da790,1,
release/sat/S673442144-GF-A53-EEA-T01-S1-LH-C1-I0035-F00.png,sat,single,512,512,PNG,325227,1b2e736fd96fa930c105ad21f41a7861fc7ddaea0e0f2124d047b9b4a9823b3b,1,
release/sat/S673442144-GF-A53-EEA-T01-S1-LH-C1-I0044-F00.png,sat,single,512,512,PNG,295539,dd5aa1e3c831af0339e2ecb84168eb50eab22dd6c833a4422a19e49210a9b713,1,
release/sat/S673442144-GF-A53-EEA-T01-S1-LH-C1-I0049-F00.png,sat,single,512,512,PNG,321833,eb356f4a9b1735773c000a55eb9086acd6dd3cfde2535009f2b9c82945bea32f,1,
release/sat/S673442144-GF-A53-EEA-T01-S1-LH-C1-I0056-F00.png,sat,single,512,512,PNG,270088,6ff0900d6b1c39ae68986e52b3b224496f6726f9182f945e2dfa4350f4ac9f63,1,
release/sat/S677155548-GF-A53-EME-T01-S1-LH-C1-I0011-F00.png,sat,single,512,512,PNG,316065,5cf355f8057a4ca48fa1835872a31772d28f184de8c2bc5c68df5d1fa3d76582,1,
release/sat/S678466862-GF-A62-EEA-T03-S1-LH-C1-I0047-F00.png,sat,single,512,512,PNG,349965,97d91f30fb4d66d66e4ff72b2f3473616d6a5ca1da474ae5f5cd3d461d677867,1,
release/sat/S682364157-GF-A18-EIA-T03-S1-LH-C1-I0012-F00.png,sat,single,512,512,PNG,317680,5ceb3a1a805f6367fb59870c05f1d552ff5247459b97303e02378a00b9282138,1,
release/sat/S683688917-GF-A31-EIA-T03-S1-LH-C1-I0021-F00.png,sat,single,512,512,PNG,279602,47f501136bf72aa1629527f3ee95c78e4f35933711d529ffe76c4552e254b5ea,1,
release/sat/S691494836-GM-A85-EIA-T11-S1-LH-C1-I0037-F00.png,sat,single,512,512,PNG,288759,60c5c5c04c9f713717fb48e72aca31a13182838d9bb11563f782087ecb969055,1,
release/sat/S691842297-GM-A47-EME-T14-S1-LH-C1-I0022-F00.png,sat,single,512,512,PNG,328977,0383e51075851f595c4d825ad8827dfe31f3440e7ad93784c01c95f6aec9a199,1,
release/sat/S700139260-GF-A56-EEA-T15-S1-LH-C1-I0053-F00.png,sat,single,512,512,PNG,320148,e2cb86671edb339bdfc2924a75f6b5495a127a1b308278d63a1076a06b908193,1,
release/sat/S700907495-GM-A91-EME-T01-S1-LH-C1-I0006-F00.png,sat,single,512,512,PNG,282518,1f3260271c611b2b210f26c491338ea54878711de05d4ef0d49cc26f7013ee62,1,
release/sat/S708639364-GM-A59-EEA-T00-S1-LH-C1-I0042-F00.png,sat,single,512,512,PNG,314382,722a7de0abdafaaebb7e85ea929d64906ba5ce4ede236b48eba93795f6b2e51c,1,
release/sat/S710623010-GF-A75-EME-T01-S1-LH-C1-I0051-F00.png,sat,single,512,512,PNG,288090,c918326ccf3aa4413af1face238baaec784e45f65f6d625b404417d77e5031f0,1,
release/sat/S720555455-GF-A90-EAS-T14-S1-LH-C1-I0024-F00.png,sat,single,512,512,PNG,250603,a0923582a7dcf610708af76ac693f5ecf0a9db79e2e6e09576e49d2c23c06db1,1,
release/sat/S721709390-GF-A24-EME-T00-S1-LH-C1-I0000-F00.png,sat,single,512,512,PNG,235196,33091765ba8a8adafe0a356828b79baea716ac53829d86965bd1ffe47a5883d0,1,
release/sat/S723966293-GM-A27-EEA-T03-S1-LH-C1-I0044-F00.png,sat,single,512,512,PNG,265842,46cf212a89fefec593ae1249215cbecc0dfeb02853683957215c0b860e0531b2,1,
release/sat/S726037773-GF-A57-EEA-T15-S1-LH-C1-I0030-F00.png,sat,single,512,512,PNG,315438,4f408a275f588bbdb61c14468c6a64443693f48f8411e0ea061f092a37f114fb,1,
release/sat/S726037773-GF-A57-EEA-T15-S1-LH-C1-I0031-F00.png,sat,single,512,512,PNG,305635,db1a99f37ff6bca965c31376536fef4c735264c8c9f2c4a193e7ded0684f5e79,1,
release/sat/S727226600-GM-A33-EAS-T03-S1-LH-C1-I0035-F00.png,sat,single,512,512,PNG,293154,0609d77bbed660133284469f14321318a5407d56e510c9ddea48d360c32f3b1f,1,
release/sat/S727226600-GM-A33-EAS-T03-S1-LH-C1-I0053-F00.png,sat,single,512,512,PNG,259062,6a7b0b2e0616608d8220c3bbc4bad864ecf58e2b50b9e8c56a32db9a1e40b965,1,
release/sat/S735235858-GF-A76-EEA-T03-S1-LH-C1-I0045-F00.png,sat,single,512,512,PNG,261812,153403e0d828046e69b73120b27dd582d079e3832d34b761bcb67adfed568daa,1,
release/sat/S741955884-GF-A71-EEA-T14-S1-LH-C1-I0057-F00.png,sat,single,512,512,PNG,321075,52e54a1cb7624f244ee2a68ed668bacfb0a60c2a0b04b34e77fd647b34ccc9d6,1,
release/sat/S74441691-GF-A84-EIA-T13-S1-LH-C1-I0061-F00.png,sat,single,512,512,PNG,356029,1401d6754a633c61024b57032251f6e877bbff7bf888a3f841413ebc3934fe57,1,
release/sat/S744766748-GM-A69-EEA-T01-S1-LH-C1-I0008-F00.png,sat,single,512,512,PNG,309275,36fa8970be3f4705615e007d2a665f73d4aec0562ff4adb6a0f54995793b689e,1,
release/sat/S752785476-GF-A66-EEA-T00-S1-LH-C1-I0010-F00.png,sat,single,512,512,PNG,313814,f0dc3ce9848942e5b104e11a58b595dea256fdfc36a048d599cc02cb6a35e68a,1,
release/sat/S755595872-GF-A36-EME-T03-S1-LH-C1-I0000-F00.png,sat,single,512,512,PNG,308301,68611ed0bc791b4fab6ac6238c82c4dd4c87311691e054910804e261a8848966,1,
release/sat/S760022445-GF-A45-EEA-T03-S1-LH-C1-I0032-F00.png,sat,single,512,512,PNG,330795,82f0be77defc7709be413f4466b7869b0685244b2754efd04921ef92ab5da648,1,
release/sat/S766916408-GM-A23-EME-T14-S1-LH-C1-I0040-F00.png,sat,single,512,512,PNG,269421,866061b3b8d452df38973297c19521733ff6ce13fc31b5e2a9583a1ad2a1023a,1,
release/sat/S778523462-GF-A44-EIA-T14-S1-LH-C1-I0042-F00.png,sat,single,512,512,PNG,331260,7584dc29bb51904cf33b72db83ffbec24b20dd98e826bd99ac250d05348d36af,1,
release/sat/S780045574-GF-A98-EAF-T14-S1-LH-C1-I0030-F00.png,sat,single,512,512,PNG,242854,59b1b0f087df4e7d36c69d7fe7adf3fea912e729e6a0768c90fb01e0b73bc703,1,
release/sat/S780124184-GF-A64-EME-T01-S1-LH-C1-I0042-F00.png,sat,single,512,512,PNG,279895,dddf0b5756353a7c965f079cc534a6f841dcceb676ccc05a115c94b586527ef0,1,
release/sat/S786321386-GM-A32-EME-T00-S1-LH-C1-I0051-F00.png,sat,single,512,512,PNG,310796,3ff76bf0ab9cba797eb84949e2cd704dfe140aacc0ce6b3d7ba34a65d1c7efb1,1,
release/sat/S788462400-GM-A77-EEA-T14-S1-LH-C1-I0022-F00.png,sat,single,512,512,PNG,309227,6be92301b77f469a68f7c21129fb3b5b40d0f975097b5122d2f28f5462ba2aae,1,
release/sat/S79333356-GF-A59-EEA-T03-S1-LH-C1-I0057-F00.png,sat,single,512,512,PNG,380620,d29d085f54ebdb18afc737b450c4278add43cb8a89741319f83c30dcfbee021c,1,
release/sat/S795622045-GM-A49-EEA-T03-S1-LH-C1-I0033-F00.png,sat,single,512,512,PNG,251871,ca2dcc5484cbfa4641aa367ba57c6e5a4c33e5df7a9104c08971f216b2b98912,1,
release/sat/S798606872-GF-A37-EME-T15-S1-LH-C1-I0028-F00.png,sat,single,512,512,PNG,332872,79250c29c2a804394e70b515380eed090328db47cf3f8db2b342621865252302,1,
release/sat/S804626448-GF-A39-EME-T01-S1-LH-C1-I0049-F00.png,sat,single,512,512,PNG,334915,7c35147507bde9f2f72535fdfd0f8efb241b927667fa973da75d28c5abf32a1b,1,
release/sat/S806692215-GM-A67-EEA-T01-S1-LH-C1-I0022-F00.png,sat,single,512,512,PNG,224051,db081a68032c51e39eb14c010d83145f1805abfa5adc749352f64dddf8918f3e,1,
release/sat/S806692215-GM-A67-EEA-T01-S1-LH-C1-I0043-F00.png,sat,single,512,512,PNG,267459,e7b428af20c02c253776135a67e4c280b77b774b3eb38d006e12e6d4e5f1ffba,1,
release/sat/S808755818-GM-A40-EEA-T00-S1-LH-C1-I0059-F00.png,sat,single,512,512,PNG,242315,6c60c5e5103212a64fd935b6c9f00ed9551dc7fbce8a63efcdcdab39a55093ec,1,
release/sat/S816836927-GF-A61-EAS-T00-S1-LH-C1-I0031-F00.png,sat,single,512,512,PNG,317689,216529ae2ca97724d93e0f147ce9bf0ba8739ecbe387951a7d6a5b7fbce8ae4d,1,
release/sat/S824192626-GF-A59-EIA-T14-S1-LH-C1-I0014-F00.png,sat,single,512,512,PNG,278742,c63b9fbe6f5be5344204fcc5cd0f1f76cc25bd680f07e193170a6c2e511b4896,1,
release/sat/S825431925-GF-A77-EAF-T00-S1-LH-C1-I0000-F00.png,sat,single,512,512,PNG,251828,24b1203ec717930fc4610feeedb5a1488b85d883225d627d2fa68137b2be1812,1,
release/sat/S825833733-GF-A82-EEA-T14-S1-LH-C1-I0004-F00.png,sat,single,512,512,PNG,300422,04b04b669d8a0d9fbfe35ea952cd01c6c1bf88315c24cfb0236d687632d5a94f,1,
release/sat/S825833733-GF-A82-EEA-T14-S1-LH-C1-I0012-F00.png,sat,single,512,512,PNG,264077,2db9b4686829be765eb964e8eb425ade7161dc59e42490dc6fb97e02b1c84090,1,
release/sat/S825833733-GF-A82-EEA-T14-S1-LH-C1-I0022-F00.png,sat,single,512,512,PNG,335383,df55d89459d1861f90dfc10d06147af0a48fd8772897730d4f15a4da99160bd2,1,
release/sat/S825833733-GF-A82-EEA-T14-S1-LH-C1-I0028-F00.png,sat,single,512,512,PNG,281991,aa91f7a080ad11df90ec04de0cd8fcc1b3432dc0d8cc52dd94e511cf499e20c4,1,
release/sat/S835364261-GM-A45-EAS-T03-S1-LH-C1-I0032-F00.png,sat,single,512,512,PNG,251270,e5b464b2beced44592f6f7e3605fe509c80ae6ad4aff5132c02c42c352c87e35,1,
release/sat/S838732855-GF-A26-EEA-T03-S1-LH-C1-I0010-F00.png,sat,single,512,512,PNG,310419,234b28e56bfca94b0514e3db6db7a7d86ea84c7201f733a875341a26c585e880,1,
release/sat/S844573168-GM-A70-EEA-T00-S1-LH-C1-I0061-F00.png,sat,single,512,512,PNG,272400,ccb8b7ec5918869bf69cc15af8be2d93326841f01aa96becd0481857f32ce3f7,1,
release/sat/S844761652-GF-A54-EAF-T03-S1-LH-C1-I0008-F00.png,sat,single,512,512,PNG,292269,01e36dd1a2a9cc6ceb657f6d45d8ee4330582b65523e27023c24a38f21e3d3e5,1,
release/sat/S851010322-GM-A30-EEA-T03-S1-LH-C1-I0061-F00.png,sat,single,512,512,PNG,297849,75aa9d72a33adddde115ced0b72573ead5f5450dab48115706c30e0fe17bb618,1,
release/sat/S85153826-GM-A28-EEA-T03-S1-LH-C1-I0011-F00.png,sat,single,512,512,PNG,346476,ca9470d04a0a46f074847f13a008984c762f0cf52a11389cc5fbe96cfad6b2d6,1,
release/sat/S861590567-GF-A45-EIA-T03-S1-LH-C1-I0062-F00.png,sat,single,512,512,PNG,345440,16c0dc6d773cff387fe888197e6225c8465470e358b00d8f341f59976c4fac3e,1,
release/sat/S86418004-GF-A49-EEA-T10-S1-LH-C1-I0000-F00.png,sat,single,512,512,PNG,356084,5e8243f2c6cb4b0816c4b094376efbbd0b59b7d75248e4e38ffe595f095e82f6,1,
release/sat/S871196184-GF-A27-EAF-T14-S1-LH-C1-I0028-F00.png,sat,single,512,512,PNG,236479,c2743043ce943f411e6f565536c45d07074c55002005436aba9428c63539a63f,1,
release/sat/S872849899-GF-A30-EEA-T03-S1-LH-C1-I0004-F00.png,sat,single,512,512,PNG,327787,ec18441b5344ac86af5b99858fc9606671c760dfa6dcdcb05462a7788e797414,1,
release/sat/S881124278-GF-A51-EAS-T14-S1-LH-C1-I0059-F00.png,sat,single,512,512,PNG,274054,d7991ba26befb3db35f5188b880d9ca24a62cfd4d7884a64ffa5b5e8514fdc82,1,
release/sat/S882917275-GF-A60-EME-T01-S1-LH-C1-I0038-F00.png,sat,single,512,512,PNG,305338,93205890c79cdbb52815db3fc9fe08a68f00f9ac2b7830369044d250c742b8ff,1,
release/sat/S883374229-GF-A54-EEA-T14-S1-LH-C1-I0006-F00.png,sat,single,512,512,PNG,298234,71f0ae51171a3356e5d6e214562d6c7a26adfbfccaeec6504ab60c6d367399f9,1,
release/sat/S883374229-GF-A54-EEA-T14-S1-LH-C1-I0019-F00.png,sat,single,512,512,PNG,288060,bb9bbbf36d177940e6161e7678e5e959eee439d62596ea8fec861e056d030199,1,
release/sat/S883374229-GF-A54-EEA-T14-S1-LH-C1-I0021-F00.png,sat,single,512,512,PNG,284725,a9106fe850999835424248a42931b31e88fb36fa026baf358758cd22972d4e99,1,
release/sat/S883374229-GF-A54-EEA-T14-S1-LH-C1-I0038-F00.png,sat,single,512,512,PNG,288222,f516d5d3aae9c15b4b800d9118c8b9be9d4a42bada1c83d7a04ed702cd9fab58,1,
release/sat/S883374229-GF-A54-EEA-T14-S1-LH-C1-I0039-F00.png,sat,single,512,512,PNG,289141,f47e874e1edf2fb79afcc1b3f1a0bb119f34a2e431427d356a21d988596006ea,1,
release/sat/S883374229-GF-A54-EEA-T14-S1-LH-C1-I0040-F00.png,sat,single,512,512,PNG,280914,aca4b12b9be86e8da99f527a09702b8ce0007c544914786968c965771f3a1ab4,1,
release/sat/S883374229-GF-A54-EEA-T14-S1-LH-C1-I0041-F00.png,sat,single,512,512,PNG,291933,ddc70593887d221c5b2da0a0f8515a5952c46f375a538c544bd932a06a3ac472,1,
release/sat/S883374229-GF-A54-EEA-T14-S1-LH-C1-I0059-F00.png,sat,single,512,512,PNG,277689,097e42be93ae2f3e05e050606f83f66639e9c790b73d7465cc045e233843b25a,1,
release/sat/S883374229-GF-A54-EEA-T14-S1-LH-C1-I0062-F00.png,sat,single,512,512,PNG,300091,b708c69e90c11c079c07f81379dbe547fb26cb2a130bfc42fb6826fc5f1e9bfc,1,
release/sat/S892006153-GF-A74-EAF-T14-S1-LH-C1-I0020-F00.png,sat,single,512,512,PNG,273787,852fcca015f47eeb1b1336fa4f81898a1be1e6bf2b14bb27cec9cf4c0b40fe7f,1,
release/sat/S894840102-GN-A69-EAF-T00-S1-LH-C1-I0056-F00.png,sat,single,512,512,PNG,346078,4828ed04b727fa2996c3aa532f96f54ff9067bc24b16c1e193fa3fa2c997d450,1,
release/sat/S895967637-GM-A28-EEA-T01-S1-LH-C1-I0005-F00.png,sat,single,512,512,PNG,291797,d41ec25be62f4c2fe4803d3fd447a215db336688524829d4a42c9af70839daa8,1,
release/sat/S897329683-GF-A41-EEA-T11-S1-LH-C1-I0040-F00.png,sat,single,512,512,PNG,273490,656f5a2f831fe398e2df20bc27e926e82d03c01a569b3e9d304deab82be003e8,1,
release/sat/S906953625-GF-A53-EEA-T01-S1-LH-C1-I0001-F00.png,sat,single,512,512,PNG,230461,06b2d79157728043c25fa9494ab77725d59a9d5208f3bc9f3fe59056ab55b733,1,
release/sat/S9176807-GM-A21-EEA-T03-S1-LH-C1-I0024-F00.png,sat,single,512,512,PNG,377222,f21ab0b4f41cc20ef39829e570af7f887588a30f7302277382df9f8f5f76ad3f,1,
release/sat/S921833550-GM-A28-EEA-T14-S1-LH-C1-I0000-F00.png,sat,single,512,512,PNG,263229,0bebc97af83145d6310c550f0551a9183d6b1c22bdc83a0b61d2d2128cff7a79,1,
release/sat/S924724708-GF-A48-EEA-T14-S1-LH-C1-I0053-F00.png,sat,single,512,512,PNG,310550,cc506f3aa43fd5546ffa7b9ad72202b10d5f563101c8bbc599fbb3d757a4f699,1,
release/sat/S926047332-GM-A22-EME-T14-S1-LH-C1-I0038-F00.png,sat,single,512,512,PNG,258441,5b0006bdf32fd1082d8ca88c9a57644797b99c14456500c3871d318d47998fbe,1,
release/sat/S926047332-GM-A22-EME-T14-S1-LH-C1-I0039-F00.png,sat,single,512,512,PNG,252879,ea00848083fbd39659226619d2a959352a66badca41a72a1b796c742de574141,1,
release/sat/S931374402-GM-A20-EAF-T14-S1-LH-C1-I0003-F00.png,sat,single,512,512,PNG,267272,1ab7fee9f7c829c7592f5a59baabacdfa62045bc8da2d92144fe7341dc9412c6,1,
release/sat/S931374402-GM-A20-EAF-T14-S1-LH-C1-I0013-F00.png,sat,single,512,512,PNG,244989,e77bd9475c37ef879fc1283ca2fade8be7ccc7defc8eb92077e4a30b3b2cdd9a,1,
release/sat/S932980426-GM-A79-EME-T14-S1-LH-C1-I0010-F00.png,sat,single,512,512,PNG,236193,37dd02735da543ef505a7635b1c054598ef8c35aea0dee8234b915c04d40d961,1,
release/sat/S932980426-GM-A79-EME-T14-S1-LH-C1-I0014-F00.png,sat,single,512,512,PNG,344124,1786a3bbb7fdc20ce2cd075b226695e90dd17dadd5b17eb11734f8b6dec18a4f,1,
release/sat/S932980426-GM-A79-EME-T14-S1-LH-C1-I0032-F00.png,sat,single,512,512,PNG,254391,6b9261b8a9038da7f33e9390573371b216919922f0271ab6b07d8ebdc8675fbc,1,
release/sat/S932980426-GM-A79-EME-T14-S1-LH-C1-I0054-F00.png,sat,single,512,512,PNG,324575,48278655a90cb9ee69b389e96e9f04f71913dcf72e6619d8e29b3d294fc15e10,1,
release/sat/S936982627-GM-A77-EEA-T01-S1-LH-C1-I0040-F00.png,sat,single,512,512,PNG,257870,a0999a23d11a132281eeb6b89f7bcc9a4db674ed3289b99b37aed3dbee70f435,1,
release/sat/S94290629-GF-A23-EAF-T14-S1-LH-C1-I0030-F00.png,sat,single,512,512,PNG,373206,f0a894116ca354696bd68c068c019f47e3a6fa9ccbf8fe0f01f5c26c215e16e0,1,
release/sat/S94888726-GM-A26-EME-T03-S1-LH-C1-I0049-F00.png,sat,single,512,512,PNG,338378,45e4b924d92e644b9736c0dcf1dcd3bfdbc6244add1058395add41c9b746732d,1,
release/sat/S954227485-GF-A55-EME-T00-S1-LH-C1-I0054-F00.png,sat,single,512,512,PNG,348676,832328ecbc5f45058faaf21b2803c780ce8479f6f37a9a029fcd25b9c197bdab,1,
release/sat/S955490819-GM-A25-EAF-T14-S1-LH-C1-I0009-F00.png,sat,single,512,512,PNG,273996,b2b472d69c96b4e0c1d277be63ac022dc08a511079ca10bd6d8b4b4f52501c67,1,
release/sat/S956718444-GF-A38-EAS-T14-S1-LH-C1-I0018-F00.png,sat,single,512,512,PNG,247118,40d33b875511738668ed816a60cb0e1952e9f14ee39cc9a2e72b921639ebe5b3,1,
release/sat/S95924864-GM-A18-EEA-T14-S1-LH-C1-I0017-F00.png,sat,single,512,512,PNG,373379,fc18517c8031ab52ce01bcad6f1bea454fea3da2d92a21e46301980f2a08028c,1,
release/sat/S95924864-GM-A18-EEA-T14-S1-LH-C1-I0029-F00.png,sat,single,512,512,PNG,400224,c8e2a6a735d9242b4252b6ee33409b1759b89c51db12d25b1a9e184ca6fc0766,1,
release/sat/S959317588-GM-A42-EAS-T00-S1-LH-C1-I0008-F00.png,sat,single,512,512,PNG,308340,744eac759f064c8d79bcc335929175c2165adf47b8ade60a988af11adee45f77,1,
release/sat/S959317588-GM-A42-EAS-T00-S1-LH-C1-I0054-F00.png,sat,single,512,512,PNG,295251,aed45d0a72a27160edeb3deb653054c32f915be144892a8d55efcd4548900393,1,
release/sat/S962503135-GF-A84-EEA-T14-S1-LH-C1-I0013-F00.png,sat,single,512,512,PNG,312170,fdd34f7bc03855b71f3812e5f00e04daa18ecc919f2be4a7be5e30de37e3961b,1,
release/sat/S966499612-GM-A36-EEA-T14-S1-LH-C1-I0024-F00.png,sat,single,512,512,PNG,303414,04257f32294be49eaf4f72fca8e6d8ba58d68cf22efe183ee2e7a007752d3ffd,1,
release/sat/S970888949-GF-A57-EEA-T15-S1-LH-C1-I0038-F00.png,sat,single,512,512,PNG,308031,7ecad89d7eb483cccaa18dddf816fcd9db79560cf48a54c4153c90a46afc25b4,1,
release/sat/S976538751-GM-A19-EAF-T14-S1-LH-C1-I0007-F00.png,sat,single,512,512,PNG,271219,78b7abd4b1f39f45f9b13ebada8483c142b5d9916e285cc8014e472fe4b6ab13,1,
release/sat/S976538751-GM-A19-EAF-T14-S1-LH-C1-I0042-F00.png,sat,single,512,512,PNG,259415,cb8fba3d51f003b9371ec50e5cc23d7beee5e39f3773813d1deb9183ada5467a,1,
release/sat/S978873421-GF-A64-EEA-T01-S1-LH-C1-I0000-F00.png,sat,single,512,512,PNG,259326,e5ad5d2c9154757ba580984177ea841047173a9df6c4be3f48bb895914427511,1,
release/sat/S980654402-GF-A53-EEA-T14-S1-LH-C1-I0004-F00.png,sat,single,512,512,PNG,248236,9688521cd5eabfb441d119f0ce8947d6f49d20ed81a9557831c9d398724303db,1,
release/sat/S982128636-GM-A71-EME-T01-S1-LH-C1-I0008-F00.png,sat,single,512,512,PNG,335370,b1f1adc707ed2f7a61d8337c22d839c675a5488694b995ba4ae62c747b14a40c,1,
release/sat/S982227952-GM-A31-EEA-T00-S1-LH-C1-I0051-F00.png,sat,single,512,512,PNG,250827,99c09684ce3ffb4f26f4c1aa29c13c2d2009080b85761c26bf379b309118f6ad,1,
release/sat/S98643087-GF-A34-EIA-T10-S1-LH-C1-I0042-F00.png,sat,single,512,512,PNG,404118,b7d54dfbbd4c1b9d4a247dc53cc60d53022467e3687d789dd5f99de97db75329,1,
release/sat/S987384432-GF-A95-EME-T01-S1-LH-C1-I0003-F00.png,sat,single,512,512,PNG,264441,b035db373587f9ef762eda09d11d01e68727d376c6c60c56ed8bca1709dd78ab,1,
release/sm/S113923411-GF-A35-EEA-T14-S1-LH-C1-I0048-F00.png,sm,single,512,512,PNG,285873,b289ef09e076a8c7ef3a306e12e055cbf064b3cf0b444a8763fd2b15646ddc9c,1,
release/sm/S115293589-GF-A67-EME-T01-S1-LH-C1-I0030-F00.png,sm,single,512,512,PNG,350175,7c20b37b8dc25cba4b66acfbfb0c0482ad88b89fbc32c6980fda62897a788d93,1,
release/sm/S115379105-GF-A98-EEA-T14-S1-LH-C1-I0044-F00.png,sm,single,512,512,PNG,333870,3f3ca5aad7e7f4a6d9a62f0d289340d0d9d216617e72702b09e99612019a8932,1,
release/sm/S116651325-GM-A28-EEA-T13-S1-LH-C1-I0056-F00.png,sm,single,512,512,PNG,335892,c8ce191c0671c2dd14dcc6335794a0b33e8da9a5f077bbca2d2e665f191e206c,1,
release/sm/S120660598-GM-A33-EEA-T00-S1-LH-C1-I0034-F00.png,sm,single,512,512,PNG,331294,6ba6de0d7fb63a2397bfb933c0e0794233d13c8be2c10e76557f82ee2d3cdeac,1,
release/sm/S121566497-GF-A32-EEA-T14-S1-LH-C1-I0036-F00.png,sm,single,512,512,PNG,373172,f98b84697b200643ebcb630af69a544513645751eb34f5bc1110d7325b675519,1,
release/sm/S121714872-GF-A34-EAF-T03-S1-LH-C1-I0053-F00.png,sm,single,512,512,PNG,334074,93cb56692931333bd8ca5a0e4fbc4f36b613ac2cbc87417543896290b6e969c2,1,
release/sm/S124298498-GM-A91-EEA-T14-S1-LH-C1-I0034-F00.png,sm,single,512,512,PNG,331621,fe0d2bc4e6b96e75d6cf40226093383c9735f02384f65e73c260f5eb95b408b6,1,
release/sm/S130186036-GF-A82-EEA-T01-S1-LH-C1-I0007-F00.png,sm,single,512,512,PNG,342626,06271398811b25933871a0e98a580a3f6c0a0c7a81f8b7a9847252a4cc8cbc76,1,
release/sm/S137547030-GF-A76-EEA-T01-S1-LH-C1-I0045-F00.png,sm,single,512,512,PNG,343126,235a9b3268cec5c412708b476232ab653ff891b8bb761caf2c2b3b335c5ed897,1,
release/sm/S138993008-GF-A66-EAF-T00-S1-LH-C1-I0035-F00.png,sm,single,512,512,PNG,305503,9eb8e9929351ddf5dce9d11a9451e4c0e0271af8271d8968a9fddc8b29e0a902,1,
release/sm/S14964507-GF-A29-EEA-T00-S1-LH-C1-I0028-F00.png,sm,single,512,512,PNG,341027,0cc22a834e1b1fb67a7e3fc1b75ffca0e99094b9ea3b36923aa02cdbfd256baf,1,
release/sm/S14964507-GF-A29-EEA-T00-S1-LH-C1-I0052-F00.png,sm,single,512,512,PNG,363776,9de6c713e6f109927bcc641f9168347543e49ae591937b3e2c7c8944c12d2dfb,1,
release/sm/S150094415-GF-A53-EME-T10-S1-LH-C1-I0055-F00.png,sm,single,512,512,PNG,331448,a244e75f487dd45a8c161e1c189bca20d1c121c99635b29623f7e7ba3d29bbdf,1,
release/sm/S15182111-GM-A44-EAS-T00-S1-LH-C1-I0049-F00.png,sm,single,512,512,PNG,317185,224c839fa13714bbeb62a4a9af1690c6771f854b02fd90923840742a6b2abc5e,1,
release/sm/S152846480-GF-A30-EEA-T03-S1-LH-C1-I0000-F00.png,sm,single,512,512,PNG,367767,a62f5c18e040a70342aa1786a57da72a12517e1d92dc9b89f5cfc4fa8dfec32b,1,
release/sm/S152846480-GF-A30-EEA-T03-S1-LH-C1-I0050-F00.png,sm,single,512,512,PNG,366511,88980b6e9ae94ba8e10adc16073d86bbed721ab08ac9912342f0583aeeffd8d8,1,
release/sm/S152846480-GF-A30-EEA-T03-S1-LH-C1-I0059-F00.png,sm,single,512,512,PNG,361399,db56750cb6eaa316a2f4a2e83a6659320018fa6f91af1ec80c58c93e25d7a9b1,1,
release/sm/S16008476-GF-A92-EEA-T11-S1-LH-C1-I0061-F00.png,sm,single,512,512,PNG,360338,1e335bb17a892457d3f71e116ec13e9ca72b7feb52183d311ce9f51679af10b0,1,
release/sm/S164577361-GF-A44-EEA-T01-S1-LH-C1-I0030-F00.png,sm,single,512,512,PNG,377861,dc7f9b773a9a97466171765022f4cee04f6660e730845e27b98c01248119843d,1,
release/sm/S165380664-GM-A31-EIA-T01-S1-LH-C1-I0002-F00.png,sm,single,512,512,PNG,276550,243fddd7909d9a9e4b85a6c7578558d550e521fda9e2626b8063687d8416ebce,1,
release/sm/S16643293-GF-A66-EEA-T15-S1-LH-C1-I0043-F00.png,sm,single,512,512,PNG,334092,c5bb04b3d615b4f419a5c278204951d8d1ecede2fa76263e6748bef944e0eea1,1,
release/sm/S166658587-GM-A81-EEA-T03-S1-LH-C1-I0060-F00.png,sm,single,512,512,PNG,278955,17a5dfa0c7ae7f58ee13e07aab4dd24f0868423e4713e1e7b1a9e27de8f2fe48,1,
release/sm/S169208368-GM-A35-EME-T14-S1-LH-C1-I0016-F00.png,sm,single,512,512,PNG,370827,f1cf639e024028a1ff7931fd46667e523f805ad06720db2b7759ef755e0b2daa,1,
release/sm/S169208368-GM-A35-EME-T14-S1-LH-C1-I0054-F00.png,sm,single,512,512,PNG,364848,8881f9f6814f68a3876247ed64a1dbd0bd35d83ecb9d70807697315103d0fa17,1,
release/sm/S179125778-GM-A37-EME-T01-S1-LH-C1-I0055-F00.png,sm,single,512,512,PNG,283811,eafe9f02f7fef06ab29b1303cfc6b8fc55a68d54443e8ac20408c942bb54f8d0,1,
release/sm/S179182026-GM-A47-EEA-T11-S1-LH-C1-I0029-F00.png,sm,single,512,512,PNG,352292,be7284f1554502620533a1ff78b882a60603d1504cf43d552f5ad151da8483c7,1,
release/sm/S179182026-GM-A47-EEA-T11-S1-LH-C1-I0041-F00.png,sm,single,512,512,PNG,342652,b17e8c61d2431a9430a598a8c75d1b8f43a8869e069a67e934ae965e4019d596,1,
release/sm/S184299974-GF-A49-EME-T10-S1-LH-C1-I0023-F00.png,sm,single,512,512,PNG,370483,28e6334efcecc5f5f74f7f47401a607fb9c1c2f91cf9361c47b0a861b3f3a6eb,1,
release/sm/S185880747-GF-A53-EAF-T03-S1-LH-C1-I0030-F00.png,sm,single,512,512,PNG,375627,b760042610e071c16c8dc3c6af4fea8fc14e7851e5cd2ac6abc07597b48c0b03,1,
release/sm/S187000211-GF-A54-EEA-T03-S1-LH-C1-I0063-F00.png,sm,single,512,512,PNG,354418,eb8a77be2b4b9ced476ad3a1e8e2e0265e9a53861246ec144d2b8bef495b563b,1,
release/sm/S18796367-GF-A93-EAF-T00-S1-LH-C1-I0045-F00.png,sm,single,512,512,PNG,290577,a4ac33de3d0152daf7b1de9a0d3402920fb24bbaff6261d3fe3526cd2d7304f6,1,
release/sm/S189019382-GF-A62-EIA-T03-S1-LH-C1-I0040-F00.png,sm,single,512,512,PNG,348991,9840434a1ea54771ec1ffa50b3f87c4e4a2b97967f76ef2a7aa04049dc32f480,1,
release/sm/S189019382-GF-A62-EIA-T03-S1-LH-C1-I0046-F00.png,sm,single,512,512,PNG,344983,403acd3e129325968bdfb3da92ae7896e23b538714a05b8e8a33ee165baa3510,1,
release/sm/S190036673-GF-A19-EEA-T00-S1-LH-C1-I0057-F00.png,sm,single,512,512,PNG,362068,2e6b0e874c529d48205a77b03330c32286d790aa2b236a2267b710e2ca17b2e2,1,
release/sm/S19423222-GM-A45-EAF-T14-S1-LH-C1-I0040-F00.png,sm,single,512,512,PNG,284848,f75b7f69e81801a81977f03f27c44931589fe8d6487880c3da80082874a551a7,1,
release/sm/S198149424-GF-A51-EEA-T13-S1-LH-C1-I0055-F00.png,sm,single,512,512,PNG,365096,02b7d60c9489257496b848a647437eff626634135d1d6e8da4777718ccd0d1ce,1,
release/sm/S205686156-GF-A52-EAS-T01-S1-LH-C1-I0006-F00.png,sm,single,512,512,PNG,335791,59819fef24b1868fca04acd5c27e0958760764435c2a4e9f76d88053fb650e3d,1,
release/sm/S20939931-GF-A70-EME-T00-S1-LH-C1-I0047-F00.png,sm,single,512,512,PNG,340901,8c181dff2c64886dfc86da959cd3333ada2d90a564163b633163d69e73ee1426,1,
release/sm/S210555380-GF-A95-EME-T14-S1-LH-C1-I0008-F00.png,sm,single,512,512,PNG,373881,46efc789e14a6aec512ef0ea810e1719d43e7d89d47c854ff183dee7fd0815a4,1,
release/sm/S210555380-GF-A95-EME-T14-S1-LH-C1-I0048-F00.png,sm,single,512,512,PNG,357519,9dfa53a135058cc5b4e6ae10f8267a06968bb28f5e1aafb79faa3fe13eef19b8,1,
release/sm/S21322735-GF-A99-EEA-T03-S1-LH-C1-I0004-F00.png,sm,single,512,512,PNG,327374,b265193483f2b0ebadba62f558cb3f9e9169b196b442dbfab67b60f20a7a266d,1,
release/sm/S219134961-GM-A51-EME-T00-S1-LH-C1-I0016-F00.png,sm,single,512,512,PNG,318494,3a934df327ccce9e332dc9255a815c38868bf7ee909c6d8b5507019dc7d51eb3,1,
release/sm/S220036139-GF-A33-EME-T14-S1-LH-C1-I0048-F00.png,sm,single,512,512,PNG,367647,156d5efe507222aa916508c2cbda73522c7b55e70222198faf58fb7329f29fa2,1,
release/sm/S229472865-GM-A49-EEA-T15-S1-LH-C1-I0053-F00.png,sm,single,512,512,PNG,301696,7c16547982c9b465fe25b8c0408416f0ed74a5ddbb2445111bc0fa2f8ebf5819,1,
release/sm/S229741512-GM-A18-EEA-T01-S1-LH-C1-I0029-F00.png,sm,single,512,512,PNG,298725,0e3e6d149d037fb661db467791ad50a72fe672d55a9b1e1e6b540db9cd8a4433,1,
release/sm/S231352223-GF-A49-EEA-T14-S1-LH-C1-I0011-F00.png,sm,single,512,512,PNG,340013,e9138ad4f9f0f839d1c3a088dc35d13607b6e47df69634e715304a1ea4408b4e,1,
release/sm/S231352223-GF-A49-EEA-T14-S1-LH-C1-I0027-F00.png,sm,single,512,512,PNG,352697,8e66ff5a00de9d601fa8e235a08acb235c749a537c2cd154d3ceda645307c9ed,1,
release/sm/S236474674-GF-A94-EEA-T14-S1-LH-C1-I0061-F00.png,sm,single,512,512,PNG,331418,b33c4885e1582fdcfbcdf45b6788842a36f00fd449c483a22df008c8a0707151,1,
release/sm/S240935283-GM-A93-EEA-T01-S1-LH-C1-I0022-F00.png,sm,single,512,512,PNG,375097,bed3121604703a87d008b631ebc478699a85956db485d41a73ffff10c53376c6,1,
release/sm/S245655911-GM-A99-EIA-T14-S1-LH-C1-I0023-F00.png,sm,single,512,512,PNG,384415,6deb7ebfe560474bf2287cbc46d53c668038f0279f68b5c28f4742469657ba25,1,
release/sm/S247603526-GM-A30-EEA-T13-S1-LH-C1-I0041-F00.png,sm,single,512,512,PNG,300816,928b6b6b99349644304ea4b39f756ec65514186502d3b365cc377467a6ea5fc6,1,
release/sm/S248968574-GM-A81-EAS-T14-S1-LH-C1-I0022-F00.png,sm,single,512,512,PNG,311939,58c2b0d3d5c43427b284cf504c4b4537547e8a4ae193b1860701c86201343e34,1,
release/sm/S25038292-GF-A59-EAF-T03-S1-LH-C1-I0041-F00.png,sm,single,512,512,PNG,337095,a2fd35a7576584c0196fbd2dc679b6c44182a46dff43646e01b5f04b19b02147,1,
release/sm/S259395943-GF-A59-EME-T14-S1-LH-C1-I0009-F00.png,sm,single,512,512,PNG,315301,c576cf3cd1939984592f4c7a4b0f6f5485ea1dbbaf39d6498362121083adcc7a,1,
release/sm/S261182015-GM-A24-EEA-T01-S1-LH-C1-I0011-F00.png,sm,single,512,512,PNG,303903,5232b1b74cc332137c652a1618c0bcd503c369cddb3483368af4dbead0f89246,1,
release/sm/S264396021-GM-A30-EAS-T14-S1-LH-C1-I0047-F00.png,sm,single,512,512,PNG,305514,76d0b49cd12fa0291ce113d2bb180a69af6c3bec29ad2442f92f2de8de48ba2e,1,
release/sm/S265934537-GF-A26-EAS-T14-S1-LH-C1-I0063-F00.png,sm,single,512,512,PNG,304898,c11799341dd1420e5de9ee8daa2be37accb9563b89a8d4ce88ea5f21af6d6719,1,
release/sm/S268137029-GF-A39-EME-T01-S1-LH-C1-I0016-F00.png,sm,single,512,512,PNG,377916,8b47321d686d2ee99ff05548f2ec7b4c49dd85b813475563d155ed0c3d1732ea,1,
release/sm/S268183923-GN-A24-EAF-T14-S1-LH-C1-I0053-F00.png,sm,single,512,512,PNG,304816,720440244bfe4e949161f79c19927d40e7fff1ccd3e96c18c69865b62c1df24c,1,
release/sm/S274652534-GF-A22-EEA-T01-S1-LH-C1-I0003-F00.png,sm,single,512,512,PNG,335753,ea40009ec48b54f106b588c72fdac5cfc970b9b32723f3aca8fe951ea5cded13,1,
release/sm/S274869653-GF-A68-EAS-T03-S1-LH-C1-I0003-F00.png,sm,single,512,512,PNG,342039,5627ef21eb283c4e462da66d43b10d41bb63df15a1905988999268cd8445002f,1,
release/sm/S279879625-GF-A55-EAF-T00-S1-LH-C1-I0037-F00.png,sm,single,512,512,PNG,359665,611037f0a07d118fd996f33a42448eb4d896d9addd7af1ec35c14550cfd8d5e8,1,
release/sm/S285023719-GF-A24-EEA-T00-S1-LH-C1-I0022-F00.png,sm,single,512,512,PNG,289373,686dbdb422448bca1bb720b2ad5779a40e751b5d9882fc01a53fc3cde0ae9fef,1,
release/sm/S287510944-GF-A29-EME-T01-S1-LH-C1-I0059-F00.png,sm,single,512,512,PNG,337025,5dbab53bf95c467eaa0ba9b96db93fa42a0364f10cb6cc9f788a40111e38f473,1,
release/sm/S289919415-GF-A46-EEA-T14-S1-LH-C1-I0060-F00.png,sm,single,512,512,PNG,304934,c79a2f03232515c17f8a306ece97650538e91053bd8af5d63d80efc1c7c4236a,1,
release/sm/S300524837-GM-A42-EEA-T01-S1-LH-C1-I0008-F00.png,sm,single,512,512,PNG,355333,79efbb6a2a084803ce6f5b5aadcc60678114e6fa603e949a587581b9aa9aea98,1,
release/sm/S303695349-GM-A23-EEA-T03-S1-LH-C1-I0002-F00.png,sm,single,512,512,PNG,308578,64234690088d6e273f66fb580da1dc6c03f7a5a726424a4f9325152b5b4fb7a4,1,
release/sm/S303695349-GM-A23-EEA-T03-S1-LH-C1-I0029-F00.png,sm,single,512,512,PNG,300963,72ed5bbe4149e34808efa85eec95eacd7fa35737a76d7ca8acb526fdbfa76a99,1,
release/sm/S303695349-GM-A23-EEA-T03-S1-LH-C1-I0041-F00.png,sm,single,512,512,PNG,296978,357e44647b355b50ee0ed50bd5a8629e3304b83130b75a2a0ac39f08ad85bb95,1,
release/sm/S311145231-GF-A53-EAF-T03-S1-LH-C1-I0062-F00.png,sm,single,512,512,PNG,386375,fa03d23626ec815c0651a72eec0dc6ca030c9dc21bf1988f187ad3886b651905,1,
release/sm/S313264566-GM-A81-EAF-T14-S1-LH-C1-I0008-F00.png,sm,single,512,512,PNG,303929,16a1c1793fb886a3c03dcaef70c00a6624d5fa9c58ac3f2ad8d80789ab054b27,1,
release/sm/S313264566-GM-A81-EAF-T14-S1-LH-C1-I0059-F00.png,sm,single,512,512,PNG,349598,3886a246afb95097337875a2ad00a5af09c11cc54182653e14bcfeed93d6f89c,1,
release/sm/S316988909-GF-A99-EIA-T10-S1-LH-C1-I0040-F00.png,sm,single,512,512,PNG,368527,c45eaf9a2c9c76f5ffca69396422842b7db3aac293274329ae9e0be9169f25a2,1,
release/sm/S319441451-GF-A19-EAS-T01-S1-LH-C1-I0006-F00.png,sm,single,512,512,PNG,334796,165f9d3575db418e167f9cfe819f4cde111ac0a96b600cae242c4753c641be63,1,
release/sm/S320892356-GF-A70-EIA-T03-S1-LH-C1-I0021-F00.png,sm,single,512,512,PNG,362537,7362f547c8ebe902748d2ef2b9c68fd71ba0767ef1be5bb4eb49d93c87c228db,1,
release/sm/S32440074-GF-A23-EIA-T15-S1-LH-C1-I0012-F00.png,sm,single,512,512,PNG,332441,51b9a6ae8f839cdd1cd45a4fad34ded2f9a6ee7df49fed3de91f04bb638a4c09,1,
release/sm/S325074401-GF-A50-EAS-T03-S1-LH-C1-I0044-F00.png,sm,single,512,512,PNG,309536,cbe19a0eadf8f09eebd7b77076641e33f3ce9055c41e63b4eebf5382826fa79a,1,
release/sm/S334613033-GM-A58-EAF-T14-S1-LH-C1-I0047-F00.png,sm,single,512,512,PNG,406209,27f825802e5e8fd541644470e1ba12afc37f333e15c908493e3b1321477e2776,1,
release/sm/S334697091-GM-A32-EAS-T14-S1-LH-C1-I0031-F00.png,sm,single,512,512,PNG,247606,937bc6d537aedb6781fbc6d6788966f7e917de59eaa1a9ba4062aec244910f43,1,
release/sm/S335757255-GF-A30-EME-T14-S1-LH-C1-I0002-F00.png,sm,single,512,512,PNG,345304,099f6a3f893f0e7ebd898c6ea7098215258018b0f41bd6e854726c5f041f5af2,1,
release/sm/S336053665-GF-A75-EME-T13-S1-LH-C1-I0037-F00.png,sm,single,512,512,PNG,312282,ce151d3e7d113428510b16182b8010e58d5f2280753529c73ecf6d4e0225c51b,1,
release/sm/S340675536-GF-A37-EEA-T14-S1-LH-C1-I0052-F00.png,sm,single,512,512,PNG,288297,e4005d3afc8272f8718e5def7c67ee9f29093e1074d061c72f2274ea8e7f93ac,1,
release/sm/S343616415-GF-A69-EEA-T03-S1-LH-C1-I0056-F00.png,sm,single,512,512,PNG,335007,4e284e36131f105fb40da094261af2c2c4cecd2e7246e3334efb07fa5128440f,1,
release/sm/S343899513-GM-A51-EME-T01-S1-LH-C1-I0048-F00.png,sm,single,512,512,PNG,380295,f809c431363ce2586770b8add67a3088de9fdc39b3fe04cfc9c5abf783b13d07,1,
release/sm/S345601750-GF-A64-EEA-T03-S1-LH-C1-I0032-F00.png,sm,single,512,512,PNG,371900,2478687e4a6ffdd1f10774a38842c071434126705d8f7f22f3932f9144c50782,1,
release/sm/S345601750-GF-A64-EEA-T03-S1-LH-C1-I0055-F00.png,sm,single,512,512,PNG,358420,082e7d2bd23922cdebac2d638759ee96b92bb5e25a544c6ab5cbde200335cf55,1,
release/sm/S347571913-GM-A24-EEA-T13-S1-LH-C1-I0054-F00.png,sm,single,512,512,PNG,361031,f34d1bf7bf567ab93525f4bf410e6cea54b3d7555947386f658cbab5f6511892,1,
release/sm/S354713116-GF-A60-EAF-T14-S1-LH-C1-I0000-F00.png,sm,single,512,512,PNG,366616,91966f02a22a91a303b9d246f020702a7d6b653e376577685f821fa8df05b43c,1,
release/sm/S354713116-GF-A60-EAF-T14-S1-LH-C1-I0004-F00.png,sm,single,512,512,PNG,349210,99610c3577c93ce45b639e8ed893fa71e44cfe12f3a4fa794316c2acc94cba9e,1,
release/sm/S354713116-GF-A60-EAF-T14-S1-LH-C1-I0011-F00.png,sm,single,512,512,PNG,383104,3173e1b7480ebeec08a1066cc2aeb77e223ad11c900ac5712b00aed248711650,1,
release/sm/S354713116-GF-A60-EAF-T14-S1-LH-C1-I0063-F00.png,sm,single,512,512,PNG,375742,7d28ff517543c8a6bf71ef66d9edb10ec0e52d6f3c8f9a6653fa8352d6271a0b,1,
release/sm/S358652822-GF-A41-EEA-T01-S1-LH-C1-I0006-F00.png,sm,single,512,512,PNG,348493,208a6559755d3c7f7a79f0ef813d71d9a74fdb326ad710cc042fbbdf58fc4763,1,
release/sm/S364995244-GM-A24-EEA-T03-S1-LH-C1-I0015-F00.png,sm,single,512,512,PNG,353805,b087a37457ec329b64b4c28ec19cf263c51935092d412fb70f03ae0ff9ed54f3,1,
release/sm/S370286626-GF-A59-EEA-T00-S1-LH-C1-I0061-F00.png,sm,single,512,512,PNG,373032,f3efe0c5e9aa775c2d46e69b2e1206f691b163b9e5b8f53b4383e38f4ed0ba8f,1,
release/sm/S371797493-GM-A29-EEA-T14-S1-LH-C1-I0043-F00.png,sm,single,512,512,PNG,343026,0e26ae0f0dd828c0fd1fdcdde42ce31301f60b2982cc00f7090845d0932b60bf,1,
release/sm/S373793896-GM-A22-EEA-T14-S1-LH-C1-I0035-F00.png,sm,single,512,512,PNG,333414,9898205330874e862ac2036fbe978e0134ae24c33aa7f2828fd64bb5617298b4,1,
release/sm/S37396139-GF-A51-EEA-T14-S1-LH-C1-I0018-F00.png,sm,single,512,512,PNG,361093,4578eaed7f07a1a8f93d86f6ce37aef1b70f3933f8fb7acee9be21077ebba5d8,1,
release/sm/S37396139-GF-A51-EEA-T14-S1-LH-C1-I0048-F00.png,sm,single,512,512,PNG,368890,4d3b5975254f8a0ed1211199a5b0fcfeecd2171088282ff3927a1e4160a45cb8,1,
release/sm/S375545605-GM-A47-EEA-T00-S1-LH-C1-I0004-F00.png,sm,single,512,512,PNG,349856,6987dcb578c1149b0329f41d4c5eee27bcff1f2548859ce87fef21bc609c0210,1,
release/sm/S375545605-GM-A47-EEA-T00-S1-LH-C1-I0022-F00.png,sm,single,512,512,PNG,339597,8ca1f576d31f57144df0b4618b2cf28cddbdfcef05e8743fed88f964a50ef845,1,
release/sm/S375545605-GM-A47-EEA-T00-S1-LH-C1-I0027-F00.png,sm,single,512,512,PNG,345291,a5611e91efb1e68f92cd2bb54d83c92329656279d66ba64abaa2e755bf660f79,1,
release/sm/S375545605-GM-A47-EEA-T00-S1-LH-C1-I0049-F00.png,sm,single,512,512,PNG,355386,6295fa7d8414473113e9544fa41a01427c5dffd464e84d71d12d5ead8d261470,1,
release/sm/S376287613-GF-A19-EAF-T14-S1-LH-C1-I0011-F00.png,sm,single,512,512,PNG,315373,fea5df4147df6fc9df21dce6058ebc08b7b1b90bd3828b104a1206fc649c2b78,1,
release/sm/S377896724-GF-A29-EEA-T10-S1-LH-C1-I0028-F00.png,sm,single,512,512,PNG,274129,4eb68ce8dfd9f4a7dd3aabc80d343f04594bfd7304d01984eafebb8573026204,1,
release/sm/S380795387-GF-A58-EEA-T14-S1-LH-C1-I0035-F00.png,sm,single,512,512,PNG,327740,6d5d975a69369c7ef4f6b4e9c7e1630df7ccf462db99d655bbcffcb14363fb98,1,
release/sm/S382037204-GF-A89-EEA-T03-S1-LH-C1-I0006-F00.png,sm,single,512,512,PNG,335072,67cf91a5090b7151e66c0ac35b12db8abc6a66e393083db5595b4fccf82f79d6,1,
release/sm/S384793007-GF-A62-EEA-T01-S1-LH-C1-I0006-F00.png,sm,single,512,512,PNG,269236,ac3453c0c99cd37855412b1ebd612656e885973a4ce06dd0469eeff9e17faac7,1,
release/sm/S388546914-GF-A50-EEA-T14-S1-LH-C1-I0025-F00.png,sm,single,512,512,PNG,333585,50d71edd95f355b16367e576248240f344c9474998a89b240c9cf5c95d4f8ce3,1,
release/sm/S39379132-GF-A54-EEA-T15-S1-LH-C1-I0056-F00.png,sm,single,512,512,PNG,347348,271e15bdbf0d5cf75723e70afd23fd9e1290c2234f237857c2eb27265527e14d,1,
release/sm/S394313530-GF-A45-EEA-T03-S1-LH-C1-I0050-F00.png,sm,single,512,512,PNG,359551,8f705e5d1503504218a4d397d2c115e1d8860f9f9b70d40bf0c6df87fbddd1c7,1,
release/sm/S395744997-GF-A18-EEA-T01-S1-LH-C1-I0002-F00.png,sm,single,512,512,PNG,368091,2ea2d327c723d4f0d1a1196880f1cf8bd9b55c48b85f76915eea121e4470f3f8,1,
release/sm/S39590804-GM-A53-EEA-T03-S1-LH-C1-I0045-F00.png,sm,single,512,512,PNG,358378,e07d1c4d96f612e512c24e2e0c836ac1f5dcac04de8aa104b9952f89f7bcd761,1,
release/sm/S397228464-GF-A72-EEA-T03-S1-LH-C1-I0009-F00.png,sm,single,512,512,PNG,341911,80d8bbeca9a1274a8fdf107a3b9a275bcc20da2961d3844aad487d54c2ed137a,1,
release/sm/S402397961-GF-A82-EEA-T00-S1-LH-C1-I0029-F00.png,sm,single,512,512,PNG,336913,3765ccd8593492dc0fef358eea611dd3620f54000f6eca54ab90a5551fe39ab3,1,
release/sm/S402992794-GF-A60-EEA-T14-S1-LH-C1-I0010-F00.png,sm,single,512,512,PNG,334632,abe682d8053fe5c23f0bfa13b9c14646fc07caaa6d3f2fd2a6a2c265e7930d52,1,
release/sm/S407285746-GF-A18-EAF-T13-S1-LH-C1-I0047-F00.png,sm,single,512,512,PNG,354670,69e93565a9de768d2bec04b5547b47de1db8fae634f02868400c443e8bd1d394,1,
release/sm/S409626024-GM-A29-EEA-T11-S1-LH-C1-I0000-F00.png,sm,single,512,512,PNG,211101,6d422450b402478a93941aeb3c2dc4614e9e205c9f23901b4e572a4cd324b0a6,1,
release/sm/S411588159-GF-A21-EEA-T03-S1-LH-C1-I0033-F00.png,sm,single,512,512,PNG,332595,b92c8e4b60c8e57414b1b62a591d705e59f24bd5d8bde3a1ecfbc3c817374798,1,
release/sm/S412637027-GM-A93-EME-T01-S1-LH-C1-I0061-F00.png,sm,single,512,512,PNG,348505,9df6e6fad82a6e07152e2267e6aeae593cbf573d79e16915042c37b98fc62277,1,
release/sm/S415761895-GF-A62-EAS-T03-S1-LH-C1-I0005-F00.png,sm,single,512,512,PNG,320293,9367bad855130bd526d828e14cf1d198db051ffcb731133a1d62330b86a83391,1,
release/sm/S422234801-GM-A19-EAS-T14-S1-LH-C1-I0050-F00.png,sm,single,512,512,PNG,341695,cba807548a8ef0164426239e463ba91843d8f45049ce692044b9a4edaeb85a5c,1,
release/sm/S426127418-GF-A48-EEA-T03-S1-LH-C1-I0043-F00.png,sm,single,512,512,PNG,367251,ef4cfc6a4759122f89fcb0ed851727f0b30fcd78545add6fd4261af4b244c839,1,
release/sm/S43189665-GF-A47-EME-T13-S1-LH-C1-I0035-F00.png,sm,single,512,512,PNG,348946,8952f911887db5e901b65b4f379eb0bf839adacc580ec088ad3e88aecbef22d2,1,
release/sm/S43416355-GF-A63-EAS-T03-S1-LH-C1-I0018-F00.png,sm,single,512,512,PNG,294984,d3d93851b0a33c45e62184f7dd396c29bb0907d3bae22b369977dd6bf5560f91,1,
release/sm/S442640043-GF-A83-EEA-T01-S1-LH-C1-I0015-F00.png,sm,single,512,512,PNG,336090,315009bfce6994f4e56f7d2e0e95ec4a61d838c3ebb19278fe53ca62bd7ef3a1,1,
release/sm/S44577521-GM-A92-EME-T14-S1-LH-C1-I0012-F00.png,sm,single,512,512,PNG,308402,ee982a6db5904091ab2d513fc6322e9e82085d271cb04f1fee74d891b3a908ee,1,
release/sm/S44577521-GM-A92-EME-T14-S1-LH-C1-I0041-F00.png,sm,single,512,512,PNG,323957,65c5c7dc32e5ce88e4b862063b15706298f7754e737f123f8db998d312bca69e,1,
release/sm/S457681878-GF-A95-EEA-T14-S1-LH-C1-I0017-F00.png,sm,single,512,512,PNG,348283,aae9676863ad58c6549c5af16d9617c8fe54015375325d67a96b95ae02cf6389,1,
release/sm/S464252649-GM-A60-EEA-T15-S1-LH-C1-I0045-F00.png,sm,single,512,512,PNG,317554,d5675ad374fa886ea8f20905e144d0245d01cc2ba20e8c1b6338afd61636853c,1,
release/sm/S472012617-GM-A63-EEA-T01-S1-LH-C1-I0014-F00.png,sm,single,512,512,PNG,322516,49979a186cc871a657ed6a20fd68144d76cd5ebdc0192ff2f34c3131b60aa2f2,1,
release/sm/S472012617-GM-A63-EEA-T01-S1-LH-C1-I0022-F00.png,sm,single,512,512,PNG,371508,38b8e811b1234a6967ab9ac5d2f5359c3ad49a1a68c7818cff8c9c58eba23da8,1,
release/sm/S475499547-GM-A26-EME-T01-S1-LH-C1-I0029-F00.png,sm,single,512,512,PNG,366621,c795eed52573a84e0174b19cd1f907090a9e455182fa50f5ae135b7f197ea60a,1,
release/sm/S477281279-GF-A30-EME-T14-S1-LH-C1-I0058-F00.png,sm,single,512,512,PNG,364867,16c97f999d9d1ed22875d4299d712ca95cda999f4b563f91e2d7adde53c25bd2,1,
release/sm/S480910045-GF-A90-EME-T11-S1-LH-C1-I0003-F00.png,sm,single,512,512,PNG,335095,aadc32bed125ec6f878c1af7f3cdda77f68bf526e2c39071d93bef45a224183f,1,
release/sm/S482766020-GF-A40-EAS-T15-S1-LH-C1-I0060-F00.png,sm,single,512,512,PNG,324589,8a920cad8f5a59641d6331de860a8b11ea7e6a81641e5bbe7714280d8223f02c,1,
release/sm/S493184426-GF-A19-EAF-T00-S1-LH-C1-I0000-F00.png,sm,single,512,512,PNG,321560,722c886b5a7c630d3d9d7645f23918a1536a2540511d5858c943c0b7d4885faf,1,
release/sm/S495166625-GF-A58-EAS-T14-S1-LH-C1-I0053-F00.png,sm,single,512,512,PNG,329682,9df358a25d84b9421c6cba15e37c2138e3f9253adebd9366a26197af5750b2bd,1,
release/sm/S50180802-GM-A26-EEA-T00-S1-LH-C1-I0055-F00.png,sm,single,512,512,PNG,323128,7ce6f5b8487b5e4d66bc2473706c60edb119c3a31eced690a60a0ad3ac1268a1,1,
release/sm/S504201509-GF-A50-EME-T14-S1-LH-C1-I0001-F00.png,sm,single,512,512,PNG,338597,384ecee2df2db6758c125cfc2c98124295b273be92a9e86074d5ad7732acfcd6,1,
release/sm/S506465236-GM-A41-EEA-T00-S1-LH-C1-I0013-F00.png,sm,single,512,512,PNG,333845,51e4dfa3e0ddd6cd610616ad80430604c3fdc7a71c2406c5005fd4b7953f9261,1,
release/sm/S508947155-GF-A84-EAF-T01-S1-LH-C1-I0013-F00.png,sm,single,512,512,PNG,312121,d27418252670b3e7c07613b10a4381e8737520340cf06616e677d96fb7953b06,1,
release/sm/S508947155-GF-A84-EAF-T01-S1-LH-C1-I0030-F00.png,sm,single,512,512,PNG,310742,5a5d6b7c74e2f8231a35c4f77f671a2770379572ef5438ef38e783904b5f8f2d,1,
release/sm/S508947155-GF-A84-EAF-T01-S1-LH-C1-I0033-F00.png,sm,single,512,512,PNG,345564,7158b7c793708202b2bd8213b677b2e36899a914793ec51edd5d55c231f5af24,1,
release/sm/S508947155-GF-A84-EAF-T01-S1-LH-C1-I0054-F00.png,sm,single,512,512,PNG,321068,e23a9f318368d047dd8023a06669cca378e28c6b0614d917d853824917f51f04,1,
release/sm/S510917796-GF-A21-EME-T03-S1-LH-C1-I0042-F00.png,sm,single,512,512,PNG,359204,8e94f9fafed7b25756fd39d7b3be52ce1b238ddf0bfc1596162b865cd50fa13d,1,
release/sm/S514677740-GM-A43-EME-T03-S1-LH-C1-I0021-F00.png,sm,single,512,512,PNG,364061,905970f32d10c7661d09b7e1e39085aa59ddc060be8d743cddd43306812dcec6,1,
release/sm/S51891071-GM-A63-EEA-T03-S1-LH-C1-I0028-F00.png,sm,single,512,512,PNG,379049,3b55472c619574386c988a38b3dfdd96d932b3de60da626c862548085fb2e8a5,1,
release/sm/S519335789-GF-A87-EAF-T14-S1-LH-C1-I0012-F00.png,sm,single,512,512,PNG,334272,3a675f76263068a6ec1dd92aede900c0d3f0ff786dfe3de499852fe407aa8973,1,
release/sm/S520464077-GF-A50-EEA-T00-S1-LH-C1-I0049-F00.png,sm,single,512,512,PNG,352660,f4e108205d100dcd042737b7d933dc96ad2cb9fe71ed533373d0640fb72e56d6,1,
release/sm/S520464077-GF-A50-EEA-T00-S1-LH-C1-I0055-F00.png,sm,single,512,512,PNG,339323,0e331667f167864bcb7b37a1aa346dce76ce2fcf468d7ac0bd82c31f531670ac,1,
release/sm/S526642813-GF-A73-EAF-T03-S1-LH-C1-I0033-F00.png,sm,single,512,512,PNG,294076,de606ddf6a01a7822ad6e72aa88babf0caa050c04773f397669eb0ae49a13a63,1,
release/sm/S526642813-GF-A73-EAF-T03-S1-LH-C1-I0036-F00.png,sm,single,512,512,PNG,296658,6b4a9664dc009bf9a80310e15a1c929da8ecda329d3a0c6435c58f5e328d6089,1,
release/sm/S528079409-GM-A46-EEA-T11-S1-LH-C1-I0009-F00.png,sm,single,512,512,PNG,298026,f8774df0887d41c82b7a260615ffec3264e0538a40f88941df35da43513cdabe,1,
release/sm/S533819468-GM-A53-EIA-T14-S1-LH-C1-I0007-F00.png,sm,single,512,512,PNG,380307,4f3cfe7b56b08d270e989994e18424b9e74e614c7a2da28a3fcde0955a9412f1,1,
release/sm/S535874367-GF-A18-EEA-T14-S1-LH-C1-I0059-F00.png,sm,single,512,512,PNG,343021,8cd23b106e0ff804e6e777c1c11e4b6564f15b561ddd3ae6eefc8ae20423aaa7,1,
release/sm/S536119263-GM-A46-EEA-T11-S1-LH-C1-I0063-F00.png,sm,single,512,512,PNG,299020,fb26b250d53db24929a7f240ac6fd332886200a056ee5c9e67fe5908d390198d,1,
release/sm/S537195914-GF-A56-EME-T03-S1-LH-C1-I0040-F00.png,sm,single,512,512,PNG,369324,60251e9d9150ef432ae43b7e6d5a2b4112851a185065f8ffd05f9d850693627f,1,
release/sm/S554872844-GF-A81-EIA-T00-S1-LH-C1-I0062-F00.png,sm,single,512,512,PNG,238776,e762a84683bfff16284f33fc8908b6f9957f1b6136823de465986b08c5347f1a,1,
release/sm/S557350179-GF-A53-EAS-T03-S1-LH-C1-I0005-F00.png,sm,single,512,512,PNG,361194,3d03bed1a482afcb421381effb30af974ee27eecd5d28d61dc8adb9378f10cce,1,
release/sm/S560191384-GF-A51-EEA-T01-S1-LH-C1-I0033-F00.png,sm,single,512,512,PNG,317505,effe39f2b5f52de149a120b536d55569ae4d2a59979d6bf86da2b5b367ec4802,1,
release/sm/S561424111-GM-A25-EME-T14-S1-LH-C1-I0010-F00.png,sm,single,512,512,PNG,314348,894ce6ff97ec8cb23d68ec2bb74bd20f508562369a9eca781ec0dfb8541e4d3c,1,
release/sm/S562599431-GM-A42-EEA-T00-S1-LH-C1-I0036-F00.png,sm,single,512,512,PNG,283384,cf671ed8faae9f769c9568f78bfa62ace5b89a50537cdd3ca21610fefeb2cb55,1,
release/sm/S564127454-GF-A22-EAS-T03-S1-LH-C1-I0009-F00.png,sm,single,512,512,PNG,358350,33e51afd9ee1ab3bb9826923883d97d68d8ca101d69ea04f2576b8668d64b1fa,1,
release/sm/S567149942-GF-A85-EEA-T00-S1-LH-C1-I0039-F00.png,sm,single,512,512,PNG,299216,2368a683a69a26a8599ba09ca44ea6018454a6e9532f5b120a1b0fb37eb9732c,1,
release/sm/S567149942-GF-A85-EEA-T00-S1-LH-C1-I0061-F00.png,sm,single,512,512,PNG,292737,4886d05b1cf5f2ab8235deb805391eb89631da385043e6c11a5e4afda70b34c1,1,
release/sm/S567565556-GF-A43-EME-T01-S1-LH-C1-I0057-F00.png,sm,single,512,512,PNG,385482,82f8be4affb50b3e670d7a151b65c0eb6d2c2cf0092cbf49cb25f947262b204c,1,
release/sm/S571336030-GM-A48-EIA-T01-S1-LH-C1-I0034-F00.png,sm,single,512,512,PNG,276116,f0f5c5ac97e70b3db2600bfa2d37bf7274b6010064d9d1602285d6a36bb4867c,1,
release/sm/S571571794-GM-A57-EEA-T03-S1-LH-C1-I0016-F00.png,sm,single,512,512,PNG,332367,c8169957921ed6bd4d05ad3bf761a35d05577511b054f74a02d5b5b8036258a0,1,
release/sm/S574280680-GF-A53-EME-T03-S1-LH-C1-I0005-F00.png,sm,single,512,512,PNG,380496,1a8101bb5cd3855c7c70215a4a5f069399db8bd3a686355adaeebaf0af602733,1,
release/sm/S574761980-GF-A38-EEA-T14-S1-LH-C1-I0044-F00.png,sm,single,512,512,PNG,269757,43e516b2bf8532c607b5c220cc3efa36a849dff8d479d9cdb13411ccd3aaae75,1,
release/sm/S577181289-GF-A97-EME-T00-S1-LH-C1-I0056-F00.png,sm,single,512,512,PNG,358291,9bf61e92830b6c97a1c5f5aac67325f9e5578e50507b49de2f539d79d2f8040a,1,
release/sm/S578152615-GM-A42-EEA-T03-S1-LH-C1-I0011-F00.png,sm,single,512,512,PNG,335678,27f68ef4c798205c7fc874212e3432418004c9adcee05b1cc52f5cf1ef23e5b6,1,
release/sm/S590103000-GF-A47-EEA-T01-S1-LH-C1-I0045-F00.png,sm,single,512,512,PNG,378716,8a8a6721107cc9988b4010774ada579168ffe743867ab2bb5cded3dd2101aa7f,1,
release/sm/S590103000-GF-A47-EEA-T01-S1-LH-C1-I0047-F00.png,sm,single,512,512,PNG,342220,361f726dfa97981e14d38e239278daa88e0faadcc49c83a673322ae898f3185d,1,
release/sm/S590103000-GF-A47-EEA-T01-S1-LH-C1-I0056-F00.png,sm,single,512,512,PNG,381103,93336003fa2e96b32bfbe51972ffcd53b0a93fafd091272c5276a680a02698a2,1,
release/sm/S590103000-GF-A47-EEA-T01-S1-LH-C1-I0063-F00.png,sm,single,512,512,PNG,372648,3b1f72bfc3f2329b20f77ce3ded9a13e8ff05c5ae84ffe2bfa4584de9133e314,1,
release/sm/S592147976-GF-A52-EEA-T00-S1-LH-C1-I0049-F00.png,sm,single,512,512,PNG,313104,6b891e323cb4e5e9c3e05085b37a8a260087f58c3ec360cc362e071d2d9da697,1,
release/sm/S598532466-GM-A87-EME-T14-S1-LH-C1-I0025-F00.png,sm,single,512,512,PNG,323537,a3ea685fad1266751cf6735cbc09ec293542752e244da1b368498fa2044f56a2,1,
release/sm/S606909976-GF-A59-EEA-T01-S1-LH-C1-I0035-F00.png,sm,single,512,512,PNG,354468,a790312d21e517d3b3b2c1596b277d123944db071f088de0671a904e39b07e1a,1,
release/sm/S616053079-GF-A33-EEA-T00-S1-LH-C1-I0038-F00.png,sm,single,512,512,PNG,380082,0a5a8d5ce408cd16ac6a703ee717666a286903aee5d230cd09481927182a1a02,1,
release/sm/S616105557-GF-A58-EEA-T11-S1-LH-C1-I0042-F00.png,sm,single,512,512,PNG,269216,f830cc7d37808d8275d3f0b36a696fe64dabd8222af57bdc2d7817581e31481b,1,
release/sm/S618974755-GM-A24-EEA-T00-S1-LH-C1-I0045-F00.png,sm,single,512,512,PNG,331225,8617b24aec1674cff4422f003201c333240cfacfadbfe8f55496ee3af4d94bc3,1,
release/sm/S621920790-GF-A25-EEA-T13-S1-LH-C1-I0005-F00.png,sm,single,512,512,PNG,362078,124460c3430c479cc4f4972767c9b0294b800d370d0eed5053a1d892fbbfe9ab,1,
release/sm/S622813751-GM-A67-EAF-T01-S1-LH-C1-I0021-F00.png,sm,single,512,512,PNG,355261,7e6441466d41e41ba572f424267089ff325113191230fa8281683d5dabb6f823,1,
release/sm/S62389544-GF-A82-EEA-T14-S1-LH-C1-I0050-F00.png,sm,single,512,512,PNG,267809,878ac96d11d872542f440560b25f3942d05c957a710d16f0ae0137eca80fcf3e,1,
release/sm/S640440409-GF-A40-EME-T14-S1-LH-C1-I0001-F00.png,sm,single,512,512,PNG,386445,739fc6a2077cff7e313513ab8cbe03ebabedd26d5ac5ba74e29bdd38fa68f849,1,
release/sm/S641100116-GM-A97-EEA-T14-S1-LH-C1-I0060-F00.png,sm,single,512,512,PNG,327475,5347ac7985badb8ba8790a736a2ea510d52045b5dc92cc7791323cd74de54117,1,
release/sm/S6470524-GF-A29-EAS-T14-S1-LH-C1-I0059-F00.png,sm,single,512,512,PNG,317345,d75393af97b66a4fc698f8658234c8589ebf9a599c03491062957977399e876d,1,
release/sm/S647458820-GF-A61-EAF-T03-S1-LH-C1-I0003-F00.png,sm,single,512,512,PNG,342678,d38e9b7eb6ce6039e22c730a6e43b66f90a6ef3b59f7150707a85893cca94423,1,
release/sm/S653507002-GM-A51-EME-T03-S1-LH-C1-I0023-F00.png,sm,single,512,512,PNG,388241,b436a4552a81101f2f22be197c1699fb78e6ff82b10df984bbdbb4698e960f00,1,
release/sm/S653507002-GM-A51-EME-T03-S1-LH-C1-I0063-F00.png,sm,single,512,512,PNG,374911,2b0c2a15fa2576b281f34fb6addcb28b3c0e0d6764c723c9e8b20fc7f2777155,1,
release/sm/S664246838-GF-A21-EEA-T11-S1-LH-C1-I0004-F00.png,sm,single,512,512,PNG,370065,052ede76ec28621404665bf9e8929ba086ae4f59ec6498138e61c9b79d0c72bb,1,
release/sm/S664246838-GF-A21-EEA-T11-S1-LH-C1-I0019-F00.png,sm,single,512,512,PNG,366937,3e89aa740244ed19226eb70b494839dfa27d8b03f5eacfa50b10aca4132146f2,1,
release/sm/S664545006-GF-A28-EIA-T14-S1-LH-C1-I0033-F00.png,sm,single,512,512,PNG,325230,688dd64b556b3bbb4cc8e0bb642ee321dcc599dabfc684784bd7bb88da26c46b,1,
release/sm/S669973447-GM-A20-EEA-T00-S1-LH-C1-I0000-F00.png,sm,single,512,512,PNG,339876,f4f9838b71f0fbb8cae7691869a2ee6750f4596649955170bcb33432f0fdbb96,1,
release/sm/S669973447-GM-A20-EEA-T00-S1-LH-C1-I0016-F00.png,sm,single,512,512,PNG,320073,16e18928f68555bec6dd3603b2e7ff88841a5b641ef625a7ee9ef2c4db746155,1,
release/sm/S670711149-GF-A47-EEA-T00-S1-LH-C1-I0025-F00.png,sm,single,512,512,PNG,290355,ac27cbf85d443f9fe95e597fc348bb3a168ca5a1e90f1d0d0fef9b3d0b7e651b,1,
release/sm/S673442144-GF-A53-EEA-T01-S1-LH-C1-I0002-F00.png,sm,single,512,512,PNG,343600,2f970629215148e17b094a0cc0291aaa7f3dac09a27c0133724dbcc900f67894,1,
release/sm/S673442144-GF-A53-EEA-T01-S1-LH-C1-I0003-F00.png,sm,single,512,512,PNG,333903,736d39caefbf0de21125e6366c8eb04bfc44874e5910c887eb117273c251b23a,1,
release/sm/S673442144-GF-A53-EEA-T01-S1-LH-C1-I0013-F00.png,sm,single,512,512,PNG,322601,73f221461a4688e922739a0f026dee8461c7281657f8f2627ff7fea9db912dbb,1,
release/sm/S673442144-GF-A53-EEA-T01-S1-LH-C1-I0023-F00.png,sm,single,512,512,PNG,333641,e03e90af1989e25621a6fa11464b6109eac2d71f34500f8ad4eb242191521f99,1,
release/sm/S673442144-GF-A53-EEA-T01-S1-LH-C1-I0028-F00.png,sm,single,512,512,PNG,324426,95cef73c5698746e1ddfd89a2e9039df0fb59f4d317647e7c03b06df90b2f559,1,
release/sm/S673442144-GF-A53-EEA-T01-S1-LH-C1-I0034-F00.png,sm,single,512,512,PNG,292067,0a1b357ec2b9c3c51d9d5b96a42595f995eef240dba83e0b4401e1f157e1b530,1,
release/sm/S673442144-GF-A53-EEA-T01-S1-LH-C1-I0035-F00.png,sm,single,512,512,PNG,356826,ae42b3571ecdcc2bb362531ca785a1c1d178deadcadefb416ec5e8262fd177d3,1,
release/sm/S673442144-GF-A53-EEA-T01-S1-LH-C1-I0044-F00.png,sm,single,512,512,PNG,329828,2566e564cd20d6089634fb42c47346845152e7997bd865fa6477f51a4459817b,1,
release/sm/S673442144-GF-A53-EEA-T01-S1-LH-C1-I0049-F00.png,sm,single,512,512,PNG,351166,f6452fb12384b76ebbfadff033feff278d6b69f1fc2c2334e73f32269efc2065,1,
release/sm/S673442144-GF-A53-EEA-T01-S1-LH-C1-I0056-F00.png,sm,single,512,512,PNG,312641,5d022371c62a49a85c0b851ea56f7901245561c35214a662f9d31c08e0653596,1,
release/sm/S677155548-GF-A53-EME-T01-S1-LH-C1-I0011-F00.png,sm,single,512,512,PNG,359796,5eb6dbea9fbf230ce8a8c343c18b0af4b402731e138f39aaf095b5e9cfe82898,1,
release/sm/S678466862-GF-A62-EEA-T03-S1-LH-C1-I0047-F00.png,sm,single,512,512,PNG,380640,6856ab67f971e1ea3080743edd9d42df4169b720a762c9210b751fe6a652a311,1,
release/sm/S682364157-GF-A18-EIA-T03-S1-LH-C1-I0012-F00.png,sm,single,512,512,PNG,368226,b16d344783c4aad0cda87e8e4acbfb8b4828820b40043388f6fbe876cdcecad9,1,
release/sm/S683688917-GF-A31-EIA-T03-S1-LH-C1-I0021-F00.png,sm,single,512,512,PNG,320482,0389e3b1699029f8f7f1528cc149395d63718781c318fdc281d7157d538d7b0d,1,
release/sm/S691494836-GM-A85-EIA-T11-S1-LH-C1-I0037-F00.png,sm,single,512,512,PNG,315159,4eaad5141baa782cf05ace2e00a3bf1823601ed362df1551e3371cafdec72b2c,1,
release/sm/S691842297-GM-A47-EME-T14-S1-LH-C1-I0022-F00.png,sm,single,512,512,PNG,370218,75115e3e141560034647fab7b750fc65c37c9d5357820e5a6b1a3dd98fe3412c,1,
release/sm/S700139260-GF-A56-EEA-T15-S1-LH-C1-I0053-F00.png,sm,single,512,512,PNG,359120,57b52eb674452e8d605151f3fbe339aa4844f6f5f01c3c0883a7396567af9a84,1,
release/sm/S700907495-GM-A91-EME-T01-S1-LH-C1-I0006-F00.png,sm,single,512,512,PNG,320908,e19c2265cebe5ef32f52fa7811809a3ee55699ebd1138b631477bbe2ea4f1787,1,
release/sm/S708639364-GM-A59-EEA-T00-S1-LH-C1-I0042-F00.png,sm,single,512,512,PNG,347923,b409a2d783940a8dd6cb18ef119fbdbd0a9035555ab9ff37a0f0ceb50a0fcd4c,1,
release/sm/S710623010-GF-A75-EME-T01-S1-LH-C1-I0051-F00.png,sm,single,512,512,PNG,325202,a4f813b1640885861e3afdd8e06e3d45c1569f4fa690bf4d4b271e9599b58b37,1,
release/sm/S720555455-GF-A90-EAS-T14-S1-LH-C1-I0024-F00.png,sm,single,512,512,PNG,295059,f2b1fe8fe532885ab8240bffa6e13d0d1d7536575f87e5f79512780cea284ddb,1,
release/sm/S721709390-GF-A24-EME-T00-S1-LH-C1-I0000-F00.png,sm,single,512,512,PNG,269843,6df443c43711f9db38eb3783de5cddd3d46faf6f582335fe11f15c8ed6b10a35,1,
release/sm/S723966293-GM-A27-EEA-T03-S1-LH-C1-I0044-F00.png,sm,single,512,512,PNG,318002,10a695bb2cf5eff8db1dd227ae3310bfd04d3a716a34e4a50d736fc984d3943c,1,
release/sm/S726037773-GF-A57-EEA-T15-S1-LH-C1-I0030-F00.png,sm,single,512,512,PNG,344193,da561572ee673051d485fcdfa7ea54cbcc54b5148777666efab1cf1c4bf50aa2,1,
release/sm/S726037773-GF-A57-EEA-T15-S1-LH-C1-I0031-F00.png,sm,single,512,512,PNG,345117,8a331b5353e837364666c68ea4d7a102bd37c51c2770b4ff0d8fae04a8415396,1,
release/sm/S727226600-GM-A33-EAS-T03-S1-LH-C1-I0035-F00.png,sm,single,512,512,PNG,330616,0f2c9a4b86957b1ddf90f6bfe34f9f4a40dc2b5dd4fb2b57a02a14365e45fb8b,1,
release/sm/S727226600-GM-A33-EAS-T03-S1-LH-C1-I0053-F00.png,sm,single,512,512,PNG,312384,c6d0c6f45edf842f6f15c39286f03530b9c8e08edeb4efdd21bb07ad208bbdf7,1,
release/sm/S735235858-GF-A76-EEA-T03-S1-LH-C1-I0045-F00.png,sm,single,512,512,PNG,300590,9babec0cdc5e965832ff1746361d7ed5e8778ecc9721febc4d73abc08519b74a,1,
release/sm/S741955884-GF-A71-EEA-T14-S1-LH-C1-I0057-F00.png,sm,single,512,512,PNG,348407,fa0cdee6d40e9c9f9d6ebf8b16ff7fd176f0587457e51e3ab0d3c9d4098ae3ae,1,
release/sm/S74441691-GF-A84-EIA-T13-S1-LH-C1-I0061-F00.png,sm,single,512,512,PNG,325036,23a4df5df5731fd40e169a30eddc88684888828a0c570a223a0196cda453787c,1,
release/sm/S744766748-GM-A69-EEA-T01-S1-LH-C1-I0008-F00.png,sm,single,512,512,PNG,343238,58c197b35e92654495e256724e131d7f4279a6fc2c5a6800acde22483e9727e3,1,
release/sm/S752785476-GF-A66-EEA-T00-S1-LH-C1-I0010-F00.png,sm,single,512,512,PNG,358529,5fdcea27c001f2e7a3ad3e4cd59ed2ee7db747341277ea793470845455dbc7b6,1,
release/sm/S755595872-GF-A36-EME-T03-S1-LH-C1-I0000-F00.png,sm,single,512,512,PNG,345757,e2fe746714b9f43e9f1a3cd3816e36f8796a251252f2164c52d1e0dbd6c0f251,1,
release/sm/S760022445-GF-A45-EEA-T03-S1-LH-C1-I0032-F00.png,sm,single,512,512,PNG,357669,d5bb2803c905d714e3b4b2e53c67480c45db8d2238f79dcca1cc04995316168b,1,
release/sm/S766916408-GM-A23-EME-T14-S1-LH-C1-I0040-F00.png,sm,single,512,512,PNG,325386,34c76b5c6a44cb2083234c5851d8ca5ebf0acdac7d8b2cb10125b1293f91c9f0,1,
release/sm/S778523462-GF-A44-EIA-T14-S1-LH-C1-I0042-F00.png,sm,single,512,512,PNG,362449,3198c4359739bf2373ec6e45831df8d572306b5a5ceab9e9f27b880d87f0d80e,1,
release/sm/S780045574-GF-A98-EAF-T14-S1-LH-C1-I0030-F00.png,sm,single,512,512,PNG,290786,c8ee32326e00630af441432ff5c2472aab137ec97fdf584c3ad4393e55813e7e,1,
release/sm/S780124184-GF-A64-EME-T01-S1-LH-C1-I0042-F00.png,sm,single,512,512,PNG,321130,62ec843d376d6f41d3a6166c32aa05566dddaa27d07a5fddbbe7c59ca1cc455b,1,
release/sm/S786321386-GM-A32-EME-T00-S1-LH-C1-I0051-F00.png,sm,single,512,512,PNG,344567,b5131eadefbc2219f323441f745fa4f8bbec1c2d1a2800eef6ad7ab533d2042c,1,
release/sm/S788462400-GM-A77-EEA-T14-S1-LH-C1-I0022-F00.png,sm,single,512,512,PNG,342244,faa333b191dace4cdca6c005eb76e96df0f9c0ed77da71af86bfb8f9fc70c265,1,
release/sm/S79333356-GF-A59-EEA-T03-S1-LH-C1-I0057-F00.png,sm,single,512,512,PNG,347331,21344c75a2bb374d5fb17e9c3f6faccf6c8585844a46ca6a32514564c0661a17,1,
release/sm/S795622045-GM-A49-EEA-T03-S1-LH-C1-I0033-F00.png,sm,single,512,512,PNG,298414,75bad9a514ba99b23ec3660c32c35ddaa14ce430d3c114d3717a9cb5cb7967d0,1,
release/sm/S798606872-GF-A37-EME-T15-S1-LH-C1-I0028-F00.png,sm,single,512,512,PNG,362861,978085f4d9039ef5e430d61c1b3aa43b765f9111e83ac0a38b0413d3b9eb7d94,1,
release/sm/S804626448-GF-A39-EME-T01-S1-LH-C1-I0049-F00.png,sm,single,512,512,PNG,361800,5f6b972bae2181e841eb61b1eaf8262720681bb587ca2aa62811dba2f5cd2e46,1,
release/sm/S806692215-GM-A67-EEA-T01-S1-LH-C1-I0022-F00.png,sm,single,512,512,PNG,244951,372e72461606d1d707feb1708e73e0240ef99957fb800bc7316d4edf818eda82,1,
release/sm/S806692215-GM-A67-EEA-T01-S1-LH-C1-I0043-F00.png,sm,single,512,512,PNG,308317,409c84ffe80526a71184ce3bb242e4e1a3c99347388203c1b931cbfedf13037e,1,
release/sm/S808755818-GM-A40-EEA-T00-S1-LH-C1-I0059-F00.png,sm,single,512,512,PNG,256433,f6759faecb2d9b99f9822a83f9c9c347656f600c99f94b16f5366f465bbefd8f,1,
release/sm/S816836927-GF-A61-EAS-T00-S1-LH-C1-I0031-F00.png,sm,single,512,512,PNG,349042,c6bc791cc1daff12f652da9d4f7c81f7f847cb3852fb5fbe17f8cb5530a9bec7,1,
release/sm/S824192626-GF-A59-EIA-T14-S1-LH-C1-I0014-F00.png,sm,single,512,512,PNG,295995,a8acf5062018184b726cdc6a485be1c38596ba15627f709eea5ce0c8aabe1fd1,1,
release/sm/S825431925-GF-A77-EAF-T00-S1-LH-C1-I0000-F00.png,sm,single,512,512,PNG,265517,7298ffebbee9d02ab62f37369f137d4f76aa054bcccc394e04c111263636c64d,1,
release/sm/S825833733-GF-A82-EEA-T14-S1-LH-C1-I0004-F00.png,sm,single,512,512,PNG,340178,bf5fff7f136bb39836b5dde93fbbf2f400892aee078350abe7604543269fe692,1,
release/sm/S825833733-GF-A82-EEA-T14-S1-LH-C1-I0012-F00.png,sm,single,512,512,PNG,309366,87afb185f6fca0e0f1439bcec30a00aaf213ae054a7b6ea5b1017193a22545d8,1,
release/sm/S825833733-GF-A82-EEA-T14-S1-LH-C1-I0022-F00.png,sm,single,512,512,PNG,359127,184853bb3de3655503b4d68216f421d6e5e9c732d8ecaaae8974f25f93167e65,1,
release/sm/S825833733-GF-A82-EEA-T14-S1-LH-C1-I0028-F00.png,sm,single,512,512,PNG,319630,0a8e66a380e892f23adc8d5f5013d14d1f3197ae0491921898c066469838d918,1,
release/sm/S835364261-GM-A45-EAS-T03-S1-LH-C1-I0032-F00.png,sm,single,512,512,PNG,272777,78d5a84fd1c4ca936fc7bb1e0075b48f1a1cd51a57f5bc45e7f9ebde9bf6e614,1,
release/sm/S838732855-GF-A26-EEA-T03-S1-LH-C1-I0010-F00.png,sm,single,512,512,PNG,346531,7c84c19d0a0d15d3a1069fe104835181968479296a54c08edca8bebbed4a2ef8,1,
release/sm/S844573168-GM-A70-EEA-T00-S1-LH-C1-I0061-F00.png,sm,single,512,512,PNG,283361,760fe217c57b959b37297cc256003fe6eff068da0704e5a3f3fda80cc8150b21,1,
release/sm/S844761652-GF-A54-EAF-T03-S1-LH-C1-I0008-F00.png,sm,single,512,512,PNG,322211,df1851dca569bbc7f4fec8a9b56a3513aba0929e592eba3f5dd9be6186bb9dd2,1,
release/sm/S851010322-GM-A30-EEA-T03-S1-LH-C1-I0061-F00.png,sm,single,512,512,PNG,327031,be6a10295c2c4f8989a5daa3185a4f947f675074d3f230ed7f9098852507d2d8,1,
release/sm/S85153826-GM-A28-EEA-T03-S1-LH-C1-I0011-F00.png,sm,single,512,512,PNG,309399,92e2c4bca3f1aeb930d19b086acea1289baa6a916e449cae8ac95f2718e76f89,1,
release/sm/S861590567-GF-A45-EIA-T03-S1-LH-C1-I0062-F00.png,sm,single,512,512,PNG,363218,e543cd867fedfcc0ba015d1a13981568af09f94e9760beae7dd84ac959ab5643,1,
release/sm/S86418004-GF-A49-EEA-T10-S1-LH-C1-I0000-F00.png,sm,single,512,512,PNG,325943,110c75761f7c3e6f0954fa0b379b851d086ff096465e29c69bd6899d69aad2b6,1,
release/sm/S871196184-GF-A27-EAF-T14-S1-LH-C1-I0028-F00.png,sm,single,512,512,PNG,292345,c0a8e5df754e47699bc9f7389717f1d75f09890d795c57969615947c1ed9319d,1,
release/sm/S872849899-GF-A30-EEA-T03-S1-LH-C1-I0004-F00.png,sm,single,512,512,PNG,358878,41327c2b8057c6a78a3383c1b90068e03ffe2967c7fdee70ddbe1a0c9991b73e,1,
release/sm/S881124278-GF-A51-EAS-T14-S1-LH-C1-I0059-F00.png,sm,single,512,512,PNG,312847,365e0d8511eab9b5d318b58bd65b3afe76b1112ee3af1e207de84b213bb454e5,1,
release/sm/S882917275-GF-A60-EME-T01-S1-LH-C1-I0038-F00.png,sm,single,512,512,PNG,342414,2143cfd25b6f866fdebd0ee7521357be5075c7600d68294fbe36049620aaa73d,1,
release/sm/S883374229-GF-A54-EEA-T14-S1-LH-C1-I0006-F00.png,sm,single,512,512,PNG,337421,ec0c3e02a7a207a4132fae527914b937c77539b517e7ab27a49451b82d521e24,1,
release/sm/S883374229-GF-A54-EEA-T14-S1-LH-C1-I0019-F00.png,sm,single,512,512,PNG,322799,e2600f98a4e6f67a1bdcf05f2fcc7522443b9a2ef2b2f2ee4708f5eae4224cbe,1,
release/sm/S883374229-GF-A54-EEA-T14-S1-LH-C1-I0021-F00.png,sm,single,512,512,PNG,312066,1528b4505566694d5aeae5b6a9acd2d2d2368c6d85a213bf8d1df6373a7c5ae7,1,
release/sm/S883374229-GF-A54-EEA-T14-S1-LH-C1-I0038-F00.png,sm,single,512,512,PNG,322514,6fa1e66f9cd1dee4899619ce53c0111e17a9a45b06393fd6aa9ff7e64540b82b,1,
release/sm/S883374229-GF-A54-EEA-T14-S1-LH-C1-I0039-F00.png,sm,single,512,512,PNG,326131,6c1f37fcc309652c5b8f649da2a2212ab4b6bbab3a229b91350e108a9033cfe4,1,
release/sm/S883374229-GF-A54-EEA-T14-S1-LH-C1-I0040-F00.png,sm,single,512,512,PNG,327900,9a2ceebd7e328520e69cd4b6ef47cc76cf9264bd7954302c0ba61a584fd3595a,1,
release/sm/S883374229-GF-A54-EEA-T14-S1-LH-C1-I0041-F00.png,sm,single,512,512,PNG,325346,1f3eaa749f92f3b3322306ddd0e2667f6fe5d3883899d396c3bc0277928d6d24,1,
release/sm/S883374229-GF-A54-EEA-T14-S1-LH-C1-I0059-F00.png,sm,single,512,512,PNG,309521,e596677068c7ea2e06568e06da69b46bd67571aa95f6c01e1c192badc2b89168,1,
release/sm/S883374229-GF-A54-EEA-T14-S1-LH-C1-I0062-F00.png,sm,single,512,512,PNG,334084,1e789b91ec0b6be48b2e92f3ab7bf7ffc528cb48f58d6e0f563a32a711320f38,1,
release/sm/S892006153-GF-A74-EAF-T14-S1-LH-C1-I0020-F00.png,sm,single,512,512,PNG,301278,66c561483b62df1d076d6068ea6543a79073012bdd1919e00570d970d96637a4,1,
release/sm/S894840102-GN-A69-EAF-T00-S1-LH-C1-I0056-F00.png,sm,single,512,512,PNG,374639,b1dc795eabd4062049cb06e7b74422953437a3703c99da3a0dc86566af25632b,1,
release/sm/S895967637-GM-A28-EEA-T01-S1-LH-C1-I0005-F00.png,sm,single,512,512,PNG,335359,7430f9afcaae5c9d97534fc169a91ca89379dbfea187b631323898126b18fe36,1,
release/sm/S897329683-GF-A41-EEA-T11-S1-LH-C1-I0040-F00.png,sm,single,512,512,PNG,316004,1295073ff11d07355b8d48cbfb3aedc3c62bbceb3670730d2e22871612d1c090,1,
release/sm/S906953625-GF-A53-EEA-T01-S1-LH-C1-I0001-F00.png,sm,single,512,512,PNG,282379,f01014673b1c2f40662e390ba216136b4a1b02835afe1aa47e6b1db4a32f2019,1,
release/sm/S9176807-GM-A21-EEA-T03-S1-LH-C1-I0024-F00.png,sm,single,512,512,PNG,341149,5baed3a2befeb375d628c53c681444ea53ff98e302502f96adbc277469d3be5a,1,
release/sm/S921833550-GM-A28-EEA-T14-S1-LH-C1-I0000-F00.png,sm,single,512,512,PNG,313145,efc1740e01d9f146cee6413566981c45091af8fa03fb02da9d62f4ea47b3da58,1,
release/sm/S924724708-GF-A48-EEA-T14-S1-LH-C1-I0053-F00.png,sm,single,512,512,PNG,352290,2c3aaf466e5d87399ce1c33a77dccb228fee019fb84cc17df93cd4ba3b2cf352,1,
release/sm/S926047332-GM-A22-EME-T14-S1-LH-C1-I0038-F00.png,sm,single,512,512,PNG,307605,154ec035f67a4d80c35c065c846eb2f936d2da234164b7b3b66f97849b3a70ce,1,
release/sm/S926047332-GM-A22-EME-T14-S1-LH-C1-I0039-F00.png,sm,single,512,512,PNG,310518,5fd9c236ef54a173d2107fcfa6a7f67a5e6ff7e0303f917ac95cdfacaea06362,1,
release/sm/S931374402-GM-A20-EAF-T14-S1-LH-C1-I0003-F00.png,sm,single,512,512,PNG,316317,e6dfcfb77a64c76f000e4006ad25230cf7dff0f10d98678f3ea23b58f4a4f2cb,1,
release/sm/S931374402-GM-A20-EAF-T14-S1-LH-C1-I0013-F00.png,sm,single,512,512,PNG,305860,2e1ee0520420ed7c13b2c917fc1b8249a264e9a644864641043c9d7939a1c0e7,1,
release/sm/S932980426-GM-A79-EME-T14-S1-LH-C1-I0010-F00.png,sm,single,512,512,PNG,246509,41cbf2e1cec2ab4dc27c23708fe8790891f0821466a486ca01ce97f85f8922b2,1,
release/sm/S932980426-GM-A79-EME-T14-S1-LH-C1-I0014-F00.png,sm,single,512,512,PNG,345613,080683d01abb9eac4368947a76f0fb206e76a4f7843d25012c6a9f1f8a98d99d,1,
release/sm/S932980426-GM-A79-EME-T14-S1-LH-C1-I0032-F00.png,sm,single,512,512,PNG,266267,4f5dec37ad926b6a7bc413c5d93ca5404b25dcc1472cfc1b67d8e4d7d362ccbb,1,
release/sm/S932980426-GM-A79-EME-T14-S1-LH-C1-I0054-F00.png,sm,single,512,512,PNG,355404,b3f043b0f61301b44ae74d413b2f30d1360087928e4a762b9876013bf057978a,1,
release/sm/S936982627-GM-A77-EEA-T01-S1-LH-C1-I0040-F00.png,sm,single,512,512,PNG,278585,ff8ea8f3a8b86309a5c4fd3882c5272d2c2838b315d56c7c7c005afffe233443,1,
release/sm/S94888726-GM-A26-EME-T03-S1-LH-C1-I0049-F00.png,sm,single,512,512,PNG,299427,cfc8f9590e7ced334b0add5312c35c2e7c25aefb842e98578ef99d84af9a94c7,1,
release/sm/S954227485-GF-A55-EME-T00-S1-LH-C1-I0054-F00.png,sm,single,512,512,PNG,368925,dff6f3252b02e9bd2e7468d5bcf7956c2a401622c4d1335def94ac497803931a,1,
release/sm/S955490819-GM-A25-EAF-T14-S1-LH-C1-I0009-F00.png,sm,single,512,512,PNG,323826,31b12f9c8774d07fc6ba148ab79bb372a8a369bce93b55668362e099caee1905,1,
release/sm/S956718444-GF-A38-EAS-T14-S1-LH-C1-I0018-F00.png,sm,single,512,512,PNG,282886,bacb31ab0ca33c674000d05244d48d75b19528e9a410ede1660674cec9be0066,1,
release/sm/S95924864-GM-A18-EEA-T14-S1-LH-C1-I0017-F00.png,sm,single,512,512,PNG,339670,52263d9ae2f97ffeb9fe83499f80d85a11bffeb751a2c3999e5a2bb642e733ea,1,
release/sm/S95924864-GM-A18-EEA-T14-S1-LH-C1-I0029-F00.png,sm,single,512,512,PNG,366890,0b5b5dedcac4a523902c1734c5ea09224e34e91e6e8aa0ee32db4c3f795cf4bd,1,
release/sm/S959317588-GM-A42-EAS-T00-S1-LH-C1-I0008-F00.png,sm,single,512,512,PNG,357529,d389d0a45cb119df29405cfdf7e7d44c8fa9f6ff5250bf3a66ff70f46ff6af48,1,
release/sm/S959317588-GM-A42-EAS-T00-S1-LH-C1-I0054-F00.png,sm,single,512,512,PNG,326931,17ea5a9a283637839a21af46a5360783429e63e38832970a6988c0c76cb6985f,1,
release/sm/S962503135-GF-A84-EEA-T14-S1-LH-C1-I0013-F00.png,sm,single,512,512,PNG,340575,2748352d3967a9f7b3725b486cd7a5d00011784868a8e53fc92b8de8764701b7,1,
release/sm/S966499612-GM-A36-EEA-T14-S1-LH-C1-I0024-F00.png,sm,single,512,512,PNG,332330,347559368c1ce86554592047273270233b7ed2bf462ff0ff2cf28ad5b52d97cd,1,
release/sm/S970888949-GF-A57-EEA-T15-S1-LH-C1-I0038-F00.png,sm,single,512,512,PNG,338518,5ef8b900206e3f129355e9dc01f9136d9da68ad24508214a95a096464aab560b,1,
release/sm/S976538751-GM-A19-EAF-T14-S1-LH-C1-I0007-F00.png,sm,single,512,512,PNG,316696,564b6100192c5dbeb078f6b7437b577004d5ae1ff8a6ad6470f48426acdf4577,1,
release/sm/S976538751-GM-A19-EAF-T14-S1-LH-C1-I0042-F00.png,sm,single,512,512,PNG,321750,2018527f20eece05d7b2991c60e6ff09b58f9413b39a5fe0168fa3260245eb50,1,
release/sm/S978873421-GF-A64-EEA-T01-S1-LH-C1-I0000-F00.png,sm,single,512,512,PNG,284296,c1921e54b889817b3e78fa7e8326be3c4fca5e712ce3e4b07a17e9aa3d4a67d5,1,
release/sm/S980654402-GF-A53-EEA-T14-S1-LH-C1-I0004-F00.png,sm,single,512,512,PNG,291606,584c1998b730d0c670baaed077b4ed4a99d3996d10165eb99ce5b84e35c9a45f,1,
release/sm/S982128636-GM-A71-EME-T01-S1-LH-C1-I0008-F00.png,sm,single,512,512,PNG,377541,ff74b7484c8d0c8413a4e577b6b405818b9383b3ae5666cca3dd3333c8f46490,1,
release/sm/S982227952-GM-A31-EEA-T00-S1-LH-C1-I0051-F00.png,sm,single,512,512,PNG,290671,6119e5e5c5379244eba421cae740eac73f4793bd26940a10613a43ef4e866a03,1,
release/sm/S98643087-GF-A34-EIA-T10-S1-LH-C1-I0042-F00.png,sm,single,512,512,PNG,376164,138a60c100aaa5413b9344bb71f4d396abbb7364245e80092d3354c422c5643e,1,
release/sm/S987384432-GF-A95-EME-T01-S1-LH-C1-I0003-F00.png,sm,single,512,512,PNG,309848,45e0064988f41557c2ae03b4983b896e233935037959f8714dd9cea89b1d7bb0,1,
release/sun/S108161842-GM-A52-EEA-T11-S1-LH-C1-I0007-F00.png,sun,single,512,512,PNG,342684,735e7db9e91dca279d1ba8422e916951c90b35152bd35a42a3beb7067969129e,1,
release/sun/S113923411-GF-A35-EEA-T14-S1-LH-C1-I0048-F00.png,sun,single,512,512,PNG,290633,a638816b533c60305ed323f047b977f8432267183a77576838119a7df0f9c51c,1,
release/sun/S115293589-GF-A67-EME-T01-S1-LH-C1-I0030-F00.png,sun,single,512,512,PNG,370681,4a6074c0d41d063952ddacb549680ef6a68c1abf9d0643224843549b13d762f1,1,
release/sun/S116651325-GM-A28-EEA-T13-S1-LH-C1-I0056-F00.png,sun,single,512,512,PNG,352491,7357bbe9e167dd8c0ff64d0c9e3a7c7584da25e0e65d39219cb40fec14fe87a1,1,
release/sun/S120660598-GM-A33-EEA-T00-S1-LH-C1-I0034-F00.png,sun,single,512,512,PNG,343719,8a240a6fbe7fb069eba2436e5358dad2abf02bb87b4067ad8fe45e58697bedc7,1,
release/sun/S121566497-GF-A32-EEA-T14-S1-LH-C1-I0036-F00.png,sun,single,512,512,PNG,392050,aefc328df5efa0d7b5b15e7249493006a148e95a7dd212ce17865a26f354904e,1,
release/sun/S124298498-GM-A91-EEA-T14-S1-LH-C1-I0034-F00.png,sun,single,512,512,PNG,347268,72d139c5e93e37c1ab2588202fbee3cbc8c0a6b9d4e76d62e506a40cfe253da4,1,
release/sun/S130186036-GF-A82-EEA-T01-S1-LH-C1-I0007-F00.png,sun,single,512,512,PNG,353021,da86d9c5d63b132597de78852ae8d9f8c4b86f55b12fee4d3bacde357f25726b,1,
release/sun/S137547030-GF-A76-EEA-T01-S1-LH-C1-I0045-F00.png,sun,single,512,512,PNG,357113,c4e166835a9c2e00bdc16d0c0060c766c1468aca8a02966a631ad757cf96a3e3,1,
release/sun/S14964507-GF-A29-EEA-T00-S1-LH-C1-I0052-F00.png,sun,single,512,512,PNG,377164,83007bda02df5233e3c92d1bb37c19fb1123c565f2645d7f9ceadf0d6c4ef240,1,
release/sun/S150094415-GF-A53-EME-T10-S1-LH-C1-I0055-F00.png,sun,single,512,512,PNG,344977,e654b75a66579190adc7cd74e88f20ca985765b863bfeb9e92006624358ad93e,1,
release/sun/S15182111-GM-A44-EAS-T00-S1-LH-C1-I0049-F00.png,sun,single,512,512,PNG,327712,e360eef0572c8dba753037150368beffa334c30edcc733049d213593408f4408,1,
release/sun/S152846480-GF-A30-EEA-T03-S1-LH-C1-I0000-F00.png,sun,single,512,512,PNG,385990,3f3124fac84fdd0170eee1847aa82952aa2e129a0c7f9418a4bb7b791edeadd7,1,
release/sun/S152846480-GF-A30-EEA-T03-S1-LH-C1-I0050-F00.png,sun,single,512,512,PNG,382668,76a5263298e20d895e98d5b527291cd406750bd0d76bcbef64c0e67985cca543,1,
release/sun/S152846480-GF-A30-EEA-T03-S1-LH-C1-I0059-F00.png,sun,single,512,512,PNG,377271,59d41eb4b6739a662c8a74c0ce8894c528caca5d82493403bf33da1ec7a1398f,1,
release/sun/S16008476-GF-A92-EEA-T11-S1-LH-C1-I0061-F00.png,sun,single,512,512,PNG,376766,a55f799291eedb8a65b8e80cc16cc5c98e549f79b515bc31fe89aaf5db62eaac,1,
release/sun/S164577361-GF-A44-EEA-T01-S1-LH-C1-I0030-F00.png,sun,single,512,512,PNG,395836,e5f57a1355c39388c5c1f37d9bea0fbab7c6620aa7903992bb38d6bece3ea6ef,1,
release/sun/S166658587-GM-A81-EEA-T03-S1-LH-C1-I0060-F00.png,sun,single,512,512,PNG,286817,b604e6430f11d2286eaf48ec5f9d1cadf1a5e167bbb332699095235147450c15,1,
release/sun/S169208368-GM-A35-EME-T14-S1-LH-C1-I0016-F00.png,sun,single,512,512,PNG,383728,b54d4a99103bb9b00e20e53e939a2683b37a776afb2c7213b346720c35e023c1,1,
release/sun/S169208368-GM-A35-EME-T14-S1-LH-C1-I0054-F00.png,sun,single,512,512,PNG,383391,aeaf84bb5b53ebee5f0eecda01ff3d8e005db25d2ad466f0be5d765001dc1ea9,1,
release/sun/S179125778-GM-A37-EME-T01-S1-LH-C1-I0055-F00.png,sun,single,512,512,PNG,293842,4e6f04aeb0ac3f43f8885896c7787b9cac1d73287466dd4117abbaf862b9a5dd,1,
release/sun/S179182026-GM-A47-EEA-T11-S1-LH-C1-I0029-F00.png,sun,single,512,512,PNG,365144,b7048f84fb6a61a05ac565c511d0c0777d29ede22b0881d955d9717b591654d5,1,
release/sun/S179182026-GM-A47-EEA-T11-S1-LH-C1-I0041-F00.png,sun,single,512,512,PNG,359055,c7b99f9e1c88272df26bfa3a6cf446382f675ef98a9941bc8ebeab052673a86b,1,
release/sun/S184299974-GF-A49-EME-T10-S1-LH-C1-I0023-F00.png,sun,single,512,512,PNG,390644,c352b809becac5b978956797fd8059ca16abb0df81a18ce1cabdb2784ef42950,1,
release/sun/S185880747-GF-A53-EAF-T03-S1-LH-C1-I0030-F00.png,sun,single,512,512,PNG,396959,6c66f2626783cdf32226c0d2923a0868dc4e6c27fa7a0892c28616b051660d40,1,
release/sun/S187000211-GF-A54-EEA-T03-S1-LH-C1-I0063-F00.png,sun,single,512,512,PNG,371916,d9f8d00353e755ca80b45697e1474c11602554bde078a646b7549a3874ba07fc,1,
release/sun/S18796367-GF-A93-EAF-T00-S1-LH-C1-I0045-F00.png,sun,single,512,512,PNG,300634,07ef6d8d0e62d0a3c595a494c0c51a9876aabb973d2aba403b992acdd33857e2,1,
release/sun/S189019382-GF-A62-EIA-T03-S1-LH-C1-I0040-F00.png,sun,single,512,512,PNG,360157,d450af6bf56b9314c4f0698c7007b354be986985eff512b079942cde4bf23721,1,
release/sun/S189019382-GF-A62-EIA-T03-S1-LH-C1-I0046-F00.png,sun,single,512,512,PNG,356241,b15e06b09e3fcd384e476331719c194a219a784233d106e7605390532257c324,1,
release/sun/S19423222-GM-A45-EAF-T14-S1-LH-C1-I0040-F00.png,sun,single,512,512,PNG,299209,f3039ec0b77c36cc7d76f93ab89d2277ed8d13c9a7ffa91541f039fc6fb98927,1,
release/sun/S198149424-GF-A51-EEA-T13-S1-LH-C1-I0055-F00.png,sun,single,512,512,PNG,375216,dd406669210b7e8eb8badc6e95d2980d04fca00226a72f0fc4cc18b59c7709c0,1,
release/sun/S20939931-GF-A70-EME-T00-S1-LH-C1-I0047-F00.png,sun,single,512,512,PNG,353783,8191a90c44ef48795ce5e39389737a4553386166efd13b363e70c83a6280d932,1,
release/sun/S210555380-GF-A95-EME-T14-S1-LH-C1-I0008-F00.png,sun,single,512,512,PNG,392390,41cd0b4222b3a43695099b962acfd58446923f64066ad4b4b81e9a4872564d05,1,
release/sun/S210555380-GF-A95-EME-T14-S1-LH-C1-I0048-F00.png,sun,single,512,512,PNG,373145,ba8da817fe73e0c3039905c312de3cefcd25b3c7484e6a9f80b68cf791619f6f,1,
release/sun/S21322735-GF-A99-EEA-T03-S1-LH-C1-I0004-F00.png,sun,single,512,512,PNG,335648,10031ae7ba374711c221fe55ea766465da32c8ac0129555bcb73fbcce6acef0a,1,
release/sun/S220036139-GF-A33-EME-T14-S1-LH-C1-I0048-F00.png,sun,single,512,512,PNG,383563,0f679738c19c5fa4c61ef4831fbdb282de01b9b0cdec5fec12c4a499f1a0da14,1,
release/sun/S229472865-GM-A49-EEA-T15-S1-LH-C1-I0053-F00.png,sun,single,512,512,PNG,306838,63d25367e8fc37383010d24c9f6df9a81ed5be048b29d25d9798acbbbf6deb11,1,
release/sun/S229741512-GM-A18-EEA-T01-S1-LH-C1-I0029-F00.png,sun,single,512,512,PNG,303129,9ab3e1acbfaf0da23f98b87d406f7e102ddda454617b4d670a2badc7e5580139,1,
release/sun/S231352223-GF-A49-EEA-T14-S1-LH-C1-I0011-F00.png,sun,single,512,512,PNG,351953,3691e1346a3b084a3b40e8bda24f61f447cf1f0c8141a9a30731e126700342dd,1,
release/sun/S231352223-GF-A49-EEA-T14-S1-LH-C1-I0027-F00.png,sun,single,512,512,PNG,364781,5b3711246242e71f541a6385ee23d6fbc2e610df75eb77a789e7a2676b375124,1,
release/sun/S240935283-GM-A93-EEA-T01-S1-LH-C1-I0022-F00.png,sun,single,512,512,PNG,403901,8be0422b4b684ade241cf373b2c708d5634806360c3537e0c5bb1ff28aa9d138,1,
release/sun/S245655911-GM-A99-EIA-T14-S1-LH-C1-I0023-F00.png,sun,single,512,512,PNG,407976,bfc93953ccc9f00a82ac1c201417154623b52b5eae45239c145b308760675978,1,
release/sun/S247603526-GM-A30-EEA-T13-S1-LH-C1-I0041-F00.png,sun,single,512,512,PNG,308935,ebdb0f11cb91802d8108edf0bd0d709d6d1c46b284e3478db4b49e60b60a845c,1,
release/sun/S248968574-GM-A81-EAS-T14-S1-LH-C1-I0022-F00.png,sun,single,512,512,PNG,326153,1d6903e3dd495f48168b78c241c5b70fa3c40a9448b2ba505ef043dba683914b,1,
release/sun/S25038292-GF-A59-EAF-T03-S1-LH-C1-I0041-F00.png,sun,single,512,512,PNG,350828,c9a63b4743b526fc89a44ad927bff3537b65f79c1534520331f3bbe2d96e6a1a,1,
release/sun/S259395943-GF-A59-EME-T14-S1-LH-C1-I0009-F00.png,sun,single,512,512,PNG,323153,4b9c756c32f21163e00ba1d4ad943876d979fba8d658833d3ca6d2859432c7cb,1,
release/sun/S261182015-GM-A24-EEA-T01-S1-LH-C1-I0011-F00.png,sun,single,512,512,PNG,317375,b92fc0d90fb16246d06e97a49edd5e0f093a94bbbd001cefe683639a138d7b78,1,
release/sun/S264396021-GM-A30-EAS-T14-S1-LH-C1-I0047-F00.png,sun,single,512,512,PNG,314350,b0dfaaed414f0a8f5302f34d8c6dece54044ac83fbbf98cad3aedf107b460df1,1,
release/sun/S265934537-GF-A26-EAS-T14-S1-LH-C1-I0063-F00.png,sun,single,512,512,PNG,314449,255508c2fc39370e040938298099a4bc58ec2e56c53f8e51fc082af1c8623bcc,1,
release/sun/S268183923-GN-A24-EAF-T14-S1-LH-C1-I0053-F00.png,sun,single,512,512,PNG,310038,a04fe06ff854b9360b9e209218fe641b661e17f139fe6b4aef81911c6fbb6f81,1,
release/sun/S274652534-GF-A22-EEA-T01-S1-LH-C1-I0003-F00.png,sun,single,512,512,PNG,347016,5d6f511e1e0042211602da8a8545af0b081c48750c41dd5dd02ccba6196e7f68,1,
release/sun/S274869653-GF-A68-EAS-T03-S1-LH-C1-I0003-F00.png,sun,single,512,512,PNG,361199,40d332dd422e8145daef6016529b095e8fcf27762e681f9ecdb120a6ccdc017c,1,
release/sun/S285023719-GF-A24-EEA-T00-S1-LH-C1-I0022-F00.png,sun,single,512,512,PNG,295863,889f97c3749969e793efb9697864e197aa2e4791d30158bf0d62655ac8e882df,1,
release/sun/S287510944-GF-A29-EME-T01-S1-LH-C1-I0059-F00.png,sun,single,512,512,PNG,348440,bcb3c7e2196c3adf1d466efd66ed916d5eef0fc41772c1b023a1b0bcf40b5217,1,
release/sun/S289919415-GF-A46-EEA-T14-S1-LH-C1-I0060-F00.png,sun,single,512,512,PNG,311656,4e68999a69abe86535e918cacc1e219b7043a17d17b134306d9e869321403ba6,1,
release/sun/S300524837-GM-A42-EEA-T01-S1-LH-C1-I0008-F00.png,sun,single,512,512,PNG,378260,a0f36aad19c63f0f034a1621316eec2db0a6de436566ed2070feb16572241d03,1,
release/sun/S303695349-GM-A23-EEA-T03-S1-LH-C1-I0002-F00.png,sun,single,512,512,PNG,314463,8c999485244d4c42c71c65ec9e3248c2e759e7fdafe82fb27f197842bfb551a2,1,
release/sun/S303695349-GM-A23-EEA-T03-S1-LH-C1-I0029-F00.png,sun,single,512,512,PNG,304996,8ecd2308fa8b8b253480dd9926fd12efc869e1b9ad4b3cff82bf424b28ba5694,1,
release/sun/S303695349-GM-A23-EEA-T03-S1-LH-C1-I0041-F00.png,sun,single,512,512,PNG,301593,c9493cc2dbbef5dfe572a59c8305d31339b702636cb857cf37459f6934d6abf8,1,
release/sun/S311145231-GF-A53-EAF-T03-S1-LH-C1-I0062-F00.png,sun,single,512,512,PNG,407680,bffb9f00f89b34b83ebacbe46061619522393d686084d0db9d3adda07a7ec3f8,1,
release/sun/S313264566-GM-A81-EAF-T14-S1-LH-C1-I0008-F00.png,sun,single,512,512,PNG,311938,758e98b418f1b77b8b2c13a176aa2fc1e1a91d2032bdb00dc623472b5784c91c,1,
release/sun/S313264566-GM-A81-EAF-T14-S1-LH-C1-I0059-F00.png,sun,single,512,512,PNG,360912,f84bf6795fbe5721e0c0b3095c33fe8c64c0aacbca95acec145c581b9a7baaf7,1,
release/sun/S319441451-GF-A19-EAS-T01-S1-LH-C1-I0006-F00.png,sun,single,512,512,PNG,348326,093ee05d7f6ba5e997b43919662ea731d776bb82664e268adca0961c4d914c44,1,
release/sun/S32440074-GF-A23-EIA-T15-S1-LH-C1-I0012-F00.png,sun,single,512,512,PNG,339909,4a3ac8e22514a300fdc96e273770eb70f86b49ba6c53604a4510173a891c4c54,1,
release/sun/S325074401-GF-A50-EAS-T03-S1-LH-C1-I0044-F00.png,sun,single,512,512,PNG,320054,0a04bd5a78413de94767c3c64371233dd799e75455fd674b386da6778a5dbbba,1,
release/sun/S334697091-GM-A32-EAS-T14-S1-LH-C1-I0031-F00.png,sun,single,512,512,PNG,261365,bf096c75d8fb96e1c2f4e1ebd5d02728c3addd12655f290b6082610ca044e0b6,1,
release/sun/S335757255-GF-A30-EME-T14-S1-LH-C1-I0002-F00.png,sun,single,512,512,PNG,369055,0f3ada38d07f04a8b6263090b4adb7c62df16d0973a461b700f039fe608b7ccf,1,
release/sun/S336053665-GF-A75-EME-T13-S1-LH-C1-I0037-F00.png,sun,single,512,512,PNG,319564,c339bdf57fe3a0c5c45216769edd54154db6a53edaeba230e3d7ad5f3be9ffd4,1,
release/sun/S340675536-GF-A37-EEA-T14-S1-LH-C1-I0052-F00.png,sun,single,512,512,PNG,292279,b9e6289f07db3cdc1ca31a890856c5e919278035e40ed4e42c9336778aae86be,1,
release/sun/S343616415-GF-A69-EEA-T03-S1-LH-C1-I0056-F00.png,sun,single,512,512,PNG,346974,c15e5b484fc2dd4aada544b3949ed17746e0432cb5b42a6d69a5b2b343e60705,1,
release/sun/S343899513-GM-A51-EME-T01-S1-LH-C1-I0048-F00.png,sun,single,512,512,PNG,395577,73a2fca298c0b4ce8e00f8ddafed569a4034505cb95a094a690b4d68739d9e76,1,
release/sun/S345601750-GF-A64-EEA-T03-S1-LH-C1-I0032-F00.png,sun,single,512,512,PNG,392416,1a353f509e3a3148a8dd52034053175c0d0a9947a2558909d12928cbf6c2dbb8,1,
release/sun/S345601750-GF-A64-EEA-T03-S1-LH-C1-I0055-F00.png,sun,single,512,512,PNG,376115,59759f6c50001d826f749b21bb8332b2660b94f920a9c1ba7643db9eb0a2d0db,1,
release/sun/S347571913-GM-A24-EEA-T13-S1-LH-C1-I0054-F00.png,sun,single,512,512,PNG,378187,d06686511d5dad2b0892580f11db72977b06d1c62db79b0ba624ffeb27551404,1,
release/sun/S354713116-GF-A60-EAF-T14-S1-LH-C1-I0004-F00.png,sun,single,512,512,PNG,364586,31eaefbf2f519f6751ac6db27b78dd391ccbb038dd0e20bef4a5a00b1ce7fe98,1,
release/sun/S354713116-GF-A60-EAF-T14-S1-LH-C1-I0063-F00.png,sun,single,512,512,PNG,392088,64868e8e160f4f0a455279c0717576c54b8bc5638071d2f2511d982551fa8e5e,1,
release/sun/S358652822-GF-A41-EEA-T01-S1-LH-C1-I0006-F00.png,sun,single,512,512,PNG,365806,8cda4a54759fcc1b1116e36fda9c41b93012d4770405ac7dd1d08006567adf40,1,
release/sun/S370286626-GF-A59-EEA-T00-S1-LH-C1-I0061-F00.png,sun,single,512,512,PNG,391039,5d95d0f5da439a81196c969ecf7b36a7e5933ad3fd70aa73a54860bebd3f710a,1,
release/sun/S373793896-GM-A22-EEA-T14-S1-LH-C1-I0035-F00.png,sun,single,512,512,PNG,345200,f5b4c5559686fa218e2cc1c77b89538872926c672f5c43c3ce641015c6ae8ab5,1,
release/sun/S37396139-GF-A51-EEA-T14-S1-LH-C1-I0018-F00.png,sun,single,512,512,PNG,382772,c55517c948c5c14fba7640152a8b0d78f784bdd12aa7e759a59e8b82374bc532,1,
release/sun/S37396139-GF-A51-EEA-T14-S1-LH-C1-I0048-F00.png,sun,single,512,512,PNG,385984,8d096a4358b9beebcd8e63f8f1351efd937468a0be85ad7b734f530f3dbe1f77,1,
release/sun/S375545605-GM-A47-EEA-T00-S1-LH-C1-I0004-F00.png,sun,single,512,512,PNG,364157,fb1587f9b3621df1138a6f5eba1c7c375320f3512e8b94c9840343b7885ff023,1,
release/sun/S375545605-GM-A47-EEA-T00-S1-LH-C1-I0022-F00.png,sun,single,512,512,PNG,355563,e6a0b7812aac356987f1f4bc2525d4540ee6009b62a9bb90596108bef8eafc26,1,
release/sun/S375545605-GM-A47-EEA-T00-S1-LH-C1-I0027-F00.png,sun,single,512,512,PNG,365622,5af47e30022090d4fe3a0700e88f73f561f3341ab07653e561d2be09a88a267d,1,
release/sun/S375545605-GM-A47-EEA-T00-S1-LH-C1-I0049-F00.png,sun,single,512,512,PNG,376660,8a3598590d29c13f91c2e85e1d23e2d12e8e422c85f641ba4ab86e5adfde07c7,1,
release/sun/S376287613-GF-A19-EAF-T14-S1-LH-C1-I0011-F00.png,sun,single,512,512,PNG,322760,2b51ff6cea6800f3cbf31ca5f6962f89acbded65b9cbbe74e145dd6aca666686,1,
release/sun/S377896724-GF-A29-EEA-T10-S1-LH-C1-I0028-F00.png,sun,single,512,512,PNG,276712,47d809c444e2ce5760cf62bc38fc636c44c5aff7ab48945d2fd156ac6cd5689e,1,
release/sun/S382037204-GF-A89-EEA-T03-S1-LH-C1-I0006-F00.png,sun,single,512,512,PNG,351509,5a2b94ae4e403b3b346873d29fca38dbb4b471d756b31936a84bb139183b3301,1,
release/sun/S384793007-GF-A62-EEA-T01-S1-LH-C1-I0006-F00.png,sun,single,512,512,PNG,272682,35746bea2377e85601ff2c7e030dab691b43826691ba8c9969794c552bedf769,1,
release/sun/S388546914-GF-A50-EEA-T14-S1-LH-C1-I0025-F00.png,sun,single,512,512,PNG,348563,b4e9baa9f9d347547c3b0f5eec359ea2843fd7b55776953b9c3cfe7c8b18f890,1,
release/sun/S394313530-GF-A45-EEA-T03-S1-LH-C1-I0050-F00.png,sun,single,512,512,PNG,380353,b40422cdc4ee49a1a000c8548f8f712574b96bf0cdfb3be5909027758be4430a,1,
release/sun/S395744997-GF-A18-EEA-T01-S1-LH-C1-I0002-F00.png,sun,single,512,512,PNG,387058,33a59dd702f4616340f19aea793bdb4e63836bdad03e99414b17c1558746b0e3,1,
release/sun/S39590804-GM-A53-EEA-T03-S1-LH-C1-I0045-F00.png,sun,single,512,512,PNG,371958,d84977a99ff0aacbc1cec58cad4ce6ef9aa16146eaa48e3782e05634b00a61eb,1,
release/sun/S397228464-GF-A72-EEA-T03-S1-LH-C1-I0009-F00.png,sun,single,512,512,PNG,353506,b33c8557683cde0a064d81ce8414187e84b885ac9ecbd22dadd01368638234c6,1,
release/sun/S402992794-GF-A60-EEA-T14-S1-LH-C1-I0010-F00.png,sun,single,512,512,PNG,347873,0d9052e3bedbb3755b4b9cc7af6fddebf2aedef5ad958a43b097b0f7e10158f3,1,
release/sun/S409626024-GM-A29-EEA-T11-S1-LH-C1-I0000-F00.png,sun,single,512,512,PNG,215715,54cd74cd388197ea2935fe8381da159a3f6a0b84039f664a7442558f47b5627f,1,
release/sun/S412637027-GM-A93-EME-T01-S1-LH-C1-I0061-F00.png,sun,single,512,512,PNG,364317,bd775178dbc5cd36f693804658a47bc6dbb2e2254872f66c50abf237a785bed1,1,
release/sun/S415761895-GF-A62-EAS-T03-S1-LH-C1-I0005-F00.png,sun,single,512,512,PNG,329447,8b8a45eeee6baa14813965baf3d5cf531ed3b80b71842129c8429e4f19f7620e,1,
release/sun/S422234801-GM-A19-EAS-T14-S1-LH-C1-I0050-F00.png,sun,single,512,512,PNG,360515,b3e681e1be5544ad3bfcbb0a6901432acfff5d640fb690cda52eb657468ad7b7,1,
release/sun/S43416355-GF-A63-EAS-T03-S1-LH-C1-I0018-F00.png,sun,single,512,512,PNG,302572,2570fc1af00c9925e89c5cee2738fca189ed3ff77ef1826759b6396af1323053,1,
release/sun/S442640043-GF-A83-EEA-T01-S1-LH-C1-I0015-F00.png,sun,single,512,512,PNG,351064,d1ab581abb320acb7b2f827fb51b0e6eff5b0f50a15660ffc9cc045e9371d499,1,
release/sun/S44577521-GM-A92-EME-T14-S1-LH-C1-I0012-F00.png,sun,single,512,512,PNG,317394,e6342e266eef0db8e4d582303b6ba27e89986474930a3ad6d419e8744ed93170,1,
release/sun/S44577521-GM-A92-EME-T14-S1-LH-C1-I0041-F00.png,sun,single,512,512,PNG,332836,accd1cd3b081329ab8fe134772bc3b5f437e2a2c5b8b04eff486dd50cfab1af9,1,
release/sun/S464252649-GM-A60-EEA-T15-S1-LH-C1-I0045-F00.png,sun,single,512,512,PNG,326275,577ce0105e3122f318661a178581e7886514023a2c574736ba60a17fae2d38ba,1,
release/sun/S472012617-GM-A63-EEA-T01-S1-LH-C1-I0014-F00.png,sun,single,512,512,PNG,346724,9f2e3f16204149b5ae3b756b3f168e2354bcf0a0276a85585cdee515dcb96777,1,
release/sun/S475499547-GM-A26-EME-T01-S1-LH-C1-I0029-F00.png,sun,single,512,512,PNG,387282,9b42838555a3f25f81db8065a4025e3b5e37ef91a6a4a1f0aaa2bd58e7d31035,1,
release/sun/S477281279-GF-A30-EME-T14-S1-LH-C1-I0058-F00.png,sun,single,512,512,PNG,382489,6c792d4180e0973478b00182ad1c5944b9050c914ea7d971ad9e0d6924fe48d3,1,
release/sun/S482766020-GF-A40-EAS-T15-S1-LH-C1-I0060-F00.png,sun,single,512,512,PNG,336260,0e151928a7296ba1bd8a233f4fbd613e4575eff387f318ef1b134f9d17128f52,1,
release/sun/S493184426-GF-A19-EAF-T00-S1-LH-C1-I0000-F00.png,sun,single,512,512,PNG,338959,f998915c28fefd1d878b7b51d935e32512d93bdfbd667a6a68a27b1ef7a464a2,1,
release/sun/S495166625-GF-A58-EAS-T14-S1-LH-C1-I0053-F00.png,sun,single,512,512,PNG,341820,001492f44859d92130d1c6672a7970406efc89d9396abea97bebdcf77f6a202e,1,
release/sun/S50180802-GM-A26-EEA-T00-S1-LH-C1-I0055-F00.png,sun,single,512,512,PNG,336459,fd30ddf24c9ebfb71d55aa90689cae24a9ac5fcb950f19b12ad04c417a49acd1,1,
release/sun/S504201509-GF-A50-EME-T14-S1-LH-C1-I0001-F00.png,sun,single,512,512,PNG,368442,dcaa735fa25ee45f6c562eb81ca959546ce373b94f26f22b6735d7b9a8ff572b,1,
release/sun/S508947155-GF-A84-EAF-T01-S1-LH-C1-I0013-F00.png,sun,single,512,512,PNG,323025,b9e653ae6fecc56691aca3ac285dfdb46172a13883926c4a0cab84ae89acfbe9,1,
release/sun/S508947155-GF-A84-EAF-T01-S1-LH-C1-I0030-F00.png,sun,single,512,512,PNG,326724,f4d5c48656cc5f656da8473cbf3dec360202bb59a63b0d3cd923221defae75c3,1,
release/sun/S508947155-GF-A84-EAF-T01-S1-LH-C1-I0033-F00.png,sun,single,512,512,PNG,356878,0c8ab799538fb1c737b3fb5d868126bea7d5a26d68b2d709be59429e401990bd,1,
release/sun/S510917796-GF-A21-EME-T03-S1-LH-C1-I0042-F00.png,sun,single,512,512,PNG,370741,5a40c2654d135616c6c79d5dbb667d54b7e40ea7e5c8cc576cbc5cd044b94868,1,
release/sun/S514677740-GM-A43-EME-T03-S1-LH-C1-I0021-F00.png,sun,single,512,512,PNG,377961,67242e04b58ff6551cd5140635f0d258739d305b1a0e0c58afb76e5684e4cecb,1,
release/sun/S519335789-GF-A87-EAF-T14-S1-LH-C1-I0012-F00.png,sun,single,512,512,PNG,354690,0ae4708597655810243b7aaef7b59e71fffe21a55e78f00c9f15d0939aa89d81,1,
release/sun/S520464077-GF-A50-EEA-T00-S1-LH-C1-I0049-F00.png,sun,single,512,512,PNG,368934,66a3cd2d6bf821cff1cdbb88a504b277b2845f451e98eca8bcd5919fac5ff924,1,
release/sun/S520464077-GF-A50-EEA-T00-S1-LH-C1-I0055-F00.png,sun,single,512,512,PNG,351349,aac21ee198f44ee81171e7ff20b0feddcb26072f07fef13aaac3343ede88dad8,1,
release/sun/S526642813-GF-A73-EAF-T03-S1-LH-C1-I0033-F00.png,sun,single,512,512,PNG,300623,ff2b07dcae00c95acb6ba8cecdb322f458c58f43f4814abd65565917b7962cbd,1,
release/sun/S526642813-GF-A73-EAF-T03-S1-LH-C1-I0036-F00.png,sun,single,512,512,PNG,303764,2a08d2ef6c7a630e96d9cdfb4651947d6338230e82a1b6513d813cbd7504a6a9,1,
release/sun/S528079409-GM-A46-EEA-T11-S1-LH-C1-I0009-F00.png,sun,single,512,512,PNG,307534,c663b3d73bd5b988350775ca4fe0e3e6415535998b260a90eb9a2af0a30bbe83,1,
release/sun/S533819468-GM-A53-EIA-T14-S1-LH-C1-I0007-F00.png,sun,single,512,512,PNG,410516,b7ee1595b05f67ecfb15c64acd94ddf5dd702fc7d62f7d2ccf799a58d4262a69,1,
release/sun/S535874367-GF-A18-EEA-T14-S1-LH-C1-I0059-F00.png,sun,single,512,512,PNG,353527,6e50454b942e612c36efc58b842d20029bfd4dc4360a8c746f9ac8e15ad2a47f,1,
release/sun/S536119263-GM-A46-EEA-T11-S1-LH-C1-I0063-F00.png,sun,single,512,512,PNG,308121,5935495c7a644792f500b24ce7146706c44d12c4fe1f07b590f37c5d226bf549,1,
release/sun/S554872844-GF-A81-EIA-T00-S1-LH-C1-I0062-F00.png,sun,single,512,512,PNG,242143,30591740c8e2e170e882421c8514696ae813117d584a480c4b4d4220e52f395a,1,
release/sun/S560191384-GF-A51-EEA-T01-S1-LH-C1-I0033-F00.png,sun,single,512,512,PNG,329445,357fdb690b2ab6302b9dc65b8685c24dc7fd4109f520fe404177091e3f46e503,1,
release/sun/S561424111-GM-A25-EME-T14-S1-LH-C1-I0010-F00.png,sun,single,512,512,PNG,318573,5b2c04afee2943042be235144b5e0f0b8f07d5f084e5a94f299b91f1f63dccf7,1,
release/sun/S562599431-GM-A42-EEA-T00-S1-LH-C1-I0036-F00.png,sun,single,512,512,PNG,297000,9e3b6088df3dddc50a56b58cee300a067104347579d368b4dd7b02e6b7ff6413,1,
release/sun/S567149942-GF-A85-EEA-T00-S1-LH-C1-I0039-F00.png,sun,single,512,512,PNG,309234,7b292e88dc28ffc951ddfae3adc6c954ed9751ae85ea6f004acab90c8f3c8632,1,
release/sun/S567149942-GF-A85-EEA-T00-S1-LH-C1-I0061-F00.png,sun,single,512,512,PNG,299133,116d88e861d55b812c14d774aff591aee52ac3c3c2ddac03ebb3284fe53c80ef,1,
release/sun/S567565556-GF-A43-EME-T01-S1-LH-C1-I0057-F00.png,sun,single,512,512,PNG,404130,22b7be53b3dccd91df3c9ba00b02381d90efafb09c52b32e4e947f2bb41b112c,1,
release/sun/S571571794-GM-A57-EEA-T03-S1-LH-C1-I0016-F00.png,sun,single,512,512,PNG,346024,b527afea71e02cf367760a5c33ded6cf352f65033e2f5b40f1037476d9d15e6b,1,
release/sun/S574280680-GF-A53-EME-T03-S1-LH-C1-I0005-F00.png,sun,single,512,512,PNG,395123,4f38db03a5c90743412aeda680cc1c3f00a964419bda56957409a99e29debdcc,1,
release/sun/S574761980-GF-A38-EEA-T14-S1-LH-C1-I0044-F00.png,sun,single,512,512,PNG,275538,746939e56251e84c40e9d3755d9778df9309664a879bbcf65815dcda94d34ffc,1,
release/sun/S578152615-GM-A42-EEA-T03-S1-LH-C1-I0011-F00.png,sun,single,512,512,PNG,351252,d1e7eebb0c65f580221008c8a5e126114c7107cf50d1c8f0bcd82f8990da3894,1,
release/sun/S590103000-GF-A47-EEA-T01-S1-LH-C1-I0047-F00.png,sun,single,512,512,PNG,354249,2679999bb4a705a78544c547badcf930636349b42c972ea688ffd00748b86ceb,1,
release/sun/S590103000-GF-A47-EEA-T01-S1-LH-C1-I0056-F00.png,sun,single,512,512,PNG,402523,39dc482978cd44a61262082ee435c113b839a64e1d83b8abf3d14ab6d4f66d57,1,
release/sun/S590103000-GF-A47-EEA-T01-S1-LH-C1-I0063-F00.png,sun,single,512,512,PNG,390856,5958aa1c9b66567cf7b8bc36d61e6aa3008a6b41e5f7343a6f91d32fe64a8153,1,
release/sun/S592147976-GF-A52-EEA-T00-S1-LH-C1-I0049-F00.png,sun,single,512,512,PNG,327222,6b4a75396a012359f397ff5ea8ad2ed651fb8bc79430f65a25c8cb81792799de,1,
release/sun/S598532466-GM-A87-EME-T14-S1-LH-C1-I0025-F00.png,sun,single,512,512,PNG,335319,f0b65e8235f7ffa603dcd0356aaf0b9380e9a35d027ecb041afabce27f222142,1,
release/sun/S606909976-GF-A59-EEA-T01-S1-LH-C1-I0035-F00.png,sun,single,512,512,PNG,378649,3929d5a0b86e0337d64799136ebb7577ad713cac1fcac433a24d7d80e0e0f9e2,1,
release/sun/S616053079-GF-A33-EEA-T00-S1-LH-C1-I0038-F00.png,sun,single,512,512,PNG,398740,53f71d9f8da50648fb3fbc55631f501b9609029a8443c140d094e10ed86bf272,1,
release/sun/S616105557-GF-A58-EEA-T11-S1-LH-C1-I0042-F00.png,sun,single,512,512,PNG,273824,786e870b4eb0a9722f257b80909eac1905aeaba33c5b961cb4fd6a6bb9bf13b6,1,
release/sun/S618974755-GM-A24-EEA-T00-S1-LH-C1-I0045-F00.png,sun,single,512,512,PNG,343966,aeb7388cd3d84a8a7cc8ddcd8520b51cc5eaabebf16aa5952d4a5ae483c29798,1,
release/sun/S622813751-GM-A67-EAF-T01-S1-LH-C1-I0021-F00.png,sun,single,512,512,PNG,371392,2d468379dab97a79bde97c28229f96e8730ee532a0a2f3ead2bb508c3cbc4935,1,
release/sun/S62389544-GF-A82-EEA-T14-S1-LH-C1-I0050-F00.png,sun,single,512,512,PNG,271565,a1634c9cb6c2493a9a41ea0d772cb615825e8020bb0c1a867f95c6dccf0e5a0d,1,
release/sun/S640440409-GF-A40-EME-T14-S1-LH-C1-I0001-F00.png,sun,single,512,512,PNG,402293,b2ed6ab23bf7eb1694f4bd6398f0d380b05b7833a9c331e96bdaf01d99edef7b,1,
release/sun/S641100116-GM-A97-EEA-T14-S1-LH-C1-I0060-F00.png,sun,single,512,512,PNG,342466,272c16465c1089444c4234be967f00f668571fe2fd16f2f6a2ace21ada7c8f7e,1,
release/sun/S6470524-GF-A29-EAS-T14-S1-LH-C1-I0059-F00.png,sun,single,512,512,PNG,325507,7f9063a1715bb3ba99921d4975925bc8b6a84f9e24046f54da7a89fa3daa2b9c,1,
release/sun/S647458820-GF-A61-EAF-T03-S1-LH-C1-I0003-F00.png,sun,single,512,512,PNG,370362,9c543e10fb4f44dfaf9191363181d35f6157182b5c945176ae4f4c7264db7182,1,
release/sun/S653507002-GM-A51-EME-T03-S1-LH-C1-I0023-F00.png,sun,single,512,512,PNG,408132,f09c5792cd0cdc368cb69eaf3e900551e110d4c57f5cbce92a7dcb7121aea144,1,
release/sun/S653507002-GM-A51-EME-T03-S1-LH-C1-I0063-F00.png,sun,single,512,512,PNG,398474,8c7aabdd5b51771eeb036386e05d7eb956658b600c75053eafe6ed99d707d8f8,1,
release/sun/S664246838-GF-A21-EEA-T11-S1-LH-C1-I0019-F00.png,sun,single,512,512,PNG,387483,2c358adfb2e7ffaf7c0c0b62f513f3977eb64abf6a643417e08c1a4679c77a5f,1,
release/sun/S664545006-GF-A28-EIA-T14-S1-LH-C1-I0033-F00.png,sun,single,512,512,PNG,337719,0343566f670e55c40d43d92946088d7357836c0574d572c610b58898c77acb1d,1,
release/sun/S669973447-GM-A20-EEA-T00-S1-LH-C1-I0000-F00.png,sun,single,512,512,PNG,351837,9caab59dde842ff8e19f99a93d8ea296b69c9ba530febb60f866dca13dbe286b,1,
release/sun/S669973447-GM-A20-EEA-T00-S1-LH-C1-I0016-F00.png,sun,single,512,512,PNG,329724,4d9bdd00bc96aed3c9ce2adf9c8762c04ca6ec982876a01e3ca7ce2cf75e92b3,1,
release/sun/S673442144-GF-A53-EEA-T01-S1-LH-C1-I0002-F00.png,sun,single,512,512,PNG,357417,6b50ab167e6c48866ba7b4c20137383481b337a42841d95bc48876f9a8817735,1,
release/sun/S673442144-GF-A53-EEA-T01-S1-LH-C1-I0013-F00.png,sun,single,512,512,PNG,333343,ffecc34f8a8070ab3700bddb8e29f17cffc5666d5c65caeb9fd0f0580743e5ec,1,
release/sun/S673442144-GF-A53-EEA-T01-S1-LH-C1-I0028-F00.png,sun,single,512,512,PNG,337392,70857d340fa9cfac286c3645b0776d01c736f107ae40c3c9a5221763da42b470,1,
release/sun/S673442144-GF-A53-EEA-T01-S1-LH-C1-I0034-F00.png,sun,single,512,512,PNG,303406,fc4531cff0296b2762b0e41a5ac3318d0070953ef23ae456600a0faac2ef09c0,1,
release/sun/S673442144-GF-A53-EEA-T01-S1-LH-C1-I0044-F00.png,sun,single,512,512,PNG,340294,d3b6a506b57d403afbecb359414d15a5f6cc646fc21f1aa5d3ee865d3bc7735f,1,
release/sun/S673442144-GF-A53-EEA-T01-S1-LH-C1-I0049-F00.png,sun,single,512,512,PNG,362838,ba6861cfd4365ec030b81637a109accbd09efea9b514935ab37978e2e80704a9,1,
release/sun/S673442144-GF-A53-EEA-T01-S1-LH-C1-I0056-F00.png,sun,single,512,512,PNG,322184,d3e52e58ed009acb91e73a4c31bdec50d96637b2db86a46a45978f0873888d08,1,
release/sun/S677155548-GF-A53-EME-T01-S1-LH-C1-I0011-F00.png,sun,single,512,512,PNG,376324,93f8c4565e240d48e8899c9dcc120bbc1456d63891c9099a768d0e332d6680d9,1,
release/sun/S678466862-GF-A62-EEA-T03-S1-LH-C1-I0047-F00.png,sun,single,512,512,PNG,395869,b75eba647db9719252fd3b5c497531282083ba6524b9098050e985759d425fde,1,
release/sun/S682364157-GF-A18-EIA-T03-S1-LH-C1-I0012-F00.png,sun,single,512,512,PNG,387827,e44238ae59bfc0dce849f00859edcf80bed57beb055bdb971b2e7a7068a9fb80,1,
release/sun/S683688917-GF-A31-EIA-T03-S1-LH-C1-I0021-F00.png,sun,single,512,512,PNG,326328,118665700b0f56c10027c2a420dbe65099ec463488203ae7ec83a6a5aac80ac6,1,
release/sun/S691842297-GM-A47-EME-T14-S1-LH-C1-I0022-F00.png,sun,single,512,512,PNG,384497,4b636535680c0b1c4f5ace94209987bf75d89e8d416e089f6a37f2c0a4f78056,1,
release/sun/S700139260-GF-A56-EEA-T15-S1-LH-C1-I0053-F00.png,sun,single,512,512,PNG,377778,e2734c5ee92f8b5462ffd9d98527248f41a242853b55b9bbf67b2d38611ae648,1,
release/sun/S708639364-GM-A59-EEA-T00-S1-LH-C1-I0042-F00.png,sun,single,512,512,PNG,368401,8477ca224841b32f49decab8b0b32d5c02f940487cf01e211a9eb377993fc73c,1,
release/sun/S710623010-GF-A75-EME-T01-S1-LH-C1-I0051-F00.png,sun,single,512,512,PNG,336163,070ce1fd4c697dec55a67dcbdf51e327863ae9eaa793043257973bc3e4495f3b,1,
release/sun/S720555455-GF-A90-EAS-T14-S1-LH-C1-I0024-F00.png,sun,single,512,512,PNG,303814,b4f9dda0a8153ad14b8d4dde9a1155088aff310e42c470c5d151f078eaf9d344,1,
release/sun/S721709390-GF-A24-EME-T00-S1-LH-C1-I0000-F00.png,sun,single,512,512,PNG,273701,24483c1811e18a94773537d58ea3d12e79f25eee8e0795019efad84329efdc0d,1,
release/sun/S723966293-GM-A27-EEA-T03-S1-LH-C1-I0044-F00.png,sun,single,512,512,PNG,329963,8d8ff248e6ddbda73d68fee5a21c8319b15efcc0ad85582eb46f8014e123014f,1,
release/sun/S726037773-GF-A57-EEA-T15-S1-LH-C1-I0031-F00.png,sun,single,512,512,PNG,356859,a266e99dbfa6c3e88154637f789b651479653651ca55ff8efb259aa01cf07caa,1,
release/sun/S727226600-GM-A33-EAS-T03-S1-LH-C1-I0035-F00.png,sun,single,512,512,PNG,348504,2fbfebdc355d72e0d68f9b6d39408bbbfd0212f61ae07c0ba850deb9fba2594e,1,
release/sun/S735235858-GF-A76-EEA-T03-S1-LH-C1-I0045-F00.png,sun,single,512,512,PNG,305701,e521eabd1e4ea503efc24489b17dcafac66b17a22f698ab63ea61f9c8f4a3689,1,
release/sun/S741955884-GF-A71-EEA-T14-S1-LH-C1-I0057-F00.png,sun,single,512,512,PNG,365609,ecb66a27155c49495d275a4b882ec7be11a48c0dacfe9ed3002aeccc1f378844,1,
release/sun/S74441691-GF-A84-EIA-T13-S1-LH-C1-I0061-F00.png,sun,single,512,512,PNG,335440,b685abf9b33862d9b3b6ce5e2655d961a2c265bb680ec4f350529296c1d362e4,1,
release/sun/S744766748-GM-A69-EEA-T01-S1-LH-C1-I0008-F00.png,sun,single,512,512,PNG,360127,b95c3c59558d79a71df9800aab3afd293853d9bc08eb3834b8d044bd94c13db9,1,
release/sun/S755595872-GF-A36-EME-T03-S1-LH-C1-I0000-F00.png,sun,single,512,512,PNG,354918,985c9dc7f469382371244a5bf258fb4d612b05f54e7cc41cc93292cf5a97d903,1,
release/sun/S760022445-GF-A45-EEA-T03-S1-LH-C1-I0032-F00.png,sun,single,512,512,PNG,372433,9a1a21e6257cbe5220a2895436114ccb377bfe0eff77fd0fdda73846812a809d,1,
release/sun/S766916408-GM-A23-EME-T14-S1-LH-C1-I0040-F00.png,sun,single,512,512,PNG,331722,a00d95bbded0e60b5053d5b446063bca8332655a6e89c5bee40f683a3a5e21b9,1,
release/sun/S778523462-GF-A44-EIA-T14-S1-LH-C1-I0042-F00.png,sun,single,512,512,PNG,378018,fd8fa35933bd51e29fcf436f6006e028ce47739b82c043557701b55b03f2cb4e,1,
release/sun/S780045574-GF-A98-EAF-T14-S1-LH-C1-I0030-F00.png,sun,single,512,512,PNG,300929,582d34be4c33fe5f0be0be6e196d6068eb18193cfc381bc21966719803d8b8f8,1,
release/sun/S780124184-GF-A64-EME-T01-S1-LH-C1-I0042-F00.png,sun,single,512,512,PNG,334189,6e264176ea2838d6cf4f73de984b66a2b6df5e13bbc4019f5703ca251ea999fb,1,
release/sun/S786321386-GM-A32-EME-T00-S1-LH-C1-I0051-F00.png,sun,single,512,512,PNG,354244,3fdc17385fc5d6de78813e8d026f0027de15d5af0714408df23b27dccd74232a,1,
release/sun/S788462400-GM-A77-EEA-T14-S1-LH-C1-I0022-F00.png,sun,single,512,512,PNG,354328,f74b0674d2a06be68600a6c983711f1c3495e91a81613990c4cd4466382fed0f,1,
release/sun/S79333356-GF-A59-EEA-T03-S1-LH-C1-I0057-F00.png,sun,single,512,512,PNG,360621,9cd0456d23b939776aeb9ccbcd8e9a5fae19ec9bd01d14348660095a6f75e3df,1,
release/sun/S795622045-GM-A49-EEA-T03-S1-LH-C1-I0033-F00.png,sun,single,512,512,PNG,306653,3bb29f9d8aa9e0beb39e73de5f2f981eb4ea7cfce650c827ab4aea39bb3993d8,1,
release/sun/S798606872-GF-A37-EME-T15-S1-LH-C1-I0028-F00.png,sun,single,512,512,PNG,370751,ee7e7c93294540c8d1d3314aa4c6c4c44d880f2b6149255302610a03299e9731,1,
release/sun/S804626448-GF-A39-EME-T01-S1-LH-C1-I0049-F00.png,sun,single,512,512,PNG,376718,7165215006b1b0c7a5ce2473db5d792c8537b9ec96f93291eceb5573fc8a4b27,1,
release/sun/S806692215-GM-A67-EEA-T01-S1-LH-C1-I0022-F00.png,sun,single,512,512,PNG,252039,c0fc13c8ff83a3a90948842843e1aee461b83ef43dd17dba7066a7998be59328,1,
release/sun/S806692215-GM-A67-EEA-T01-S1-LH-C1-I0043-F00.png,sun,single,512,512,PNG,315224,4c73ccfa86ad735b8060f7520b075afe19c371d1ac4fcea9a98bc6850ab0c701,1,
release/sun/S808755818-GM-A40-EEA-T00-S1-LH-C1-I0059-F00.png,sun,single,512,512,PNG,273865,5c480ab00707a807ae67d3d11a376faa86d4e01de352fbbd1d2c7973853e8d0a,1,
release/sun/S824192626-GF-A59-EIA-T14-S1-LH-C1-I0014-F00.png,sun,single,512,512,PNG,304327,d720a678315f052493c30d219c224942ffeda767a542b8bcadc2ca094ca2fda0,1,
release/sun/S825431925-GF-A77-EAF-T00-S1-LH-C1-I0000-F00.png,sun,single,512,512,PNG,280881,df7ce6fde222933b3784be03dfb911af5c77de7addfc63ffd17ee6d1ea57e328,1,
release/sun/S825833733-GF-A82-EEA-T14-S1-LH-C1-I0004-F00.png,sun,single,512,512,PNG,354474,0362d756d827d4a7a56fcd5a2c4119b12e059236a8593bb6eeca2b7446ce9cd9,1,
release/sun/S825833733-GF-A82-EEA-T14-S1-LH-C1-I0022-F00.png,sun,single,512,512,PNG,380878,bee8c797e169ec824793a77b42689ae93c06ad01b277009c83cae31e4cdac8b1,1,
release/sun/S825833733-GF-A82-EEA-T14-S1-LH-C1-I0028-F00.png,sun,single,512,512,PNG,333177,f2e7440d15a4bb75d2e2dc0ec8f6d8d91012802585febd1740faebb52063818a,1,
release/sun/S835364261-GM-A45-EAS-T03-S1-LH-C1-I0032-F00.png,sun,single,512,512,PNG,288144,94595755255d108cc33d64590ca7fc008792a5d3c6fe77d822eb3cc0cf30fbe0,1,
release/sun/S838732855-GF-A26-EEA-T03-S1-LH-C1-I0010-F00.png,sun,single,512,512,PNG,357492,a0edd886da1c0f863d41e093d550d4643a3debece5b6629dad7da7ddf514b7c9,1,
release/sun/S844761652-GF-A54-EAF-T03-S1-LH-C1-I0008-F00.png,sun,single,512,512,PNG,353217,c05ee30ec632ed9ed91abbf4e5513beb4741e6c952f6fd6f6f1ae6706572011a,1,
release/sun/S851010322-GM-A30-EEA-T03-S1-LH-C1-I0061-F00.png,sun,single,512,512,PNG,342995,2dfb94bf52e20c8c25eabd9e43de24b3e28d15f853b00c75a715d98c9abb5c89,1,
release/sun/S85153826-GM-A28-EEA-T03-S1-LH-C1-I0011-F00.png,sun,single,512,512,PNG,317308,3471769fa2ca699a3d40267d495e4494301d3a3d3f638a37fbf236b19af1cb7b,1,
release/sun/S871196184-GF-A27-EAF-T14-S1-LH-C1-I0028-F00.png,sun,single,512,512,PNG,297899,b6d779aee1cd6f34bbc44c70a816fe4b7a1140541973964dde4da757f388b69e,1,
release/sun/S881124278-GF-A51-EAS-T14-S1-LH-C1-I0059-F00.png,sun,single,512,512,PNG,331713,8558109c708cdb4d491968f8d3ceaae0c576d90294d9cf718b56076c8f35e872,1,
release/sun/S882917275-GF-A60-EME-T01-S1-LH-C1-I0038-F00.png,sun,single,512,512,PNG,358973,14aa9c9a4df42f3c571e05065b9aafdbf1fe77ad90d45e68955b87d9313a846c,1,
release/sun/S883374229-GF-A54-EEA-T14-S1-LH-C1-I0019-F00.png,sun,single,512,512,PNG,337779,1d0d4d6e31ba88e4eda76d91c3cc4846bd5da82b132658d27735e7c01c4c6fa5,1,
release/sun/S883374229-GF-A54-EEA-T14-S1-LH-C1-I0038-F00.png,sun,single,512,512,PNG,332458,f19e7e541f13289e3699fe4b98130dd22d9b6df17e53b77726c1c1a314ed3b5b,1,
release/sun/S883374229-GF-A54-EEA-T14-S1-LH-C1-I0039-F00.png,sun,single,512,512,PNG,336268,6cc203a1181e7439009ea37cfacb35fef7d5f88e6213557f14aa1ab0ce26f06b,1,
release/sun/S883374229-GF-A54-EEA-T14-S1-LH-C1-I0041-F00.png,sun,single,512,512,PNG,338641,9df65fe4e970ad883697db02b223f0023bba5545bfe9ca10cd4afa19847f83fb,1,
release/sun/S883374229-GF-A54-EEA-T14-S1-LH-C1-I0062-F00.png,sun,single,512,512,PNG,350344,2e769222338319690408c2b24dfead26834115d55cd7712482eb3be516a81fd7,1,
release/sun/S894840102-GN-A69-EAF-T00-S1-LH-C1-I0056-F00.png,sun,single,512,512,PNG,388750,e85b214b686a28524f92e99eca3e27477531c09f27a784809e556b72d0babc95,1,
release/sun/S895967637-GM-A28-EEA-T01-S1-LH-C1-I0005-F00.png,sun,single,512,512,PNG,353871,b5f4d782544dd33d57497da8f06d1eec889d64b4b140c2cde20656896ba70776,1,
release/sun/S897329683-GF-A41-EEA-T11-S1-LH-C1-I0040-F00.png,sun,single,512,512,PNG,322026,6d7b10dd3fe1a7459a5494317e6af558ba8686028f2329abc87d0a46ecc19769,1,
release/sun/S906953625-GF-A53-EEA-T01-S1-LH-C1-I0001-F00.png,sun,single,512,512,PNG,290649,8401ae2e3b31debcf011d580cad146d8c38257f68990f398936ff3eee6857664,1,
release/sun/S921833550-GM-A28-EEA-T14-S1-LH-C1-I0000-F00.png,sun,single,512,512,PNG,322845,c91ed4155a327254fac47174be9b0f6fe0144b2457eedb4250357473bb8bf64a,1,
release/sun/S926047332-GM-A22-EME-T14-S1-LH-C1-I0038-F00.png,sun,single,512,512,PNG,318526,9df59915a3e22f79b5ebbd4dbc6344dd6b7d5e18fff02ffa9b3763be8d4bca86,1,
release/sun/S926047332-GM-A22-EME-T14-S1-LH-C1-I0039-F00.png,sun,single,512,512,PNG,317033,4a1db9bd41fbf5805cace80ce598312eacbbe16fd410f6a781d0949c8f89bcc6,1,
release/sun/S931374402-GM-A20-EAF-T14-S1-LH-C1-I0003-F00.png,sun,single,512,512,PNG,324855,b3eaa67499fb8a7b984ee6ee5f2472c0008e4c8fdd3b2da82365850825d44404,1,
release/sun/S931374402-GM-A20-EAF-T14-S1-LH-C1-I0013-F00.png,sun,single,512,512,PNG,312415,bee04d20f677bddeea3bb572ff5eb82dddc5afe6850f1a45de32a6f5e5836301,1,
release/sun/S932980426-GM-A79-EME-T14-S1-LH-C1-I0010-F00.png,sun,single,512,512,PNG,257040,3d450e1ef37c90cb264e41b1c6ec11e045e784b2d1a9e5ea93901dbdbf95458b,1,
release/sun/S932980426-GM-A79-EME-T14-S1-LH-C1-I0014-F00.png,sun,single,512,512,PNG,363493,318e0153e253d7a3eeb16551f722c35708e08fdea866855569829a3de63305cc,1,
release/sun/S932980426-GM-A79-EME-T14-S1-LH-C1-I0032-F00.png,sun,single,512,512,PNG,275316,8841db36aa43f00a76050dabe9b8fa90f16e85a84d0a4f30b3e3012715020a95,1,
release/sun/S932980426-GM-A79-EME-T14-S1-LH-C1-I0054-F00.png,sun,single,512,512,PNG,366268,654e9df24da5d7ffce39b9290ececd5b39ba523435ede6c66bc0e289ea3dac20,1,
release/sun/S94290629-GF-A23-EAF-T14-S1-LH-C1-I0030-F00.png,sun,single,512,512,PNG,360333,9ff43af7b7d5843c9a889ec5b4b870fab3c0dac16933b81c9bcd32567e1b56c8,1,
release/sun/S94888726-GM-A26-EME-T03-S1-LH-C1-I0049-F00.png,sun,single,512,512,PNG,304716,382bc277659acc380e2449beb62a1c40923154e213d35a248c6390d114fadcdc,1,
release/sun/S954227485-GF-A55-EME-T00-S1-LH-C1-I0054-F00.png,sun,single,512,512,PNG,392659,ac18a3f0e09f34f12d267a3c19114c7e325346db04262db5b56e879034bcb9d2,1,
release/sun/S956718444-GF-A38-EAS-T14-S1-LH-C1-I0018-F00.png,sun,single,512,512,PNG,298374,08f252f06b86c6b67fc480c3948ea7e369d647ff1cdd5f4569938b39887ea163,1,
release/sun/S95924864-GM-A18-EEA-T14-S1-LH-C1-I0017-F00.png,sun,single,512,512,PNG,351815,9ca312191d622adb6a05e970af691dd54b7bc618e62bb3b62316ed27bf43ce40,1,
release/sun/S959317588-GM-A42-EAS-T00-S1-LH-C1-I0008-F00.png,sun,single,512,512,PNG,372418,6cb8b92fa2594eee2ec34ad667bb6cb70cadb3969579819587971e447381a504,1,
release/sun/S959317588-GM-A42-EAS-T00-S1-LH-C1-I0054-F00.png,sun,single,512,512,PNG,342264,b7730eaba41100512b5092072fc9458ddf9d48a7064f75ac5d3b4f0b51ba1b15,1,
release/sun/S962503135-GF-A84-EEA-T14-S1-LH-C1-I0013-F00.png,sun,single,512,512,PNG,363052,82fadfb45e76e20646c8222bd1c5cf6574176abe297923d8209966711cd77820,1,
release/sun/S966499612-GM-A36-EEA-T14-S1-LH-C1-I0024-F00.png,sun,single,512,512,PNG,350502,bc60dd8c55a784d05ddf11c21a9f8fb743326294545a2fc1d22a678b661f94cb,1,
release/sun/S970888949-GF-A57-EEA-T15-S1-LH-C1-I0038-F00.png,sun,single,512,512,PNG,349641,0be0a7b2928d5aece5d15402e797b46b99e8826f6dd491eb89bf5cc6513c5ccb,1,
release/sun/S976538751-GM-A19-EAF-T14-S1-LH-C1-I0042-F00.png,sun,single,512,512,PNG,329842,7991c468f796cb919f1eab35b6877cd13c9fa75bfa0546534fe0ec7fd8a09946,1,
release/sun/S978873421-GF-A64-EEA-T01-S1-LH-C1-I0000-F00.png,sun,single,512,512,PNG,294959,6cd7303418405d2151b02211e5d473624332610f47ce978bb2b465f571f7e443,1,
release/sun/S980654402-GF-A53-EEA-T14-S1-LH-C1-I0004-F00.png,sun,single,512,512,PNG,294579,be4c9912ab92baa6ed4d97d3936f017afe28fcadaf1389ec77e4e2a5955a40ae,1,
release/sun/S982128636-GM-A71-EME-T01-S1-LH-C1-I0008-F00.png,sun,single,512,512,PNG,395474,8f02f0d1c054d839dd933caa16e26851ef7cf6bad3655b15f2b0573f8676a217,1,
release/sun/S982227952-GM-A31-EEA-T00-S1-LH-C1-I0051-F00.png,sun,single,512,512,PNG,297580,64106e7bdc7aa718249bf1751de834f6ba0ff64de3810e1b0728a79cea6ed27d,1,
release/sun/S98643087-GF-A34-EIA-T10-S1-LH-C1-I0042-F00.png,sun,single,512,512,PNG,392564,d97219675b774ed3cc0d1fd3447416756d9b3debccc784229bf73fc1fd5872b3,1,
release/sun/S987384432-GF-A95-EME-T01-S1-LH-C1-I0003-F00.png,sun,single,512,512,PNG,317628,f7a65ebabeffddb2d75a266fa31f8c4494fbf1d4ec528e4e825abba5eed799d9,1,
release/tq/S0000-GF-A20-EAF-T01-S1-LH-C1-I0000-F00.png,tq,single,512,512,PNG,365080,45114ed022c9c464ae74a1986dfb9a5121a70f365849c003ced7b27cce34f030,1,
release/tq/S0000-GF-A20-EEA-T10-S1-LH-C1-I0002-F00.png,tq,single,512,512,PNG,377524,fa5f1c484709f84a3e29dbfde37ecae373bb29fd5ff9ce9ef231c39b68f9a58c,1,
release/tq/S0000-GF-A22-EAF-T10-S1-LH-C1-I0002-F00.png,tq,single,512,512,PNG,292589,cf65348bab5c5675a9de77477765cfef5c9b37757fea2caaa9069c815f4769e1,1,
release/tq/S0000-GF-A22-EAS-T00-S1-LH-C1-I0001-F00.png,tq,single,512,512,PNG,301119,2a63764066d740d429cb13941b99ebb542826bdcbd93636d236f25e7255f22b2,1,
release/tq/S0000-GF-A23-EAS-T01-S1-LH-C1-I0002-F00.png,tq,single,512,512,PNG,330381,ad0f18ad41a843467e42d6d7de8bb441302d42e1cf09244dd963e0f3822652f2,1,
release/tq/S0000-GF-A23-EAS-T03-S1-LH-C1-I0001-F00.png,tq,single,512,512,PNG,362089,eaa23544440de95d98cd6e57ee00b5c1a5284beeeeed6a396377092caf41cad4,1,
release/tq/S0000-GF-A25-EAS-T03-S1-LH-C1-I0000-F00.png,tq,single,512,512,PNG,354294,0957689dc9da3b34f5d10380f9eeca849013443107268799eba11f016cd28985,1,
release/tq/S0000-GF-A28-EAS-T00-S1-LH-C1-I0001-F00.png,tq,single,512,512,PNG,339939,683b35ee95d257a8d95552a0453228eeaa3e253106c4293985fecff617eaeb76,1,
release/tq/S0000-GF-A30-ISP-T11-S1-LH-C1-I0002-F00.png,tq,single,512,512,PNG,372594,b00019adf9ce3c20560dbc90070f27caba6db4ab622546fcd4b49c416598b9f4,1,
release/tq/S0000-GF-A32-EIA-T00-S1-LH-C1-I0000-F00.png,tq,single,512,512,PNG,397937,cab276c20d2840877ca2f843596533e6a34d9218637bf4ed7c3d97baa9620e4b,1,
release/tq/S0000-GF-A33-EEA-T10-S1-LH-C1-I0000-F00.png,tq,single,512,512,PNG,323000,1740730b1f7ba576955a4da78e2fe4e2e64d6c2d3b177a8386283ad32545046d,1,
release/tq/S0000-GF-A33-EEA-T10-S1-LH-C1-I0001-F00.png,tq,single,512,512,PNG,369309,a8aedb595177c9d4e270ac3bd4180cec07bbe79182c46f4698f55aaba62416de,1,
release/tq/S0000-GF-A34-EIA-T01-S1-LH-C1-I0002-F00.png,tq,single,512,512,PNG,362272,da332e5ebb25b6f0262b13a3673f4e2e8557c2e5b774b0bb4bb828a43b273e31,1,
release/tq/S0000-GF-A34-ISP-T01-S1-LH-C1-I0000-F00.png,tq,single,512,512,PNG,362854,ce8be5ab40a250ad19d3579929fc5ee4d8ab0eb697fc3d768a4c2aa6d8050a54,1,
release/tq/S0000-GF-A36-EIA-T02-S1-LH-C1-I0003-F00.png,tq,single,512,512,PNG,349456,9051e591138788de00db259707f415c00a1b57c4c0b07314a0abf9686cfbf0c0,1,
release/tq/S0000-GF-A38-EAS-T11-S1-LH-C1-I0000-F00.png,tq,single,512,512,PNG,336654,02b57fc9deeb9812351490ddfeb7eb31bf98a0ed1968aa5e3664158187813fc5,1,
release/tq/S0000-GF-A39-EAS-T01-S1-LH-C1-I0000-F00.png,tq,single,512,512,PNG,343623,c9173305e4f2eb183412a71683c2bbb40f1231130aa821daa1b568c51ff1988b,1,
release/tq/S0000-GF-A39-EAS-T01-S1-LH-C1-I0002-F00.png,tq,single,512,512,PNG,347466,aa18bda153153496cf92d3c042b75113269e6bc0b293c4b160f9a6d9c044cf06,1,
release/tq/S0000-GF-A39-EAS-T01-S1-LH-C1-I0003-F00.png,tq,single,512,512,PNG,375693,e9f5ebfc5f8ec580c6b800d8b37ef4689de5f3b6952f048ca71a0924bce1d036,1,
release/tq/S0000-GF-A40-EIA-T10-S1-LH-C1-I0001-F00.png,tq,single,512,512,PNG,363058,c620938eaf97d0782a5375b86baa57b367f893f979011160c443a9d940db7779,1,
release/tq/S0000-GF-A41-EAS-T01-S1-LH-C1-I0002-F00.png,tq,single,512,512,PNG,328142,b6045042c1f74cbf66edd690d22ae592b716cfbc214dd3efb47684cb6cd64a5f,1,
release/tq/S0000-GF-A42-ISP-T01-S1-LH-C1-I0001-F00.png,tq,single,512,512,PNG,352153,0dd1f535f3219fa9aa529f099ddc2150aa8327e60324e5a414d3e354ac0603f2,1,
release/tq/S0000-GF-A43-EAF-T10-S1-LH-C1-I0000-F00.png,tq,single,512,512,PNG,387200,be943b2f1a810d0e1680debaa6021cfec3262210db6ef65493e13d226ad9ff8e,1,
release/tq/S0000-GF-A43-EAF-T10-S1-LH-C1-I0001-F00.png,tq,single,512,512,PNG,380722,f6bbdedfcb060a08ede562348bc72948066e08ccf49089cc48202314e950baac,1,
release/tq/S0000-GF-A43-EAF-T10-S1-LH-C1-I0003-F00.png,tq,single,512,512,PNG,393013,b4e586060529f60c5e6f449011af5b9c47d71ce53990bc9901a8043aad1537ba,1,
release/tq/S0000-GF-A43-EIA-T03-S1-LH-C1-I0002-F00.png,tq,single,512,512,PNG,347574,9442a340421297e97cefe410b7eb2d5f897fe7ed7c1c48d0869240eb8fbe5012,1,
release/tq/S0000-GF-A44-EIA-T03-S1-LH-C1-I0002-F00.png,tq,single,512,512,PNG,387854,40d9f634feb292da771f1ae290a817732a7564a2f3081884fcb3c84d2b364519,1,
release/tq/S0000-GF-A45-EAS-T10-S1-LH-C1-I0000-F00.png,tq,single,512,512,PNG,353797,1d7da73e8f9e58806a045529af59ddc8406121d87a5b16e727d36cdea22397d2,1,
release/tq/S0000-GF-A45-EAS-T10-S1-LH-C1-I0003-F00.png,tq,single,512,512,PNG,371437,46d51e67c7c6d2746f70a18542ed4282183bf3856913db497994e7681bcea987,1,
release/tq/S0000-GF-A45-EEA-T02-S1-LH-C1-I0000-F00.png,tq,single,512,512,PNG,347113,9aea799c9463d02b85acf45fb60502f75c0d4d77a68b6b92a1aead5f8bdd992d,1,
release/tq/S0000-GF-A46-EAF-T03-S1-LH-C1-I0002-F00.png,tq,single,512,512,PNG,381485,d990593843621790b57704e693d58b8434932f0ad2c29f6d37e2ac2f299faef8,1,
release/tq/S0000-GF-A46-ISP-T00-S1-LH-C1-I0000-F00.png,tq,single,512,512,PNG,373109,a6ebab262e33c38b32678f46566db67f5df7414e9ef87eaab89e7d0b5bd06545,1,
release/tq/S0000-GF-A49-EAS-T01-S1-LH-C1-I0002-F00.png,tq,single,512,512,PNG,409728,f5aa071683b150d1dfe72e2efcac42afddbcc433ba18c85f2c1d2c3e5a740209,1,
release/tq/S0000-GF-A51-EAS-T10-S1-LH-C1-I0000-F00.png,tq,single,512,512,PNG,362276,44b2ecaf46f4aacb7710a9efe293a5cbe1a4d97c435b739c054bd5a307b81903,1,
release/tq/S0000-GF-A52-EIA-T01-S1-LH-C1-I0000-F00.png,tq,single,512,512,PNG,382756,cc5a5086115af0977eb984a591a02e66edff6f894e5b0b8592d8751c84e74208,1,
release/tq/S0000-GF-A55-EAS-T11-S1-LH-C1-I0000-F00.png,tq,single,512,512,PNG,340034,2d83ccaab206f9273d83f52bdbc80b017f49a06ba55c0272002e183591a372be,1,
release/tq/S0000-GF-A59-EAF-T01-S1-LH-C1-I0001-F00.png,tq,single,512,512,PNG,328754,838cc9bc11b82af67d173a4b8f29c2f4a8dedef1a0793424cb18bc3e68ff5747,1,
release/tq/S0000-GF-A61-ISP-T03-S1-LH-C1-I0002-F00.png,tq,single,512,512,PNG,363384,47f98d49508c7fb1d5153af1931f61a66c6c33562215a745dd1bff6f8187ed16,1,
release/tq/S0000-GF-A63-EAS-T01-S1-LH-C1-I0001-F00.png,tq,single,512,512,PNG,370062,238d1c8c73c31740e20361cf7e4e54dc360cdcfc4e7fb1370132fc15f7d0884c,1,
release/tq/S0000-GF-A63-EAS-T01-S1-LH-C1-I0002-F00.png,tq,single,512,512,PNG,367828,cd091acbc6a9d5245c0f916782694b42d6803104db1c81a9fd3601900c217e8f,1,
release/tq/S0000-GF-A63-EAS-T01-S1-LH-C1-I0003-F00.png,tq,single,512,512,PNG,338684,ce2dab6e44b1c1c2e1de3440ae1d40069e403671b3ff0b884692bcca4d996035,1,
release/tq/S0000-GF-A63-EAS-T11-S1-LH-C1-I0002-F00.png,tq,single,512,512,PNG,344158,2b13bd91a81250769c22127a728546074153b4bad55da3a7a6d888b4e65ee6a4,1,
release/tq/S0000-GF-A63-EAS-T11-S1-LH-C1-I0003-F00.png,tq,single,512,512,PNG,360850,ceaeb15c3b2d6ec21bb2df061d96e224ccd1c1bc4f82ee4350a068966ff341f4,1,
release/tq/S0000-GF-A64-EEA-T01-S1-LH-C1-I0002-F00.png,tq,single,512,512,PNG,356882,cddfe26d57de6b1ddf970f94936c3769572b4edb630499c5bceb61ef460162b1,1,
release/tq/S0000-GF-A67-EAF-T00-S1-LH-C1-I0002-F00.png,tq,single,512,512,PNG,360669,9253f499fbe29bbe91a93c32fb4cdc96b804de6469be45947857837dd7e9747c,1,
release/tq/S0000-GF-A70-EEA-T03-S1-LH-C1-I0000-F00.png,tq,single,512,512,PNG,385041,3b13e6de2d0976ddb20b1d406e9071599f6454134d60e19fa2e79f13997bc886,1,
release/tq/S0000-GF-A71-ISP-T01-S1-LH-C1-I0000-F00.png,tq,single,512,512,PNG,372071,f4832702ae1dfbb2a5c1263befb41f5061801062c7a6b5be8b5fbb54f555175b,1,
release/tq/S0000-GF-A71-ISP-T01-S1-LH-C1-I0002-F00.png,tq,single,512,512,PNG,353065,862ba3355e8c8d28721b6e3f878ce4a9efe319fa1cf7b2c73e3287e0e9b5f1b6,1,
release/tq/S0000-GF-A71-ISP-T01-S1-LH-C1-I0003-F00.png,tq,single,512,512,PNG,371900,c27dc151f5431dd9bd53c5a95c5a9ec5d39f533c57b1c222acc4b4eb77a56a92,1,
release/tq/S0000-GF-A75-EME-T00-S1-LH-C1-I0001-F00.png,tq,single,512,512,PNG,373743,30f29d965e9be5028bcc987aca1158c1cf2951f17514b081c2e0e36689cdeb27,1,
release/tq/S0000-GF-A77-EAS-T00-S1-LH-C1-I0000-F00.png,tq,single,512,512,PNG,358152,0f02ea67d1da20e0d5eccda275e0b340c4654a735b19cb72ab040db2173fed0b,1,
release/tq/S0000-GF-A77-EAS-T00-S1-LH-C1-I0003-F00.png,tq,single,512,512,PNG,362207,9eaf8861e08303860ee3d4220609c0161dd20e4b3fab5077dc35039c8d575c8d,1,
release/tq/S0000-GF-A79-EAS-T03-S1-LH-C1-I0000-F00.png,tq,single,512,512,PNG,365582,4ab8dcfa7c2b751874d1e30405c2a6f647b16b0bc8354bfbe250252a51b01019,1,
release/tq/S0000-GF-A84-EME-T10-S1-LH-C1-I0000-F00.png,tq,single,512,512,PNG,383065,1098683c1cf19cf7b2d7ce24e2f662c0b89dc957792a59317f080617196e8a64,1,
release/tq/S0000-GF-A84-EME-T10-S1-LH-C1-I0003-F00.png,tq,single,512,512,PNG,367903,9eb74c7beef78e9ac78676d6dd1ff5a2fb49a28c8594dedb1579d294841068bb,1,
release/tq/S0000-GF-A87-EEA-T01-S1-LH-C1-I0003-F00.png,tq,single,512,512,PNG,393258,2ceb7154f5b66378ddfc5683567f5466497dc0ab3c07edffcdc16e3dbab2c1ca,1,
release/tq/S0000-GF-A98-ISP-T11-S1-LH-C1-I0000-F00.png,tq,single,512,512,PNG,388760,75bd8e0df4e3c221a9145cb9f457b3b922ca3ea98927e0be62548970bba9c74c,1,
release/tq/S0000-GF-A98-ISP-T11-S1-LH-C1-I0001-F00.png,tq,single,512,512,PNG,331927,533aea83d9c7e97eaf4e93ad347daa52753fc098d5d0105301f14c86eaa0dad2,1,
release/tq/S0000-GF-A98-ISP-T11-S1-LH-C1-I0003-F00.png,tq,single,512,512,PNG,366368,665533bf5573115d50b955a3e4db724b5d73111103729268abe6ebdbaabc8fdb,1,
release/tq/S0000-GM-A20-EEA-T03-S1-LH-C1-I0001-F00.png,tq,single,512,512,PNG,380982,024b4e1913747f8059d980108361bc495be94c91e47430b870a1fa1773c47dab,1,
release/tq/S0000-GM-A31-EAS-T01-S1-LH-C1-I0000-F00.png,tq,single,512,512,PNG,314174,8c923c3f2a19bf4aedcad5a7cff8c81dc6edf67962d3d6fa4c279eb524ad0b8c,1,
release/tq/S0000-GM-A37-EAS-T11-S1-LH-C1-I0001-F00.png,tq,single,512,512,PNG,337989,0acb08058ec4864182109fbe8f9402593714ddcd71b6e3a977d939fffbc9f1bf,1,
release/tq/S0000-GM-A42-EAS-T00-S1-LH-C1-I0002-F00.png,tq,single,512,512,PNG,355842,c980aa6984c4ff9bcb9001a0f85db28011f7d3489c31a4f1f373e04bef371893,1,
release/tq/S0000-GM-A63-EAF-T10-S1-LH-C1-I0000-F00.png,tq,single,512,512,PNG,358831,d9adfb7510c0971ab1b5bf39ab2a06204f8a605398375110cd680c42fdf0abee,1,
release/tq/S0000-GM-A71-EAF-T11-S1-LH-C1-I0002-F00.png,tq,single,512,512,PNG,393019,4b5028cc48a5eb5331fd66d13c42580bfce5f711fef86007ec0a799ce20022a4,1,
release/tq/S0000-GM-A72-ISP-T03-S1-LH-C1-I0000-F00.png,tq,single,512,512,PNG,347676,0486faa765bbd93a3894ff16ff5563a8fc9b025e2b339475aaa6ab71e185b7c1,1,
release/tq/S0000-GM-A72-ISP-T03-S1-LH-C1-I0001-F00.png,tq,single,512,512,PNG,383468,07bd933f76ec26fffb85023d46da71befe22926a04ed72e90b9064af0714df7f,1,
release/tq/S0000-GM-A93-ISP-T11-S1-LH-C1-I0001-F00.png,tq,single,512,512,PNG,346253,6569772dab964c953623cd9993904f1462dc8f492b3bae75df8a701ed49c1b10,1,
release/tq/S0000-GM-A97-EIA-T00-S1-LH-C1-I0002-F00.png,tq,single,512,512,PNG,389607,43e8f2cb682522e0792d8e5264b0115c30f1d616f00f26fb317e215bf55072dd,1,
release/tq/S0000-GN-A41-EAF-T10-S1-LH-C1-I0003-F00.png,tq,single,512,512,PNG,326575,82605c605b95f20f50597ef34ab540362f52f1d07ab18d8f4ca11033901fc3a1,1,
release/tq/S0000-GN-A65-EAS-T01-S1-LH-C1-I0000-F00.png,tq,single,512,512,PNG,390576,63a8107f8591c6a179fee50512a7ac385de4c6a23a50ca8e1e2e71a6e45c0d2b,1,
release/tq/S0000-GN-A65-EAS-T01-S1-LH-C1-I0001-F00.png,tq,single,512,512,PNG,387067,a8d7d54b132b7d75201099c6a90b9896c106debd2f5b7ad9651bdbe5ce72da2b,1,
release/tq/S0000-GN-A65-EAS-T01-S1-LH-C1-I0002-F00.png,tq,single,512,512,PNG,380229,fe1407468a2a8d3d24679b8f15223389599f6890ffb5eb4348183656e61cdb16,1,
release/tq/S0000-GN-A70-EAF-T11-S1-LH-C1-I0000-F00.png,tq,single,512,512,PNG,367216,58789cccd80c207f937edfaa5ffed3ab30350e440435fc66cb1d73f2d51f8b10,1,
release/tq/S115293589-GF-A67-EME-T01-S1-LH-C1-I0018-F00.png,tq,single,512,512,PNG,335037,72e68e043b7ff5575e44a26200519cce479b8f8124798c345f0fb421fe8bc10c,1,
release/tq/S115379105-GF-A98-EEA-T14-S1-LH-C1-I0023-F00.png,tq,single,512,512,PNG,315717,a9ba7e019c42b1459086b459d1706ab9ff6896b0db53e6580834eaec402d8b96,1,
release/tq/S115379105-GF-A98-EEA-T14-S1-LH-C1-I0062-F00.png,tq,single,512,512,PNG,319113,3a00ae5b8c5e01a49e3644420a0fe9da3f630bbc13de93b98e18828b003ae323,1,
release/tq/S116651325-GM-A28-EEA-T13-S1-LH-C1-I0049-F00.png,tq,single,512,512,PNG,375813,7cb27ef6cf7b1efd7c76e81a838a8891d952b8cb18601a81470db722e6034475,1,
release/tq/S116651325-GM-A28-EEA-T13-S1-LH-C1-I0057-F00.png,tq,single,512,512,PNG,343002,08fc348c1f70be3c9423af45032b253d8478c9cdd26a7854978f8a866b66a5b7,1,
release/tq/S137547030-GF-A76-EEA-T01-S1-LH-C1-I0011-F00.png,tq,single,512,512,PNG,303696,738789b8c4745a9dcfc1e429904b6cf5c1dbba4fbc27e0f2cebb515232df35d9,1,
release/tq/S138993008-GF-A66-EAF-T00-S1-LH-C1-I0026-F00.png,tq,single,512,512,PNG,308652,16688067d38e2b6d74099371b0059d593653d6ad8dab47eed4c6a8849245f10d,1,
release/tq/S138993008-GF-A66-EAF-T00-S1-LH-C1-I0045-F00.png,tq,single,512,512,PNG,320490,61fd65c727cdba605d81e60e8b9440e02ccc7b771612e4efdb1f792e41f95e21,1,
release/tq/S138993008-GF-A66-EAF-T00-S1-LH-C1-I0053-F00.png,tq,single,512,512,PNG,324791,292767f783a965c6f42b73af2b418ac0c85bae5dd03213d3eea1aba3d84890e3,1,
release/tq/S139193919-GM-A90-EIA-T14-S1-LH-C1-I0001-F00.png,tq,single,512,512,PNG,335531,2cf082cf993c8a12acab36c59b2117c9346a94938fae3f403ae429757db90e11,1,
release/tq/S139193919-GM-A90-EIA-T14-S1-LH-C1-I0063-F00.png,tq,single,512,512,PNG,361754,55fff51e335432c694c37e061c5551f575bc8c04056a9a9bb523726482b57fb7,1,
release/tq/S158603142-GF-A91-EME-T03-S1-LH-C1-I0006-F00.png,tq,single,512,512,PNG,326366,039b1ad96b97fe301a27a933241f387bf2a505eeb0fefdd610dfc59cb8379891,1,
release/tq/S162531545-GF-A19-EEA-T01-S1-LH-C1-I0041-F00.png,tq,single,512,512,PNG,375121,e98e23ffd72d72d4a5e7d234dfb3fc5bcf5c0e128fa9c9909f2b6f324d5fedf3,1,
release/tq/S165380664-GM-A31-EIA-T01-S1-LH-C1-I0001-F00.png,tq,single,512,512,PNG,339356,92b74cac252d5a6f22ae029339dac7ad5d1c5696311ce759b09fffd450b4ad7f,1,
release/tq/S169208368-GM-A35-EME-T14-S1-LH-C1-I0063-F00.png,tq,single,512,512,PNG,384496,bb595d49b54cd4385bba11e0ee67effdb335566adc7d3050c99c2b228f8abf78,1,
release/tq/S179125778-GM-A37-EME-T01-S1-LH-C1-I0001-F00.png,tq,single,512,512,PNG,341369,255432e058c3bbb01106ab3407a27d625e86ded210967e1f92d979ec501cdbfa,1,
release/tq/S179125778-GM-A37-EME-T01-S1-LH-C1-I0031-F00.png,tq,single,512,512,PNG,362345,5e072127d3e990a18fee8fdefb3adf6ff163d8c0a8c51f57960c5c18f83f01c2,1,
release/tq/S179125778-GM-A37-EME-T01-S1-LH-C1-I0061-F00.png,tq,single,512,512,PNG,308248,a1fd3b72a78cbe70e5585241da7d2410d53c1149a7bda8361e0f6cb83520d1a8,1,
release/tq/S179125778-GM-A37-EME-T01-S1-LH-C1-I0063-F00.png,tq,single,512,512,PNG,353220,cb2f43afda54e5c4977df22ebe6491b2ca3c7fde142c38c7797929ae198e5d74,1,
release/tq/S184299974-GF-A49-EME-T10-S1-LH-C1-I0044-F00.png,tq,single,512,512,PNG,366187,4cb19070e0e5f2348cc935a42874e1f39e6fc261b4a5339aa31654a35816bb39,1,
release/tq/S184299974-GF-A49-EME-T10-S1-LH-C1-I0063-F00.png,tq,single,512,512,PNG,366426,c441e45c07e2fc5dfd7affc36f81c412c2ab837315580908c9bdf535a3fb2d5c,1,
release/tq/S189598279-GF-A44-EEA-T00-S1-LH-C1-I0035-F00.png,tq,single,512,512,PNG,313743,ca629897addac5eac82e420ba78bdf8249c797356944f3f414a706f1b78d0fb0,1,
release/tq/S198149424-GF-A51-EEA-T13-S1-LH-C1-I0061-F00.png,tq,single,512,512,PNG,365140,45215ee52262ac00d33c3d50c4bd75823d615401e197c5b889dfb8a12b8611a6,1,
release/tq/S201768449-GM-A26-EEA-T00-S1-LH-C1-I0054-F00.png,tq,single,512,512,PNG,336654,fb418d6991164fd028b40955029b4bad163bd52b0c9eafcd4329b89053664587,1,
release/tq/S219134961-GM-A51-EME-T00-S1-LH-C1-I0036-F00.png,tq,single,512,512,PNG,327619,e2a6cba8780a6e5a68832d4dbc5cfd7746f5dd239918c0761b8e5ea2dd3f0116,1,
release/tq/S231181786-GM-A36-EEA-T00-S1-LH-C1-I0046-F00.png,tq,single,512,512,PNG,362746,e5be1ab49068d0131aabc9f4c16146aec7b29d006e6e152c2b6d15821baf7f6f,1,
release/tq/S231181786-GM-A36-EEA-T00-S1-LH-C1-I0050-F00.png,tq,single,512,512,PNG,362214,3cd8a113cb77fadd220e1d8b3cca484fcd5058bcd4ae279c7a2cf957d987453f,1,
release/tq/S240935283-GM-A93-EEA-T01-S1-LH-C1-I0027-F00.png,tq,single,512,512,PNG,371420,a04780e4f8af273597ec5fc7078138ab2fa384767a79180336bd513004f595dc,1,
release/tq/S240935283-GM-A93-EEA-T01-S1-LH-C1-I0053-F00.png,tq,single,512,512,PNG,399425,3b7380dceec0fb7107d50a0cac72324bbe68ff4c95f4a912b9abfeee5232df55,1,
release/tq/S245655911-GM-A99-EIA-T14-S1-LH-C1-I0013-F00.png,tq,single,512,512,PNG,357541,8af0ffbf7ba17bfc3e6f38cf01bd9b7844cf795c32769cd4bba39d90160807dc,1,
release/tq/S245655911-GM-A99-EIA-T14-S1-LH-C1-I0055-F00.png,tq,single,512,512,PNG,420982,e11591041b063e5843dddb4a0bfc1ccb16f7dd8bfc044c9dbb6d72f936cdea10,1,
release/tq/S24691945-GM-A77-EAS-T00-S1-LH-C1-I0040-F00.png,tq,single,512,512,PNG,379476,ec3e0b1f80c5a66e3a52b4f7c28620e2b5dc1e0048e2f2e65bc65b479fcff9a4,1,
release/tq/S248968574-GM-A81-EAS-T14-S1-LH-C1-I0035-F00.png,tq,single,512,512,PNG,279224,61db683c9e30a2aae91461a0ab6886f5f8d9b84b5cfef221cd5140652d38e6cd,1,
release/tq/S261182015-GM-A24-EEA-T01-S1-LH-C1-I0050-F00.png,tq,single,512,512,PNG,316752,95a5e6a0882065cbe7d81baa848112ce6d9c95c1143abea8518ec4b6a5f5c91e,1,
release/tq/S263350538-GM-A69-EME-T15-S1-LH-C1-I0025-F00.png,tq,single,512,512,PNG,389175,274ff57ef8684c2856b7dc5ffb28c25c1d5a2a021794d909980ce92895eed152,1,
release/tq/S263350538-GM-A69-EME-T15-S1-LH-C1-I0037-F00.png,tq,single,512,512,PNG,391396,b25e0b1ebe10ecac0ee40f0c2cfe238df25f337410023711ba58f8dedc645b8a,1,
release/tq/S263350538-GM-A69-EME-T15-S1-LH-C1-I0048-F00.png,tq,single,512,512,PNG,382227,22d0bfeccf24d1d0893462f6f1d4b08760e40bbac1de54fd97b1cbf271f18fd1,1,
release/tq/S263350538-GM-A69-EME-T15-S1-LH-C1-I0060-F00.png,tq,single,512,512,PNG,383791,246273d1413024e5500c73b9eab37973131e5f8b859cf740c4998476220a27d6,1,
release/tq/S264396021-GM-A30-EAS-T14-S1-LH-C1-I0022-F00.png,tq,single,512,512,PNG,326395,0b40ae994b72a391262a6d11556857cdb41d45b73c649ce93a83e4f4eb6032b9,1,
release/tq/S266983093-GF-A25-EEA-T01-S1-LH-C1-I0005-F00.png,tq,single,512,512,PNG,283456,45d191be32011425c495d99ef563e148641e875efa61e47141fb002c3e6ab12b,1,
release/tq/S266983093-GF-A25-EEA-T01-S1-LH-C1-I0022-F00.png,tq,single,512,512,PNG,297181,ab07b0efed6eb62415471513bf163ec19926cf46815130cdc8a05433f88f3f9c,1,
release/tq/S266983093-GF-A25-EEA-T01-S1-LH-C1-I0057-F00.png,tq,single,512,512,PNG,301937,9b719191b42c59434415fdfc6823c47b8aae169845d8051abd28d9019064f1c1,1,
release/tq/S266983093-GF-A25-EEA-T01-S1-LH-C1-I0059-F00.png,tq,single,512,512,PNG,291689,9541097577d9636d64b06fc2da155e9d05d69fb870b6d0aeef6df4bff07b4fca,1,
release/tq/S274869653-GF-A68-EAS-T03-S1-LH-C1-I0019-F00.png,tq,single,512,512,PNG,356621,61ee021b40e79b0e259db31feb75f8f1c90def20bf6a8a01bbf09b152ff6cced,1,
release/tq/S274869653-GF-A68-EAS-T03-S1-LH-C1-I0047-F00.png,tq,single,512,512,PNG,362749,c418b6db73a607adbdd4a9d10e8198eb22a697f8fa426c9b01511be72f68fbed,1,
release/tq/S277323635-GF-A45-EME-T00-S1-LH-C1-I0001-F00.png,tq,single,512,512,PNG,248466,048348e5542be93d78026894e150d5d441ebb94b8070bf7c25a831c9d420db00,1,
release/tq/S300524837-GM-A42-EEA-T01-S1-LH-C1-I0011-F00.png,tq,single,512,512,PNG,408833,a4833d315ebd15855ebdd89f6f72d018047248f9b220ab90db92115695b79588,1,
release/tq/S302954959-GM-A49-EEA-T00-S1-LH-C1-I0037-F00.png,tq,single,512,512,PNG,300747,5a26eb0f486e783342e00a7ab3a2d0154bfd8f6b4b90e98dca22f39fe4bbf8f7,1,
release/tq/S303695349-GM-A23-EEA-T03-S1-LH-C1-I0022-F00.png,tq,single,512,512,PNG,314374,21d7bd972b2e4d9863abe42291a3694de31967c59475db554a4c1de188c3c5bd,1,
release/tq/S313264566-GM-A81-EAF-T14-S1-LH-C1-I0046-F00.png,tq,single,512,512,PNG,367520,f2a8048b067a7a1ffd75df8bb93fd5db8c42e74d659f5700f7730379ea5849a0,1,
release/tq/S320892356-GF-A70-EIA-T03-S1-LH-C1-I0018-F00.png,tq,single,512,512,PNG,376228,e096be81112e63a3a51b481d6e636e01b822e8f1c0965f0f74829a5b4d8a1af0,1,
release/tq/S320892356-GF-A70-EIA-T03-S1-LH-C1-I0063-F00.png,tq,single,512,512,PNG,386425,60304736ec8f1622dfaac2dba482cc53b665a7e3b3f3d1a4906d64679a0f4ba7,1,
release/tq/S325074401-GF-A50-EAS-T03-S1-LH-C1-I0056-F00.png,tq,single,512,512,PNG,311528,4f1c778d974effcea1f3a889e96b01f239e851d33c31c477c86ae9a684d49675,1,
release/tq/S334697091-GM-A32-EAS-T14-S1-LH-C1-I0042-F00.png,tq,single,512,512,PNG,347845,2b3a04fa37a7c1a9ff714d5aecee3dda892ecba47d977dad533ad6472ddec17c,1,
release/tq/S336053665-GF-A75-EME-T13-S1-LH-C1-I0001-F00.png,tq,single,512,512,PNG,320454,019b21fa7a66130769acd37892f3b18643de59f6ceed941c75c3b5e8027342e4,1,
release/tq/S336053665-GF-A75-EME-T13-S1-LH-C1-I0026-F00.png,tq,single,512,512,PNG,335688,cd12bebe0d03ad7b502f4cb4dc9cc81e2cbb8109d466ecaccb32a3a2bb972bbd,1,
release/tq/S336053665-GF-A75-EME-T13-S1-LH-C1-I0043-F00.png,tq,single,512,512,PNG,335694,1f1c01a5c72719fa33ed3614f54414cbfca161b1b9a4466efed2d435e6f1e62a,1,
release/tq/S343899513-GM-A51-EME-T01-S1-LH-C1-I0035-F00.png,tq,single,512,512,PNG,374081,2cf76a08d8aa70eb0a7d51df9a9d51ed25480d1142ef931c43245f6064cbe563,1,
release/tq/S350657874-GM-A37-EEA-T00-S1-LH-C1-I0028-F00.png,tq,single,512,512,PNG,319431,7a004963cdb5655556705f388800eb803cf50ca1e76dd6db0d5a18c366fb5756,1,
release/tq/S350657874-GM-A37-EEA-T00-S1-LH-C1-I0050-F00.png,tq,single,512,512,PNG,281290,9db2e1759c739e9871f2fd6abc289500c6ba1a1a9643561f5190c46136d88ddb,1,
release/tq/S357930171-GM-A56-EEA-T03-S1-LH-C1-I0054-F00.png,tq,single,512,512,PNG,379729,2909925c3752b78de68df9b9b802b00a3115fcabc65d14c15eeb18333212ee49,1,
release/tq/S365298663-GM-A57-EEA-T03-S1-LH-C1-I0050-F00.png,tq,single,512,512,PNG,346025,bd8908eb4cfdede3eb0ce1f0db888a3921fdf2f13b984e3dbdf9f71852006ea4,1,
release/tq/S375545605-GM-A47-EEA-T00-S1-LH-C1-I0010-F00.png,tq,single,512,512,PNG,307021,3bbc9fc820ad669a4da33b2903aede0d28178112b25bbe585fdd608ca3da9329,1,
release/tq/S375545605-GM-A47-EEA-T00-S1-LH-C1-I0016-F00.png,tq,single,512,512,PNG,379861,79bcb9f175c2a660159bd32fa12dd8e21b1552cc2e70070f3e9a1e3274c4b465,1,
release/tq/S376287613-GF-A19-EAF-T14-S1-LH-C1-I0063-F00.png,tq,single,512,512,PNG,259419,5cc91c3dbfc4bb1fdde529294f33bfcb0335f7e388af733b3560796f19eb56a5,1,
release/tq/S377896724-GF-A29-EEA-T10-S1-LH-C1-I0018-F00.png,tq,single,512,512,PNG,332394,88c13b9e77438cc8c23289dbf19818522ba4cb3f948f617c65c42d8b6cbd412a,1,
release/tq/S377896724-GF-A29-EEA-T10-S1-LH-C1-I0047-F00.png,tq,single,512,512,PNG,284195,084a97a1ba88d5f1d692f7b72437be540008b7ae3030282264b1103a3ba728b6,1,
release/tq/S380795387-GF-A58-EEA-T14-S1-LH-C1-I0047-F00.png,tq,single,512,512,PNG,336977,19cb7de3c35ba1875a284d5ac951aa2d725af97d96efe144c095cddeea5dcdfb,1,
release/tq/S39590804-GM-A53-EEA-T03-S1-LH-C1-I0000-F00.png,tq,single,512,512,PNG,383998,b27c39a8038e6dfcc25ffca6a9cc6d3cf8b444bc41b133e6d14143ab23da2684,1,
release/tq/S50180802-GM-A26-EEA-T00-S1-LH-C1-I0040-F00.png,tq,single,512,512,PNG,303165,6aacfaf5d6d88c88ea028f5bf93af7aba03de8153cc0b14dad37b4a790e10e3d,1,
release/tq/S59102185-GM-A41-EME-T01-S1-LH-C1-I0030-F00.png,tq,single,512,512,PNG,322628,62f31a9870d8ee3dbd15cd5d3216b801fe0e9819a7ea36646cd87d20a2f4437a,1,
release/tq/S59102185-GM-A41-EME-T01-S1-LH-C1-I0033-F00.png,tq,single,512,512,PNG,354823,6e360f98a947c898ac6b10a538d77926551189f5e8bafdf5ed598f40c1033c81,1,
release/tq/S62856989-GM-A53-EAS-T14-S1-LH-C1-I0022-F00.png,tq,single,512,512,PNG,357019,3841c9205e250bbb175e38d1b310a74245036acb8fea66ee5851c60fd791158a,1,
release/tq/S85153826-GM-A28-EEA-T03-S1-LH-C1-I0045-F00.png,tq,single,512,512,PNG,327305,dd6672aa522120ed80fb387a49a0cd44c0322d158057d2e711e4abb0d33b9c00,1,
release/tq/S94290629-GF-A23-EAF-T14-S1-LH-C1-I0061-F00.png,tq,single,512,512,PNG,360479,631092eac4ae204e740b5961e1d760de1cceff463355b442e8eff6efa84497f7,1,
release/tq/S95924864-GM-A18-EEA-T14-S1-LH-C1-I0054-F00.png,tq,single,512,512,PNG,341303,0e242493fa4f496330b5050afe5ad77c1f15f67718c744298a2b7fcfd76f0a9b,1,
release/zoom/S108161842-GM-A52-EEA-T11-S1-LH-C1-I0007-F00.png,zoom,single,512,512,PNG,394215,89f33cc83d75557ec18257fada9e001c97df3d6d4ffe4a7833d4464944a2b94b,1,
release/zoom/S113923411-GF-A35-EEA-T14-S1-LH-C1-I0048-F00.png,zoom,single,512,512,PNG,296267,56c678ee045c9b030146a87cc7709c9c87eec5376642d04c346177e2cdcda45d,1,
release/zoom/S115293589-GF-A67-EME-T01-S1-LH-C1-I0030-F00.png,zoom,single,512,512,PNG,407114,75fd9416740ddd005ba71dff75222a9374334283887a6603a95f7a102907f0ec,1,
release/zoom/S115379105-GF-A98-EEA-T14-S1-LH-C1-I0044-F00.png,zoom,single,512,512,PNG,427845,0dfdf24fa250bc4471cc20450f37b6281ce0514f893de396ad1bab7fabe335cf,1,
release/zoom/S116651325-GM-A28-EEA-T13-S1-LH-C1-I0056-F00.png,zoom,single,512,512,PNG,389279,cc4fa79ee3591c10d0bb421cab79a0636928adcf90e2f13aa20e5aeb15207633,1,
release/zoom/S120660598-GM-A33-EEA-T00-S1-LH-C1-I0034-F00.png,zoom,single,512,512,PNG,425741,5c5f9280ce694d23646a77ed31b3399ad7031bc5e6b4e14a8b0a4d60f6e25684,1,
release/zoom/S121566497-GF-A32-EEA-T14-S1-LH-C1-I0036-F00.png,zoom,single,512,512,PNG,427229,3a323b77977ab823754ac05933cb2b9804eb97535e875e0004be9997b646be39,1,
release/zoom/S121714872-GF-A34-EAF-T03-S1-LH-C1-I0053-F00.png,zoom,single,512,512,PNG,431009,e03cfe4893ab72c18b456f3e7725b8f3d392bdce15e1204d226f8be8ff09f986,1,
release/zoom/S124298498-GM-A91-EEA-T14-S1-LH-C1-I0034-F00.png,zoom,single,512,512,PNG,377548,0b83c137e89af78a2d9607acf5c6e8d5fdd9a5581a1f9172158d960ff73c3622,1,
release/zoom/S130186036-GF-A82-EEA-T01-S1-LH-C1-I0007-F00.png,zoom,single,512,512,PNG,421869,c0146cff91d1c0a8b70fdafcd5397cc36aef830e187cbe6e46811f4e0a727be5,1,
release/zoom/S137547030-GF-A76-EEA-T01-S1-LH-C1-I0045-F00.png,zoom,single,512,512,PNG,413814,f55158eadf1ab47dff82898177f2513d998affe96393ca77fa9705dec40fafad,1,
release/zoom/S138993008-GF-A66-EAF-T00-S1-LH-C1-I0035-F00.png,zoom,single,512,512,PNG,355949,f1efde3ac07ae3bef8627a7c64dfc200fe62b3cb2da77cabbc7557d75633e33d,1,
release/zoom/S14964507-GF-A29-EEA-T00-S1-LH-C1-I0028-F00.png,zoom,single,512,512,PNG,426868,a1806360fd35a6544c147e3d6f5afa4cca3bef551d64b50c2a014c20ac7fb698,1,
release/zoom/S14964507-GF-A29-EEA-T00-S1-LH-C1-I0052-F00.png,zoom,single,512,512,PNG,450830,144266c1a42eca307fbfa2d6262550e46a584fd1fe8f30f46e2aa7ed85cc7f70,1,
release/zoom/S150094415-GF-A53-EME-T10-S1-LH-C1-I0055-F00.png,zoom,single,512,512,PNG,432627,dff8de65abaa19bc7aafbc66e095e724cadf9ff08ebed0a0098fb623e02902d2,1,
release/zoom/S15182111-GM-A44-EAS-T00-S1-LH-C1-I0049-F00.png,zoom,single,512,512,PNG,348279,8a340a74badeeb290deeeb71661e4a04a7c4abd1c2327a6a407da847e4ea951e,1,
release/zoom/S152846480-GF-A30-EEA-T03-S1-LH-C1-I0000-F00.png,zoom,single,512,512,PNG,442139,6a80c7c55074b4a3f44389d1838c418d1dc06e95aaeafea316068a542c0bcf95,1,
release/zoom/S152846480-GF-A30-EEA-T03-S1-LH-C1-I0050-F00.png,zoom,single,512,512,PNG,422341,239d62c1481657f419b35ad42c2d53a7572e76959fa5167f41d0f222b53366da,1,
release/zoom/S152846480-GF-A30-EEA-T03-S1-LH-C1-I0059-F00.png,zoom,single,512,512,PNG,459868,eb2cd3b131e97df0fb949b20a6f4fc15e6fd1e6cef441ee40ac4a302afdc16f5,1,
release/zoom/S16008476-GF-A92-EEA-T11-S1-LH-C1-I0061-F00.png,zoom,single,512,512,PNG,416939,7baf7e8c273f583c7de4012d461bf0297a91290f042048b48608eb3203189537,1,
release/zoom/S164577361-GF-A44-EEA-T01-S1-LH-C1-I0030-F00.png,zoom,single,512,512,PNG,414325,696e5a7b278abefcd4ea2da7d6b3ea537c87f7c9f5ec96e523cfcfbd66bfdc55,1,
release/zoom/S165380664-GM-A31-EIA-T01-S1-LH-C1-I0002-F00.png,zoom,single,512,512,PNG,339372,435e9dee45e2f706f73e8d9557999cd2683e1ade9098de3070fe35b43bf6e662,1,
release/zoom/S16643293-GF-A66-EEA-T15-S1-LH-C1-I0043-F00.png,zoom,single,512,512,PNG,410803,534fc74e76d0f0b1d67189dcd26d462871c4ae97d1f84f4c1e785395c5e9eb67,1,
release/zoom/S166658587-GM-A81-EEA-T03-S1-LH-C1-I0060-F00.png,zoom,single,512,512,PNG,380885,1921f73824ae12399c07962c63935d3b21722ec925e3b2400790f33d342d2ac6,1,
release/zoom/S169208368-GM-A35-EME-T14-S1-LH-C1-I0016-F00.png,zoom,single,512,512,PNG,403151,247ca62a28ea2acbb265a88140d53bc5b94a67a227f40a1fbb5e42f35b83be18,1,
release/zoom/S169208368-GM-A35-EME-T14-S1-LH-C1-I0054-F00.png,zoom,single,512,512,PNG,425336,ae90db1cb625007f1a8ceadc92ad1dd725800aeb4247cb6ff7dce45f424070d2,1,
release/zoom/S179125778-GM-A37-EME-T01-S1-LH-C1-I0055-F00.png,zoom,single,512,512,PNG,384989,2df728dea6bb6914d47713a171e2f9875a8c7a058d49373a6e6e6f3b53f5f6fb,1,
release/zoom/S179182026-GM-A47-EEA-T11-S1-LH-C1-I0029-F00.png,zoom,single,512,512,PNG,441827,e944b549f4bd7c45c55adcd8959b80606c40355a4428ad6fb40ec9bb9464ce07,1,
release/zoom/S179182026-GM-A47-EEA-T11-S1-LH-C1-I0041-F00.png,zoom,single,512,512,PNG,408644,ab8f9b0088a56ae7ad26a8a7c95da02458c67c267adfb7831234eeefb0e681b8,1,
release/zoom/S184299974-GF-A49-EME-T10-S1-LH-C1-I0023-F00.png,zoom,single,512,512,PNG,437586,f6fc697d9d95ae8dd65c7b14b004258fadd15131a2dd596ec53af645d668a089,1,
release/zoom/S185880747-GF-A53-EAF-T03-S1-LH-C1-I0030-F00.png,zoom,single,512,512,PNG,448214,fe1f0e6bea9960bd352f0449b6e1ee4e3e6ddde2ba9365b8f44a56256058e7ad,1,
release/zoom/S187000211-GF-A54-EEA-T03-S1-LH-C1-I0063-F00.png,zoom,single,512,512,PNG,425390,9ad2183b2e956ef33df341f3a12377da650c14a73ac0be2907a70553c5e1aa57,1,
release/zoom/S18796367-GF-A93-EAF-T00-S1-LH-C1-I0045-F00.png,zoom,single,512,512,PNG,425063,3e2ce5c47e5fe94033e414286795e2ff94623fa51e92b2672a9108aea8c3cdcc,1,
release/zoom/S189019382-GF-A62-EIA-T03-S1-LH-C1-I0040-F00.png,zoom,single,512,512,PNG,448554,b4e61d04fac1c226caffa59281b75470ffaa29841fd03d44dcb14f165034c710,1,
release/zoom/S189019382-GF-A62-EIA-T03-S1-LH-C1-I0046-F00.png,zoom,single,512,512,PNG,428165,1f0f96b16f7506136ff12ecc96e2508cedc11408e14a43e4594048d32b70f5ca,1,
release/zoom/S190036673-GF-A19-EEA-T00-S1-LH-C1-I0057-F00.png,zoom,single,512,512,PNG,395876,bcd61c4ce6439c1fac523989ae29f4591dfb5ab5ce059a46c77f25d859e0f910,1,
release/zoom/S19423222-GM-A45-EAF-T14-S1-LH-C1-I0040-F00.png,zoom,single,512,512,PNG,399718,f557c7b245fbd1e6e800cf0cd2c7b754bed3c9c3155d9cdb5b0270db439518a9,1,
release/zoom/S198149424-GF-A51-EEA-T13-S1-LH-C1-I0055-F00.png,zoom,single,512,512,PNG,463181,ac23c42878053057af2a5893ed98a7396e97fe8227b7c7350f70c8201076776d,1,
release/zoom/S205686156-GF-A52-EAS-T01-S1-LH-C1-I0006-F00.png,zoom,single,512,512,PNG,417759,26006e093758ca3d3f15bb978d42de627cb4253e63d7439ba5199956a82a43f8,1,
release/zoom/S20939931-GF-A70-EME-T00-S1-LH-C1-I0047-F00.png,zoom,single,512,512,PNG,408542,57a4454feabb1f9a30fd64ee317ed2122496f20db5bf6d05cbc6411a2a4a446f,1,
release/zoom/S210555380-GF-A95-EME-T14-S1-LH-C1-I0008-F00.png,zoom,single,512,512,PNG,431542,a7899d58c31b46fc14eb7bf99e498abc67ebe4ea220b727f1d6eeec1146ed765,1,
release/zoom/S210555380-GF-A95-EME-T14-S1-LH-C1-I0048-F00.png,zoom,single,512,512,PNG,414869,45e5c54bce3942ca2dfe0cb163fbc121b60cf1a25b9670bb77489ed1306e2fab,1,
release/zoom/S21322735-GF-A99-EEA-T03-S1-LH-C1-I0004-F00.png,zoom,single,512,512,PNG,418740,f3ee7efbaa024d8810c6b6e21cd1e28488e17f48869e58a8f0fecf516d678ad2,1,
release/zoom/S219134961-GM-A51-EME-T00-S1-LH-C1-I0016-F00.png,zoom,single,512,512,PNG,337637,38d5235cf7965a8c32d214824bfe5a7029cc2fd1b350abd275475e7d700aea49,1,
release/zoom/S220036139-GF-A33-EME-T14-S1-LH-C1-I0048-F00.png,zoom,single,512,512,PNG,435896,1e47389ee449d5242665b4a243c6970e475e58f2c78a676ccba9ce6781072e16,1,
release/zoom/S229472865-GM-A49-EEA-T15-S1-LH-C1-I0053-F00.png,zoom,single,512,512,PNG,326027,c827fe5ef13ccff8f0a7b98816de84a4a672aae9a5b7b1c71b55e68b9c133296,1,
release/zoom/S229741512-GM-A18-EEA-T01-S1-LH-C1-I0029-F00.png,zoom,single,512,512,PNG,303381,cd31eecb2b671c686846a87372d4b0e3c079645579e8a23249ae5d97cabb6f7b,1,
release/zoom/S231352223-GF-A49-EEA-T14-S1-LH-C1-I0011-F00.png,zoom,single,512,512,PNG,412167,33caa80f393dda09f2185841071f1a4af88b2d2ea93add6e3902f0de2fe96da5,1,
release/zoom/S231352223-GF-A49-EEA-T14-S1-LH-C1-I0027-F00.png,zoom,single,512,512,PNG,421289,d85b85d6f72826565bb4d3ae57e0364e900e7f50a1106191acc8d770a5dc0d35,1,
release/zoom/S236474674-GF-A94-EEA-T14-S1-LH-C1-I0061-F00.png,zoom,single,512,512,PNG,361821,4af5d73e324a167036133584435b71932f1c3f2f35fd8ed5fba460e8ec961de0,1,
release/zoom/S240935283-GM-A93-EEA-T01-S1-LH-C1-I0022-F00.png,zoom,single,512,512,PNG,456599,e85675e38a5d188c787ece2e98d3c16df2a2ba419e888c4588adc24cffd3821f,1,
release/zoom/S245655911-GM-A99-EIA-T14-S1-LH-C1-I0023-F00.png,zoom,single,512,512,PNG,439029,8b7c73bc553c0e6e64b829ae7ac9710dd0c866ac590cd78fcbeccef08128d2e7,1,
release/zoom/S247603526-GM-A30-EEA-T13-S1-LH-C1-I0041-F00.png,zoom,single,512,512,PNG,331318,7cc8d00055e092f1e8e464a1703ec17bdc8f48d5922b2c22ffdeb0a52d87d6b7,1,
release/zoom/S248968574-GM-A81-EAS-T14-S1-LH-C1-I0022-F00.png,zoom,single,512,512,PNG,374360,2b7dcd3ec23ee9587bbc66c4f80384c4161919e159d8ee27340fde2fd3b81fef,1,
release/zoom/S25038292-GF-A59-EAF-T03-S1-LH-C1-I0041-F00.png,zoom,single,512,512,PNG,404260,2f69afc40e53454aed0d8f218cc76c8e1b325af2e37eb61e22fefb71d1fec262,1,
release/zoom/S259395943-GF-A59-EME-T14-S1-LH-C1-I0009-F00.png,zoom,single,512,512,PNG,341354,b9eabde560ca786c9f3089e2d652c2af840befaf0a9d53e5897fdeca0fe91982,1,
release/zoom/S261182015-GM-A24-EEA-T01-S1-LH-C1-I0011-F00.png,zoom,single,512,512,PNG,350896,1d2d8deba73fa9f40557f66aa78e4ba1c1aba0eba8f4a889248ff53a8c697f07,1,
release/zoom/S264396021-GM-A30-EAS-T14-S1-LH-C1-I0047-F00.png,zoom,single,512,512,PNG,328719,02077fdbc9a7ab38658cb9297dbee636c72910a12136296af5020de3777da873,1,
release/zoom/S265934537-GF-A26-EAS-T14-S1-LH-C1-I0063-F00.png,zoom,single,512,512,PNG,339244,18b5e0302fc7926822f61f5a54814437eed41c53859e8b4331acf5c926ed3d73,1,
release/zoom/S268137029-GF-A39-EME-T01-S1-LH-C1-I0016-F00.png,zoom,single,512,512,PNG,454034,4a9dcbe9c012a817617001bbd74a15cbb913d7dc77b4cd6137efeabf3b2b33cc,1,
release/zoom/S268183923-GN-A24-EAF-T14-S1-LH-C1-I0053-F00.png,zoom,single,512,512,PNG,313640,e6fd3e08c2c6e1219ce65557736eea76f9c32d5fd2808e714133b1abb0d2fba5,1,
release/zoom/S274652534-GF-A22-EEA-T01-S1-LH-C1-I0003-F00.png,zoom,single,512,512,PNG,336009,eaa78fc12092415dc0677644e8b198dc2a5ab4b1aada9200b92df120759acfce,1,
release/zoom/S274869653-GF-A68-EAS-T03-S1-LH-C1-I0003-F00.png,zoom,single,512,512,PNG,432607,bc7d6fbcabdb8d6aa10d886cff44a6d3cef9e5fd5958b89a541aa425b783549d,1,
release/zoom/S279879625-GF-A55-EAF-T00-S1-LH-C1-I0037-F00.png,zoom,single,512,512,PNG,444424,e06a015239ac11507e84b1fd2e142b77a984e457ce66343efff5406564e81568,1,
release/zoom/S285023719-GF-A24-EEA-T00-S1-LH-C1-I0022-F00.png,zoom,single,512,512,PNG,351286,c42448a326cf3942dc369c30bd46d17786e30e3ad64e689eb84d9157d503bed2,1,
release/zoom/S287510944-GF-A29-EME-T01-S1-LH-C1-I0059-F00.png,zoom,single,512,512,PNG,434498,823a5e2c17b07b0030e78d67ca206af3a1642dbeccf976608832d29044b49c30,1,
release/zoom/S289919415-GF-A46-EEA-T14-S1-LH-C1-I0060-F00.png,zoom,single,512,512,PNG,367302,c3dca28f8c2ca9599228d98b3bec49c65bc6b252d37839fe8c296239e6f0a483,1,
release/zoom/S300524837-GM-A42-EEA-T01-S1-LH-C1-I0008-F00.png,zoom,single,512,512,PNG,428336,ee5a78ac8671b841fd39c767ed60fa2a457d6c20e15b78f5c5c404e47b2309f3,1,
release/zoom/S303695349-GM-A23-EEA-T03-S1-LH-C1-I0002-F00.png,zoom,single,512,512,PNG,315825,98c9613359b5b79e6f30d34da532ecd17c815de6684bf5265ac1599173b28cd9,1,
release/zoom/S303695349-GM-A23-EEA-T03-S1-LH-C1-I0029-F00.png,zoom,single,512,512,PNG,311079,8a77438c36d69c97139f34e257833ce049485740ece4fa55eef51b0f75ebcaae,1,
release/zoom/S303695349-GM-A23-EEA-T03-S1-LH-C1-I0041-F00.png,zoom,single,512,512,PNG,307231,df0468a812c77fba93f0d9aafc77d1f11e16d990e2b96742606510631b09ac2b,1,
release/zoom/S311145231-GF-A53-EAF-T03-S1-LH-C1-I0062-F00.png,zoom,single,512,512,PNG,439553,aee5ba2aca745b488f5fac8e80050570c53a4663ec0cadd76462f3e8f4471500,1,
release/zoom/S313264566-GM-A81-EAF-T14-S1-LH-C1-I0008-F00.png,zoom,single,512,512,PNG,371164,87173e929827b9f3a63b6193e70e26197aad755c59fd69cfe25825ea4fab57ac,1,
release/zoom/S313264566-GM-A81-EAF-T14-S1-LH-C1-I0059-F00.png,zoom,single,512,512,PNG,398121,2d0789a94f873603c90b4a1598051daf58b080ed9f2669acfb9259ed8ff3db07,1,
release/zoom/S316988909-GF-A99-EIA-T10-S1-LH-C1-I0040-F00.png,zoom,single,512,512,PNG,436905,82433ae16c420bf481624b74ce4df48d06af30e7534c9f3b845e5ff7ea139295,1,
release/zoom/S319441451-GF-A19-EAS-T01-S1-LH-C1-I0006-F00.png,zoom,single,512,512,PNG,444263,5789947bcd396a2847ed06b3514345480dca080a14d64ec0a0565fbfe9817229,1,
release/zoom/S320892356-GF-A70-EIA-T03-S1-LH-C1-I0021-F00.png,zoom,single,512,512,PNG,436690,e30af48473e6c311b8ef777f11630a88ec60e5404e411a9029c16c5e5f92d653,1,
release/zoom/S32440074-GF-A23-EIA-T15-S1-LH-C1-I0012-F00.png,zoom,single,512,512,PNG,431233,41db1acb30c718f619998de757afb7b028ccc01cdf2ec80c5a2fc74a53af7617,1,
release/zoom/S325074401-GF-A50-EAS-T03-S1-LH-C1-I0044-F00.png,zoom,single,512,512,PNG,352450,754fa8ebd64864db1cf1b2fdbc295c04e3486e26200bff6ea9cefffe954d1c23,1,
release/zoom/S334613033-GM-A58-EAF-T14-S1-LH-C1-I0047-F00.png,zoom,single,512,512,PNG,472529,8ead275062b2d01fd99435c6f607a715a750161deecca4cfb0529210157baeee,1,
release/zoom/S334697091-GM-A32-EAS-T14-S1-LH-C1-I0031-F00.png,zoom,single,512,512,PNG,292646,671b485cdf4142886c9f47152cf741489f9fb42e5ec62ce55203a2acd2a0cf25,1,
release/zoom/S335757255-GF-A30-EME-T14-S1-LH-C1-I0002-F00.png,zoom,single,512,512,PNG,385274,99ed414be9a9a04a194e7ca5459d25e583cf2cc514f153a433a09f8aec8413bd,1,
release/zoom/S336053665-GF-A75-EME-T13-S1-LH-C1-I0037-F00.png,zoom,single,512,512,PNG,355131,81b01313bf838029c58f47772ffcccab4337a8564a9bb6b63980bdfc671043c6,1,
release/zoom/S340675536-GF-A37-EEA-T14-S1-LH-C1-I0052-F00.png,zoom,single,512,512,PNG,299090,be71e8930d1c5583f472f655364bd9126111b422305c6f459dc3a6be97928fc3,1,
release/zoom/S343616415-GF-A69-EEA-T03-S1-LH-C1-I0056-F00.png,zoom,single,512,512,PNG,408632,46248909dabe728c5701a76c86a68785ecfdafc8a42afb23ea8f871be93df93b,1,
release/zoom/S343899513-GM-A51-EME-T01-S1-LH-C1-I0048-F00.png,zoom,single,512,512,PNG,421765,4877a26a1dc254f9fd6a61bd4c0485ed5778459a5b43a251d8362d2df9a5e90a,1,
release/zoom/S345601750-GF-A64-EEA-T03-S1-LH-C1-I0032-F00.png,zoom,single,512,512,PNG,432046,24025378e75f15c1ce0a2ae732a2a58e7aceed27ae5de8ce861eab362e044156,1,
release/zoom/S345601750-GF-A64-EEA-T03-S1-LH-C1-I0055-F00.png,zoom,single,512,512,PNG,414859,da9f6a90118ff9bfeae386304ab5fac7e0e0e511e9650e9a8c16d6e6d32e30a8,1,
release/zoom/S347571913-GM-A24-EEA-T13-S1-LH-C1-I0054-F00.png,zoom,single,512,512,PNG,435542,bd5faf147d58918d6db9dcf324593a382c42eb75149f20557523a3f7ac67e49b,1,
release/zoom/S354713116-GF-A60-EAF-T14-S1-LH-C1-I0000-F00.png,zoom,single,512,512,PNG,462365,ccdf6b0f620ebbb1f019f552dc1b4e9c5874ffeae5e85835cef6845c4957bf54,1,
release/zoom/S354713116-GF-A60-EAF-T14-S1-LH-C1-I0004-F00.png,zoom,single,512,512,PNG,443837,9f3f866e9cd940c4e3b90f844435f76e775c55e5998cc058476ae2009e6e8ddc,1,
release/zoom/S354713116-GF-A60-EAF-T14-S1-LH-C1-I0011-F00.png,zoom,single,512,512,PNG,486269,0fcbec682b9bade000024fd92acb53113979642d86804d3852163ab6c36c7d7f,1,
release/zoom/S354713116-GF-A60-EAF-T14-S1-LH-C1-I0063-F00.png,zoom,single,512,512,PNG,478032,6860dfa57864bb1406bcd9596946009f6da91ba7ff2d5d5ba197e659ddca25ab,1,
release/zoom/S358652822-GF-A41-EEA-T01-S1-LH-C1-I0006-F00.png,zoom,single,512,512,PNG,417483,f0d3bdf4b662d04431e6c23e525469de40435987f0c72096515f9904078ebb66,1,
release/zoom/S364995244-GM-A24-EEA-T03-S1-LH-C1-I0015-F00.png,zoom,single,512,512,PNG,383792,6300459f8e55ad7ea100ed543882547c27eb64521466faa0bac5f2f280a97785,1,
release/zoom/S370286626-GF-A59-EEA-T00-S1-LH-C1-I0061-F00.png,zoom,single,512,512,PNG,459212,a4733f88f025dec3b19ea35f123132425c354d54490bd9294687db4bb64cf38f,1,
release/zoom/S371797493-GM-A29-EEA-T14-S1-LH-C1-I0043-F00.png,zoom,single,512,512,PNG,413752,6f1625dc05e91243aa54603ac9fb3b903c2594bd47037bcc1a896bfd23275d8e,1,
release/zoom/S373793896-GM-A22-EEA-T14-S1-LH-C1-I0035-F00.png,zoom,single,512,512,PNG,373444,5a142ead3f0cfb83846ea7d237473be52534be71c842d2190101d426bf05a329,1,
release/zoom/S37396139-GF-A51-EEA-T14-S1-LH-C1-I0018-F00.png,zoom,single,512,512,PNG,393406,842589569799638c6fc3f7b245ca3986763955957255ddc4419d82e6981e3f3c,1,
release/zoom/S37396139-GF-A51-EEA-T14-S1-LH-C1-I0048-F00.png,zoom,single,512,512,PNG,430854,020a33807e73805c1c9c6dbf30c2580a6184ca10e1f60fecf14f37e1a63242f3,1,
release/zoom/S375545605-GM-A47-EEA-T00-S1-LH-C1-I0004-F00.png,zoom,single,512,512,PNG,406204,569dd83ec6a33d490c12dbcb4170bfa3266fb271c1df673b8cdb716b1db0a77b,1,
release/zoom/S375545605-GM-A47-EEA-T00-S1-LH-C1-I0022-F00.png,zoom,single,512,512,PNG,408646,eb169c00a2f8aadb1dd9a17b66489e9f95030f45cc24c4a7938d78812a3591fc,1,
release/zoom/S375545605-GM-A47-EEA-T00-S1-LH-C1-I0027-F00.png,zoom,single,512,512,PNG,403122,6369b1dbeeacef45aa2795660b391ee95eab0c6d217dc44862cce9427c2167cb,1,
release/zoom/S375545605-GM-A47-EEA-T00-S1-LH-C1-I0049-F00.png,zoom,single,512,512,PNG,421116,8c29f52c9da9afea4438170418d279d45817e798054dc68cfaa2cf8f82dee61f,1,
release/zoom/S376287613-GF-A19-EAF-T14-S1-LH-C1-I0011-F00.png,zoom,single,512,512,PNG,339367,b49cf75916b7b2365f1dc59f75009b97c1709a9bf7922d0670d3296e3697269d,1,
release/zoom/S377896724-GF-A29-EEA-T10-S1-LH-C1-I0028-F00.png,zoom,single,512,512,PNG,316589,9f7c4d1dbfac11fff6db6f17de74aac1a548042e9153557b020e0ed09e373a3c,1,
release/zoom/S380795387-GF-A58-EEA-T14-S1-LH-C1-I0035-F00.png,zoom,single,512,512,PNG,389333,1d107947aecdcc210f7992db3cad4cb1ab682c0894e57c1c559758f943e9d80e,1,
release/zoom/S382037204-GF-A89-EEA-T03-S1-LH-C1-I0006-F00.png,zoom,single,512,512,PNG,394837,6a82912ce52d869238f8d650367554da1bf611cd526862c3bc0f97d1f27e38d9,1,
release/zoom/S384793007-GF-A62-EEA-T01-S1-LH-C1-I0006-F00.png,zoom,single,512,512,PNG,290681,a7cd0009369362d4511c3d1ff88c836682a14e441180bda2e4a9892a3016c769,1,
release/zoom/S388546914-GF-A50-EEA-T14-S1-LH-C1-I0025-F00.png,zoom,single,512,512,PNG,425044,34bba68a2e336dae7d73c9e69e0a8a3584985f3b728b37374a4b8c5c189ce343,1,
release/zoom/S39379132-GF-A54-EEA-T15-S1-LH-C1-I0056-F00.png,zoom,single,512,512,PNG,420534,255fff0520af74661c6243a2fd01e8654832d8aad3946debba75344ae5bfd43f,1,
release/zoom/S394313530-GF-A45-EEA-T03-S1-LH-C1-I0050-F00.png,zoom,single,512,512,PNG,428794,f0186afb18f67826e13ef5a7465d29040af016a12820d8376873fc62090263ab,1,
release/zoom/S395744997-GF-A18-EEA-T01-S1-LH-C1-I0002-F00.png,zoom,single,512,512,PNG,454601,0aa6a6743e4dcdb025e3fd0dd395faa007a8e74a32c19aa595de6f5be06eeb47,1,
release/zoom/S39590804-GM-A53-EEA-T03-S1-LH-C1-I0045-F00.png,zoom,single,512,512,PNG,384728,0e6339edcc12b3b5732be89c6b3188a85b5c2d41b3202e0b9246b7e00f96867a,1,
release/zoom/S397228464-GF-A72-EEA-T03-S1-LH-C1-I0009-F00.png,zoom,single,512,512,PNG,430482,d4b47920f9b7319babda97c9de95a565e0e2d4077c54f4283438d43686b36dd4,1,
release/zoom/S402397961-GF-A82-EEA-T00-S1-LH-C1-I0029-F00.png,zoom,single,512,512,PNG,386123,bc7dfa3c06fcb5bae50ae645cdaf4c90f4aa3dffa0e37b81d33b2ec7d4eee414,1,
release/zoom/S402992794-GF-A60-EEA-T14-S1-LH-C1-I0010-F00.png,zoom,single,512,512,PNG,432698,70aa0481f6c9f313db7db295889fc5d01d4c2e7b77efe40159f9df7de0ec163e,1,
release/zoom/S407285746-GF-A18-EAF-T13-S1-LH-C1-I0047-F00.png,zoom,single,512,512,PNG,408505,5824c53099e16ca5626a77b4fc5d20a1320cba0be20c78baf151526c87b2fd1d,1,
release/zoom/S409626024-GM-A29-EEA-T11-S1-LH-C1-I0000-F00.png,zoom,single,512,512,PNG,288573,9a81a305916bc80ac9ce13a68ae32874823c160d5a3b2b04242c1a16b42c453d,1,
release/zoom/S411588159-GF-A21-EEA-T03-S1-LH-C1-I0033-F00.png,zoom,single,512,512,PNG,349464,483a95de41b85b7487fdf2c50c60dd30f0923fd58ab31b96d66b08a5abe1c898,1,
release/zoom/S412637027-GM-A93-EME-T01-S1-LH-C1-I0061-F00.png,zoom,single,512,512,PNG,392024,521c81ff71b7cde06ed0e7a51afae5b306f2a10b1871a4696f6d6bc44a000948,1,
release/zoom/S415761895-GF-A62-EAS-T03-S1-LH-C1-I0005-F00.png,zoom,single,512,512,PNG,360912,f755b6f6098620bf83e88d1a3269cd9acbe1443cb5cd262d69fd6f597b64b1c4,1,
release/zoom/S422234801-GM-A19-EAS-T14-S1-LH-C1-I0050-F00.png,zoom,single,512,512,PNG,351358,18520dc490f8994a2658c675ad2f99ee86227b98f379a2cf495c549b8aa563ea,1,
release/zoom/S426127418-GF-A48-EEA-T03-S1-LH-C1-I0043-F00.png,zoom,single,512,512,PNG,425428,32257952ee5c72801c88363f066c73a5b43bcab455c403e170c759821d4820de,1,
release/zoom/S43189665-GF-A47-EME-T13-S1-LH-C1-I0035-F00.png,zoom,single,512,512,PNG,444101,df7032d19f378d02618c409fbdcb63f3fe74a4ffc286b6999f5a31707a9722a8,1,
release/zoom/S43416355-GF-A63-EAS-T03-S1-LH-C1-I0018-F00.png,zoom,single,512,512,PNG,326933,05d3ee13eaf332615a69dafea677a7015b12be2ac44bbcfaafea3e1889675f1e,1,
release/zoom/S442640043-GF-A83-EEA-T01-S1-LH-C1-I0015-F00.png,zoom,single,512,512,PNG,402483,f358aae84a71086094c8260cbd819a77d277f65fab724d2dead71c51ec2972df,1,
release/zoom/S44577521-GM-A92-EME-T14-S1-LH-C1-I0012-F00.png,zoom,single,512,512,PNG,379856,4ad5c7eeb3eb652728d6cd818efac57fdbb803d178d118ad7e1bf1d5004586a8,1,
release/zoom/S44577521-GM-A92-EME-T14-S1-LH-C1-I0041-F00.png,zoom,single,512,512,PNG,379819,f23979133aba489aa77aced55ea11ff28d8518a71f8aee106ed5e765b32fda21,1,
release/zoom/S457681878-GF-A95-EEA-T14-S1-LH-C1-I0017-F00.png,zoom,single,512,512,PNG,454237,20eb9901859c80342813e1edf70c9613ba50117c6f932fe9d648210a697c4192,1,
release/zoom/S464252649-GM-A60-EEA-T15-S1-LH-C1-I0045-F00.png,zoom,single,512,512,PNG,349532,2743a558de28295da9c1cbbb78b13031fa0d5c77cac1fb2feb115fea1abf909d,1,
release/zoom/S472012617-GM-A63-EEA-T01-S1-LH-C1-I0014-F00.png,zoom,single,512,512,PNG,410652,8991427ca283c7bbe38d723b56ea8af832162973fb366332860e084e126852f5,1,
release/zoom/S472012617-GM-A63-EEA-T01-S1-LH-C1-I0022-F00.png,zoom,single,512,512,PNG,402845,fff1f2b3c2d2f64eb61da251057c902253588ac1e1cbb946f9e24079951f01a7,1,
release/zoom/S475499547-GM-A26-EME-T01-S1-LH-C1-I0029-F00.png,zoom,single,512,512,PNG,412299,982435edcd35c6e3b4185963f83e0eeb5226ebb3b63d8f964978cf31c2f7aa2e,1,
release/zoom/S477281279-GF-A30-EME-T14-S1-LH-C1-I0058-F00.png,zoom,single,512,512,PNG,423703,72a16be4a93fa428db19a5534fe38067532a26fb889a67c9266f5e13d6941b73,1,
release/zoom/S480910045-GF-A90-EME-T11-S1-LH-C1-I0003-F00.png,zoom,single,512,512,PNG,384547,d000175a0031794ba2c03a519f391c0ff202d18015c0fbc1806f1c8eaff8bd39,1,
release/zoom/S482766020-GF-A40-EAS-T15-S1-LH-C1-I0060-F00.png,zoom,single,512,512,PNG,387996,bcf5440ad433a0f3abadd0ffb3034d91ee568d66c403e5fcf0acf73a9dd3a661,1,
release/zoom/S493184426-GF-A19-EAF-T00-S1-LH-C1-I0000-F00.png,zoom,single,512,512,PNG,358047,ce693e4ab1cf61d2eb27aed5b656be56dec91604fc7a3d9eb2d5c47ea4b7c9e9,1,
release/zoom/S495166625-GF-A58-EAS-T14-S1-LH-C1-I0053-F00.png,zoom,single,512,512,PNG,396263,7d2043b31f62a679a068b053ee7080130d4de87893db6f24a08886c2fda05fb8,1,
release/zoom/S50180802-GM-A26-EEA-T00-S1-LH-C1-I0055-F00.png,zoom,single,512,512,PNG,415580,6b29a10abb7d67308dcdece4486e7e2329ee34313e915f3b29bdf3c419318aa9,1,
release/zoom/S504201509-GF-A50-EME-T14-S1-LH-C1-I0001-F00.png,zoom,single,512,512,PNG,425768,3c1c27e3052922b1389038907b0a8b01d81dc46ad5814425efad2ef4240e5be9,1,
release/zoom/S506465236-GM-A41-EEA-T00-S1-LH-C1-I0013-F00.png,zoom,single,512,512,PNG,382508,8f431d2499bc2845001e0024804cd51179ff2c3a7413df32cf39d73122b544bc,1,
release/zoom/S508947155-GF-A84-EAF-T01-S1-LH-C1-I0013-F00.png,zoom,single,512,512,PNG,411388,fdcfb643e3a79282391f17d7407b3deea4eeae76e35e5ff3737d92d13076ddec,1,
release/zoom/S508947155-GF-A84-EAF-T01-S1-LH-C1-I0030-F00.png,zoom,single,512,512,PNG,415156,fdfb2d6369a22efdd1108190dab0ecd678e7b062db9f81220b721efe8a444325,1,
release/zoom/S508947155-GF-A84-EAF-T01-S1-LH-C1-I0033-F00.png,zoom,single,512,512,PNG,428640,555980b22cdb76e20611b468fee0b9fe6dd2a3162af91b612ca5c2799ade856a,1,
release/zoom/S508947155-GF-A84-EAF-T01-S1-LH-C1-I0054-F00.png,zoom,single,512,512,PNG,408473,eca833aa28603fb1d6ab9975dea3e351cc89b4d48706ca38ccef9b803936cc2e,1,
release/zoom/S510917796-GF-A21-EME-T03-S1-LH-C1-I0042-F00.png,zoom,single,512,512,PNG,401300,aa6892f39094c3bcfbe5803f1ec4c5f41e0c273b11ca30dd7cfe918d67dbd154,1,
release/zoom/S514677740-GM-A43-EME-T03-S1-LH-C1-I0021-F00.png,zoom,single,512,512,PNG,397496,ecce26b4eb65562f15f0356a4a687154779f68d1e3bc12deda0d788c665b527e,1,
release/zoom/S51891071-GM-A63-EEA-T03-S1-LH-C1-I0028-F00.png,zoom,single,512,512,PNG,460206,a10b4f4615a397b168750900cd6fa9bc8333af8e6a2162096322e1faaec9d8b8,1,
release/zoom/S519335789-GF-A87-EAF-T14-S1-LH-C1-I0012-F00.png,zoom,single,512,512,PNG,417816,d41cc50fd463fb0d4a86b16cd32fb59141ef7750ff5dff2f4e82bc4763c90c3a,1,
release/zoom/S520464077-GF-A50-EEA-T00-S1-LH-C1-I0049-F00.png,zoom,single,512,512,PNG,459408,749e4dffd7ca1ee2ece3542b4cc1110a2bec3419b8b10eb4db010582389b8497,1,
release/zoom/S520464077-GF-A50-EEA-T00-S1-LH-C1-I0055-F00.png,zoom,single,512,512,PNG,447161,1e603def6aafe01aedba9e5cc8e3235dc743268315225c7d85af71ddb106b929,1,
release/zoom/S526642813-GF-A73-EAF-T03-S1-LH-C1-I0033-F00.png,zoom,single,512,512,PNG,344645,a846c928475dc9bfefc2bfc17bbad51655a04cb3022e827f92072222028fd188,1,
release/zoom/S526642813-GF-A73-EAF-T03-S1-LH-C1-I0036-F00.png,zoom,single,512,512,PNG,349333,a28107cb1a0dd2592876c1ea939986f06e16304f49f46e4d4a5ba919439cd5e1,1,
release/zoom/S528079409-GM-A46-EEA-T11-S1-LH-C1-I0009-F00.png,zoom,single,512,512,PNG,358486,b4bffe94879fbbf444de4f4d34bd76f332ec037e70367777df3da8a5dbffc4ed,1,
release/zoom/S533819468-GM-A53-EIA-T14-S1-LH-C1-I0007-F00.png,zoom,single,512,512,PNG,424007,449a0e10b2ab1a8f79eb2f145852c22806241e8803390a4e883c427ffc9ddf5b,1,
release/zoom/S535874367-GF-A18-EEA-T14-S1-LH-C1-I0059-F00.png,zoom,single,512,512,PNG,455801,2a1ee9e06e494c1eb28b8d1e701bdda41557bccc4921763f38b2a3d94af6431e,1,
release/zoom/S536119263-GM-A46-EEA-T11-S1-LH-C1-I0063-F00.png,zoom,single,512,512,PNG,383458,1699b1b48f3e050e524a3e3f78b694278f167e46e48ad3bb15e1903c7fb5afbb,1,
release/zoom/S537195914-GF-A56-EME-T03-S1-LH-C1-I0040-F00.png,zoom,single,512,512,PNG,451173,aa646aed309e8c752302dba84bac6f7753612b21340f8e66f247cbad911ca21e,1,
release/zoom/S554872844-GF-A81-EIA-T00-S1-LH-C1-I0062-F00.png,zoom,single,512,512,PNG,353965,7c10aee113da939f71486bbf718945a1776c381b9823e2c2042dfa37ccddc7d1,1,
release/zoom/S557350179-GF-A53-EAS-T03-S1-LH-C1-I0005-F00.png,zoom,single,512,512,PNG,409831,1f58193b81b8654f765255b201e103902cbcd8d023a23a721e91a5dbaf6c83ca,1,
release/zoom/S560191384-GF-A51-EEA-T01-S1-LH-C1-I0033-F00.png,zoom,single,512,512,PNG,365280,5eda90402ccf5699d1bb96b531e87ba9b7e8a1bc75f9446c73cdf88bfc7e971d,1,
release/zoom/S561424111-GM-A25-EME-T14-S1-LH-C1-I0010-F00.png,zoom,single,512,512,PNG,322957,dc81a4bafdf0974ba315698c4cc17d881529d0d992bdff5f537ba58d8e3ec04e,1,
release/zoom/S562599431-GM-A42-EEA-T00-S1-LH-C1-I0036-F00.png,zoom,single,512,512,PNG,378133,f4225bfce2c4b9c8c91fc9fef86839df40a8214ac04645ef15a11b4f3100c979,1,
release/zoom/S564127454-GF-A22-EAS-T03-S1-LH-C1-I0009-F00.png,zoom,single,512,512,PNG,416468,518030a48a7ff86b53a6114eec2fd86015416fd0f11fdcc3749394971acbb342,1,
release/zoom/S567149942-GF-A85-EEA-T00-S1-LH-C1-I0039-F00.png,zoom,single,512,512,PNG,351701,5b8af7353826f80dabe98cbab70f92b8a19ccb472b181b0122d74ab043f18f07,1,
release/zoom/S567149942-GF-A85-EEA-T00-S1-LH-C1-I0061-F00.png,zoom,single,512,512,PNG,325745,85245ba6f3ba9a812cf79b4de29865d77b35e5e896f87da8b64010cc928db267,1,
release/zoom/S567565556-GF-A43-EME-T01-S1-LH-C1-I0057-F00.png,zoom,single,512,512,PNG,449396,a41c488845aac42d39395126860c597c3936184faba9713d63941f44de30426c,1,
release/zoom/S571336030-GM-A48-EIA-T01-S1-LH-C1-I0034-F00.png,zoom,single,512,512,PNG,358299,9fb0163241830c1864e333b8b7ea54b9eb911de7f45923dbfdef494d46e9279f,1,
release/zoom/S571571794-GM-A57-EEA-T03-S1-LH-C1-I0016-F00.png,zoom,single,512,512,PNG,358494,eee1ad5eadc3b4b9e170f8e6afc3d5a9e469585fd2bdc385cc4aaff9c59735fe,1,
release/zoom/S574280680-GF-A53-EME-T03-S1-LH-C1-I0005-F00.png,zoom,single,512,512,PNG,449602,f4a15a10d5a4e123e9fd11981ac051d1740141fca26fc9c81e31c58f15edd29f,1,
release/zoom/S574761980-GF-A38-EEA-T14-S1-LH-C1-I0044-F00.png,zoom,single,512,512,PNG,294307,6c33387b2c25057c14c16f1b958e2ef8acab46f66c026f02692918c63024f48e,1,
release/zoom/S577181289-GF-A97-EME-T00-S1-LH-C1-I0056-F00.png,zoom,single,512,512,PNG,432390,54b447cc02f2e05c3013d7767c564543ae2443276bb21028766b46a62c6dc4f3,1,
release/zoom/S578152615-GM-A42-EEA-T03-S1-LH-C1-I0011-F00.png,zoom,single,512,512,PNG,399645,4e52265602e65c030d1b127a0ddb56ebf500aa966816beec8ed2f6fb684f7209,1,
release/zoom/S590103000-GF-A47-EEA-T01-S1-LH-C1-I0045-F00.png,zoom,single,512,512,PNG,468794,0e67fcb234fbbc485602d05196487d99e6b016b85f66281a9076d6bb24e4d8c4,1,
release/zoom/S590103000-GF-A47-EEA-T01-S1-LH-C1-I0047-F00.png,zoom,single,512,512,PNG,436062,66087243fe4048e891259f4d6288528535cfddfa75c6c3cfb2a9c15708299947,1,
release/zoom/S590103000-GF-A47-EEA-T01-S1-LH-C1-I0056-F00.png,zoom,single,512,512,PNG,438705,477a8fc728151caf2123d890274c35929a965f2f2e973e7d7425b34e083cf8b8,1,
release/zoom/S590103000-GF-A47-EEA-T01-S1-LH-C1-I0063-F00.png,zoom,single,512,512,PNG,431404,ef805863dcc1b8659efed7670aa712c9056e42452ccc79ffc74f2ff551328937,1,
release/zoom/S592147976-GF-A52-EEA-T00-S1-LH-C1-I0049-F00.png,zoom,single,512,512,PNG,399277,ee6d5f094245f74f6a634ed737a90d29a83797fd731f4e8afec81b9246174cb9,1,
release/zoom/S598532466-GM-A87-EME-T14-S1-LH-C1-I0025-F00.png,zoom,single,512,512,PNG,377052,7fd422db460fd54271654fdab1534f206994a9c802ae8d9517b284ade02fd4f1,1,
release/zoom/S606909976-GF-A59-EEA-T01-S1-LH-C1-I0035-F00.png,zoom,single,512,512,PNG,375634,d8c94c0fd81e14efcc26caed3d1cea704a01fe78993429e0eea3ea8715f7eadb,1,
release/zoom/S616053079-GF-A33-EEA-T00-S1-LH-C1-I0038-F00.png,zoom,single,512,512,PNG,437870,c6fae07f5c85acbe117b09eba573c7a3ca2cffb1730f7cb214f1faa2bc23fb2a,1,
release/zoom/S616105557-GF-A58-EEA-T11-S1-LH-C1-I0042-F00.png,zoom,single,512,512,PNG,309968,9c25a045dc044c947c121d155ef61e1942bd566929028ead31fd43b4abf286eb,1,
release/zoom/S618974755-GM-A24-EEA-T00-S1-LH-C1-I0045-F00.png,zoom,single,512,512,PNG,341464,e9812eec18d5a31b75ef69c353a8471e709a6710077d55041b620d0b120c5908,1,
release/zoom/S621920790-GF-A25-EEA-T13-S1-LH-C1-I0005-F00.png,zoom,single,512,512,PNG,427155,05fa05bdada8e5216d088bfe9af85b5aba75adee5364cd1f2c1577baac6f2450,1,
release/zoom/S622813751-GM-A67-EAF-T01-S1-LH-C1-I0021-F00.png,zoom,single,512,512,PNG,402466,e2f6f3b01e793b448c5696944c48ee84d1e3db9bdf8bbb9b88d1e56d9ba9803a,1,
release/zoom/S62389544-GF-A82-EEA-T14-S1-LH-C1-I0050-F00.png,zoom,single,512,512,PNG,299396,c5f21479cb03f93e5c7d7cd8ec9a79b91c6c099875d7e53c9d9b01748b76cbf9,1,
release/zoom/S640440409-GF-A40-EME-T14-S1-LH-C1-I0001-F00.png,zoom,single,512,512,PNG,457822,1e35e15360f555fb933e3fbb5718e72a38ff41828266c27c2d26e909028db448,1,
release/zoom/S641100116-GM-A97-EEA-T14-S1-LH-C1-I0060-F00.png,zoom,single,512,512,PNG,406969,367f9d7d482156a8e765cc76c63b7d300b8fcbc6ce9cca3574f59fed71cc7591,1,
release/zoom/S6470524-GF-A29-EAS-T14-S1-LH-C1-I0059-F00.png,zoom,single,512,512,PNG,342618,0f7638012091035ec893b08d0a80c90d05e3e0230ed183664a89a192d11f1643,1,
release/zoom/S647458820-GF-A61-EAF-T03-S1-LH-C1-I0003-F00.png,zoom,single,512,512,PNG,410839,41ce88cae2bfb92f8a5ddee2d3b2344670f2609ebe8abff3678bf152538378f9,1,
release/zoom/S653507002-GM-A51-EME-T03-S1-LH-C1-I0023-F00.png,zoom,single,512,512,PNG,438396,9d15ea85b60619f8f3550a1c2762fd9278c52d84d11f082373ef0ea16fe75145,1,
release/zoom/S653507002-GM-A51-EME-T03-S1-LH-C1-I0063-F00.png,zoom,single,512,512,PNG,440510,7a7377dce29fa07655136eabbb56e675af4aecca3e3d003375e735dcfc50258a,1,
release/zoom/S664246838-GF-A21-EEA-T11-S1-LH-C1-I0004-F00.png,zoom,single,512,512,PNG,423164,a2c2267482327e4863fe773da49cd6ce14ed0a29ff0a03bb7375b12bb6adac51,1,
release/zoom/S664246838-GF-A21-EEA-T11-S1-LH-C1-I0019-F00.png,zoom,single,512,512,PNG,441428,2a91ea49517fff9aa4f4c0bcc3fa814bf9c1ac8122c1d3516288256703d0b34e,1,
release/zoom/S664545006-GF-A28-EIA-T14-S1-LH-C1-I0033-F00.png,zoom,single,512,512,PNG,344030,c9fe01d3c937732431c9be6e0e3b5fe029568a426c9e12bcbfaccb1c145be3c8,1,
release/zoom/S669973447-GM-A20-EEA-T00-S1-LH-C1-I0000-F00.png,zoom,single,512,512,PNG,367502,384b080d315dd5b58eda33a65b11414fd386e56f73c2799bcfca2e259ef9a18e,1,
release/zoom/S669973447-GM-A20-EEA-T00-S1-LH-C1-I0016-F00.png,zoom,single,512,512,PNG,345850,35fe3bf819795f9b1a764b88088bc8099a2d79aedd4c6fed336d79bc9dd7b9dc,1,
release/zoom/S670711149-GF-A47-EEA-T00-S1-LH-C1-I0025-F00.png,zoom,single,512,512,PNG,330616,4946818fa184a88cf7eee5e03db84388ce1321f5d5734e633564866d59a6eadf,1,
release/zoom/S673442144-GF-A53-EEA-T01-S1-LH-C1-I0002-F00.png,zoom,single,512,512,PNG,435468,58759789c581067fab7f33c508de03247864fdd9087d2b3e202e5f7630ada020,1,
release/zoom/S673442144-GF-A53-EEA-T01-S1-LH-C1-I0003-F00.png,zoom,single,512,512,PNG,410857,00c2f8b2d828cb6b46067b7a5feb3f1f8f069cfcbb34fc28f19c5d78271f2432,1,
release/zoom/S673442144-GF-A53-EEA-T01-S1-LH-C1-I0013-F00.png,zoom,single,512,512,PNG,405959,98f9df9ec7f8ee01a3a7cf2bada05d3eba22c61e42368ad01aa9108ee767b71f,1,
release/zoom/S673442144-GF-A53-EEA-T01-S1-LH-C1-I0023-F00.png,zoom,single,512,512,PNG,406996,237429cee7d4f6c0db1da10af49b51369c8d479cc26b73e6ef6c5943f765021c,1,
release/zoom/S673442144-GF-A53-EEA-T01-S1-LH-C1-I0028-F00.png,zoom,single,512,512,PNG,408356,347fd4783e67f5792b73803ae076f4e288293e063c2ba6eb3cd7588042985bcf,1,
release/zoom/S673442144-GF-A53-EEA-T01-S1-LH-C1-I0034-F00.png,zoom,single,512,512,PNG,423028,667f9ff81b97bf54a56840eaa34dc1ac3322af95398389e75b23cd80f3a77d06,1,
release/zoom/S673442144-GF-A53-EEA-T01-S1-LH-C1-I0035-F00.png,zoom,single,512,512,PNG,423292,c0b625769e96cc487399d6a2554dfe2a064997b209b7c0bfff534032539e87c4,1,
release/zoom/S673442144-GF-A53-EEA-T01-S1-LH-C1-I0044-F00.png,zoom,single,512,512,PNG,405954,f1a8b97b85960c80d791bbe0011187b0ebcac5aaa6d760b0423dd83b49bc2391,1,
release/zoom/S673442144-GF-A53-EEA-T01-S1-LH-C1-I0049-F00.png,zoom,single,512,512,PNG,437577,938d95092ffcd97fce345d2a7b20dd590183a2714cbbc8ebe54776a0856edd8b,1,
release/zoom/S673442144-GF-A53-EEA-T01-S1-LH-C1-I0056-F00.png,zoom,single,512,512,PNG,397956,6cea1486fb267fd26d652ecea68e39bc6488cae2da1291b832a836b007c8cb53,1,
release/zoom/S677155548-GF-A53-EME-T01-S1-LH-C1-I0011-F00.png,zoom,single,512,512,PNG,435074,239971875ebac5aa7352857868473a621418296dc070d2e8f3bc4649559f1d90,1,
release/zoom/S678466862-GF-A62-EEA-T03-S1-LH-C1-I0047-F00.png,zoom,single,512,512,PNG,455992,95cd8448818f8c5bb083cf9d8ece5d22a93790e1b6531c48204c9c5af7f18ecb,1,
release/zoom/S682364157-GF-A18-EIA-T03-S1-LH-C1-I0012-F00.png,zoom,single,512,512,PNG,403175,bbbf198912087fb7402bc4243ebe9e3cfba86187270962a3adf1a7f26277a8b1,1,
release/zoom/S683688917-GF-A31-EIA-T03-S1-LH-C1-I0021-F00.png,zoom,single,512,512,PNG,341804,836c1316f3db126287ffb47f2e63c3d6e4ccc4e8a2c6b1976ade5f2d44d44d07,1,
release/zoom/S691494836-GM-A85-EIA-T11-S1-LH-C1-I0037-F00.png,zoom,single,512,512,PNG,397878,3b49cfc6e53adea57a09d146ef1de41989f886846ad77841465b229ec03ce5ca,1,
release/zoom/S691842297-GM-A47-EME-T14-S1-LH-C1-I0022-F00.png,zoom,single,512,512,PNG,392029,a222059fe301008d3b870ed3765c8825732700c5778d55fd05b5644687268c90,1,
release/zoom/S700139260-GF-A56-EEA-T15-S1-LH-C1-I0053-F00.png,zoom,single,512,512,PNG,380493,ef125f5f1cee5f8fb0fc49dc3af422abca6a7b14bc6bd92450981d2e97a66d2c,1,
release/zoom/S700907495-GM-A91-EME-T01-S1-LH-C1-I0006-F00.png,zoom,single,512,512,PNG,396248,2dab1ba6b134acd48d6f6aa8858a4e1e9c7bbebf03e9dee40de7656314cec804,1,
release/zoom/S708639364-GM-A59-EEA-T00-S1-LH-C1-I0042-F00.png,zoom,single,512,512,PNG,414857,d0e575bcb5b76241096d6ec6fd8a3bdd3691c3325af5249da0570672b8c9324b,1,
release/zoom/S710623010-GF-A75-EME-T01-S1-LH-C1-I0051-F00.png,zoom,single,512,512,PNG,376505,5dc10654b3b0df48795473b61992a3cfe380ebeb1ebb17f301699e03b201063e,1,
release/zoom/S720555455-GF-A90-EAS-T14-S1-LH-C1-I0024-F00.png,zoom,single,512,512,PNG,332067,d23c99255c3ddb3d9d01ec19131f6f4795aa99a2d4180125c6c62bda85bf96c9,1,
release/zoom/S721709390-GF-A24-EME-T00-S1-LH-C1-I0000-F00.png,zoom,single,512,512,PNG,280957,dc07c87f45bcf04c48a10ae5f42aeecaa97dfa4e5e4b67f0f08148cc18210403,1,
release/zoom/S723966293-GM-A27-EEA-T03-S1-LH-C1-I0044-F00.png,zoom,single,512,512,PNG,343961,6af1086e4143a401af92b18bd92d947f35385b866af7e93f0c8271a29ab92795,1,
release/zoom/S726037773-GF-A57-EEA-T15-S1-LH-C1-I0030-F00.png,zoom,single,512,512,PNG,445100,3d8eb4e2a5d6003c5e06171474b38ecf757609f4540d6bd4d2f0bb7705fea6ab,1,
release/zoom/S726037773-GF-A57-EEA-T15-S1-LH-C1-I0031-F00.png,zoom,single,512,512,PNG,430618,a1fb61a2a43e23fb4a384b770c227f7cdf8a92d86af9f660ef73aaeac1ce2d3c,1,
release/zoom/S727226600-GM-A33-EAS-T03-S1-LH-C1-I0035-F00.png,zoom,single,512,512,PNG,424547,a9cbb86c8bdb834060165ef23aa0466fb2c0526e68210a08c0deed6c2c08b17a,1,
release/zoom/S727226600-GM-A33-EAS-T03-S1-LH-C1-I0053-F00.png,zoom,single,512,512,PNG,389479,6bf4b8cdc8179fc4e541e8154996935a981082ee74b2c080e84f9536767ac12c,1,
release/zoom/S735235858-GF-A76-EEA-T03-S1-LH-C1-I0045-F00.png,zoom,single,512,512,PNG,338057,50c9a4ce82558fcc40c91c831dd279694b6a0fb5a95389d340ab47e47e1b0950,1,
release/zoom/S741955884-GF-A71-EEA-T14-S1-LH-C1-I0057-F00.png,zoom,single,512,512,PNG,426576,ca87d1edf87a9958c49fb5f522052352793d2dae6152471de57a283e0d67fed7,1,
release/zoom/S74441691-GF-A84-EIA-T13-S1-LH-C1-I0061-F00.png,zoom,single,512,512,PNG,412685,e197cf4eaf0bca50218ebe0d6bb33d262443e23dec350451ee79eb33efcfa4e7,1,
release/zoom/S744766748-GM-A69-EEA-T01-S1-LH-C1-I0008-F00.png,zoom,single,512,512,PNG,415692,962f074bf32e2a6baa597d82fe7adaff00d87a8110e1b667cc96694f0e964513,1,
release/zoom/S752785476-GF-A66-EEA-T00-S1-LH-C1-I0010-F00.png,zoom,single,512,512,PNG,383274,7f45102773d3e6bb62cf36034eaffb82cf914943c9e78ba7286ba9edca7dd407,1,
release/zoom/S755595872-GF-A36-EME-T03-S1-LH-C1-I0000-F00.png,zoom,single,512,512,PNG,392890,cc657598dd4738046e559425e02147d35eee38d13c4e728f8097580762196d64,1,
release/zoom/S760022445-GF-A45-EEA-T03-S1-LH-C1-I0032-F00.png,zoom,single,512,512,PNG,460215,b0116cb1849974850cf566de1d0ed918957af0b676736f10177d8ec33cee4cc0,1,
release/zoom/S766916408-GM-A23-EME-T14-S1-LH-C1-I0040-F00.png,zoom,single,512,512,PNG,346160,09e4af39b22dd2247bf515bdc069c96f584dc8b46a80d91fe547c0adfe803af6,1,
release/zoom/S778523462-GF-A44-EIA-T14-S1-LH-C1-I0042-F00.png,zoom,single,512,512,PNG,424979,4db0fb1cf7332a301ae7245c2041922ff6639a245097dc1462cd1607c06bc2f7,1,
release/zoom/S780045574-GF-A98-EAF-T14-S1-LH-C1-I0030-F00.png,zoom,single,512,512,PNG,325168,9d33413119ebc726b69669e24573555e58cca348fc9bcf8a23c7c6f0a5a85bdf,1,
release/zoom/S780124184-GF-A64-EME-T01-S1-LH-C1-I0042-F00.png,zoom,single,512,512,PNG,413441,946b5bf82eae73370151b5f6c35d3c0203c0a5cc82f1273a0fa7df8a3e08bebe,1,
release/zoom/S786321386-GM-A32-EME-T00-S1-LH-C1-I0051-F00.png,zoom,single,512,512,PNG,421405,558e74c5b53b0699a3adcc7acd5f326d4d2a847de8567125e3ace0d1a9b60ae4,1,
release/zoom/S788462400-GM-A77-EEA-T14-S1-LH-C1-I0022-F00.png,zoom,single,512,512,PNG,392135,8bcf0bb177957230b891e23de24eb71947f20db4922e06c8f6559553cfa0abfb,1,
release/zoom/S79333356-GF-A59-EEA-T03-S1-LH-C1-I0057-F00.png,zoom,single,512,512,PNG,433623,3464404669281fab945c051e47720432289fac319ad2a01537541b2a79de90f3,1,
release/zoom/S795622045-GM-A49-EEA-T03-S1-LH-C1-I0033-F00.png,zoom,single,512,512,PNG,328973,ff9fea45cb24763ec61ec06d0e3206f0785581e5fb6212a5ed3fa3d03100d855,1,
release/zoom/S798606872-GF-A37-EME-T15-S1-LH-C1-I0028-F00.png,zoom,single,512,512,PNG,438102,b99c86249bfab2b40020874e799f7b1f100ad1cf4925b46db7810d69c926d426,1,
release/zoom/S804626448-GF-A39-EME-T01-S1-LH-C1-I0049-F00.png,zoom,single,512,512,PNG,444366,8745b4c6224c1cd52ba620a9e1f63400344ae9f03f7f60e238a0c151e3b7141e,1,
release/zoom/S806692215-GM-A67-EEA-T01-S1-LH-C1-I0022-F00.png,zoom,single,512,512,PNG,325839,194beeaae41c5099259f3268a07850797eaf7121903400c67e2fab6e0d03b4e5,1,
release/zoom/S806692215-GM-A67-EEA-T01-S1-LH-C1-I0043-F00.png,zoom,single,512,512,PNG,342063,2513b2c2b3651760930e165a097bd3033cd2c84228eff5b00edbebdbaa38acc8,1,
release/zoom/S808755818-GM-A40-EEA-T00-S1-LH-C1-I0059-F00.png,zoom,single,512,512,PNG,370771,ab5503d923aa6d64a6e158b22ceebe2232564c0a31994c852ee841467a5a547c,1,
release/zoom/S816836927-GF-A61-EAS-T00-S1-LH-C1-I0031-F00.png,zoom,single,512,512,PNG,420331,f7307d4b8ea05ca120533858f8d7bcabe16abb2a60e5ac1e7ff58701101d8afa,1,
release/zoom/S824192626-GF-A59-EIA-T14-S1-LH-C1-I0014-F00.png,zoom,single,512,512,PNG,391932,e8349dcd1cb882fae4f4c689da4879836b235473754d06163cea79f87bad5426,1,
release/zoom/S825431925-GF-A77-EAF-T00-S1-LH-C1-I0000-F00.png,zoom,single,512,512,PNG,405020,24402710b78a8704f9702bb7b3879f349467415107003767ab4c2ce599292680,1,
release/zoom/S825833733-GF-A82-EEA-T14-S1-LH-C1-I0004-F00.png,zoom,single,512,512,PNG,398987,289154de20ebf76f0b6de8a2a682713ac987dcc5eaaf3c9f8baee3e781e4f808,1,
release/zoom/S825833733-GF-A82-EEA-T14-S1-LH-C1-I0012-F00.png,zoom,single,512,512,PNG,404562,1f3a7fdbe381e2e5f41fa9eba06f9ef38b455373cc1f1e43c502d875dbb5bff5,1,
release/zoom/S825833733-GF-A82-EEA-T14-S1-LH-C1-I0022-F00.png,zoom,single,512,512,PNG,423436,8568edd53261e1ee5bce048459d4edf32d8ba3ba23aecc7e68b01ecf13a1f21a,1,
release/zoom/S825833733-GF-A82-EEA-T14-S1-LH-C1-I0028-F00.png,zoom,single,512,512,PNG,406224,e6988acd82fb16a48c0894470e586e38287fc049af92148b5438b6c9c46a7f89,1,
release/zoom/S835364261-GM-A45-EAS-T03-S1-LH-C1-I0032-F00.png,zoom,single,512,512,PNG,382282,896545d18a79438f6fd45801395645d3fe9296b748be59956b5ddd6345e03009,1,
release/zoom/S838732855-GF-A26-EEA-T03-S1-LH-C1-I0010-F00.png,zoom,single,512,512,PNG,414389,33946b2c663c2ab9d706ee76d4c97ca623efbad4e20825ec95ca9faac7f887fe,1,
release/zoom/S844573168-GM-A70-EEA-T00-S1-LH-C1-I0061-F00.png,zoom,single,512,512,PNG,406001,1ed01396563fe5cd004753f2fdfb0ab1c7f312e860fd503ea44b9be268da4f45,1,
release/zoom/S844761652-GF-A54-EAF-T03-S1-LH-C1-I0008-F00.png,zoom,single,512,512,PNG,409074,0a6aa0d5a37a9453902088df5097d489a0fcb754095c5890b187c60380c3f335,1,
release/zoom/S851010322-GM-A30-EEA-T03-S1-LH-C1-I0061-F00.png,zoom,single,512,512,PNG,404189,9549f19f589a0ca465d19747780fb68a0bc365faadcb2f283f01837426e3d2ed,1,
release/zoom/S85153826-GM-A28-EEA-T03-S1-LH-C1-I0011-F00.png,zoom,single,512,512,PNG,342364,d2858e4b5f12bc272c052f33da087435a26e8d5d4963d46bdc7c2bd650a5c719,1,
release/zoom/S861590567-GF-A45-EIA-T03-S1-LH-C1-I0062-F00.png,zoom,single,512,512,PNG,393357,adb414804d7715f44081338f2dbea68021b5c554f7ec8b9a275e2ea922a3d639,1,
release/zoom/S86418004-GF-A49-EEA-T10-S1-LH-C1-I0000-F00.png,zoom,single,512,512,PNG,439933,c24957ab7ddbbfa9f9da4b46b364a19f3689bd8fabdada1bf61c1e83f007223f,1,
release/zoom/S871196184-GF-A27-EAF-T14-S1-LH-C1-I0028-F00.png,zoom,single,512,512,PNG,318962,c90f007f2bb8e68dd266761ab55172381e6f4accacc40ad5deb518e162ba9d47,1,
release/zoom/S872849899-GF-A30-EEA-T03-S1-LH-C1-I0004-F00.png,zoom,single,512,512,PNG,444377,fbaaa1f2c955718db1057092ede9750c739e572b788607d692696222f64fd147,1,
release/zoom/S881124278-GF-A51-EAS-T14-S1-LH-C1-I0059-F00.png,zoom,single,512,512,PNG,421074,c97a7cd2f2cabb4a90639600abeb79bd610071fb23fab513cb957a06b64bd325,1,
release/zoom/S882917275-GF-A60-EME-T01-S1-LH-C1-I0038-F00.png,zoom,single,512,512,PNG,391311,211a03375d6ebd3ed820218ce4a254e73927f28335fbfa47cf92dc96807e380c,1,
release/zoom/S883374229-GF-A54-EEA-T14-S1-LH-C1-I0006-F00.png,zoom,single,512,512,PNG,420200,c4503b441f64cb92c4b594c8cd84106874acfbc2a4ca812d2ca4bd5a0c8a1902,1,
release/zoom/S883374229-GF-A54-EEA-T14-S1-LH-C1-I0019-F00.png,zoom,single,512,512,PNG,420606,6ce9ca93631038681eb948992dd1457e63280bddb7f3a5275fdf38c4672dcfe4,1,
release/zoom/S883374229-GF-A54-EEA-T14-S1-LH-C1-I0021-F00.png,zoom,single,512,512,PNG,425134,8a6cd12d58a7cb8fc9c3cd7ba837138b2be972b1e5917344b05cb81dda6271f8,1,
release/zoom/S883374229-GF-A54-EEA-T14-S1-LH-C1-I0038-F00.png,zoom,single,512,512,PNG,419076,fabd95429f5c04a76168fdc765b7bc0c354ba8799b170de70dd39c4468ecb534,1,
release/zoom/S883374229-GF-A54-EEA-T14-S1-LH-C1-I0039-F00.png,zoom,single,512,512,PNG,425025,ac01157ab624697caa07140401d2fb5bbd79e540d17eb7c7455e46db29d55b05,1,
release/zoom/S883374229-GF-A54-EEA-T14-S1-LH-C1-I0040-F00.png,zoom,single,512,512,PNG,407261,b46ca7a9cb003d9d4222e99f7b687c841264cbcfb470f83d4e38aac4e5d35561,1,
release/zoom/S883374229-GF-A54-EEA-T14-S1-LH-C1-I0041-F00.png,zoom,single,512,512,PNG,414515,2e1b3cafbaa08da75fe4d24614a6fc937693ccbf5dc6479944aa35f91ebf7c43,1,
release/zoom/S883374229-GF-A54-EEA-T14-S1-LH-C1-I0059-F00.png,zoom,single,512,512,PNG,390718,0a6096e0e27b2b8a631f9a6da4ab006ac4e810328a3b09a73bd7c39731480150,1,
release/zoom/S883374229-GF-A54-EEA-T14-S1-LH-C1-I0062-F00.png,zoom,single,512,512,PNG,403201,5fcb57ecfe23d34559f3e074152d38575a053f05ff7b9793162f24fd6b8145b8,1,
release/zoom/S892006153-GF-A74-EAF-T14-S1-LH-C1-I0020-F00.png,zoom,single,512,512,PNG,428798,a04bfe5217e22dd1105375fdf1cbbbbae87a669de99af575199c0edf8cc95f83,1,
release/zoom/S894840102-GN-A69-EAF-T00-S1-LH-C1-I0056-F00.png,zoom,single,512,512,PNG,464408,7e93c91afb8c31ae9de0eed9028ab535efd499e7df9722ba6c6207295fd0bb97,1,
release/zoom/S895967637-GM-A28-EEA-T01-S1-LH-C1-I0005-F00.png,zoom,single,512,512,PNG,394158,162208af0656c17a7992ba1d3a2889fb973ae8ab0fb24751609ec5942818c415,1,
release/zoom/S897329683-GF-A41-EEA-T11-S1-LH-C1-I0040-F00.png,zoom,single,512,512,PNG,392960,c17ad3daa80996d95fae8580cb11f4ced67be8ce29a83a7397ba2db84b8812bc,1,
release/zoom/S906953625-GF-A53-EEA-T01-S1-LH-C1-I0001-F00.png,zoom,single,512,512,PNG,321305,0d516c44650a9e4b53c40a2a2ade3348853326854ae413e2ab4cb47f7203df63,1,
release/zoom/S9176807-GM-A21-EEA-T03-S1-LH-C1-I0024-F00.png,zoom,single,512,512,PNG,377269,dab3b102dc625d3deca8fb889f774faaf8fe77b7facf5e8e96bae85877028759,1,
release/zoom/S921833550-GM-A28-EEA-T14-S1-LH-C1-I0000-F00.png,zoom,single,512,512,PNG,336056,1fe8c4af3e6271cd34ae5db490f2881f568a539fa9a6855e78c4fdb7fcc4f9d7,1,
release/zoom/S924724708-GF-A48-EEA-T14-S1-LH-C1-I0053-F00.png,zoom,single,512,512,PNG,416737,f5f64096c2fdc06399c40e8d13b1134e16ee1965a358ac9eb557afd6cc11d4dd,1,
release/zoom/S926047332-GM-A22-EME-T14-S1-LH-C1-I0038-F00.png,zoom,single,512,512,PNG,329158,a682ab0c718b3346366c4cc502c90eb06136beb625c0cee8f429430137b4f999,1,
release/zoom/S926047332-GM-A22-EME-T14-S1-LH-C1-I0039-F00.png,zoom,single,512,512,PNG,321980,23e34e57dcf9b1e65375d967ad965b511ee2cdfb86f88b1e83bd517e291e92a3,1,
release/zoom/S931374402-GM-A20-EAF-T14-S1-LH-C1-I0003-F00.png,zoom,single,512,512,PNG,325731,341306903b33534d473f7f76b78ac54e2feac934ac3ff4bc765111f86230b142,1,
release/zoom/S931374402-GM-A20-EAF-T14-S1-LH-C1-I0013-F00.png,zoom,single,512,512,PNG,331094,118cbfd1550ab9104083dd483daa030ac9c1932db89b981513f50657d8252cfa,1,
release/zoom/S932980426-GM-A79-EME-T14-S1-LH-C1-I0010-F00.png,zoom,single,512,512,PNG,340618,0ddd6f030018b9d40a6fbcfb087e5febb3b94aaccbbade27cd1027a2c6b83ede,1,
release/zoom/S932980426-GM-A79-EME-T14-S1-LH-C1-I0014-F00.png,zoom,single,512,512,PNG,404259,164c502cd8e67c809608b9ec5e8846d8f3b9c45c0bf1eb7485be33ce1f5e52db,1,
release/zoom/S932980426-GM-A79-EME-T14-S1-LH-C1-I0032-F00.png,zoom,single,512,512,PNG,344991,82915c49b4403ab211c6f067182e46b3abba9606e26de7cf59e8b34af031922f,1,
release/zoom/S932980426-GM-A79-EME-T14-S1-LH-C1-I0054-F00.png,zoom,single,512,512,PNG,384908,d81269e39a76bf8ec8cefd8c0af9884389676568d6ed55b409e4de2effaccb9a,1,
release/zoom/S936982627-GM-A77-EEA-T01-S1-LH-C1-I0040-F00.png,zoom,single,512,512,PNG,379097,f684e6369f50b47343644c6d21205bcf021d79a9928fcc1cda3ab43935584cfe,1,
release/zoom/S94290629-GF-A23-EAF-T14-S1-LH-C1-I0030-F00.png,zoom,single,512,512,PNG,411166,4a7f012d491349b03f15a084bab695a8240bc17c1ed1ebbcc0ce37254899ad86,1,
release/zoom/S94888726-GM-A26-EME-T03-S1-LH-C1-I0049-F00.png,zoom,single,512,512,PNG,322508,8b0e7feb71824d58ff6818c15c76a1b54b170ab317e87e16db8b1661dc929b6e,1,
release/zoom/S954227485-GF-A55-EME-T00-S1-LH-C1-I0054-F00.png,zoom,single,512,512,PNG,429269,eb8d3bf3ee2b4de86f6f1d004cc8408b398cde8ef492e28d4b589acf0ca13458,1,
release/zoom/S955490819-GM-A25-EAF-T14-S1-LH-C1-I0009-F00.png,zoom,single,512,512,PNG,348426,a73affca9bfc6ef201ce2605152c8632426c0a7436c6b07b613c741ce5b19a71,1,
release/zoom/S956718444-GF-A38-EAS-T14-S1-LH-C1-I0018-F00.png,zoom,single,512,512,PNG,374509,6efaee4be8f584174f71be4d22d1a160a4facd238a053e25b0c3172d376518bd,1,
release/zoom/S95924864-GM-A18-EEA-T14-S1-LH-C1-I0017-F00.png,zoom,single,512,512,PNG,359095,e892c60569fc896054d3f9dc59474e5a6cd8985444d0a33bdc0754986722fd18,1,
release/zoom/S95924864-GM-A18-EEA-T14-S1-LH-C1-I0029-F00.png,zoom,single,512,512,PNG,379347,32185524e3194d9ea6f47ca8260af25761a26cfae0621a794c87b1d33a48e0c3,1,
release/zoom/S959317588-GM-A42-EAS-T00-S1-LH-C1-I0008-F00.png,zoom,single,512,512,PNG,388584,943efd4752d43a168310ddb6f3daf5e7f8a1694f240c9bd76a83f4f43b33bb83,1,
release/zoom/S959317588-GM-A42-EAS-T00-S1-LH-C1-I0054-F00.png,zoom,single,512,512,PNG,360263,d6f034c8d655382ab27250f605e44fbe2f6d6b4f38e253b562ed8ea9a1495be8,1,
release/zoom/S962503135-GF-A84-EEA-T14-S1-LH-C1-I0013-F00.png,zoom,single,512,512,PNG,416541,e126d92c559aeec303917ab52e88c7cd88099cb4243dde7615a881145e0ee191,1,
release/zoom/S966499612-GM-A36-EEA-T14-S1-LH-C1-I0024-F00.png,zoom,single,512,512,PNG,412111,f1715bb8232cc5a79898ea39e80fff0cc8eda55772cbb19d9ee11dd49adf8841,1,
release/zoom/S970888949-GF-A57-EEA-T15-S1-LH-C1-I0038-F00.png,zoom,single,512,512,PNG,413657,254f8d6edf68596cb5170bb893a00155a6713c3f9bf4a15708b0be39f4e318eb,1,
release/zoom/S976538751-GM-A19-EAF-T14-S1-LH-C1-I0007-F00.png,zoom,single,512,512,PNG,403557,ecf90b3c49ff947e196288dbd9adfa6e5fd24c7634ae71ccb6cd9973960d46cb,1,
release/zoom/S976538751-GM-A19-EAF-T14-S1-LH-C1-I0042-F00.png,zoom,single,512,512,PNG,335014,e891abd521c196ff401ef3d5c11830be65d0ed2d71acf6706b1a114ad24a8f7d,1,
release/zoom/S978873421-GF-A64-EEA-T01-S1-LH-C1-I0000-F00.png,zoom,single,512,512,PNG,396290,5b5cb6c5c93da0e9f1787170f39019a24cb695e5dab50491ff1bbf32bc588879,1,
release/zoom/S980654402-GF-A53-EEA-T14-S1-LH-C1-I0004-F00.png,zoom,single,512,512,PNG,297274,527eaf920a18cc1f4742bb80c5a30cba60b2bbac35a18dfdcf5ec4f0e44b9e2e,1,
release/zoom/S982128636-GM-A71-EME-T01-S1-LH-C1-I0008-F00.png,zoom,single,512,512,PNG,445868,d3515fa6e808869272ec4d107925acc2d43374d0ea0bca57e81449ec0083ce5b,1,
release/zoom/S982227952-GM-A31-EEA-T00-S1-LH-C1-I0051-F00.png,zoom,single,512,512,PNG,305086,43457a14290cbbbaf1de645468ce99ae39e70d7eee22df268dd8b7c97d037199,1,
release/zoom/S98643087-GF-A34-EIA-T10-S1-LH-C1-I0042-F00.png,zoom,single,512,512,PNG,464112,a7c490a5c5ae82ba599ca6f9ca6b6259dbf0153e6e1c27c1baee5d8ec2cec528,1,
release/zoom/S987384432-GF-A95-EME-T01-S1-LH-C1-I0003-F00.png,zoom,single,512,512,PNG,351103,b9fd6768f401ee4429e5e5700c3da4b9029ab699ada07caab1cc1d869190b217,1,
release_mixed/S0000-GF-A20-EAS-T11-S1-LH-C1-I0000-F00.png,release_mixed,mixed,512,512,PNG,375435,2b6e1e0d1687f95e5dbe725499e850335a8636ae004684c3bf52929a4daa74c5,1,
release_mixed/S0000-GF-A20-EAS-T11-S1-LH-C1-I0001-F00.png,release_mixed,mixed,512,512,PNG,372722,465fab014595e29d20d3ee4862e645ccad1448d03ffa38053248bc07243cc38b,1,
release_mixed/S0000-GF-A20-EIA-T10-S1-LH-C1-I0000-F00.png,release_mixed,mixed,512,512,PNG,356736,a69b2b396ed142ffd63a4f2c27ce81bab906c3353f6716d41ac77fbacced964d,1,
release_mixed/S0000-GF-A21-EEA-T00-S1-LH-C1-I0000-F00.png,release_mixed,mixed,512,512,PNG,335683,adfcbdadd3334697794b9410f2b2478ab4ea01c35a32f44e0de95fd8d796f43a,1,
release_mixed/S0000-GF-A22-EAF-T03-S1-LH-C1-I0003-F00.png,release_mixed,mixed,512,512,PNG,412067,ee0739d6afd9271caa5290a19e651174bb79ef613412dc7486710ab411da5af9,1,
release_mixed/S0000-GF-A23-ISP-T01-S1-LH-C1-I0003-F00.png,release_mixed,mixed,512,512,PNG,352904,21beb0cbdebcb89535e8d8093074cdbf56b00a7dde946d706355b4089899e0b9,1,
release_mixed/S0000-GF-A24-EIA-T00-S1-LH-C1-I0000-F00.png,release_mixed,mixed,512,512,PNG,368173,51bc5ad745e7af5a3171356fdf65285deb60da323f83c26ae9428b4698982962,1,
release_mixed/S0000-GF-A27-EEA-T10-S1-LH-C1-I0001-F00.png,release_mixed,mixed,512,512,PNG,338223,29062bb3cc8fc1b04a76a8bc6e5a3b9029670e22b145381aee189dfb7982eb63,1,
release_mixed/S0000-GF-A29-EAS-T10-S1-LH-C1-I0001-F00.png,release_mixed,mixed,512,512,PNG,360947,61c582fadfb4e4118cc1ec0771c5402c647f0ad88afb5c6ee8eeb22946938279,1,
release_mixed/S0000-GF-A29-EAS-T10-S1-LH-C1-I0003-F00.png,release_mixed,mixed,512,512,PNG,381430,9b2844cf9cf47a7a1dfe8ff3ed66451457d89883273de8435508e611995735ed,1,
release_mixed/S0000-GF-A30-EME-T01-S1-LH-C1-I0002-F00.png,release_mixed,mixed,512,512,PNG,380468,5f394f135b9a206de37fcd3d879050f06b2ad3780dc5924acddb188bb9079a93,1,
release_mixed/S0000-GF-A32-EIA-T10-S1-LH-C1-I0003-F00.png,release_mixed,mixed,512,512,PNG,351834,e81a5fb88c67e7bca83ae278dfe14f953519592367c8d97d9bfb02a44ef86782,1,
release_mixed/S0000-GF-A38-EAS-T11-S1-LH-C1-I0003-F00.png,release_mixed,mixed,512,512,PNG,353376,dfd6c3782ab80153e05e4be120612ffbacf68f85ac99e3ba7d3e6699a4f81d04,1,
release_mixed/S0000-GF-A41-EAS-T03-S1-LH-C1-I0002-F00.png,release_mixed,mixed,512,512,PNG,388358,8569889e8c7cab65db2f5c7f84d537b1db679ebd27d05358473f0cca29054566,1,
release_mixed/S0000-GF-A41-EME-T03-S1-LH-C1-I0003-F00.png,release_mixed,mixed,512,512,PNG,365625,4a415852c5ae280c8cb64272334c31cff6ac85f83556eedd25c954eed526cad8,1,
release_mixed/S0000-GF-A41-ISP-T03-S1-LH-C1-I0001-F00.png,release_mixed,mixed,512,512,PNG,339624,6b6e360b966357c7c545b055da865d77283f576590b43722f882bd02574ae32a,1,
release_mixed/S0000-GF-A43-EME-T00-S1-LH-C1-I0001-F00.png,release_mixed,mixed,512,512,PNG,387304,766b2b2a5df0772c3bf15837275e962961c976264212cf6fca5d50251254b3e9,1,
release_mixed/S0000-GF-A44-EAF-T11-S1-LH-C1-I0002-F00.png,release_mixed,mixed,512,512,PNG,289399,8cd43681764419aef026c3da23bd371149629c0b2ea3915a0dabbe9defb6d803,1,
release_mixed/S0000-GF-A44-EIA-T03-S1-LH-C1-I0001-F00.png,release_mixed,mixed,512,512,PNG,383931,12a1824a4e535d1afba6017785b3628ba19f75dbff4f3375670716818a32695f,1,
release_mixed/S0000-GF-A47-EME-T10-S1-LH-C1-I0003-F00.png,release_mixed,mixed,512,512,PNG,372938,c386c5115010365f33002da554a5d299705a739cf30ecd457d088f1902d9e2fd,1,
release_mixed/S0000-GF-A48-EEA-T00-S1-LH-C1-I0003-F00.png,release_mixed,mixed,512,512,PNG,378793,cdbc2377e0476c5997fb0117c3ecfcc2a73aa74a12fb6cb752394d46cc178938,1,
release_mixed/S0000-GF-A49-EEA-T02-S1-LH-C1-I0001-F00.png,release_mixed,mixed,512,512,PNG,355002,a603c4f7e86887a75385d6e795813b5b54a293387590913aaa729a2622d22eff,1,
release_mixed/S0000-GF-A51-EME-T03-S1-LH-C1-I0002-F00.png,release_mixed,mixed,512,512,PNG,340727,31ab223491aa5d7ff92f24ea0576f2a2e2e06688c849d7c761982802ae6d1048,1,
release_mixed/S0000-GF-A54-EAF-T11-S1-LH-C1-I0000-F00.png,release_mixed,mixed,512,512,PNG,385817,73b182f57b8fcbb636a4db4f3db2f6e7d86c93eca20d0239ee7b637d511b1cd3,1,
release_mixed/S0000-GF-A54-EIA-T00-S1-LH-C1-I0001-F00.png,release_mixed,mixed,512,512,PNG,383248,7726a4b8e37d956ce2a96522fa23ba80928a0fc88233b78d5d42fd95f7504308,1,
release_mixed/S0000-GF-A54-EIA-T00-S1-LH-C1-I0003-F00.png,release_mixed,mixed,512,512,PNG,379961,8390b18d98ddff8e544ca18ec44cbeac2ab5a4d14b513c7c534299bd740ad87d,1,
release_mixed/S0000-GF-A56-EEA-T01-S1-LH-C1-I0000-F00.png,release_mixed,mixed,512,512,PNG,329282,1cc020783fb2ff9996878851a27ccbe9f65525e950f8af140df631985a67daeb,1,
release_mixed/S0000-GF-A65-EAS-T02-S1-LH-C1-I0000-F00.png,release_mixed,mixed,512,512,PNG,364568,f2a5117b7c261ca99e50918e13520d372d5dca30388ac5ff054d6934394be904,1,
release_mixed/S0000-GF-A65-EEA-T02-S1-LH-C1-I0000-F00.png,release_mixed,mixed,512,512,PNG,371699,c5408a3d8b5efe607a39866747e5f0535854f59019134380c4bc3f504533be55,1,
release_mixed/S0000-GF-A65-EEA-T02-S1-LH-C1-I0001-F00.png,release_mixed,mixed,512,512,PNG,387664,3bdb80ab27dfd89cc0ccfb4cdbfe37f182c7fbd80a7b63024fd3a628ff3317f7,1,
release_mixed/S0000-GF-A66-EAS-T03-S1-LH-C1-I0001-F00.png,release_mixed,mixed,512,512,PNG,393257,408f7fd0b4249fbe14b5c02f22036e86e8964f2e4594569c6ff76d42709904b8,1,
release_mixed/S0000-GF-A66-EIA-T01-S1-LH-C1-I0002-F00.png,release_mixed,mixed,512,512,PNG,385250,876e629e0b1f4e6070de81282915a71eb716fdc85170f1f702d5276925bbfe8d,1,
release_mixed/S0000-GF-A66-EIA-T03-S1-LH-C1-I0000-F00.png,release_mixed,mixed,512,512,PNG,377068,52ed2e389d77c0d2efe8c47d552a3919256be83be350b19733e1dd557eb26cd0,1,
release_mixed/S0000-GF-A71-EAS-T10-S1-LH-C1-I0001-F00.png,release_mixed,mixed,512,512,PNG,438662,4c762ff923223ec8760c13d2fd64c275b9dd4bfc23b54ff05d535ec6ade288ca,1,
release_mixed/S0000-GF-A72-EIA-T11-S1-LH-C1-I0000-F00.png,release_mixed,mixed,512,512,PNG,372449,1e4f60e9f12cb4f932b099c7d5f6c4182d42f019826a2dc148cf59080d310a80,1,
release_mixed/S0000-GF-A72-EIA-T11-S1-LH-C1-I0001-F00.png,release_mixed,mixed,512,512,PNG,377416,5f8f5b5407bbc4c3febf7725e2944b945d21d6f9c72c40d850e068100e937ee6,1,
release_mixed/S0000-GF-A72-EIA-T11-S1-LH-C1-I0003-F00.png,release_mixed,mixed,512,512,PNG,384109,5e67ac05d2cdc8c58b7bca4b17415f69b39d6525a7b11e4e4fe2d5324e707333,1,
release_mixed/S0000-GF-A72-ISP-T00-S1-LH-C1-I0003-F00.png,release_mixed,mixed,512,512,PNG,341228,14a45869390fa76b7257e128558e12650e8144bd70aa5683284a2ebcf8f064f6,1,
release_mixed/S0000-GF-A73-EEA-T02-S1-LH-C1-I0000-F00.png,release_mixed,mixed,512,512,PNG,437337,fe9c9358de83147ffd1ee00e17142140bff3d741ffb9f6846d6c594969e67112,1,
release_mixed/S0000-GF-A74-ISP-T02-S1-LH-C1-I0001-F00.png,release_mixed,mixed,512,512,PNG,366478,b2cec87ba92d7dd13b2691365a102d7161de4e102f00754a1d1787a17766d271,1,
release_mixed/S0000-GF-A81-EAF-T02-S1-LH-C1-I0000-F00.png,release_mixed,mixed,512,512,PNG,380142,fec92b7e59d7c708bb150c79141b44fc73eb8b04882ed657d8cae6ca2b749354,1,
release_mixed/S0000-GF-A82-EAF-T02-S1-LH-C1-I0000-F00.png,release_mixed,mixed,512,512,PNG,379244,0f826ea98d1ad4f3d31f47bf9dfa7b1d4f41eb0232ee3bf098f2276c7abbb363,1,
release_mixed/S0000-GF-A85-ISP-T11-S1-LH-C1-I0003-F00.png,release_mixed,mixed,512,512,PNG,391898,75be7efb4d33dfab3da8a0dc6665d78bfbabb9266f36074f4a2f472edfc6b563,1,
release_mixed/S0000-GF-A88-EAS-T11-S1-LH-C1-I0002-F00.png,release_mixed,mixed,512,512,PNG,390829,85f1477a5a853695ab04080194e99168e91fdbecbb2de9ed5e89ebd9a024951e,1,
release_mixed/S0000-GF-A90-EEA-T01-S1-LH-C1-I0003-F00.png,release_mixed,mixed,512,512,PNG,357999,915a22e1882010182e8a5dae3299e691130b43af83685c81f88991b57c37ad50,1,
release_mixed/S0000-GF-A90-EIA-T10-S1-LH-C1-I0001-F00.png,release_mixed,mixed,512,512,PNG,379662,e288de8ab0befb78faccd371ac811ba3dde6769a2dfe482ac6750af6fd335790,1,
release_mixed/S0000-GF-A90-EIA-T10-S1-LH-C1-I0002-F00.png,release_mixed,mixed,512,512,PNG,374641,96d55cd928b7999fae7a90e7c64bb7004ab1e6dbeff3c4ed9ebaec8db8a81d79,1,
release_mixed/S0000-GF-A92-EIA-T03-S1-LH-C1-I0000-F00.png,release_mixed,mixed,512,512,PNG,393958,89354777b211d0a835ffcd9b88a13e6cbc9c348bc6eef1c7f7a0f9e74a914b9c,1,
release_mixed/S0000-GF-A95-EAS-T11-S1-LH-C1-I0000-F00.png,release_mixed,mixed,512,512,PNG,345830,1d7f4d0e92aff3c1b93b621e8c0027c478b58f9cb011a5105b791b852dd9ca31,1,
release_mixed/S0000-GF-A96-EAS-T02-S1-LH-C1-I0003-F00.png,release_mixed,mixed,512,512,PNG,358192,ca5192c6744cd8f5f0f597ae20d8b99eae478d69a66c9908da69244fc31a722e,1,
release_mixed/S0000-GF-A98-EAS-T03-S1-LH-C1-I0000-F00.png,release_mixed,mixed,512,512,PNG,380934,94bb502797639d6131f2cc70b78b6f2970b2626b6122a1baeb63ad312eb2a822,1,
release_mixed/S0000-GF-A98-ISP-T11-S1-LH-C1-I0000-F00.png,release_mixed,mixed,512,512,PNG,388760,75bd8e0df4e3c221a9145cb9f457b3b922ca3ea98927e0be62548970bba9c74c,1,
release_mixed/S0000-GF-A99-EME-T11-S1-LH-C1-I0000-F00.png,release_mixed,mixed,512,512,PNG,350913,74652c50c4de7441febf7310d86e2374ee52ef686b0c89cc57a23d83868f2c4d,1,
release_mixed/S0000-GM-A18-EAS-T02-S1-LH-C1-I0003-F00.png,release_mixed,mixed,512,512,PNG,369539,9f24c28c05a348802890c798682fa57eb74a1cab726752bfe75e5fae0cd93c4a,1,
release_mixed/S0000-GM-A20-EME-T00-S1-LH-C1-I0000-F00.png,release_mixed,mixed,512,512,PNG,409320,3fb12bbffe2bce1b608ea33e2471ff9a88e303be9b1c6ec78fa6aefbc47835d9,1,
release_mixed/S0000-GM-A25-EAS-T11-S1-LH-C1-I0002-F00.png,release_mixed,mixed,512,512,PNG,350204,d2cc7d1f3c91f473b4486508c636e87c9588ef59d3b66795fbfce94080c93cb5,1,
release_mixed/S0000-GM-A30-EEA-T10-S1-LH-C1-I0000-F00.png,release_mixed,mixed,512,512,PNG,338980,bef1ee60c9c97b1323894d4b15a1295e4df7524706f871ed6fd95876328da970,1,
release_mixed/S0000-GM-A31-EAS-T01-S1-LH-C1-I0001-F00.png,release_mixed,mixed,512,512,PNG,347364,732f10e1763c9085d998f558bab33ea837a0ba999f6d7c73fc9286c9e083da97,1,
release_mixed/S0000-GM-A44-ISP-T11-S1-LH-C1-I0001-F00.png,release_mixed,mixed,512,512,PNG,367884,5f46ef824404a38125f9919aa623380abc7cf59c31c6e123540db2257a4d344e,1,
release_mixed/S0000-GM-A59-EAS-T11-S1-LH-C1-I0000-F00.png,release_mixed,mixed,512,512,PNG,368445,8cb6301530858a471d2dfc10fff5528b72bfb0648ddb306b6066750742309f8a,1,
release_mixed/S0000-GM-A60-EIA-T11-S1-LH-C1-I0000-F00.png,release_mixed,mixed,512,512,PNG,392219,d6da521da795bf7017b0006a5e9686cf6e78480f61e9b6d1490277dd41229f29,1,
release_mixed/S0000-GM-A68-EAF-T11-S1-LH-C1-I0003-F00.png,release_mixed,mixed,512,512,PNG,385998,f96ce92aea6583cecb491b8c04769387e7c84417d867fd110216523e4a461468,1,
release_mixed/S0000-GM-A72-ISP-T10-S1-LH-C1-I0000-F00.png,release_mixed,mixed,512,512,PNG,350880,0fc025e34c55df2f61a851f442e6b019e52411aa260fbe43412e2fc27c05aaf6,1,
release_mixed/S0000-GM-A74-EAS-T00-S1-LH-C1-I0000-F00.png,release_mixed,mixed,512,512,PNG,373138,9d0dd629059a555d78ffef27c983d1462189bb625783ed4275bda5eea7826e8b,1,
release_mixed/S0000-GM-A74-EAS-T11-S1-LH-C1-I0003-F00.png,release_mixed,mixed,512,512,PNG,347950,c2680352cd83a3ff4fc8cb125dd2216818be5eba722d353a7c5fae78f8792aff,1,
release_mixed/S0000-GM-A75-EME-T00-S1-LH-C1-I0002-F00.png,release_mixed,mixed,512,512,PNG,371017,b9fb386d4dad11d77152f4a2118ce3ff0c7b38ed279c9344d8bc92195d383d09,1,
release_mixed/S0000-GM-A77-EEA-T10-S1-LH-C1-I0001-F00.png,release_mixed,mixed,512,512,PNG,372617,ef32987b9baca1ba576b965dcd53d52e068df26b0c5c28572d25890dada4d96d,1,
release_mixed/S0000-GM-A79-EME-T11-S1-LH-C1-I0003-F00.png,release_mixed,mixed,512,512,PNG,379723,2684a9cdc252d67aca34a6ab1d0651164c5168c4589c09dfddd12d2d965e5539,1,
release_mixed/S0000-GM-A80-ISP-T00-S1-LH-C1-I0002-F00.png,release_mixed,mixed,512,512,PNG,359646,f12227cbc059d6fee762ae770834d0bbf47c5266831be40b742d3065840ad26a,1,
release_mixed/S0000-GM-A85-EME-T02-S1-LH-C1-I0000-F00.png,release_mixed,mixed,512,512,PNG,369303,2e75de7cb32f32ebc0da9783e22586f08c08ce8167652f2317ff0e6a306ea80b,1,
release_mixed/S0000-GM-A88-EAS-T10-S1-LH-C1-I0001-F00.png,release_mixed,mixed,512,512,PNG,383588,daf9c39db240de16c44d272853d85ceb1cb56b7f4c1e5b92c6ac14d8921cea8b,1,
release_mixed/S0000-GM-A91-EEA-T03-S1-LH-C1-I0000-F00.png,release_mixed,mixed,512,512,PNG,363420,ea04a0a9ad0d36cfd735c1e2972ac7c04d8819e5d9d1976a92479cbc5e3393a6,1,
release_mixed/S0000-GM-A91-EME-T00-S1-LH-C1-I0000-F00.png,release_mixed,mixed,512,512,PNG,363085,f019f6b22123bf1364d79bb6e134d967a8e6bd5392184abc2795eccd84b46dde,1,
release_mixed/S0000-GM-A94-EME-T01-S1-LH-C1-I0000-F00.png,release_mixed,mixed,512,512,PNG,382638,2ae0025acd8b29e27bb694a500018b97d4a1091ddc7f1388202b67d45666cf0f,1,
release_mixed/S0000-GM-A96-EAF-T03-S1-LH-C1-I0002-F00.png,release_mixed,mixed,512,512,PNG,398805,07c8a792f17c482bf19934b0aec385557c989a80d4801457807a069d01359371,1,
release_mixed/S0000-GN-A31-EAS-T03-S1-LH-C1-I0001-F00.png,release_mixed,mixed,512,512,PNG,343664,888b5514a8104cc3a7ae28eb1ddf5b67ef854ed87bf107dbaf1959ef052f074a,1,
release_mixed/S0000-GN-A84-EEA-T01-S1-LH-C1-I0003-F00.png,release_mixed,mixed,512,512,PNG,360016,d7465888b4f2e8d0d0f7ef2e066f96edb3aa4b12790090014f8644ef2bd86ffc,1,
release_mixed/S0000-GN-A92-EME-T11-S1-LH-C1-I0001-F00.png,release_mixed,mixed,512,512,PNG,340759,e65c7e802927c1941729f370f17abdd9f12d19c163e00a31665f8b168e9e4e05,1,
release_mixed/S113923411-GF-A35-EEA-T14-S1-LH-C1-I0048-F00.png,release_mixed,mixed,512,512,PNG,288064,e53b6f6fee7d07156d9a504ec03ccf7c6fa839db306bb1b0304404b459986351,1,
release_mixed/S115379105-GF-A98-EEA-T14-S1-LH-C1-I0044-F00.png,release_mixed,mixed,512,512,PNG,347462,faf73d6e2be66e8f9af4d5d286b26c806dec049ecedc113b9fc9606ef3489c67,1,
release_mixed/S152846480-GF-A30-EEA-T03-S1-LH-C1-I0050-F00.png,release_mixed,mixed,512,512,PNG,384095,2ec21514b0170648ba46aed26457d983f8dfd933f565ff8e3ffe081cc3efb2ee,1,
release_mixed/S164577361-GF-A44-EEA-T01-S1-LH-C1-I0030-F00.png,release_mixed,mixed,512,512,PNG,396520,27c6b7248851e0dcd3d2204d93367f813afae43130b01d786dc08ca38df5317e,1,
release_mixed/S201768449-GM-A26-EEA-T00-S1-LH-C1-I0015-F00.png,release_mixed,mixed,512,512,PNG,352663,a7e71ebd1707a87c9f8d43912597231aacb02542b36a69d67440e6988db26971,1,
release_mixed/S245655911-GM-A99-EIA-T14-S1-LH-C1-I0023-F00.png,release_mixed,mixed,512,512,PNG,408314,5bae844fed052ff0b4d1bbafb1e27422e77d050d66a746f8cb199290e875c58f,1,
release_mixed/S247603526-GM-A30-EEA-T13-S1-LH-C1-I0041-F00.png,release_mixed,mixed,512,512,PNG,310635,b3838846fa5bf33b517fac95174d268f3f1b0c739ec17d87cf4de4e6729dd967,1,
release_mixed/S32440074-GF-A23-EIA-T15-S1-LH-C1-I0012-F00.png,release_mixed,mixed,512,512,PNG,340518,f358ffba228640bd5a9fadf64889378e750ecac837621ec632725888c1a235e7,1,
release_mixed/S340675536-GF-A37-EEA-T14-S1-LH-C1-I0052-F00.png,release_mixed,mixed,512,512,PNG,292690,b726ace8297fb4a1eab5aab17c4f99f5163e7f8bb9c10d6b058ff2b3ee95bd24,1,
release_mixed/S376287613-GF-A19-EAF-T14-S1-LH-C1-I0011-F00.png,release_mixed,mixed,512,512,PNG,324972,c2e5d0b4cbed325c9728eb63faab497871df501b8fff5f32143c14b1b8749b8d,1,
release_mixed/S504201509-GF-A50-EME-T14-S1-LH-C1-I0001-F00.png,release_mixed,mixed,512,512,PNG,368995,a5073df878354da5a8c1d193ec444f7b409df296cbe6fd0d870b17b660b78fb6,1,
release_mixed/S506465236-GM-A41-EEA-T00-S1-LH-C1-I0013-F00.png,release_mixed,mixed,512,512,PNG,351127,f496f5c77f1ad2743d44f961482bad00878b7e75ec125af8ebcf749a3ac23a4d,1,
release_mixed/S514677740-GM-A43-EME-T03-S1-LH-C1-I0021-F00.png,release_mixed,mixed,512,512,PNG,381298,875295182f4f5f03b356ec8f5af1ef9b4b290ccce3f2b30793d235e440db5551,1,
release_mixed/S590103000-GF-A47-EEA-T01-S1-LH-C1-I0047-F00.png,release_mixed,mixed,512,512,PNG,353822,b27ef16fcd07ad7a274bc9802a69bd9cc9b72905fd406600cf2324205e16b524,1,
release_mixed/S622813751-GM-A67-EAF-T01-S1-LH-C1-I0021-F00.png,release_mixed,mixed,512,512,PNG,374354,abe1a93f466f7982b7b7d8dff64c3c86c94eb94259a45d87b5243e835b1ba32a,1,
release_mixed/S683688917-GF-A31-EIA-T03-S1-LH-C1-I0021-F00.png,release_mixed,mixed,512,512,PNG,327440,c91a1b268247925781672339d2d3a3a1876efaecebb9261b55a65daddf151035,1,
release_mixed/S780124184-GF-A64-EME-T01-S1-LH-C1-I0042-F00.png,release_mixed,mixed,512,512,PNG,338144,50c30cfa3d11c0577ef0d05b297b73c1a4de70cfa14952111c4f9ce2a811ef87,1,
release_mixed/S825431925-GF-A77-EAF-T00-S1-LH-C1-I0000-F00.png,release_mixed,mixed,512,512,PNG,282757,50011d9a58dd1580c9fed5fa29f768eb9def765ac6e6072bf54720a198d952cd,1,
release_mixed/S825833733-GF-A82-EEA-T14-S1-LH-C1-I0004-F00.png,release_mixed,mixed,512,512,PNG,354501,89f9be62e630619eef3cc69d6042e1a8402310bd80661d17f3f2240dedafe8f1,1,
release_mixed/S825833733-GF-A82-EEA-T14-S1-LH-C1-I0022-F00.png,release_mixed,mixed,512,512,PNG,380784,5db6a73796f511f9b9173d6725e95b545426db12abfdade2422743ac8f465e13,1,
release_mixed/S825833733-GF-A82-EEA-T14-S1-LH-C1-I0028-F00.png,release_mixed,mixed,512,512,PNG,334722,319f4be9d734e2e26dc6582bd59162d8f0995fcac3fa15bf4caef5269ac41f7d,1,
release_mixed/S883374229-GF-A54-EEA-T14-S1-LH-C1-I0039-F00.png,release_mixed,mixed,512,512,PNG,337146,8ff7a594db1cbcd2142012c075357e80d559f1defff5d12d22b4605793f1301d,1,
release_mixed/S883374229-GF-A54-EEA-T14-S1-LH-C1-I0041-F00.png,release_mixed,mixed,512,512,PNG,338725,bd3089043502c20870e8eaa8499ac1e7bfcb3c4ae830b4b7eb5bb8ed55ba9bc5,1,
release_mixed/S932980426-GM-A79-EME-T14-S1-LH-C1-I0054-F00.png,release_mixed,mixed,512,512,PNG,367489,c5bda11b39c1618e2e975a5742456daa22544c2cab5e56e82ceb914b41dd7451,1,
release_mixed/S936982627-GM-A77-EEA-T01-S1-LH-C1-I0040-F00.png,release_mixed,mixed,512,512,PNG,291380,a54a8f1c835c5c16d4e936c68d4f609420d7c5e636760227543201829029c3e1,1,
