count,avg_ttft,p50_ttft,p90_ttft,p95_ttft,p99_ttft,max_ttft,under_3s_count,under_3s_rate
262,2.0737408883158714,1.7749605886638165,2.8654538430273533,3.3826331309974194,8.237180793657899,11.144737331196666,242,0.9236641221374046
