count,avg_ttft,p50_ttft,p90_ttft,p95_ttft,p99_ttft,max_ttft,under_3s_count,under_3s_rate
789,3.083809046865605,2.9108261950314045,4.859550600871444,5.384148459881544,6.504823435097933,7.506592839956284,415,0.5259822560202788
