count,avg_ttft,p50_ttft,p90_ttft,p95_ttft,p99_ttft,max_ttft,under_3s_count,under_3s_rate
324,2.5892434124834836,2.475459771230817,4.007161185145378,4.389535587280989,5.3897222727537155,5.945291709154844,210,0.6481481481481481
