count,avg_ttft,p50_ttft,p90_ttft,p95_ttft,p99_ttft,max_ttft,under_3s_count,under_3s_rate
279,2.047118752687422,1.945190479978919,3.113669715821743,3.4136926736682653,3.8876321967691183,4.5036178808659315,240,0.8602150537634409
