count,avg_ttft,p50_ttft,p90_ttft,p95_ttft,p99_ttft,max_ttft,under_3s_count,under_3s_rate
742,3.0960040523763497,2.8508748281747103,5.082929672673345,5.626446686685085,6.451804481446743,6.925421072170138,398,0.5363881401617251
