count,avg_ttft,p50_ttft,p90_ttft,p95_ttft,p99_ttft,max_ttft,under_3s_count,under_3s_rate
317,2.2692251144276714,2.109773423522711,3.5239052530378103,3.9854989163577557,4.744036389514804,5.381351228803396,255,0.804416403785489
