count,avg_ttft,p50_ttft,p90_ttft,p95_ttft,p99_ttft,max_ttft,under_3s_count,under_3s_rate
304,2.0315977924895523,1.962349722161889,2.8240418788045645,3.1616903711110353,4.065793147310615,4.711073083803058,281,0.9243421052631579
