count,avg_ttft,p50_ttft,p90_ttft,p95_ttft,p99_ttft,max_ttft,under_3s_count,under_3s_rate
721,2.7737267407615787,2.6149515453726053,4.3124588169157505,5.1806583646684885,6.4927497413009405,8.313981011509895,452,0.6269070735090153
