count,avg_ttft,p50_ttft,p90_ttft,p95_ttft,p99_ttft,max_ttft,under_3s_count,under_3s_rate
697,2.6527142929530556,2.398351116105914,4.265355955809355,4.832569606602192,6.157213345170021,10.123782956972718,469,0.672883787661406
