Timestamp,User Count,Type,Name,Requests/s,Failures/s,50%,66%,75%,80%,90%,95%,98%,99%,99.9%,99.99%,100%,Total Request Count,Total Failure Count,Total Median Response Time,Total Average Response Time,Total Min Response Time,Total Max Response Time,Total Average Content Size
1791185510,0,,Aggregated,0.000000,0.000000,N/A,N/A,N/A,N/A,N/A,N/A,N/A,N/A,N/A,N/A,N/A,0,0,0,0.0,0,0,0
1791185511,2,POST,/api/playground/conversations,0.000000,0.000000,0,0,0,0,0,0,0,0,0,0,0,3,0,17,13.715554028749466,6.193547043949366,18.08101823553443,38.0
1791185511,2,POST,/api/playground/conversations/{conversation_id}/chat/sse,0.000000,0.000000,0,0,0,0,0,0,0,0,0,0,0,1,0,2.6149009354412556,2.6149009354412556,2.6149009354412556,2.6149009354412556,0.0
1791185511,2,POST,/api/playground/conversations/{conversation_id}/chat/{chat_id}/attachment,0.000000,0.000000,0,0,0,0,0,0,0,0,0,0,0,3,0,270.0,257.4714367898802,199.4245331734419,306.722782086581,26.0
1791185511,2,TXN,multimodal_e2e,0.000000,0.000000,0,0,0,0,0,0,0,0,0,0,0,1,0,779.6070030890405,779.6070030890405,779.6070030890405,779.6070030890405,23.0
1791185511,2,,Aggregated,0.000000,0.000000,0,0,0,0,0,0,0,0,0,0,0,8,0,18,199.47285956004634,2.6149009354412556,779.6070030890405,26.875
1791185512,4,POST,/api/playground/conversations,0.000000,0.000000,9,9,10,10,10,10,10,10,10,10,10,7,0,9,10.734146593936853,6.125140003859997,18.08101823553443,38.0
1791185512,4,POST,/api/playground/conversations/{conversation_id}/chat/sse,0.000000,0.000000,3,3,3,3,3,3,3,3,3,3,3,3,0,2.6149009354412556,2.3554515404005847,1.922006718814373,2.6149009354412556,0.0
1791185512,4,POST,/api/playground/conversations/{conversation_id}/chat/{chat_id}/attachment,0.000000,0.000000,250,250,300,300,300,300,300,300,300,300,300,6,0,250.0,250.27535677266619,182.434291113168,306.722782086581,26.0
1791185512,4,TXN,multimodal_e2e,0.000000,0.000000,630,630,630,630,630,630,630,630,630,630,630,3,0,630.0,644.1974809082845,519.8752610012889,779.6070030890405,18.666666666666668
1791185512,4,,Aggregated,0.000000,0.000000,180,200,300,300,520,630,630,630,630,630,630,19,0,18,185.07631390208476,1.922006718814373,779.6070030890405,25.157894736842106
1791185513,6,POST,/api/playground/conversations,0.000000,0.000000,8,9,9,9,10,10,10,10,10,10,10,11,0,8,9.579087861559607,6.125140003859997,18.08101823553443,38.0
1791185513,6,POST,/api/playground/conversations/{conversation_id}/chat/sse,0.000000,0.000000,3,3,6,6,6,6,6,6,6,6,6,5,0,3,3.096662275493145,1.922006718814373,5.538154859095812,0.0
1791185513,6,POST,/api/playground/conversations/{conversation_id}/chat/{chat_id}/attachment,0.000000,0.000000,200,210,240,250,300,300,300,300,300,300,300,11,0,210.0,229.90965297106993,181.79016280919313,306.722782086581,26.0
1791185513,6,TXN,multimodal_e2e,0.000000,0.000000,630,630,1500,1500,1500,1500,1500,1500,1500,1500,1500,5,0,630.0,808.2807642407715,519.8752610012889,1518.071153666824,17.2
1791185513,6,,Aggregated,0.000000,0.000000,180,200,240,300,590,630,1500,1500,1500,1500,1500,32,0,18,209.10197755438276,1.922006718814373,1518.071153666824,24.6875
1791185514,8,POST,/api/playground/conversations,3.000000,0.000000,8,9,9,9,10,10,10,10,10,10,10,16,0,8,8.754059876082465,5.002247169613838,18.08101823553443,38.0
1791185514,8,POST,/api/playground/conversations/{conversation_id}/chat/sse,1.000000,0.000000,3,3,5,5,6,6,6,6,6,6,6,8,0,3,3.126327646896243,1.9157486967742443,5.538154859095812,0.0
1791185514,8,POST,/api/playground/conversations/{conversation_id}/chat/{chat_id}/attachment,3.000000,0.000000,240,270,290,300,360,360,360,360,360,360,360,16,0,240.0,248.83773262263276,173.0725229717791,364.8871090263128,26.0
1791185514,8,TXN,multimodal_e2e,1.000000,0.000000,590,630,670,670,1500,1500,1500,1500,1500,1500,1500,8,0,590.0,723.4612146858126,511.18204230442643,1518.071153666824,15.75
1791185514,8,,Aggregated,8.000000,0.000000,170,240,290,360,560,630,1500,1500,1500,1500,1500,48,0,18,206.96185455502322,1.9157486967742443,1518.071153666824,23.958333333333332
1791185515,10,POST,/api/playground/conversations,3.666667,0.000000,8,9,10,10,32,33,33,33,33,33,33,22,0,8,10.597488842904568,5.002247169613838,32.8818722628057,38.0
1791185515,10,POST,/api/playground/conversations/{conversation_id}/chat/sse,1.666667,0.000000,3,5,6,6,7,10,10,10,10,10,10,12,0,3,3.8987260001401105,1.9157486967742443,9.85195068642497,0.0
1791185515,10,POST,/api/playground/conversations/{conversation_id}/chat/{chat_id}/attachment,3.666667,0.000000,230,270,290,290,360,360,360,360,360,360,360,21,0,240.0,247.08468504693536,173.0725229717791,364.8871090263128,26.0
1791185515,10,TXN,multimodal_e2e,1.666667,0.000000,630,690,790,790,1500,1800,1800,1800,1800,1800,1800,12,0,630.0,811.0149957162017,511.18204230442643,1847.9415862821043,23.083333333333332
1791185515,10,,Aggregated,10.666667,0.000000,170,230,290,360,630,790,1500,1800,1800,1800,1800,67,0,33,226.8789224048604,1.9157486967742443,1847.9415862821043,24.761194029850746
1791185516,12,POST,/api/playground/conversations,3.666667,0.000000,8,9,10,10,11,32,33,33,33,33,33,25,0,8,10.418886058032513,5.002247169613838,32.8818722628057,38.0
1791185516,12,POST,/api/playground/conversations/{conversation_id}/chat/sse,1.666667,0.000000,3,3,6,6,7,10,10,10,10,10,10,13,0,3,3.750678545867021,1.9157486967742443,9.85195068642497,0.0
1791185516,12,POST,/api/playground/conversations/{conversation_id}/chat/{chat_id}/attachment,3.666667,0.000000,240,290,290,300,360,360,360,360,360,360,360,25,0,240.0,253.08597004041076,173.0725229717791,364.8871090263128,26.0
1791185516,12,TXN,multimodal_e2e,1.666667,0.000000,670,690,980,980,1500,1800,1800,1800,1800,1800,1800,13,0,670.0,824.3146498974127,511.18204230442643,1847.9415862821043,22.23076923076923
1791185516,12,,Aggregated,10.666667,0.000000,170,240,290,360,630,790,1500,1800,1800,1800,1800,76,0,33,228.32198252925943,1.9157486967742443,1847.9415862821043,24.855263157894736
1791185517,14,POST,/api/playground/conversations,4.400000,0.000000,8,9,10,10,11,32,33,33,33,33,33,32,0,8,9.753875157912262,5.002247169613838,32.8818722628057,38.0
1791185517,14,POST,/api/playground/conversations/{conversation_id}/chat/sse,2.400000,0.000000,3,3,3,5,7,10,10,10,10,10,10,18,0,3,3.4160693952192864,1.9157486967742443,9.85195068642497,0.0
1791185517,14,POST,/api/playground/conversations/{conversation_id}/chat/{chat_id}/attachment,3.800000,0.000000,240,280,290,290,360,360,360,360,360,360,360,31,0,240.0,250.8023294710344,173.0725229717791,364.8871090263128,26.0
1791185517,14,TXN,multimodal_e2e,2.400000,0.000000,690,790,980,1400,1700,1800,1800,1800,1800,1800,1800,18,0,690.0,878.6734657931245,507.9510919749737,1847.9415862821043,21.055555555555557
1791185517,14,,Aggregated,13.000000,0.000000,170,240,290,360,670,980,1700,1800,1800,1800,1800,99,0,33,242.06674598025702,1.9157486967742443,1847.9415862821043,24.252525252525253
1791185518,16,POST,/api/playground/conversations,4.400000,0.000000,8,9,10,10,12,32,33,33,33,33,33,36,0,8,9.754056900015307,5.002247169613838,32.8818722628057,38.0
1791185518,16,POST,/api/playground/conversations/{conversation_id}/chat/sse,2.400000,0.000000,3,3,3,5,7,10,10,10,10,10,10,20,0,3,3.37759789545089,1.9157486967742443,9.85195068642497,0.0
1791185518,16,POST,/api/playground/conversations/{conversation_id}/chat/{chat_id}/attachment,3.800000,0.000000,230,270,290,290,360,360,360,360,360,360,360,36,0,230.0,247.04771430697292,173.0725229717791,364.8871090263128,26.0
1791185518,16,TXN,multimodal_e2e,2.400000,0.000000,690,870,1400,1400,1700,1800,1800,1800,1800,1800,1800,20,0,690.0,903.0893798917532,507.9510919749737,1847.9415862821043,24.3
1791185518,16,,Aggregated,13.000000,0.000000,170,230,290,360,690,980,1500,1700,1800,1800,1800,112,0,33,244.41252963567553,1.9157486967742443,1847.9415862821043,24.910714285714285
1791185519,18,POST,/api/playground/conversations,4.166667,0.000000,8,9,10,10,14,32,33,33,33,33,33,42,0,8,9.78526548438129,5.002247169613838,32.8818722628057,38.0
1791185519,18,POST,/api/playground/conversations/{conversation_id}/chat/sse,2.166667,0.000000,3,3,3,5,7,10,10,10,10,10,10,24,0,3,3.497116830355177,1.9157486967742443,9.85195068642497,0.0
1791185519,18,POST,/api/playground/conversations/{conversation_id}/chat/{chat_id}/attachment,4.166667,0.000000,230,260,280,290,360,360,360,360,360,360,360,41,0,230.0,242.99422378947096,148.20570591837168,364.8871090263128,26.0
1791185519,18,TXN,multimodal_e2e,2.166667,0.000000,690,980,1400,1400,1500,1700,1800,1800,1800,1800,1800,24,0,690.0,910.5857884084495,489.7434348240495,1847.9415862821043,22.958333333333332
1791185519,18,,Aggregated,12.666667,0.000000,150,230,290,360,690,1400,1500,1700,1800,1800,1800,131,0,33,246.6544584079667,1.9157486967742443,1847.9415862821043,24.52671755725191
1791185520,20,POST,/api/playground/conversations,4.500000,0.000000,8,9,10,11,13,24,33,33,33,33,33,46,0,8,9.745992041881317,5.002247169613838,32.8818722628057,38.0
1791185520,20,POST,/api/playground/conversations/{conversation_id}/chat/sse,2.500000,0.000000,3,3,3,5,7,10,10,10,10,10,10,26,0,3,3.4569854525705943,1.9157486967742443,9.85195068642497,0.0
1791185520,20,POST,/api/playground/conversations/{conversation_id}/chat/{chat_id}/attachment,4.500000,0.000000,230,260,280,290,300,360,360,360,360,360,360,46,0,230.0,238.71934278260755,148.20570591837168,364.8871090263128,26.0
1791185520,20,TXN,multimodal_e2e,2.500000,0.000000,720,980,1400,1400,1500,1700,1800,1800,1800,1800,1800,26,0,720.0,920.8436900248321,489.7434348240495,1847.9415862821043,24.576923076923077
1791185520,20,,Aggregated,14.000000,0.000000,150,230,280,360,690,1400,1500,1700,1800,1800,1800,144,0,33,246.25849280790942,1.9157486967742443,1847.9415862821043,24.881944444444443
1791185521,22,POST,/api/playground/conversations,4.666667,0.000000,8,9,10,11,13,24,33,33,33,33,33,51,0,8,9.607318597023978,5.002247169613838,32.8818722628057,38.0
1791185521,22,POST,/api/playground/conversations/{conversation_id}/chat/sse,2.666667,0.000000,3,3,4,5,7,10,10,10,10,10,10,29,0,3,3.508055935902842,1.9157486967742443,9.85195068642497,0.0
1791185521,22,POST,/api/playground/conversations/{conversation_id}/chat/{chat_id}/attachment,4.555556,0.000000,220,260,280,290,290,360,360,360,360,360,360,51,0,230.0,236.33473710723075,126.73466885462403,364.8871090263128,26.0
1791185521,22,TXN,multimodal_e2e,2.666667,0.000000,700,870,1400,1400,1500,1700,1800,1800,1800,1800,1800,29,0,700.0,891.97079779516,489.7434348240495,1847.9415862821043,24.20689655172414
1791185521,22,,Aggregated,14.555556,0.000000,130,230,290,360,690,1400,1500,1700,1800,1800,1800,160,0,33,240.69957249448635,1.9157486967742443,1847.9415862821043,24.7875
1791185522,24,POST,/api/playground/conversations,4.666667,0.000000,8,10,11,11,13,24,33,33,33,33,33,56,0,8,9.573443759498852,5.002247169613838,32.8818722628057,38.0
1791185522,24,POST,/api/playground/conversations/{conversation_id}/chat/sse,2.666667,0.000000,3,3,5,5,7,10,10,10,10,10,10,32,0,3,3.5911170416511595,1.9157486967742443,9.85195068642497,0.0
1791185522,24,POST,/api/playground/conversations/{conversation_id}/chat/{chat_id}/attachment,4.555556,0.000000,230,270,280,290,290,360,360,360,360,360,360,56,0,220.0,235.4199041146785,126.73466885462403,364.8871090263128,26.0
1791185522,24,TXN,multimodal_e2e,2.666667,0.000000,700,870,1400,1400,1700,1800,3600,3600,3600,3600,3600,32,0,690.0,958.3932027744595,489.7434348240495,3552.7084888890386,36.9375
1791185522,24,,Aggregated,14.555556,0.000000,130,230,290,360,690,1400,1700,1800,3600,3600,3600,176,0,33,252.858668835622,1.9157486967742443,3552.7084888890386,27.079545454545453
1791185523,26,POST,/api/playground/conversations,4.600000,0.000000,8,10,11,11,13,24,33,33,33,33,33,60,0,8,9.544903816034397,5.002247169613838,32.8818722628057,38.0
1791185523,26,POST,/api/playground/conversations/{conversation_id}/chat/sse,2.600000,0.000000,3,4,5,6,7,10,10,10,10,10,10,34,0,3,3.6184432341114565,1.741659827530384,9.85195068642497,0.0
1791185523,26,POST,/api/playground/conversations/{conversation_id}/chat/{chat_id}/attachment,4.500000,0.000000,230,270,290,290,320,360,390,390,390,390,390,59,0,230.0,241.89532742346242,126.73466885462403,389.3996267579496,26.0
1791185523,26,TXN,multimodal_e2e,2.600000,0.000000,790,980,1400,1400,1700,1800,3600,3600,3600,3600,3600,34,0,690.0,941.217417267206,489.7434348240495,3552.7084888890386,35.8235294117647
1791185523,26,,Aggregated,14.300000,0.000000,130,230,290,380,720,1400,1700,1800,3600,3600,3600,187,0,33,251.17079039567454,1.741659827530384,3552.7084888890386,26.90909090909091
1791185524,28,POST,/api/playground/conversations,4.800000,0.000000,9,10,11,11,13,24,34,34,34,34,34,65,0,8,10.219889513861675,5.002247169613838,33.52929186075926,38.0
1791185524,28,POST,/api/playground/conversations/{conversation_id}/chat/sse,2.800000,0.000000,3,3,4,5,6,6,10,10,10,10,10,37,0,3,3.544210229773779,1.741659827530384,9.85195068642497,0.0
1791185524,28,POST,/api/playground/conversations/{conversation_id}/chat/{chat_id}/attachment,4.800000,0.000000,220,260,280,290,320,360,390,390,390,390,390,64,0,230.0,241.2278253104887,126.73466885462403,389.3996267579496,26.0
1791185524,28,TXN,multimodal_e2e,2.800000,0.000000,720,980,1400,1400,1400,1700,3600,3600,3600,3600,3600,37,0,690.0,931.4037794373124,489.7434348240495,3552.7084888890386,35.054054054054056
1791185524,28,,Aggregated,15.200000,0.000000,150,230,290,360,700,1400,1400,1700,3600,3600,3600,203,0,34,249.73374017711564,1.741659827530384,3552.7084888890386,26.753694581280786
1791185525,30,POST,/api/playground/conversations,5.000000,0.000000,9,10,11,11,13,24,34,34,34,34,34,69,0,8,10.09066586477169,5.002247169613838,33.52929186075926,38.0
1791185525,30,POST,/api/playground/conversations/{conversation_id}/chat/sse,3.000000,0.000000,3,3,4,4,6,6,10,10,10,10,10,39,0,3,3.473930013103363,1.741659827530384,9.85195068642497,0.0
1791185525,30,POST,/api/playground/conversations/{conversation_id}/chat/{chat_id}/attachment,5.000000,0.000000,220,270,280,290,290,320,390,390,390,390,390,69,0,230.0,239.7513465847874,126.73466885462403,389.3996267579496,26.0
1791185525,30,TXN,multimodal_e2e,3.000000,0.000000,700,870,1400,1400,1400,1700,3600,3600,3600,3600,3600,39,0,690.0,912.6556841656566,489.7434348240495,3552.7084888890386,33.84615384615385
1791185525,30,,Aggregated,16.000000,0.000000,130,220,290,380,690,1400,1400,1700,3600,3600,3600,216,0,34,245.22293431477414,1.741659827530384,3552.7084888890386,26.555555555555557
1791185526,32,POST,/api/playground/conversations,4.900000,0.000000,9,10,11,11,13,24,34,34,34,34,34,73,0,8,9.977405221035628,5.002247169613838,33.52929186075926,38.0
1791185526,32,POST,/api/playground/conversations/{conversation_id}/chat/sse,2.900000,0.000000,3,4,4,5,6,6,10,10,10,10,10,41,0,3,3.4433648262808965,1.741659827530384,9.85195068642497,0.0
1791185526,32,POST,/api/playground/conversations/{conversation_id}/chat/{chat_id}/attachment,4.800000,0.000000,210,260,270,290,290,320,390,390,390,390,390,73,0,230.0,239.08075278829017,126.73466885462403,389.3996267579496,26.0
1791185526,32,TXN,multimodal_e2e,2.900000,0.000000,670,810,1200,1400,1400,1400,3600,3600,3600,3600,3600,41,0,680.0,897.0681316469137,489.7434348240495,3552.7084888890386,33.146341463414636
1791185526,32,,Aggregated,15.500000,0.000000,150,210,280,290,630,870,1400,1400,3600,3600,3600,228,0,34,241.67638986877967,1.741659827530384,3552.7084888890386,26.45175438596491
1791185527,32,POST,/api/playground/conversations,4.900000,0.000000,9,10,10,11,13,32,34,34,34,34,34,74,0,8,9.92509229989672,5.002247169613838,33.52929186075926,38.0
1791185527,32,POST,/api/playground/conversations/{conversation_id}/chat/sse,2.900000,0.000000,3,4,4,5,6,6,10,10,10,10,10,42,0,3,3.403065072017766,1.741659827530384,9.85195068642497,0.0
1791185527,32,POST,/api/playground/conversations/{conversation_id}/chat/{chat_id}/attachment,4.900000,0.000000,210,270,270,290,290,380,390,390,390,390,390,74,0,230.0,238.62794696705768,126.73466885462403,389.3996267579496,26.0
1791185527,32,TXN,multimodal_e2e,2.900000,0.000000,660,700,810,1200,1400,1400,3600,3600,3600,3600,3600,42,0,670.0,888.8982006548239,489.7434348240495,3552.7084888890386,32.833333333333336
1791185527,32,,Aggregated,15.600000,0.000000,130,210,290,380,630,810,1400,1400,3600,3600,3600,232,0,34,240.8171468374223,1.741659827530384,3552.7084888890386,26.357758620689655
1791185528,32,POST,/api/playground/conversations,4.900000,0.000000,9,10,11,11,13,32,34,34,34,34,34,74,0,8,9.92509229989672,5.002247169613838,33.52929186075926,38.0
1791185528,32,POST,/api/playground/conversations/{conversation_id}/chat/sse,2.900000,0.000000,3,4,4,5,6,6,6,6,6,6,6,42,0,3,3.403065072017766,1.741659827530384,9.85195068642497,0.0
1791185528,32,POST,/api/playground/conversations/{conversation_id}/chat/{chat_id}/attachment,4.900000,0.000000,210,270,280,290,290,380,390,390,390,390,390,74,0,230.0,238.62794696705768,126.73466885462403,389.3996267579496,26.0
1791185528,32,TXN,multimodal_e2e,2.900000,0.000000,660,680,720,810,1400,3600,3600,3600,3600,3600,3600,42,0,670.0,888.8982006548239,489.7434348240495,3552.7084888890386,32.833333333333336
1791185528,32,,Aggregated,15.600000,0.000000,130,210,290,320,620,700,1200,1400,3600,3600,3600,232,0,34,240.8171468374223,1.741659827530384,3552.7084888890386,26.357758620689655
1791185529,32,POST,/api/playground/conversations,4.900000,0.000000,9,10,10,11,13,32,34,34,34,34,34,74,0,8,9.92509229989672,5.002247169613838,33.52929186075926,38.0
1791185529,32,POST,/api/playground/conversations/{conversation_id}/chat/sse,2.900000,0.000000,3,4,5,5,6,6,6,6,6,6,6,42,0,3,3.403065072017766,1.741659827530384,9.85195068642497,0.0
1791185529,32,POST,/api/playground/conversations/{conversation_id}/chat/{chat_id}/attachment,4.900000,0.000000,210,270,290,290,320,380,390,390,390,390,390,74,0,230.0,238.62794696705768,126.73466885462403,389.3996267579496,26.0
1791185529,32,TXN,multimodal_e2e,2.900000,0.000000,630,670,700,700,1200,3600,3600,3600,3600,3600,3600,42,0,670.0,888.8982006548239,489.7434348240495,3552.7084888890386,32.833333333333336
1791185529,32,,Aggregated,15.600000,0.000000,130,210,290,380,620,680,1200,3600,3600,3600,3600,232,0,34,240.8171468374223,1.741659827530384,3552.7084888890386,26.357758620689655
1791185530,32,POST,/api/playground/conversations,4.900000,0.000000,9,10,10,11,13,32,34,34,34,34,34,74,0,8,9.92509229989672,5.002247169613838,33.52929186075926,38.0
1791185530,32,POST,/api/playground/conversations/{conversation_id}/chat/sse,2.900000,0.000000,3,3,4,5,6,6,6,6,6,6,6,42,0,3,3.403065072017766,1.741659827530384,9.85195068642497,0.0
1791185530,32,POST,/api/playground/conversations/{conversation_id}/chat/{chat_id}/attachment,4.900000,0.000000,230,270,290,290,320,380,390,390,390,390,390,74,0,230.0,238.62794696705768,126.73466885462403,389.3996267579496,26.0
1791185530,32,TXN,multimodal_e2e,2.900000,0.000000,620,660,680,810,1200,3600,3600,3600,3600,3600,3600,42,0,670.0,888.8982006548239,489.7434348240495,3552.7084888890386,32.833333333333336
1791185530,32,,Aggregated,15.600000,0.000000,170,230,290,380,590,680,1200,3600,3600,3600,3600,232,0,34,240.8171468374223,1.741659827530384,3552.7084888890386,26.357758620689655
1791185531,32,POST,/api/playground/conversations,4.900000,0.000000,9,10,10,10,32,34,34,34,34,34,34,74,0,8,9.92509229989672,5.002247169613838,33.52929186075926,38.0
1791185531,32,POST,/api/playground/conversations/{conversation_id}/chat/sse,2.900000,0.000000,2,3,3,4,6,6,6,6,6,6,6,42,0,3,3.403065072017766,1.741659827530384,9.85195068642497,0.0
1791185531,32,POST,/api/playground/conversations/{conversation_id}/chat/{chat_id}/attachment,4.900000,0.000000,270,270,290,290,380,390,390,390,390,390,390,74,0,230.0,238.62794696705768,126.73466885462403,389.3996267579496,26.0
1791185531,32,TXN,multimodal_e2e,2.900000,0.000000,620,630,680,810,1200,1200,1200,1200,1200,1200,1200,42,0,670.0,888.8982006548239,489.7434348240495,3552.7084888890386,32.833333333333336
1791185531,32,,Aggregated,15.600000,0.000000,170,230,290,380,550,680,810,1200,1200,1200,1200,232,0,34,240.8171468374223,1.741659827530384,3552.7084888890386,26.357758620689655
1791185532,32,POST,/api/playground/conversations,4.900000,0.000000,9,10,10,10,32,34,34,34,34,34,34,74,0,8,9.92509229989672,5.002247169613838,33.52929186075926,38.0
1791185532,32,POST,/api/playground/conversations/{conversation_id}/chat/sse,2.900000,0.000000,2,3,3,3,4,4,4,4,4,4,4,42,0,3,3.403065072017766,1.741659827530384,9.85195068642497,0.0
1791185532,32,POST,/api/playground/conversations/{conversation_id}/chat/{chat_id}/attachment,4.900000,0.000000,210,270,270,270,290,290,290,290,290,290,290,74,0,230.0,238.62794696705768,126.73466885462403,389.3996267579496,26.0
1791185532,32,TXN,multimodal_e2e,2.900000,0.000000,620,630,680,680,1200,1200,1200,1200,1200,1200,1200,42,0,670.0,888.8982006548239,489.7434348240495,3552.7084888890386,32.833333333333336
1791185532,32,,Aggregated,15.600000,0.000000,170,210,270,290,550,630,1200,1200,1200,1200,1200,232,0,34,240.8171468374223,1.741659827530384,3552.7084888890386,26.357758620689655
1791185533,32,POST,/api/playground/conversations,4.900000,0.000000,7,9,10,10,10,10,10,10,10,10,10,74,0,8,9.92509229989672,5.002247169613838,33.52929186075926,38.0
1791185533,32,POST,/api/playground/conversations/{conversation_id}/chat/sse,2.900000,0.000000,2,2,2,4,4,4,4,4,4,4,4,42,0,3,3.403065072017766,1.741659827530384,9.85195068642497,0.0
1791185533,32,POST,/api/playground/conversations/{conversation_id}/chat/{chat_id}/attachment,4.900000,0.000000,210,270,270,270,270,270,270,270,270,270,270,74,0,230.0,238.62794696705768,126.73466885462403,389.3996267579496,26.0
1791185533,32,TXN,multimodal_e2e,2.900000,0.000000,550,620,620,630,630,630,630,630,630,630,630,42,0,670.0,888.8982006548239,489.7434348240495,3552.7084888890386,32.833333333333336
1791185533,32,,Aggregated,15.600000,0.000000,180,210,270,270,550,620,630,630,630,630,630,232,0,34,240.8171468374223,1.741659827530384,3552.7084888890386,26.357758620689655
1791185534,32,POST,/api/playground/conversations,4.900000,0.000000,6,10,10,10,10,10,10,10,10,10,10,74,0,8,9.92509229989672,5.002247169613838,33.52929186075926,38.0
1791185534,32,POST,/api/playground/conversations/{conversation_id}/chat/sse,2.900000,0.000000,2,2,4,4,4,4,4,4,4,4,4,42,0,3,3.403065072017766,1.741659827530384,9.85195068642497,0.0
1791185534,32,POST,/api/playground/conversations/{conversation_id}/chat/{chat_id}/attachment,4.900000,0.000000,210,270,270,270,270,270,270,270,270,270,270,74,0,230.0,238.62794696705768,126.73466885462403,389.3996267579496,26.0
1791185534,32,TXN,multimodal_e2e,2.900000,0.000000,550,550,630,630,630,630,630,630,630,630,630,42,0,670.0,888.8982006548239,489.7434348240495,3552.7084888890386,32.833333333333336
1791185534,32,,Aggregated,15.600000,0.000000,180,210,270,270,550,630,630,630,630,630,630,232,0,34,240.8171468374223,1.741659827530384,3552.7084888890386,26.357758620689655
1791185535,32,POST,/api/playground/conversations,4.900000,0.000000,6,6,6,6,6,6,6,6,6,6,6,74,0,8,9.92509229989672,5.002247169613838,33.52929186075926,38.0
1791185535,32,POST,/api/playground/conversations/{conversation_id}/chat/sse,2.900000,0.000000,2,2,2,2,2,2,2,2,2,2,2,42,0,3,3.403065072017766,1.741659827530384,9.85195068642497,0.0
1791185535,32,POST,/api/playground/conversations/{conversation_id}/chat/{chat_id}/attachment,4.900000,0.000000,210,210,210,210,210,210,210,210,210,210,210,74,0,230.0,238.62794696705768,126.73466885462403,389.3996267579496,26.0
1791185535,32,TXN,multimodal_e2e,2.900000,0.000000,550,550,550,550,550,550,550,550,550,550,550,42,0,670.0,888.8982006548239,489.7434348240495,3552.7084888890386,32.833333333333336
1791185535,32,,Aggregated,15.600000,0.000000,210,210,550,550,550,550,550,550,550,550,550,232,0,34,240.8171468374223,1.741659827530384,3552.7084888890386,26.357758620689655
1791185536,32,POST,/api/playground/conversations,4.900000,0.000000,6,6,6,6,6,6,6,6,6,6,6,74,0,8,9.92509229989672,5.002247169613838,33.52929186075926,38.0
1791185536,32,POST,/api/playground/conversations/{conversation_id}/chat/sse,2.900000,0.000000,2,2,2,2,2,2,2,2,2,2,2,42,0,3,3.403065072017766,1.741659827530384,9.85195068642497,0.0
1791185536,32,POST,/api/playground/conversations/{conversation_id}/chat/{chat_id}/attachment,4.900000,0.000000,210,210,210,210,210,210,210,210,210,210,210,74,0,230.0,238.62794696705768,126.73466885462403,389.3996267579496,26.0
1791185536,32,TXN,multimodal_e2e,2.900000,0.000000,550,550,550,550,550,550,550,550,550,550,550,42,0,670.0,888.8982006548239,489.7434348240495,3552.7084888890386,32.833333333333336
1791185536,32,,Aggregated,15.600000,0.000000,210,210,550,550,550,550,550,550,550,550,550,232,0,34,240.8171468374223,1.741659827530384,3552.7084888890386,26.357758620689655
1791185537,32,POST,/api/playground/conversations,4.900000,0.000000,6,6,6,6,6,6,6,6,6,6,6,74,0,8,9.92509229989672,5.002247169613838,33.52929186075926,38.0
1791185537,32,POST,/api/playground/conversations/{conversation_id}/chat/sse,2.900000,0.000000,2,2,2,2,2,2,2,2,2,2,2,42,0,3,3.403065072017766,1.741659827530384,9.85195068642497,0.0
1791185537,32,POST,/api/playground/conversations/{conversation_id}/chat/{chat_id}/attachment,4.900000,0.000000,210,210,210,210,210,210,210,210,210,210,210,74,0,230.0,238.62794696705768,126.73466885462403,389.3996267579496,26.0
1791185537,32,TXN,multimodal_e2e,2.900000,0.000000,550,550,550,550,550,550,550,550,550,550,550,42,0,670.0,888.8982006548239,489.7434348240495,3552.7084888890386,32.833333333333336
1791185537,32,,Aggregated,15.600000,0.000000,210,210,550,550,550,550,550,550,550,550,550,232,0,34,240.8171468374223,1.741659827530384,3552.7084888890386,26.357758620689655
1791185538,32,POST,/api/playground/conversations,4.900000,0.000000,6,6,6,6,6,6,6,6,6,6,6,74,0,8,9.92509229989672,5.002247169613838,33.52929186075926,38.0
1791185538,32,POST,/api/playground/conversations/{conversation_id}/chat/sse,2.900000,0.000000,2,2,2,2,2,2,2,2,2,2,2,42,0,3,3.403065072017766,1.741659827530384,9.85195068642497,0.0
1791185538,32,POST,/api/playground/conversations/{conversation_id}/chat/{chat_id}/attachment,4.900000,0.000000,210,210,210,210,210,210,210,210,210,210,210,74,0,230.0,238.62794696705768,126.73466885462403,389.3996267579496,26.0
1791185538,32,TXN,multimodal_e2e,2.900000,0.000000,550,550,550,550,550,550,550,550,550,550,550,42,0,670.0,888.8982006548239,489.7434348240495,3552.7084888890386,32.833333333333336
1791185538,32,,Aggregated,15.600000,0.000000,210,210,550,550,550,550,550,550,550,550,550,232,0,34,240.8171468374223,1.741659827530384,3552.7084888890386,26.357758620689655
1791185539,32,POST,/api/playground/conversations,4.900000,0.000000,6,6,6,6,6,6,6,6,6,6,6,74,0,8,9.92509229989672,5.002247169613838,33.52929186075926,38.0
1791185539,32,POST,/api/playground/conversations/{conversation_id}/chat/sse,2.900000,0.000000,2,2,2,2,2,2,2,2,2,2,2,42,0,3,3.403065072017766,1.741659827530384,9.85195068642497,0.0
1791185539,32,POST,/api/playground/conversations/{conversation_id}/chat/{chat_id}/attachment,4.900000,0.000000,210,210,210,210,210,210,210,210,210,210,210,74,0,230.0,238.62794696705768,126.73466885462403,389.3996267579496,26.0
1791185539,32,TXN,multimodal_e2e,2.900000,0.000000,550,550,550,550,550,550,550,550,550,550,550,42,0,670.0,888.8982006548239,489.7434348240495,3552.7084888890386,32.833333333333336
1791185539,32,,Aggregated,15.600000,0.000000,210,210,550,550,550,550,550,550,550,550,550,232,0,34,240.8171468374223,1.741659827530384,3552.7084888890386,26.357758620689655
1791185540,32,POST,/api/playground/conversations,4.900000,0.000000,6,6,6,6,6,6,6,6,6,6,6,74,0,8,9.92509229989672,5.002247169613838,33.52929186075926,38.0
1791185540,32,POST,/api/playground/conversations/{conversation_id}/chat/sse,2.900000,0.000000,2,2,2,2,2,2,2,2,2,2,2,42,0,3,3.403065072017766,1.741659827530384,9.85195068642497,0.0
1791185540,32,POST,/api/playground/conversations/{conversation_id}/chat/{chat_id}/attachment,4.900000,0.000000,210,210,210,210,210,210,210,210,210,210,210,74,0,230.0,238.62794696705768,126.73466885462403,389.3996267579496,26.0
1791185540,32,TXN,multimodal_e2e,2.900000,0.000000,550,550,550,550,550,550,550,550,550,550,550,42,0,670.0,888.8982006548239,489.7434348240495,3552.7084888890386,32.833333333333336
1791185540,32,,Aggregated,15.600000,0.000000,210,210,550,550,550,550,550,550,550,550,550,232,0,34,240.8171468374223,1.741659827530384,3552.7084888890386,26.357758620689655
1791185541,32,POST,/api/playground/conversations,4.900000,0.000000,6,6,6,6,6,6,6,6,6,6,6,74,0,8,9.92509229989672,5.002247169613838,33.52929186075926,38.0
1791185541,32,POST,/api/playground/conversations/{conversation_id}/chat/sse,2.900000,0.000000,2,2,2,2,2,2,2,2,2,2,2,42,0,3,3.403065072017766,1.741659827530384,9.85195068642497,0.0
1791185541,32,POST,/api/playground/conversations/{conversation_id}/chat/{chat_id}/attachment,4.900000,0.000000,210,210,210,210,210,210,210,210,210,210,210,74,0,230.0,238.62794696705768,126.73466885462403,389.3996267579496,26.0
1791185541,32,TXN,multimodal_e2e,2.900000,0.000000,550,550,550,550,550,550,550,550,550,550,550,42,0,670.0,888.8982006548239,489.7434348240495,3552.7084888890386,32.833333333333336
1791185541,32,,Aggregated,15.600000,0.000000,210,210,550,550,550,550,550,550,550,550,550,232,0,34,240.8171468374223,1.741659827530384,3552.7084888890386,26.357758620689655
1791185542,32,POST,/api/playground/conversations,4.900000,0.000000,6,6,6,6,6,6,6,6,6,6,6,74,0,8,9.92509229989672,5.002247169613838,33.52929186075926,38.0
1791185542,32,POST,/api/playground/conversations/{conversation_id}/chat/sse,2.900000,0.000000,2,2,2,2,2,2,2,2,2,2,2,42,0,3,3.403065072017766,1.741659827530384,9.85195068642497,0.0
1791185542,32,POST,/api/playground/conversations/{conversation_id}/chat/{chat_id}/attachment,4.900000,0.000000,210,210,210,210,210,210,210,210,210,210,210,74,0,230.0,238.62794696705768,126.73466885462403,389.3996267579496,26.0
1791185542,32,TXN,multimodal_e2e,2.900000,0.000000,550,550,550,550,550,550,550,550,550,550,550,42,0,670.0,888.8982006548239,489.7434348240495,3552.7084888890386,32.833333333333336
1791185542,32,,Aggregated,15.600000,0.000000,210,210,550,550,550,550,550,550,550,550,550,232,0,34,240.8171468374223,1.741659827530384,3552.7084888890386,26.357758620689655
1791185543,32,POST,/api/playground/conversations,4.900000,0.000000,6,6,6,6,6,6,6,6,6,6,6,74,0,8,9.92509229989672,5.002247169613838,33.52929186075926,38.0
1791185543,32,POST,/api/playground/conversations/{conversation_id}/chat/sse,2.900000,0.000000,2,2,2,2,2,2,2,2,2,2,2,42,0,3,3.403065072017766,1.741659827530384,9.85195068642497,0.0
1791185543,32,POST,/api/playground/conversations/{conversation_id}/chat/{chat_id}/attachment,4.900000,0.000000,210,210,210,210,210,210,210,210,210,210,210,74,0,230.0,238.62794696705768,126.73466885462403,389.3996267579496,26.0
1791185543,32,TXN,multimodal_e2e,2.900000,0.000000,550,550,550,550,550,550,550,550,550,550,550,42,0,670.0,888.8982006548239,489.7434348240495,3552.7084888890386,32.833333333333336
1791185543,32,,Aggregated,15.600000,0.000000,210,210,550,550,550,550,550,550,550,550,550,232,0,34,240.8171468374223,1.741659827530384,3552.7084888890386,26.357758620689655
1791185544,32,POST,/api/playground/conversations,4.900000,0.000000,0,0,0,0,0,0,0,0,0,0,0,74,0,8,9.92509229989672,5.002247169613838,33.52929186075926,38.0
1791185544,32,POST,/api/playground/conversations/{conversation_id}/chat/sse,2.900000,0.000000,0,0,0,0,0,0,0,0,0,0,0,42,0,3,3.403065072017766,1.741659827530384,9.85195068642497,0.0
1791185544,32,POST,/api/playground/conversations/{conversation_id}/chat/{chat_id}/attachment,4.900000,0.000000,0,0,0,0,0,0,0,0,0,0,0,74,0,230.0,238.62794696705768,126.73466885462403,389.3996267579496,26.0
1791185544,32,TXN,multimodal_e2e,2.900000,0.000000,0,0,0,0,0,0,0,0,0,0,0,42,0,670.0,888.8982006548239,489.7434348240495,3552.7084888890386,32.833333333333336
1791185544,32,,Aggregated,15.600000,0.000000,0,0,0,0,0,0,0,0,0,0,0,232,0,34,240.8171468374223,1.741659827530384,3552.7084888890386,26.357758620689655
1791185545,32,POST,/api/playground/conversations,4.900000,0.000000,0,0,0,0,0,0,0,0,0,0,0,74,0,8,9.92509229989672,5.002247169613838,33.52929186075926,38.0
1791185545,32,POST,/api/playground/conversations/{conversation_id}/chat/sse,2.900000,0.000000,0,0,0,0,0,0,0,0,0,0,0,42,0,3,3.403065072017766,1.741659827530384,9.85195068642497,0.0
1791185545,32,POST,/api/playground/conversations/{conversation_id}/chat/{chat_id}/attachment,4.900000,0.000000,0,0,0,0,0,0,0,0,0,0,0,74,0,230.0,238.62794696705768,126.73466885462403,389.3996267579496,26.0
1791185545,32,TXN,multimodal_e2e,2.900000,0.000000,0,0,0,0,0,0,0,0,0,0,0,42,0,670.0,888.8982006548239,489.7434348240495,3552.7084888890386,32.833333333333336
1791185545,32,,Aggregated,15.600000,0.000000,0,0,0,0,0,0,0,0,0,0,0,232,0,34,240.8171468374223,1.741659827530384,3552.7084888890386,26.357758620689655
1791185546,32,POST,/api/playground/conversations,4.900000,0.000000,0,0,0,0,0,0,0,0,0,0,0,74,0,8,9.92509229989672,5.002247169613838,33.52929186075926,38.0
1791185546,32,POST,/api/playground/conversations/{conversation_id}/chat/sse,2.900000,0.000000,0,0,0,0,0,0,0,0,0,0,0,42,0,3,3.403065072017766,1.741659827530384,9.85195068642497,0.0
1791185546,32,POST,/api/playground/conversations/{conversation_id}/chat/{chat_id}/attachment,4.900000,0.000000,0,0,0,0,0,0,0,0,0,0,0,74,0,230.0,238.62794696705768,126.73466885462403,389.3996267579496,26.0
1791185546,32,TXN,multimodal_e2e,2.900000,0.000000,0,0,0,0,0,0,0,0,0,0,0,42,0,670.0,888.8982006548239,489.7434348240495,3552.7084888890386,32.833333333333336
1791185546,32,,Aggregated,15.600000,0.000000,0,0,0,0,0,0,0,0,0,0,0,232,0,34,240.8171468374223,1.741659827530384,3552.7084888890386,26.357758620689655
1791185547,32,POST,/api/playground/conversations,4.900000,0.000000,0,0,0,0,0,0,0,0,0,0,0,74,0,8,9.92509229989672,5.002247169613838,33.52929186075926,38.0
1791185547,32,POST,/api/playground/conversations/{conversation_id}/chat/sse,2.900000,0.000000,0,0,0,0,0,0,0,0,0,0,0,42,0,3,3.403065072017766,1.741659827530384,9.85195068642497,0.0
1791185547,32,POST,/api/playground/conversations/{conversation_id}/chat/{chat_id}/attachment,4.900000,0.000000,0,0,0,0,0,0,0,0,0,0,0,74,0,230.0,238.62794696705768,126.73466885462403,389.3996267579496,26.0
1791185547,32,TXN,multimodal_e2e,2.900000,0.000000,0,0,0,0,0,0,0,0,0,0,0,42,0,670.0,888.8982006548239,489.7434348240495,3552.7084888890386,32.833333333333336
1791185547,32,,Aggregated,15.600000,0.000000,0,0,0,0,0,0,0,0,0,0,0,232,0,34,240.8171468374223,1.741659827530384,3552.7084888890386,26.357758620689655
1791185548,32,POST,/api/playground/conversations,4.900000,0.000000,0,0,0,0,0,0,0,0,0,0,0,74,0,8,9.92509229989672,5.002247169613838,33.52929186075926,38.0
1791185548,32,POST,/api/playground/conversations/{conversation_id}/chat/sse,2.900000,0.000000,0,0,0,0,0,0,0,0,0,0,0,42,0,3,3.403065072017766,1.741659827530384,9.85195068642497,0.0
1791185548,32,POST,/api/playground/conversations/{conversation_id}/chat/{chat_id}/attachment,4.900000,0.000000,0,0,0,0,0,0,0,0,0,0,0,74,0,230.0,238.62794696705768,126.73466885462403,389.3996267579496,26.0
1791185548,32,TXN,multimodal_e2e,2.900000,0.000000,0,0,0,0,0,0,0,0,0,0,0,42,0,670.0,888.8982006548239,489.7434348240495,3552.7084888890386,32.833333333333336
1791185548,32,,Aggregated,15.600000,0.000000,0,0,0,0,0,0,0,0,0,0,0,232,0,34,240.8171468374223,1.741659827530384,3552.7084888890386,26.357758620689655
1791185549,32,POST,/api/playground/conversations,4.900000,0.000000,0,0,0,0,0,0,0,0,0,0,0,74,0,8,9.92509229989672,5.002247169613838,33.52929186075926,38.0
1791185549,32,POST,/api/playground/conversations/{conversation_id}/chat/sse,2.900000,0.000000,0,0,0,0,0,0,0,0,0,0,0,42,0,3,3.403065072017766,1.741659827530384,9.85195068642497,0.0
1791185549,32,POST,/api/playground/conversations/{conversation_id}/chat/{chat_id}/attachment,4.900000,0.000000,0,0,0,0,0,0,0,0,0,0,0,74,0,230.0,238.62794696705768,126.73466885462403,389.3996267579496,26.0
1791185549,32,TXN,multimodal_e2e,2.900000,0.000000,0,0,0,0,0,0,0,0,0,0,0,42,0,670.0,888.8982006548239,489.7434348240495,3552.7084888890386,32.833333333333336
1791185549,32,,Aggregated,15.600000,0.000000,0,0,0,0,0,0,0,0,0,0,0,232,0,34,240.8171468374223,1.741659827530384,3552.7084888890386,26.357758620689655
1791185550,32,POST,/api/playground/conversations,4.900000,0.000000,0,0,0,0,0,0,0,0,0,0,0,74,0,8,9.92509229989672,5.002247169613838,33.52929186075926,38.0
1791185550,32,POST,/api/playground/conversations/{conversation_id}/chat/sse,2.900000,0.000000,0,0,0,0,0,0,0,0,0,0,0,42,0,3,3.403065072017766,1.741659827530384,9.85195068642497,0.0
1791185550,32,POST,/api/playground/conversations/{conversation_id}/chat/{chat_id}/attachment,4.900000,0.000000,0,0,0,0,0,0,0,0,0,0,0,74,0,230.0,238.62794696705768,126.73466885462403,389.3996267579496,26.0
1791185550,32,TXN,multimodal_e2e,2.900000,0.000000,0,0,0,0,0,0,0,0,0,0,0,42,0,670.0,888.8982006548239,489.7434348240495,3552.7084888890386,32.833333333333336
1791185550,32,,Aggregated,15.600000,0.000000,0,0,0,0,0,0,0,0,0,0,0,232,0,34,240.8171468374223,1.741659827530384,3552.7084888890386,26.357758620689655
1791185551,32,POST,/api/playground/conversations,4.900000,0.000000,0,0,0,0,0,0,0,0,0,0,0,74,0,8,9.92509229989672,5.002247169613838,33.52929186075926,38.0
1791185551,32,POST,/api/playground/conversations/{conversation_id}/chat/sse,2.900000,0.000000,0,0,0,0,0,0,0,0,0,0,0,42,0,3,3.403065072017766,1.741659827530384,9.85195068642497,0.0
1791185551,32,POST,/api/playground/conversations/{conversation_id}/chat/{chat_id}/attachment,4.900000,0.000000,0,0,0,0,0,0,0,0,0,0,0,74,0,230.0,238.62794696705768,126.73466885462403,389.3996267579496,26.0
1791185551,32,TXN,multimodal_e2e,2.900000,0.000000,0,0,0,0,0,0,0,0,0,0,0,42,0,670.0,888.8982006548239,489.7434348240495,3552.7084888890386,32.833333333333336
1791185551,32,,Aggregated,15.600000,0.000000,0,0,0,0,0,0,0,0,0,0,0,232,0,34,240.8171468374223,1.741659827530384,3552.7084888890386,26.357758620689655
1791185552,32,POST,/api/playground/conversations,4.900000,0.000000,0,0,0,0,0,0,0,0,0,0,0,74,0,8,9.92509229989672,5.002247169613838,33.52929186075926,38.0
1791185552,32,POST,/api/playground/conversations/{conversation_id}/chat/sse,2.900000,0.000000,0,0,0,0,0,0,0,0,0,0,0,42,0,3,3.403065072017766,1.741659827530384,9.85195068642497,0.0
1791185552,32,POST,/api/playground/conversations/{conversation_id}/chat/{chat_id}/attachment,4.900000,0.000000,0,0,0,0,0,0,0,0,0,0,0,74,0,230.0,238.62794696705768,126.73466885462403,389.3996267579496,26.0
1791185552,32,TXN,multimodal_e2e,2.900000,0.000000,0,0,0,0,0,0,0,0,0,0,0,42,0,670.0,888.8982006548239,489.7434348240495,3552.7084888890386,32.833333333333336
1791185552,32,,Aggregated,15.600000,0.000000,0,0,0,0,0,0,0,0,0,0,0,232,0,34,240.8171468374223,1.741659827530384,3552.7084888890386,26.357758620689655
1791185553,32,POST,/api/playground/conversations,4.900000,0.000000,0,0,0,0,0,0,0,0,0,0,0,74,0,8,9.92509229989672,5.002247169613838,33.52929186075926,38.0
1791185553,32,POST,/api/playground/conversations/{conversation_id}/chat/sse,2.900000,0.000000,0,0,0,0,0,0,0,0,0,0,0,42,0,3,3.403065072017766,1.741659827530384,9.85195068642497,0.0
1791185553,32,POST,/api/playground/conversations/{conversation_id}/chat/{chat_id}/attachment,4.900000,0.000000,0,0,0,0,0,0,0,0,0,0,0,74,0,230.0,238.62794696705768,126.73466885462403,389.3996267579496,26.0
1791185553,32,TXN,multimodal_e2e,2.900000,0.000000,0,0,0,0,0,0,0,0,0,0,0,42,0,670.0,888.8982006548239,489.7434348240495,3552.7084888890386,32.833333333333336
1791185553,32,,Aggregated,15.600000,0.000000,0,0,0,0,0,0,0,0,0,0,0,232,0,34,240.8171468374223,1.741659827530384,3552.7084888890386,26.357758620689655
1791185554,32,POST,/api/playground/conversations,4.900000,0.000000,0,0,0,0,0,0,0,0,0,0,0,74,0,8,9.92509229989672,5.002247169613838,33.52929186075926,38.0
1791185554,32,POST,/api/playground/conversations/{conversation_id}/chat/sse,2.900000,0.000000,0,0,0,0,0,0,0,0,0,0,0,42,0,3,3.403065072017766,1.741659827530384,9.85195068642497,0.0
1791185554,32,POST,/api/playground/conversations/{conversation_id}/chat/{chat_id}/attachment,4.900000,0.000000,0,0,0,0,0,0,0,0,0,0,0,74,0,230.0,238.62794696705768,126.73466885462403,389.3996267579496,26.0
1791185554,32,TXN,multimodal_e2e,2.900000,0.000000,0,0,0,0,0,0,0,0,0,0,0,42,0,670.0,888.8982006548239,489.7434348240495,3552.7084888890386,32.833333333333336
1791185554,32,,Aggregated,15.600000,0.000000,0,0,0,0,0,0,0,0,0,0,0,232,0,34,240.8171468374223,1.741659827530384,3552.7084888890386,26.357758620689655
1791185555,32,POST,/api/playground/conversations,4.900000,0.000000,0,0,0,0,0,0,0,0,0,0,0,74,0,8,9.92509229989672,5.002247169613838,33.52929186075926,38.0
1791185555,32,POST,/api/playground/conversations/{conversation_id}/chat/sse,2.900000,0.000000,0,0,0,0,0,0,0,0,0,0,0,42,0,3,3.403065072017766,1.741659827530384,9.85195068642497,0.0
1791185555,32,POST,/api/playground/conversations/{conversation_id}/chat/{chat_id}/attachment,4.900000,0.000000,0,0,0,0,0,0,0,0,0,0,0,74,0,230.0,238.62794696705768,126.73466885462403,389.3996267579496,26.0
1791185555,32,TXN,multimodal_e2e,2.900000,0.000000,0,0,0,0,0,0,0,0,0,0,0,42,0,670.0,888.8982006548239,489.7434348240495,3552.7084888890386,32.833333333333336
1791185555,32,,Aggregated,15.600000,0.000000,0,0,0,0,0,0,0,0,0,0,0,232,0,34,240.8171468374223,1.741659827530384,3552.7084888890386,26.357758620689655
1791185556,32,POST,/api/playground/conversations,4.900000,0.000000,0,0,0,0,0,0,0,0,0,0,0,74,0,8,9.92509229989672,5.002247169613838,33.52929186075926,38.0
1791185556,32,POST,/api/playground/conversations/{conversation_id}/chat/sse,2.900000,0.000000,0,0,0,0,0,0,0,0,0,0,0,42,0,3,3.403065072017766,1.741659827530384,9.85195068642497,0.0
1791185556,32,POST,/api/playground/conversations/{conversation_id}/chat/{chat_id}/attachment,4.900000,0.000000,0,0,0,0,0,0,0,0,0,0,0,74,0,230.0,238.62794696705768,126.73466885462403,389.3996267579496,26.0
1791185556,32,TXN,multimodal_e2e,2.900000,0.000000,0,0,0,0,0,0,0,0,0,0,0,42,0,670.0,888.8982006548239,489.7434348240495,3552.7084888890386,32.833333333333336
1791185556,32,,Aggregated,15.600000,0.000000,0,0,0,0,0,0,0,0,0,0,0,232,0,34,240.8171468374223,1.741659827530384,3552.7084888890386,26.357758620689655
1791185557,32,POST,/api/playground/conversations,4.900000,0.000000,0,0,0,0,0,0,0,0,0,0,0,74,0,8,9.92509229989672,5.002247169613838,33.52929186075926,38.0
1791185557,32,POST,/api/playground/conversations/{conversation_id}/chat/sse,2.900000,0.000000,0,0,0,0,0,0,0,0,0,0,0,42,0,3,3.403065072017766,1.741659827530384,9.85195068642497,0.0
1791185557,32,POST,/api/playground/conversations/{conversation_id}/chat/{chat_id}/attachment,4.900000,0.000000,0,0,0,0,0,0,0,0,0,0,0,74,0,230.0,238.62794696705768,126.73466885462403,389.3996267579496,26.0
1791185557,32,TXN,multimodal_e2e,2.900000,0.000000,0,0,0,0,0,0,0,0,0,0,0,42,0,670.0,888.8982006548239,489.7434348240495,3552.7084888890386,32.833333333333336
1791185557,32,,Aggregated,15.600000,0.000000,0,0,0,0,0,0,0,0,0,0,0,232,0,34,240.8171468374223,1.741659827530384,3552.7084888890386,26.357758620689655
1791185558,32,POST,/api/playground/conversations,4.900000,0.000000,0,0,0,0,0,0,0,0,0,0,0,74,0,8,9.92509229989672,5.002247169613838,33.52929186075926,38.0
1791185558,32,POST,/api/playground/conversations/{conversation_id}/chat/sse,2.900000,0.000000,0,0,0,0,0,0,0,0,0,0,0,42,0,3,3.403065072017766,1.741659827530384,9.85195068642497,0.0
1791185558,32,POST,/api/playground/conversations/{conversation_id}/chat/{chat_id}/attachment,4.900000,0.000000,0,0,0,0,0,0,0,0,0,0,0,74,0,230.0,238.62794696705768,126.73466885462403,389.3996267579496,26.0
1791185558,32,TXN,multimodal_e2e,2.900000,0.000000,0,0,0,0,0,0,0,0,0,0,0,42,0,670.0,888.8982006548239,489.7434348240495,3552.7084888890386,32.833333333333336
1791185558,32,,Aggregated,15.600000,0.000000,0,0,0,0,0,0,0,0,0,0,0,232,0,34,240.8171468374223,1.741659827530384,3552.7084888890386,26.357758620689655
1791185559,32,POST,/api/playground/conversations,4.900000,0.000000,0,0,0,0,0,0,0,0,0,0,0,74,0,8,9.92509229989672,5.002247169613838,33.52929186075926,38.0
1791185559,32,POST,/api/playground/conversations/{conversation_id}/chat/sse,2.900000,0.000000,0,0,0,0,0,0,0,0,0,0,0,42,0,3,3.403065072017766,1.741659827530384,9.85195068642497,0.0
1791185559,32,POST,/api/playground/conversations/{conversation_id}/chat/{chat_id}/attachment,4.900000,0.000000,0,0,0,0,0,0,0,0,0,0,0,74,0,230.0,238.62794696705768,126.73466885462403,389.3996267579496,26.0
1791185559,32,TXN,multimodal_e2e,2.900000,0.000000,0,0,0,0,0,0,0,0,0,0,0,42,0,670.0,888.8982006548239,489.7434348240495,3552.7084888890386,32.833333333333336
1791185559,32,,Aggregated,15.600000,0.000000,0,0,0,0,0,0,0,0,0,0,0,232,0,34,240.8171468374223,1.741659827530384,3552.7084888890386,26.357758620689655
1791185560,32,POST,/api/playground/conversations,4.900000,0.000000,0,0,0,0,0,0,0,0,0,0,0,74,0,8,9.92509229989672,5.002247169613838,33.52929186075926,38.0
1791185560,32,POST,/api/playground/conversations/{conversation_id}/chat/sse,2.900000,0.000000,0,0,0,0,0,0,0,0,0,0,0,42,0,3,3.403065072017766,1.741659827530384,9.85195068642497,0.0
1791185560,32,POST,/api/playground/conversations/{conversation_id}/chat/{chat_id}/attachment,4.900000,0.000000,0,0,0,0,0,0,0,0,0,0,0,74,0,230.0,238.62794696705768,126.73466885462403,389.3996267579496,26.0
1791185560,32,TXN,multimodal_e2e,2.900000,0.000000,0,0,0,0,0,0,0,0,0,0,0,42,0,670.0,888.8982006548239,489.7434348240495,3552.7084888890386,32.833333333333336
1791185560,32,,Aggregated,15.600000,0.000000,0,0,0,0,0,0,0,0,0,0,0,232,0,34,240.8171468374223,1.741659827530384,3552.7084888890386,26.357758620689655
1791185561,32,POST,/api/playground/conversations,4.900000,0.000000,0,0,0,0,0,0,0,0,0,0,0,74,0,8,9.92509229989672,5.002247169613838,33.52929186075926,38.0
1791185561,32,POST,/api/playground/conversations/{conversation_id}/chat/sse,2.900000,0.000000,0,0,0,0,0,0,0,0,0,0,0,42,0,3,3.403065072017766,1.741659827530384,9.85195068642497,0.0
1791185561,32,POST,/api/playground/conversations/{conversation_id}/chat/{chat_id}/attachment,4.900000,0.000000,0,0,0,0,0,0,0,0,0,0,0,74,0,230.0,238.62794696705768,126.73466885462403,389.3996267579496,26.0
1791185561,32,TXN,multimodal_e2e,2.900000,0.000000,0,0,0,0,0,0,0,0,0,0,0,42,0,670.0,888.8982006548239,489.7434348240495,3552.7084888890386,32.833333333333336
1791185561,32,,Aggregated,15.600000,0.000000,0,0,0,0,0,0,0,0,0,0,0,232,0,34,240.8171468374223,1.741659827530384,3552.7084888890386,26.357758620689655
1791185562,32,POST,/api/playground/conversations,4.900000,0.000000,0,0,0,0,0,0,0,0,0,0,0,74,0,8,9.92509229989672,5.002247169613838,33.52929186075926,38.0
1791185562,32,POST,/api/playground/conversations/{conversation_id}/chat/sse,2.900000,0.000000,0,0,0,0,0,0,0,0,0,0,0,42,0,3,3.403065072017766,1.741659827530384,9.85195068642497,0.0
1791185562,32,POST,/api/playground/conversations/{conversation_id}/chat/{chat_id}/attachment,4.900000,0.000000,0,0,0,0,0,0,0,0,0,0,0,74,0,230.0,238.62794696705768,126.73466885462403,389.3996267579496,26.0
1791185562,32,TXN,multimodal_e2e,2.900000,0.000000,0,0,0,0,0,0,0,0,0,0,0,42,0,670.0,888.8982006548239,489.7434348240495,3552.7084888890386,32.833333333333336
1791185562,32,,Aggregated,15.600000,0.000000,0,0,0,0,0,0,0,0,0,0,0,232,0,34,240.8171468374223,1.741659827530384,3552.7084888890386,26.357758620689655
1791185563,32,POST,/api/playground/conversations,4.900000,0.000000,0,0,0,0,0,0,0,0,0,0,0,74,0,8,9.92509229989672,5.002247169613838,33.52929186075926,38.0
1791185563,32,POST,/api/playground/conversations/{conversation_id}/chat/sse,2.900000,0.000000,0,0,0,0,0,0,0,0,0,0,0,42,0,3,3.403065072017766,1.741659827530384,9.85195068642497,0.0
1791185563,32,POST,/api/playground/conversations/{conversation_id}/chat/{chat_id}/attachment,4.900000,0.000000,0,0,0,0,0,0,0,0,0,0,0,74,0,230.0,238.62794696705768,126.73466885462403,389.3996267579496,26.0
1791185563,32,TXN,multimodal_e2e,2.900000,0.000000,0,0,0,0,0,0,0,0,0,0,0,42,0,670.0,888.8982006548239,489.7434348240495,3552.7084888890386,32.833333333333336
1791185563,32,,Aggregated,15.600000,0.000000,0,0,0,0,0,0,0,0,0,0,0,232,0,34,240.8171468374223,1.741659827530384,3552.7084888890386,26.357758620689655
1791185564,32,POST,/api/playground/conversations,4.900000,0.000000,0,0,0,0,0,0,0,0,0,0,0,74,0,8,9.92509229989672,5.002247169613838,33.52929186075926,38.0
1791185564,32,POST,/api/playground/conversations/{conversation_id}/chat/sse,2.900000,0.000000,0,0,0,0,0,0,0,0,0,0,0,42,0,3,3.403065072017766,1.741659827530384,9.85195068642497,0.0
1791185564,32,POST,/api/playground/conversations/{conversation_id}/chat/{chat_id}/attachment,4.900000,0.000000,0,0,0,0,0,0,0,0,0,0,0,74,0,230.0,238.62794696705768,126.73466885462403,389.3996267579496,26.0
1791185564,32,TXN,multimodal_e2e,2.900000,0.000000,0,0,0,0,0,0,0,0,0,0,0,42,0,670.0,888.8982006548239,489.7434348240495,3552.7084888890386,32.833333333333336
1791185564,32,,Aggregated,15.600000,0.000000,0,0,0,0,0,0,0,0,0,0,0,232,0,34,240.8171468374223,1.741659827530384,3552.7084888890386,26.357758620689655
1791185565,32,POST,/api/playground/conversations,4.900000,0.000000,0,0,0,0,0,0,0,0,0,0,0,74,0,8,9.92509229989672,5.002247169613838,33.52929186075926,38.0
1791185565,32,POST,/api/playground/conversations/{conversation_id}/chat/sse,2.900000,0.000000,0,0,0,0,0,0,0,0,0,0,0,42,0,3,3.403065072017766,1.741659827530384,9.85195068642497,0.0
1791185565,32,POST,/api/playground/conversations/{conversation_id}/chat/{chat_id}/attachment,4.900000,0.000000,0,0,0,0,0,0,0,0,0,0,0,74,0,230.0,238.62794696705768,126.73466885462403,389.3996267579496,26.0
1791185565,32,TXN,multimodal_e2e,2.900000,0.000000,0,0,0,0,0,0,0,0,0,0,0,42,0,670.0,888.8982006548239,489.7434348240495,3552.7084888890386,32.833333333333336
1791185565,32,,Aggregated,15.600000,0.000000,0,0,0,0,0,0,0,0,0,0,0,232,0,34,240.8171468374223,1.741659827530384,3552.7084888890386,26.357758620689655
1791185566,32,POST,/api/playground/conversations,4.900000,0.000000,0,0,0,0,0,0,0,0,0,0,0,74,0,8,9.92509229989672,5.002247169613838,33.52929186075926,38.0
1791185566,32,POST,/api/playground/conversations/{conversation_id}/chat/sse,2.900000,0.000000,0,0,0,0,0,0,0,0,0,0,0,42,0,3,3.403065072017766,1.741659827530384,9.85195068642497,0.0
1791185566,32,POST,/api/playground/conversations/{conversation_id}/chat/{chat_id}/attachment,4.900000,0.000000,0,0,0,0,0,0,0,0,0,0,0,74,0,230.0,238.62794696705768,126.73466885462403,389.3996267579496,26.0
1791185566,32,TXN,multimodal_e2e,2.900000,0.000000,0,0,0,0,0,0,0,0,0,0,0,42,0,670.0,888.8982006548239,489.7434348240495,3552.7084888890386,32.833333333333336
1791185566,32,,Aggregated,15.600000,0.000000,0,0,0,0,0,0,0,0,0,0,0,232,0,34,240.8171468374223,1.741659827530384,3552.7084888890386,26.357758620689655
1791185567,32,POST,/api/playground/conversations,4.900000,0.000000,0,0,0,0,0,0,0,0,0,0,0,74,0,8,9.92509229989672,5.002247169613838,33.52929186075926,38.0
1791185567,32,POST,/api/playground/conversations/{conversation_id}/chat/sse,2.900000,0.000000,0,0,0,0,0,0,0,0,0,0,0,42,0,3,3.403065072017766,1.741659827530384,9.85195068642497,0.0
1791185567,32,POST,/api/playground/conversations/{conversation_id}/chat/{chat_id}/attachment,4.900000,0.000000,0,0,0,0,0,0,0,0,0,0,0,74,0,230.0,238.62794696705768,126.73466885462403,389.3996267579496,26.0
1791185567,32,TXN,multimodal_e2e,2.900000,0.000000,0,0,0,0,0,0,0,0,0,0,0,42,0,670.0,888.8982006548239,489.7434348240495,3552.7084888890386,32.833333333333336
1791185567,32,,Aggregated,15.600000,0.000000,0,0,0,0,0,0,0,0,0,0,0,232,0,34,240.8171468374223,1.741659827530384,3552.7084888890386,26.357758620689655
1791185568,32,POST,/api/playground/conversations,4.900000,0.000000,0,0,0,0,0,0,0,0,0,0,0,74,0,8,9.92509229989672,5.002247169613838,33.52929186075926,38.0
1791185568,32,POST,/api/playground/conversations/{conversation_id}/chat/sse,2.900000,0.000000,0,0,0,0,0,0,0,0,0,0,0,42,0,3,3.403065072017766,1.741659827530384,9.85195068642497,0.0
1791185568,32,POST,/api/playground/conversations/{conversation_id}/chat/{chat_id}/attachment,4.900000,0.000000,0,0,0,0,0,0,0,0,0,0,0,74,0,230.0,238.62794696705768,126.73466885462403,389.3996267579496,26.0
1791185568,32,TXN,multimodal_e2e,2.900000,0.000000,0,0,0,0,0,0,0,0,0,0,0,42,0,670.0,888.8982006548239,489.7434348240495,3552.7084888890386,32.833333333333336
1791185568,32,,Aggregated,15.600000,0.000000,0,0,0,0,0,0,0,0,0,0,0,232,0,34,240.8171468374223,1.741659827530384,3552.7084888890386,26.357758620689655
1791185569,32,POST,/api/playground/conversations,4.900000,0.000000,0,0,0,0,0,0,0,0,0,0,0,74,0,8,9.92509229989672,5.002247169613838,33.52929186075926,38.0
1791185569,32,POST,/api/playground/conversations/{conversation_id}/chat/sse,2.900000,0.000000,0,0,0,0,0,0,0,0,0,0,0,42,0,3,3.403065072017766,1.741659827530384,9.85195068642497,0.0
1791185569,32,POST,/api/playground/conversations/{conversation_id}/chat/{chat_id}/attachment,4.900000,0.000000,0,0,0,0,0,0,0,0,0,0,0,74,0,230.0,238.62794696705768,126.73466885462403,389.3996267579496,26.0
1791185569,32,TXN,multimodal_e2e,2.900000,0.000000,0,0,0,0,0,0,0,0,0,0,0,42,0,670.0,888.8982006548239,489.7434348240495,3552.7084888890386,32.833333333333336
1791185569,32,,Aggregated,15.600000,0.000000,0,0,0,0,0,0,0,0,0,0,0,232,0,34,240.8171468374223,1.741659827530384,3552.7084888890386,26.357758620689655
1791185570,32,POST,/api/playground/conversations,4.900000,0.000000,0,0,0,0,0,0,0,0,0,0,0,74,0,8,9.92509229989672,5.002247169613838,33.52929186075926,38.0
1791185570,32,POST,/api/playground/conversations/{conversation_id}/chat/sse,2.900000,0.000000,0,0,0,0,0,0,0,0,0,0,0,42,0,3,3.403065072017766,1.741659827530384,9.85195068642497,0.0
1791185570,32,POST,/api/playground/conversations/{conversation_id}/chat/{chat_id}/attachment,4.900000,0.000000,0,0,0,0,0,0,0,0,0,0,0,74,0,230.0,238.62794696705768,126.73466885462403,389.3996267579496,26.0
1791185570,32,TXN,multimodal_e2e,2.900000,0.000000,0,0,0,0,0,0,0,0,0,0,0,42,0,670.0,888.8982006548239,489.7434348240495,3552.7084888890386,32.833333333333336
1791185570,32,,Aggregated,15.600000,0.000000,0,0,0,0,0,0,0,0,0,0,0,232,0,34,240.8171468374223,1.741659827530384,3552.7084888890386,26.357758620689655
1791185571,32,POST,/api/playground/conversations,0.000000,0.000000,12,12,12,12,12,12,12,12,12,12,12,76,0,8,9.91863764111737,5.002247169613838,33.52929186075926,38.0
1791185571,32,POST,/api/playground/conversations/{conversation_id}/chat/sse,0.000000,0.000000,3,3,3,3,3,3,3,3,3,3,3,44,0,3,3.374476366761056,1.741659827530384,9.85195068642497,0.0
1791185571,32,POST,/api/playground/conversations/{conversation_id}/chat/{chat_id}/attachment,0.000000,0.000000,210,210,210,210,210,210,210,210,210,210,210,75,0,230.0,238.2482472869257,126.73466885462403,389.3996267579496,26.0
1791185571,32,TXN,multimodal_e2e,0.000000,0.000000,60000,60000,60000,60000,60000,60000,60000,60000,60000,60000,60000,44,0,670.0,2233.98369346449,489.7434348240495,60365.52693787962,32.75
1791185571,32,,Aggregated,0.000000,0.000000,12,210,600,600,60000,60000,60000,60000,60000,60000,60000,239,0,34,489.8167133046836,1.741659827530384,60365.52693787962,26.271966527196653
1791185572,32,POST,/api/playground/conversations,0.000000,0.000000,7,7,12,12,12,12,12,12,12,12,12,78,0,8,9.837452011803785,5.002247169613838,33.52929186075926,38.0
1791185572,32,POST,/api/playground/conversations/{conversation_id}/chat/sse,0.000000,0.000000,3,3,3,3,3,3,3,3,3,3,3,46,0,3,3.347486267676172,1.741659827530384,9.85195068642497,0.0
1791185572,32,POST,/api/playground/conversations/{conversation_id}/chat/{chat_id}/attachment,0.000000,0.000000,210,210,220,220,220,220,220,220,220,220,220,78,0,220.0,236.93889985458017,126.73466885462403,389.3996267579496,26.0
1791185572,32,TXN,multimodal_e2e,0.000000,0.000000,60000,60000,60000,60000,60000,60000,60000,60000,60000,60000,60000,46,0,670.0,3459.6698604949306,489.7434348240495,60365.52693787962,32.52173913043478
1791185572,32,,Aggregated,0.000000,0.000000,190,210,490,490,60000,60000,60000,60000,60000,60000,60000,248,0,34,719.9490056316849,1.741659827530384,60365.52693787962,26.161290322580644
1791185573,32,POST,/api/playground/conversations,0.100000,0.000000,7,7,7,7,12,12,12,12,12,12,12,81,1,8,9.649612601662492,1.4220462180674076,33.52929186075926,37.53086419753087
1791185573,32,POST,/api/playground/conversations/{conversation_id}/chat/sse,0.100000,0.000000,3,3,3,3,3,3,3,3,3,3,3,48,0,3,3.290667673960949,1.741659827530384,9.85195068642497,0.0
1791185573,32,POST,/api/playground/conversations/{conversation_id}/chat/{chat_id}/attachment,0.100000,0.000000,200,200,210,210,220,220,220,220,220,220,220,80,0,210.0,235.9257063246332,126.73466885462403,389.3996267579496,26.0
1791185573,32,TXN,multimodal_e2e,0.100000,0.000000,600,60000,60000,60000,60000,60000,60000,60000,60000,60000,60000,49,1,670.0,4489.208623367761,1.545072067528963,60365.52693787962,31.591836734693878
1791185573,32,,Aggregated,0.400000,0.000000,12,200,220,490,60000,60000,60000,60000,60000,60000,60000,258,2,33,929.3986423258749,1.4220462180674076,60365.52693787962,25.844961240310077
1791185574,32,POST,/api/playground/conversations,0.100000,0.000000,7,8,9,11,12,12,12,12,12,12,12,84,2,8,9.635921357022156,1.4220462180674076,33.52929186075926,37.095238095238095
1791185574,32,POST,/api/playground/conversations/{conversation_id}/chat/sse,0.100000,0.000000,3,3,8,8,9,9,9,9,9,9,9,50,0,3,3.490722579881549,1.741659827530384,9.85195068642497,0.0
1791185574,32,POST,/api/playground/conversations/{conversation_id}/chat/{chat_id}/attachment,0.100000,0.000000,210,220,240,240,260,260,260,260,260,260,260,82,0,220.0,236.2293191254139,126.73466885462403,389.3996267579496,26.0
1791185574,32,TXN,multimodal_e2e,0.100000,0.000000,60000,60000,60000,60000,60000,60000,60000,60000,60000,60000,60000,52,2,670.0,6554.834919399582,1.545072067528963,60490.91163882986,31.0
1791185574,32,,Aggregated,0.400000,0.000000,11,200,260,490,60000,60000,60000,60000,60000,60000,60000,268,4,32,1347.784229477784,1.4220462180674076,60490.91163882986,25.597014925373134
1791185575,32,POST,/api/playground/conversations,0.400000,0.000000,7,7,8,9,11,12,12,12,12,12,12,88,3,8,9.442399848591197,0.8132867515087128,33.52929186075926,36.70454545454545
1791185575,32,POST,/api/playground/conversations/{conversation_id}/chat/sse,0.400000,0.000000,3,3,3,3,8,9,9,9,9,9,9,53,0,3,3.437563469457739,1.741659827530384,9.85195068642497,0.0
1791185575,32,POST,/api/playground/conversations/{conversation_id}/chat/{chat_id}/attachment,0.300000,0.000000,200,220,220,220,240,260,260,260,260,260,260,85,0,220.0,234.7506311009912,126.73466885462403,389.3996267579496,26.0
1791185575,32,TXN,multimodal_e2e,0.400000,0.000000,600,60000,60000,60000,60000,60000,60000,60000,60000,60000,60000,56,3,670.0,7182.43214488861,0.9200964123010635,60490.91163882986,29.982142857142858
1791185575,32,,Aggregated,1.500000,0.000000,11,200,240,490,60000,60000,60000,60000,60000,60000,60000,282,6,32,1500.6493822975308,0.8132867515087128,60490.91163882986,25.24468085106383
1791185576,32,POST,/api/playground/conversations,1.000000,0.200000,7,7,8,8,11,12,12,12,12,12,12,92,3,8,9.346471760300515,0.8132867515087128,33.52929186075926,36.76086956521739
1791185576,32,POST,/api/playground/conversations/{conversation_id}/chat/sse,0.800000,0.000000,3,3,5,5,8,9,9,9,9,9,9,57,0,3,3.4953260369468153,1.741659827530384,9.85195068642497,0.0
1791185576,32,POST,/api/playground/conversations/{conversation_id}/chat/{chat_id}/attachment,0.800000,0.000000,200,210,220,230,240,260,260,260,260,260,260,89,0,210.0,232.75593160703946,126.73466885462403,389.3996267579496,26.0
1791185576,32,TXN,multimodal_e2e,1.000000,0.200000,600,60000,60000,60000,60000,60000,60000,60000,60000,60000,60000,60,3,670.0,8734.194712084718,0.9200964123010635,60490.91163882986,30.05
1791185576,32,,Aggregated,3.600000,0.400000,11,200,240,490,60000,60000,60000,60000,60000,60000,60000,298,6,32,1831.631106121353,0.8132867515087128,60490.91163882986,25.164429530201343
1791185577,32,POST,/api/playground/conversations,1.400000,0.300000,7,8,8,8,10,11,12,12,12,12,12,96,4,8,9.234613413961293,0.8132867515087128,33.52929186075926,36.416666666666664
1791185577,32,POST,/api/playground/conversations/{conversation_id}/chat/sse,1.100000,0.000000,3,3,5,5,8,9,9,9,9,9,9,60,0,3,3.428128625576695,1.741659827530384,9.85195068642497,0.0
1791185577,32,POST,/api/playground/conversations/{conversation_id}/chat/{chat_id}/attachment,1.100000,0.000000,200,220,220,220,240,260,260,260,260,260,260,91,0,210.0,232.26805369031953,126.73466885462403,389.3996267579496,26.0
1791185577,32,TXN,multimodal_e2e,1.400000,0.300000,600,60000,60000,60000,60000,60000,60000,60000,60000,60000,60000,64,4,660.0,9147.061835450586,0.9200964123010635,60490.91163882986,29.03125
1791185577,32,,Aggregated,5.000000,0.600000,9,200,240,490,60000,60000,60000,60000,60000,60000,60000,311,8,24,1953.8281702891686,0.8132867515087128,60490.91163882986,24.823151125401928
1791185578,32,POST,/api/playground/conversations,1.800000,0.300000,7,8,9,10,13,21,65,65,65,65,65,102,6,8,9.757116952837974,0.8132867515087128,65.26524433866143,35.76470588235294
1791185578,32,POST,/api/playground/conversations/{conversation_id}/chat/sse,1.500000,0.000000,3,3,5,5,6,8,9,9,9,9,9,64,0,3,3.428580559557304,1.741659827530384,9.85195068642497,0.0
1791185578,32,POST,/api/playground/conversations/{conversation_id}/chat/{chat_id}/attachment,1.400000,0.000000,210,220,220,230,230,240,260,260,260,260,260,96,0,210.0,231.4857745611031,126.73466885462403,389.3996267579496,26.0
1791185578,32,TXN,multimodal_e2e,1.800000,0.300000,600,60000,60000,60000,60000,60000,60000,60000,60000,60000,60000,70,6,660.0,10956.035790299731,0.9200964123010635,60490.91163882986,28.785714285714285
1791185578,32,,Aggregated,6.500000,0.600000,11,210,230,490,60000,60000,60000,60000,60000,60000,60000,332,12,21,2380.601791457374,0.8132867515087128,60490.91163882986,24.575301204819276
1791185579,32,POST,/api/playground/conversations,2.100000,0.400000,7,8,9,10,13,34,65,65,65,65,65,106,6,8,9.937345801483628,0.8132867515087128,65.26524433866143,35.84905660377358
1791185579,32,POST,/api/playground/conversations/{conversation_id}/chat/sse,1.700000,0.000000,3,3,5,5,6,8,9,9,9,9,9,68,0,3,3.4252193427699456,1.741659827530384,9.85195068642497,0.0
1791185579,32,POST,/api/playground/conversations/{conversation_id}/chat/{chat_id}/attachment,1.700000,0.000000,210,220,220,220,230,240,260,260,260,260,260,100,0,210.0,230.05121367052197,126.73466885462403,389.3996267579496,26.0
1791185579,32,TXN,multimodal_e2e,2.100000,0.400000,600,60000,60000,60000,60000,60000,60000,60000,60000,60000,60000,74,6,660.0,12009.687193795233,0.9200964123010635,60490.91163882986,28.527027027027028
1791185579,32,,Aggregated,7.600000,0.800000,11,210,230,490,60000,60000,60000,60000,60000,60000,60000,348,12,24,2623.5869174659915,0.8132867515087128,60490.91163882986,24.45689655172414
1791185580,32,POST,/api/playground/conversations,2.800000,0.600000,7,8,8,10,13,34,65,65,65,65,65,113,7,8,9.759473276481165,0.7993313483893871,65.26524433866143,35.64601769911504
1791185580,32,POST,/api/playground/conversations/{conversation_id}/chat/sse,2.200000,0.000000,2,3,5,5,6,9,9,9,9,9,9,74,0,3,3.4720033621163786,1.741659827530384,9.85195068642497,0.0
1791185580,32,POST,/api/playground/conversations/{conversation_id}/chat/{chat_id}/attachment,2.000000,0.000000,210,220,220,230,230,240,260,260,260,260,260,105,0,210.0,229.00820290226312,126.73466885462403,389.3996267579496,26.0
1791185580,32,TXN,multimodal_e2e,2.800000,0.600000,630,60000,60000,60000,60000,60000,60000,60000,60000,60000,60000,81,7,670.0,13226.87820556723,0.9113270789384842,60490.91163882986,27.938271604938272
1791185580,32,,Aggregated,9.800000,1.200000,10,210,230,490,60000,60000,60000,60000,60000,60000,60000,373,14,21,2940.4363128276736,0.7993313483893871,60490.91163882986,24.184986595174262
1791185581,32,POST,/api/playground/conversations,3.200000,0.600000,8,8,10,11,21,34,65,65,65,65,65,117,7,8,9.8155243600854,0.7993313483893871,65.26524433866143,35.72649572649573
1791185581,32,POST,/api/playground/conversations/{conversation_id}/chat/sse,2.600000,0.000000,3,4,5,5,6,9,9,9,9,9,9,78,0,3,3.453090977974427,1.741659827530384,9.85195068642497,0.0
1791185581,32,POST,/api/playground/conversations/{conversation_id}/chat/{chat_id}/attachment,2.500000,0.000000,210,220,230,230,240,260,280,280,280,280,280,108,0,210.0,229.21071500362208,126.73466885462403,389.3996267579496,26.0
1791185581,32,TXN,multimodal_e2e,3.200000,0.600000,630,60000,60000,60000,60000,60000,60000,60000,60000,60000,60000,85,7,670.0,14036.544030844509,0.9113270789384842,60490.91163882986,27.83529411764706
1791185581,32,,Aggregated,11.500000,1.200000,11,210,240,510,60000,60000,60000,60000,60000,60000,60000,388,14,21,3142.4710239396554,0.7993313483893871,60490.91163882986,24.108247422680414
1791185582,32,POST,/api/playground/conversations,3.700000,0.600000,8,9,11,11,21,34,65,65,65,65,65,123,8,8,10.156768858735639,0.7993313483893871,65.26524433866143,35.52845528455285
1791185582,32,POST,/api/playground/conversations/{conversation_id}/chat/sse,3.100000,0.000000,3,4,5,5,6,9,9,9,9,9,9,83,0,3,3.3984630009585834,1.741659827530384,9.85195068642497,0.0
1791185582,32,POST,/api/playground/conversations/{conversation_id}/chat/{chat_id}/attachment,2.900000,0.000000,220,230,240,250,260,280,290,290,290,290,290,113,0,220.0,230.82703006231284,126.73466885462403,389.3996267579496,26.0
1791185582,32,TXN,multimodal_e2e,3.700000,0.600000,660,60000,60000,60000,60000,60000,60000,60000,60000,60000,60000,91,8,670.0,15112.88999188896,0.9113270789384842,60490.91163882986,27.395604395604394
1791185582,32,,Aggregated,13.400000,1.200000,13,220,260,540,60000,60000,60000,60000,60000,60000,60000,410,16,21,3421.677557701563,0.7993313483893871,60490.91163882986,23.90487804878049
1791185583,32,POST,/api/playground/conversations,4.000000,0.700000,8,8,10,11,21,34,65,65,65,65,65,128,9,8,9.971699662855826,0.7437141612172127,65.26524433866143,35.328125
1791185583,32,POST,/api/playground/conversations/{conversation_id}/chat/sse,3.300000,0.000000,3,4,5,5,6,6,9,9,9,9,9,87,0,3,3.462007879440127,1.741659827530384,9.85195068642497,0.0
1791185583,32,POST,/api/playground/conversations/{conversation_id}/chat/{chat_id}/attachment,3.300000,0.000000,220,230,250,250,280,290,300,300,300,300,300,118,0,220.0,231.24175154114678,126.73466885462403,389.3996267579496,26.0
1791185583,32,TXN,multimodal_e2e,4.000000,0.700000,660,60000,60000,60000,60000,60000,60000,60000,60000,60000,60000,96,9,660.0,14974.538904968844,0.8340249769389629,60490.91163882986,26.822916666666668
1791185583,32,,Aggregated,14.600000,1.400000,13,220,280,510,60000,60000,60000,60000,60000,60000,60000,429,18,21,3418.2280508186973,0.7437141612172127,60490.91163882986,23.694638694638694
1791185584,32,POST,/api/playground/conversations,4.200000,0.700000,8,9,11,13,28,34,65,65,65,65,65,134,10,8,10.0931400857143,0.7437141612172127,65.26524433866143,35.16417910447761
1791185584,32,POST,/api/playground/conversations/{conversation_id}/chat/sse,3.500000,0.000000,3,4,5,6,6,12,14,14,14,14,14,92,0,3,3.629741466442204,1.741659827530384,14.198328834027052,0.0
1791185584,32,POST,/api/playground/conversations/{conversation_id}/chat/{chat_id}/attachment,3.400000,0.000000,220,230,240,250,280,290,300,300,300,300,300,122,0,220.0,230.43908324993413,126.73466885462403,389.3996267579496,26.0
1791185584,32,TXN,multimodal_e2e,4.200000,0.700000,660,60000,60000,60000,60000,60000,60000,60000,60000,60000,60000,102,10,660.0,15878.389346824191,0.8340249769389629,60490.91163882986,26.45098039215686
1791185584,32,,Aggregated,15.300000,1.400000,18,220,280,540,60000,60000,60000,60000,60000,60000,60000,450,20,21,3665.3237744865733,0.7437141612172127,60490.91163882986,23.515555555555554
1791185585,32,POST,/api/playground/conversations,4.600000,0.800000,8,10,11,16,28,34,65,65,65,65,65,139,11,8,10.080843004766557,0.7437141612172127,65.26524433866143,34.992805755395686
1791185585,32,POST,/api/playground/conversations/{conversation_id}/chat/sse,3.800000,0.000000,3,4,4,6,6,12,14,14,14,14,14,96,0,3,3.608843069135522,1.741659827530384,14.198328834027052,0.0
1791185585,32,POST,/api/playground/conversations/{conversation_id}/chat/{chat_id}/attachment,3.900000,0.000000,220,230,250,260,280,290,300,300,300,300,300,127,0,220.0,230.29815604704925,126.73466885462403,389.3996267579496,26.0
1791185585,32,TXN,multimodal_e2e,4.600000,0.800000,660,60000,60000,60000,60000,60000,60000,60000,60000,60000,60000,107,11,670.0,16276.357675541332,0.8340249769389629,60490.91163882986,26.186915887850468
1791185585,32,,Aggregated,16.900000,1.600000,21,220,280,510,60000,60000,60000,60000,60000,60000,60000,469,22,21,3779.4580452306977,0.7437141612172127,60490.91163882986,23.38592750533049
1791185586,32,POST,/api/playground/conversations,4.700000,0.700000,8,9,11,13,21,34,35,65,65,65,65,146,13,8,9.860012782354877,0.7234183140099049,65.26524433866143,34.61643835616438
1791185586,32,POST,/api/playground/conversations/{conversation_id}/chat/sse,4.000000,0.000000,3,3,4,5,6,9,14,14,14,14,14,101,0,3,3.540681292404338,1.741659827530384,14.198328834027052,0.0
1791185586,32,POST,/api/playground/conversations/{conversation_id}/chat/{chat_id}/attachment,4.000000,0.000000,220,230,250,260,280,290,300,300,300,300,300,132,0,210.0,229.0177048310976,126.73466885462403,389.3996267579496,26.0
1791185586,32,TXN,multimodal_e2e,4.700000,0.700000,660,60000,60000,60000,60000,60000,60000,60000,60000,60000,60000,114,13,660.0,16350.156247673001,0.8110031485557556,60490.91163882986,25.666666666666668
1791185586,32,,Aggregated,17.400000,1.400000,16,220,280,540,60000,60000,60000,60000,60000,60000,60000,493,26,18,3845.7308721078775,0.7234183140099049,60490.91163882986,23.148073022312374
1791185587,32,POST,/api/playground/conversations,5.000000,0.800000,8,9,11,11,21,34,35,35,35,35,35,149,13,8,9.842980340523209,0.7234183140099049,65.26524433866143,34.68456375838926
1791185587,32,POST,/api/playground/conversations/{conversation_id}/chat/sse,4.200000,0.000000,3,4,4,5,6,12,14,14,14,14,14,104,0,3,3.528385154473094,1.741659827530384,14.198328834027052,0.0
1791185587,32,POST,/api/playground/conversations/{conversation_id}/chat/{chat_id}/attachment,4.200000,0.000000,220,240,250,260,280,290,300,300,300,300,300,135,0,220.0,229.3095530666135,126.73466885462403,389.3996267579496,26.0
1791185587,32,TXN,multimodal_e2e,5.000000,0.800000,660,60000,60000,60000,60000,60000,60000,60000,60000,60000,60000,117,13,660.0,16455.58630135786,0.8110031485557556,60490.91163882986,25.58974358974359
1791185587,32,,Aggregated,18.400000,1.600000,18,220,280,540,60000,60000,60000,60000,60000,60000,60000,505,26,18,3877.413748613199,0.7234183140099049,60490.91163882986,23.112871287128712
1791185588,32,POST,/api/playground/conversations,5.000000,0.800000,8,9,11,11,21,28,35,35,35,35,35,149,13,8,9.842980340523209,0.7234183140099049,65.26524433866143,34.68456375838926
1791185588,32,POST,/api/playground/conversations/{conversation_id}/chat/sse,4.200000,0.000000,3,4,4,4,6,12,14,14,14,14,14,104,0,3,3.528385154473094,1.741659827530384,14.198328834027052,0.0
1791185588,32,POST,/api/playground/conversations/{conversation_id}/chat/{chat_id}/attachment,4.200000,0.000000,220,250,260,260,280,290,300,300,300,300,300,136,0,220.0,229.29992997224497,126.73466885462403,389.3996267579496,26.0
1791185588,32,TXN,multimodal_e2e,5.000000,0.800000,660,60000,60000,60000,60000,60000,60000,60000,60000,60000,60000,117,13,660.0,16455.58630135786,0.8110031485557556,60490.91163882986,25.58974358974359
1791185588,32,,Aggregated,18.400000,1.600000,16,220,280,540,60000,60000,60000,60000,60000,60000,60000,506,26,18,3870.2014700828026,0.7234183140099049,60490.91163882986,23.118577075098813
1791185589,32,POST,/api/playground/conversations,5.000000,0.800000,8,9,11,11,21,34,35,35,35,35,35,149,13,8,9.842980340523209,0.7234183140099049,65.26524433866143,34.68456375838926
1791185589,32,POST,/api/playground/conversations/{conversation_id}/chat/sse,4.200000,0.000000,3,4,4,4,6,12,14,14,14,14,14,104,0,3,3.528385154473094,1.741659827530384,14.198328834027052,0.0
1791185589,32,POST,/api/playground/conversations/{conversation_id}/chat/{chat_id}/attachment,4.200000,0.000000,220,250,260,270,280,290,300,300,300,300,300,136,0,220.0,229.29992997224497,126.73466885462403,389.3996267579496,26.0
1791185589,32,TXN,multimodal_e2e,5.000000,0.800000,660,60000,60000,60000,60000,60000,60000,60000,60000,60000,60000,117,13,660.0,16455.58630135786,0.8110031485557556,60490.91163882986,25.58974358974359
1791185589,32,,Aggregated,18.400000,1.600000,18,220,280,540,60000,60000,60000,60000,60000,60000,60000,506,26,18,3870.2014700828026,0.7234183140099049,60490.91163882986,23.118577075098813
1791185590,32,POST,/api/playground/conversations,5.000000,0.800000,8,9,11,16,21,34,35,35,35,35,35,149,13,8,9.842980340523209,0.7234183140099049,65.26524433866143,34.68456375838926
1791185590,32,POST,/api/playground/conversations/{conversation_id}/chat/sse,4.200000,0.000000,3,4,4,4,6,12,14,14,14,14,14,104,0,3,3.528385154473094,1.741659827530384,14.198328834027052,0.0
1791185590,32,POST,/api/playground/conversations/{conversation_id}/chat/{chat_id}/attachment,4.200000,0.000000,230,250,260,270,290,290,300,300,300,300,300,136,0,220.0,229.29992997224497,126.73466885462403,389.3996267579496,26.0
1791185590,32,TXN,multimodal_e2e,5.000000,0.800000,660,60000,60000,60000,60000,60000,60000,60000,60000,60000,60000,117,13,660.0,16455.58630135786,0.8110031485557556,60490.91163882986,25.58974358974359
1791185590,32,,Aggregated,18.400000,1.600000,18,220,290,540,60000,60000,60000,60000,60000,60000,60000,506,26,18,3870.2014700828026,0.7234183140099049,60490.91163882986,23.118577075098813
1791185591,32,POST,/api/playground/conversations,5.000000,0.800000,7,8,11,11,21,28,34,34,34,34,34,149,13,8,9.842980340523209,0.7234183140099049,65.26524433866143,34.68456375838926
1791185591,32,POST,/api/playground/conversations/{conversation_id}/chat/sse,4.200000,0.000000,3,4,4,5,6,12,14,14,14,14,14,104,0,3,3.528385154473094,1.741659827530384,14.198328834027052,0.0
1791185591,32,POST,/api/playground/conversations/{conversation_id}/chat/{chat_id}/attachment,4.200000,0.000000,220,250,260,270,290,290,300,300,300,300,300,136,0,220.0,229.29992997224497,126.73466885462403,389.3996267579496,26.0
1791185591,32,TXN,multimodal_e2e,5.000000,0.800000,620,60000,60000,60000,60000,60000,60000,60000,60000,60000,60000,117,13,660.0,16455.58630135786,0.8110031485557556,60490.91163882986,25.58974358974359
1791185591,32,,Aggregated,18.400000,1.600000,16,210,270,510,710,60000,60000,60000,60000,60000,60000,506,26,18,3870.2014700828026,0.7234183140099049,60490.91163882986,23.118577075098813
1791185592,32,POST,/api/playground/conversations,5.000000,0.800000,8,8,11,11,16,21,34,34,34,34,34,149,13,8,9.842980340523209,0.7234183140099049,65.26524433866143,34.68456375838926
1791185592,32,POST,/api/playground/conversations/{conversation_id}/chat/sse,4.200000,0.000000,2,3,4,4,12,14,14,14,14,14,14,104,0,3,3.528385154473094,1.741659827530384,14.198328834027052,0.0
1791185592,32,POST,/api/playground/conversations/{conversation_id}/chat/{chat_id}/attachment,4.200000,0.000000,210,220,230,250,270,290,290,290,290,290,290,136,0,220.0,229.29992997224497,126.73466885462403,389.3996267579496,26.0
1791185592,32,TXN,multimodal_e2e,5.000000,0.800000,650,60000,60000,60000,60000,60000,60000,60000,60000,60000,60000,117,13,660.0,16455.58630135786,0.8110031485557556,60490.91163882986,25.58974358974359
1791185592,32,,Aggregated,18.400000,1.600000,14,200,270,540,60000,60000,60000,60000,60000,60000,60000,506,26,18,3870.2014700828026,0.7234183140099049,60490.91163882986,23.118577075098813
1791185593,32,POST,/api/playground/conversations,5.000000,0.800000,8,8,11,11,21,34,34,34,34,34,34,149,13,8,9.842980340523209,0.7234183140099049,65.26524433866143,34.68456375838926
1791185593,32,POST,/api/playground/conversations/{conversation_id}/chat/sse,4.200000,0.000000,2,3,3,4,4,4,4,4,4,4,4,104,0,3,3.528385154473094,1.741659827530384,14.198328834027052,0.0
1791185593,32,POST,/api/playground/conversations/{conversation_id}/chat/{chat_id}/attachment,4.200000,0.000000,220,230,250,260,270,290,290,290,290,290,290,136,0,220.0,229.29992997224497,126.73466885462403,389.3996267579496,26.0
1791185593,32,TXN,multimodal_e2e,5.000000,0.800000,650,680,60000,60000,60000,60000,60000,60000,60000,60000,60000,117,13,660.0,16455.58630135786,0.8110031485557556,60490.91163882986,25.58974358974359
1791185593,32,,Aggregated,18.400000,1.600000,11,200,270,540,680,60000,60000,60000,60000,60000,60000,506,26,18,3870.2014700828026,0.7234183140099049,60490.91163882986,23.118577075098813
1791185594,32,POST,/api/playground/conversations,5.000000,0.800000,8,8,8,8,9,11,11,11,11,11,11,149,13,8,9.842980340523209,0.7234183140099049,65.26524433866143,34.68456375838926
1791185594,32,POST,/api/playground/conversations/{conversation_id}/chat/sse,4.200000,0.000000,2,2,3,3,4,4,4,4,4,4,4,104,0,3,3.528385154473094,1.741659827530384,14.198328834027052,0.0
1791185594,32,POST,/api/playground/conversations/{conversation_id}/chat/{chat_id}/attachment,4.200000,0.000000,200,220,230,250,270,270,270,270,270,270,270,136,0,220.0,229.29992997224497,126.73466885462403,389.3996267579496,26.0
1791185594,32,TXN,multimodal_e2e,5.000000,0.800000,570,680,60000,60000,60000,60000,60000,60000,60000,60000,60000,117,13,660.0,16455.58630135786,0.8110031485557556,60490.91163882986,25.58974358974359
1791185594,32,,Aggregated,18.400000,1.600000,9,200,270,540,680,60000,60000,60000,60000,60000,60000,506,26,18,3870.2014700828026,0.7234183140099049,60490.91163882986,23.118577075098813
1791185595,32,POST,/api/playground/conversations,5.000000,0.800000,8,8,11,11,11,11,11,11,11,11,11,149,13,8,9.842980340523209,0.7234183140099049,65.26524433866143,34.68456375838926
1791185595,32,POST,/api/playground/conversations/{conversation_id}/chat/sse,4.200000,0.000000,3,3,4,4,4,4,4,4,4,4,4,104,0,3,3.528385154473094,1.741659827530384,14.198328834027052,0.0
1791185595,32,POST,/api/playground/conversations/{conversation_id}/chat/{chat_id}/attachment,4.200000,0.000000,230,250,250,270,270,270,270,270,270,270,270,136,0,220.0,229.29992997224497,126.73466885462403,389.3996267579496,26.0
1791185595,32,TXN,multimodal_e2e,5.000000,0.800000,570,570,60000,60000,60000,60000,60000,60000,60000,60000,60000,117,13,660.0,16455.58630135786,0.8110031485557556,60490.91163882986,25.58974358974359
1791185595,32,,Aggregated,18.400000,1.600000,200,250,270,540,570,60000,60000,60000,60000,60000,60000,506,26,18,3870.2014700828026,0.7234183140099049,60490.91163882986,23.118577075098813
1791185596,32,POST,/api/playground/conversations,5.000000,0.800000,8,8,8,8,8,8,8,8,8,8,8,149,13,8,9.842980340523209,0.7234183140099049,65.26524433866143,34.68456375838926
1791185596,32,POST,/api/playground/conversations/{conversation_id}/chat/sse,4.200000,0.000000,4,4,4,4,4,4,4,4,4,4,4,104,0,3,3.528385154473094,1.741659827530384,14.198328834027052,0.0
1791185596,32,POST,/api/playground/conversations/{conversation_id}/chat/{chat_id}/attachment,4.200000,0.000000,230,230,230,230,230,230,230,230,230,230,230,136,0,220.0,229.29992997224497,126.73466885462403,389.3996267579496,26.0
1791185596,32,TXN,multimodal_e2e,5.000000,0.800000,570,570,570,570,570,570,570,570,570,570,570,117,13,660.0,16455.58630135786,0.8110031485557556,60490.91163882986,25.58974358974359
1791185596,32,,Aggregated,18.400000,1.600000,230,230,570,570,570,570,570,570,570,570,570,506,26,18,3870.2014700828026,0.7234183140099049,60490.91163882986,23.118577075098813
1791185597,32,POST,/api/playground/conversations,5.000000,0.800000,8,8,8,8,8,8,8,8,8,8,8,149,13,8,9.842980340523209,0.7234183140099049,65.26524433866143,34.68456375838926
1791185597,32,POST,/api/playground/conversations/{conversation_id}/chat/sse,4.200000,0.000000,4,4,4,4,4,4,4,4,4,4,4,104,0,3,3.528385154473094,1.741659827530384,14.198328834027052,0.0
1791185597,32,POST,/api/playground/conversations/{conversation_id}/chat/{chat_id}/attachment,4.200000,0.000000,230,230,230,230,230,230,230,230,230,230,230,136,0,220.0,229.29992997224497,126.73466885462403,389.3996267579496,26.0
1791185597,32,TXN,multimodal_e2e,5.000000,0.800000,570,570,570,570,570,570,570,570,570,570,570,117,13,660.0,16455.58630135786,0.8110031485557556,60490.91163882986,25.58974358974359
1791185597,32,,Aggregated,18.400000,1.600000,230,230,570,570,570,570,570,570,570,570,570,506,26,18,3870.2014700828026,0.7234183140099049,60490.91163882986,23.118577075098813
1791185598,32,POST,/api/playground/conversations,5.000000,0.800000,8,8,8,8,8,8,8,8,8,8,8,149,13,8,9.842980340523209,0.7234183140099049,65.26524433866143,34.68456375838926
1791185598,32,POST,/api/playground/conversations/{conversation_id}/chat/sse,4.200000,0.000000,4,4,4,4,4,4,4,4,4,4,4,104,0,3,3.528385154473094,1.741659827530384,14.198328834027052,0.0
1791185598,32,POST,/api/playground/conversations/{conversation_id}/chat/{chat_id}/attachment,4.200000,0.000000,230,230,230,230,230,230,230,230,230,230,230,136,0,220.0,229.29992997224497,126.73466885462403,389.3996267579496,26.0
1791185598,32,TXN,multimodal_e2e,5.000000,0.800000,570,570,570,570,570,570,570,570,570,570,570,117,13,660.0,16455.58630135786,0.8110031485557556,60490.91163882986,25.58974358974359
1791185598,32,,Aggregated,18.400000,1.600000,230,230,570,570,570,570,570,570,570,570,570,506,26,18,3870.2014700828026,0.7234183140099049,60490.91163882986,23.118577075098813
1791185599,32,POST,/api/playground/conversations,5.000000,0.800000,8,8,8,8,8,8,8,8,8,8,8,149,13,8,9.842980340523209,0.7234183140099049,65.26524433866143,34.68456375838926
1791185599,32,POST,/api/playground/conversations/{conversation_id}/chat/sse,4.200000,0.000000,4,4,4,4,4,4,4,4,4,4,4,104,0,3,3.528385154473094,1.741659827530384,14.198328834027052,0.0
1791185599,32,POST,/api/playground/conversations/{conversation_id}/chat/{chat_id}/attachment,4.200000,0.000000,230,230,230,230,230,230,230,230,230,230,230,136,0,220.0,229.29992997224497,126.73466885462403,389.3996267579496,26.0
1791185599,32,TXN,multimodal_e2e,5.000000,0.800000,570,570,570,570,570,570,570,570,570,570,570,117,13,660.0,16455.58630135786,0.8110031485557556,60490.91163882986,25.58974358974359
1791185599,32,,Aggregated,18.400000,1.600000,230,230,570,570,570,570,570,570,570,570,570,506,26,18,3870.2014700828026,0.7234183140099049,60490.91163882986,23.118577075098813
1791185600,32,POST,/api/playground/conversations,5.000000,0.800000,8,8,8,8,8,8,8,8,8,8,8,149,13,8,9.842980340523209,0.7234183140099049,65.26524433866143,34.68456375838926
1791185600,32,POST,/api/playground/conversations/{conversation_id}/chat/sse,4.200000,0.000000,4,4,4,4,4,4,4,4,4,4,4,104,0,3,3.528385154473094,1.741659827530384,14.198328834027052,0.0
1791185600,32,POST,/api/playground/conversations/{conversation_id}/chat/{chat_id}/attachment,4.200000,0.000000,230,230,230,230,230,230,230,230,230,230,230,136,0,220.0,229.29992997224497,126.73466885462403,389.3996267579496,26.0
1791185600,32,TXN,multimodal_e2e,5.000000,0.800000,570,570,570,570,570,570,570,570,570,570,570,117,13,660.0,16455.58630135786,0.8110031485557556,60490.91163882986,25.58974358974359
1791185600,32,,Aggregated,18.400000,1.600000,230,230,570,570,570,570,570,570,570,570,570,506,26,18,3870.2014700828026,0.7234183140099049,60490.91163882986,23.118577075098813
1791185601,32,POST,/api/playground/conversations,5.000000,0.800000,8,8,8,8,8,8,8,8,8,8,8,149,13,8,9.842980340523209,0.7234183140099049,65.26524433866143,34.68456375838926
1791185601,32,POST,/api/playground/conversations/{conversation_id}/chat/sse,4.200000,0.000000,4,4,4,4,4,4,4,4,4,4,4,104,0,3,3.528385154473094,1.741659827530384,14.198328834027052,0.0
1791185601,32,POST,/api/playground/conversations/{conversation_id}/chat/{chat_id}/attachment,4.200000,0.000000,230,230,230,230,230,230,230,230,230,230,230,136,0,220.0,229.29992997224497,126.73466885462403,389.3996267579496,26.0
1791185601,32,TXN,multimodal_e2e,5.000000,0.800000,570,570,570,570,570,570,570,570,570,570,570,117,13,660.0,16455.58630135786,0.8110031485557556,60490.91163882986,25.58974358974359
1791185601,32,,Aggregated,18.400000,1.600000,230,230,570,570,570,570,570,570,570,570,570,506,26,18,3870.2014700828026,0.7234183140099049,60490.91163882986,23.118577075098813
1791185602,32,POST,/api/playground/conversations,5.000000,0.800000,8,8,8,8,8,8,8,8,8,8,8,149,13,8,9.842980340523209,0.7234183140099049,65.26524433866143,34.68456375838926
1791185602,32,POST,/api/playground/conversations/{conversation_id}/chat/sse,4.200000,0.000000,4,4,4,4,4,4,4,4,4,4,4,104,0,3,3.528385154473094,1.741659827530384,14.198328834027052,0.0
1791185602,32,POST,/api/playground/conversations/{conversation_id}/chat/{chat_id}/attachment,4.200000,0.000000,230,230,230,230,230,230,230,230,230,230,230,136,0,220.0,229.29992997224497,126.73466885462403,389.3996267579496,26.0
1791185602,32,TXN,multimodal_e2e,5.000000,0.800000,570,570,570,570,570,570,570,570,570,570,570,117,13,660.0,16455.58630135786,0.8110031485557556,60490.91163882986,25.58974358974359
1791185602,32,,Aggregated,18.400000,1.600000,230,230,570,570,570,570,570,570,570,570,570,506,26,18,3870.2014700828026,0.7234183140099049,60490.91163882986,23.118577075098813
1791185603,32,POST,/api/playground/conversations,5.000000,0.800000,8,8,8,8,8,8,8,8,8,8,8,149,13,8,9.842980340523209,0.7234183140099049,65.26524433866143,34.68456375838926
1791185603,32,POST,/api/playground/conversations/{conversation_id}/chat/sse,4.200000,0.000000,4,4,4,4,4,4,4,4,4,4,4,104,0,3,3.528385154473094,1.741659827530384,14.198328834027052,0.0
1791185603,32,POST,/api/playground/conversations/{conversation_id}/chat/{chat_id}/attachment,4.200000,0.000000,230,230,230,230,230,230,230,230,230,230,230,136,0,220.0,229.29992997224497,126.73466885462403,389.3996267579496,26.0
1791185603,32,TXN,multimodal_e2e,5.000000,0.800000,570,570,570,570,570,570,570,570,570,570,570,117,13,660.0,16455.58630135786,0.8110031485557556,60490.91163882986,25.58974358974359
1791185603,32,,Aggregated,18.400000,1.600000,230,230,570,570,570,570,570,570,570,570,570,506,26,18,3870.2014700828026,0.7234183140099049,60490.91163882986,23.118577075098813
1791185604,32,POST,/api/playground/conversations,5.000000,0.800000,8,8,8,8,8,8,8,8,8,8,8,149,13,8,9.842980340523209,0.7234183140099049,65.26524433866143,34.68456375838926
1791185604,32,POST,/api/playground/conversations/{conversation_id}/chat/sse,4.200000,0.000000,4,4,4,4,4,4,4,4,4,4,4,104,0,3,3.528385154473094,1.741659827530384,14.198328834027052,0.0
1791185604,32,POST,/api/playground/conversations/{conversation_id}/chat/{chat_id}/attachment,4.200000,0.000000,230,230,230,230,230,230,230,230,230,230,230,136,0,220.0,229.29992997224497,126.73466885462403,389.3996267579496,26.0
1791185604,32,TXN,multimodal_e2e,5.000000,0.800000,570,570,570,570,570,570,570,570,570,570,570,117,13,660.0,16455.58630135786,0.8110031485557556,60490.91163882986,25.58974358974359
1791185604,32,,Aggregated,18.400000,1.600000,230,230,570,570,570,570,570,570,570,570,570,506,26,18,3870.2014700828026,0.7234183140099049,60490.91163882986,23.118577075098813
1791185605,32,POST,/api/playground/conversations,5.000000,0.800000,0,0,0,0,0,0,0,0,0,0,0,149,13,8,9.842980340523209,0.7234183140099049,65.26524433866143,34.68456375838926
1791185605,32,POST,/api/playground/conversations/{conversation_id}/chat/sse,4.200000,0.000000,0,0,0,0,0,0,0,0,0,0,0,104,0,3,3.528385154473094,1.741659827530384,14.198328834027052,0.0
1791185605,32,POST,/api/playground/conversations/{conversation_id}/chat/{chat_id}/attachment,4.200000,0.000000,0,0,0,0,0,0,0,0,0,0,0,136,0,220.0,229.29992997224497,126.73466885462403,389.3996267579496,26.0
1791185605,32,TXN,multimodal_e2e,5.000000,0.800000,0,0,0,0,0,0,0,0,0,0,0,117,13,660.0,16455.58630135786,0.8110031485557556,60490.91163882986,25.58974358974359
1791185605,32,,Aggregated,18.400000,1.600000,0,0,0,0,0,0,0,0,0,0,0,506,26,18,3870.2014700828026,0.7234183140099049,60490.91163882986,23.118577075098813
1791185606,32,POST,/api/playground/conversations,5.000000,0.800000,0,0,0,0,0,0,0,0,0,0,0,149,13,8,9.842980340523209,0.7234183140099049,65.26524433866143,34.68456375838926
1791185606,32,POST,/api/playground/conversations/{conversation_id}/chat/sse,4.200000,0.000000,0,0,0,0,0,0,0,0,0,0,0,104,0,3,3.528385154473094,1.741659827530384,14.198328834027052,0.0
1791185606,32,POST,/api/playground/conversations/{conversation_id}/chat/{chat_id}/attachment,4.200000,0.000000,0,0,0,0,0,0,0,0,0,0,0,136,0,220.0,229.29992997224497,126.73466885462403,389.3996267579496,26.0
1791185606,32,TXN,multimodal_e2e,5.000000,0.800000,0,0,0,0,0,0,0,0,0,0,0,117,13,660.0,16455.58630135786,0.8110031485557556,60490.91163882986,25.58974358974359
1791185606,32,,Aggregated,18.400000,1.600000,0,0,0,0,0,0,0,0,0,0,0,506,26,18,3870.2014700828026,0.7234183140099049,60490.91163882986,23.118577075098813
1791185607,32,POST,/api/playground/conversations,5.000000,0.800000,0,0,0,0,0,0,0,0,0,0,0,149,13,8,9.842980340523209,0.7234183140099049,65.26524433866143,34.68456375838926
1791185607,32,POST,/api/playground/conversations/{conversation_id}/chat/sse,4.200000,0.000000,0,0,0,0,0,0,0,0,0,0,0,104,0,3,3.528385154473094,1.741659827530384,14.198328834027052,0.0
1791185607,32,POST,/api/playground/conversations/{conversation_id}/chat/{chat_id}/attachment,4.200000,0.000000,0,0,0,0,0,0,0,0,0,0,0,136,0,220.0,229.29992997224497,126.73466885462403,389.3996267579496,26.0
1791185607,32,TXN,multimodal_e2e,5.000000,0.800000,0,0,0,0,0,0,0,0,0,0,0,117,13,660.0,16455.58630135786,0.8110031485557556,60490.91163882986,25.58974358974359
1791185607,32,,Aggregated,18.400000,1.600000,0,0,0,0,0,0,0,0,0,0,0,506,26,18,3870.2014700828026,0.7234183140099049,60490.91163882986,23.118577075098813
1791185608,32,POST,/api/playground/conversations,5.000000,0.800000,0,0,0,0,0,0,0,0,0,0,0,149,13,8,9.842980340523209,0.7234183140099049,65.26524433866143,34.68456375838926
1791185608,32,POST,/api/playground/conversations/{conversation_id}/chat/sse,4.200000,0.000000,0,0,0,0,0,0,0,0,0,0,0,104,0,3,3.528385154473094,1.741659827530384,14.198328834027052,0.0
1791185608,32,POST,/api/playground/conversations/{conversation_id}/chat/{chat_id}/attachment,4.200000,0.000000,0,0,0,0,0,0,0,0,0,0,0,136,0,220.0,229.29992997224497,126.73466885462403,389.3996267579496,26.0
1791185608,32,TXN,multimodal_e2e,5.000000,0.800000,0,0,0,0,0,0,0,0,0,0,0,117,13,660.0,16455.58630135786,0.8110031485557556,60490.91163882986,25.58974358974359
1791185608,32,,Aggregated,18.400000,1.600000,0,0,0,0,0,0,0,0,0,0,0,506,26,18,3870.2014700828026,0.7234183140099049,60490.91163882986,23.118577075098813
1791185609,32,POST,/api/playground/conversations,5.000000,0.800000,0,0,0,0,0,0,0,0,0,0,0,149,13,8,9.842980340523209,0.7234183140099049,65.26524433866143,34.68456375838926
1791185609,32,POST,/api/playground/conversations/{conversation_id}/chat/sse,4.200000,0.000000,0,0,0,0,0,0,0,0,0,0,0,104,0,3,3.528385154473094,1.741659827530384,14.198328834027052,0.0
1791185609,32,POST,/api/playground/conversations/{conversation_id}/chat/{chat_id}/attachment,4.200000,0.000000,0,0,0,0,0,0,0,0,0,0,0,136,0,220.0,229.29992997224497,126.73466885462403,389.3996267579496,26.0
1791185609,32,TXN,multimodal_e2e,5.000000,0.800000,0,0,0,0,0,0,0,0,0,0,0,117,13,660.0,16455.58630135786,0.8110031485557556,60490.91163882986,25.58974358974359
1791185609,32,,Aggregated,18.400000,1.600000,0,0,0,0,0,0,0,0,0,0,0,506,26,18,3870.2014700828026,0.7234183140099049,60490.91163882986,23.118577075098813
1791185610,32,POST,/api/playground/conversations,5.000000,0.800000,0,0,0,0,0,0,0,0,0,0,0,149,13,8,9.842980340523209,0.7234183140099049,65.26524433866143,34.68456375838926
1791185610,32,POST,/api/playground/conversations/{conversation_id}/chat/sse,4.200000,0.000000,0,0,0,0,0,0,0,0,0,0,0,104,0,3,3.528385154473094,1.741659827530384,14.198328834027052,0.0
1791185610,32,POST,/api/playground/conversations/{conversation_id}/chat/{chat_id}/attachment,4.200000,0.000000,0,0,0,0,0,0,0,0,0,0,0,136,0,220.0,229.29992997224497,126.73466885462403,389.3996267579496,26.0
1791185610,32,TXN,multimodal_e2e,5.000000,0.800000,0,0,0,0,0,0,0,0,0,0,0,117,13,660.0,16455.58630135786,0.8110031485557556,60490.91163882986,25.58974358974359
1791185610,32,,Aggregated,18.400000,1.600000,0,0,0,0,0,0,0,0,0,0,0,506,26,18,3870.2014700828026,0.7234183140099049,60490.91163882986,23.118577075098813
1791185611,32,POST,/api/playground/conversations,5.000000,0.800000,0,0,0,0,0,0,0,0,0,0,0,149,13,8,9.842980340523209,0.7234183140099049,65.26524433866143,34.68456375838926
1791185611,32,POST,/api/playground/conversations/{conversation_id}/chat/sse,4.200000,0.000000,0,0,0,0,0,0,0,0,0,0,0,104,0,3,3.528385154473094,1.741659827530384,14.198328834027052,0.0
1791185611,32,POST,/api/playground/conversations/{conversation_id}/chat/{chat_id}/attachment,4.200000,0.000000,0,0,0,0,0,0,0,0,0,0,0,136,0,220.0,229.29992997224497,126.73466885462403,389.3996267579496,26.0
1791185611,32,TXN,multimodal_e2e,5.000000,0.800000,0,0,0,0,0,0,0,0,0,0,0,117,13,660.0,16455.58630135786,0.8110031485557556,60490.91163882986,25.58974358974359
1791185611,32,,Aggregated,18.400000,1.600000,0,0,0,0,0,0,0,0,0,0,0,506,26,18,3870.2014700828026,0.7234183140099049,60490.91163882986,23.118577075098813
1791185612,32,POST,/api/playground/conversations,5.000000,0.800000,0,0,0,0,0,0,0,0,0,0,0,149,13,8,9.842980340523209,0.7234183140099049,65.26524433866143,34.68456375838926
1791185612,32,POST,/api/playground/conversations/{conversation_id}/chat/sse,4.200000,0.000000,0,0,0,0,0,0,0,0,0,0,0,104,0,3,3.528385154473094,1.741659827530384,14.198328834027052,0.0
1791185612,32,POST,/api/playground/conversations/{conversation_id}/chat/{chat_id}/attachment,4.200000,0.000000,0,0,0,0,0,0,0,0,0,0,0,136,0,220.0,229.29992997224497,126.73466885462403,389.3996267579496,26.0
1791185612,32,TXN,multimodal_e2e,5.000000,0.800000,0,0,0,0,0,0,0,0,0,0,0,117,13,660.0,16455.58630135786,0.8110031485557556,60490.91163882986,25.58974358974359
1791185612,32,,Aggregated,18.400000,1.600000,0,0,0,0,0,0,0,0,0,0,0,506,26,18,3870.2014700828026,0.7234183140099049,60490.91163882986,23.118577075098813
1791185613,32,POST,/api/playground/conversations,5.000000,0.800000,0,0,0,0,0,0,0,0,0,0,0,149,13,8,9.842980340523209,0.7234183140099049,65.26524433866143,34.68456375838926
1791185613,32,POST,/api/playground/conversations/{conversation_id}/chat/sse,4.200000,0.000000,0,0,0,0,0,0,0,0,0,0,0,104,0,3,3.528385154473094,1.741659827530384,14.198328834027052,0.0
1791185613,32,POST,/api/playground/conversations/{conversation_id}/chat/{chat_id}/attachment,4.200000,0.000000,0,0,0,0,0,0,0,0,0,0,0,136,0,220.0,229.29992997224497,126.73466885462403,389.3996267579496,26.0
1791185613,32,TXN,multimodal_e2e,5.000000,0.800000,0,0,0,0,0,0,0,0,0,0,0,117,13,660.0,16455.58630135786,0.8110031485557556,60490.91163882986,25.58974358974359
1791185613,32,,Aggregated,18.400000,1.600000,0,0,0,0,0,0,0,0,0,0,0,506,26,18,3870.2014700828026,0.7234183140099049,60490.91163882986,23.118577075098813
1791185614,32,POST,/api/playground/conversations,5.000000,0.800000,0,0,0,0,0,0,0,0,0,0,0,149,13,8,9.842980340523209,0.7234183140099049,65.26524433866143,34.68456375838926
1791185614,32,POST,/api/playground/conversations/{conversation_id}/chat/sse,4.200000,0.000000,0,0,0,0,0,0,0,0,0,0,0,104,0,3,3.528385154473094,1.741659827530384,14.198328834027052,0.0
1791185614,32,POST,/api/playground/conversations/{conversation_id}/chat/{chat_id}/attachment,4.200000,0.000000,0,0,0,0,0,0,0,0,0,0,0,136,0,220.0,229.29992997224497,126.73466885462403,389.3996267579496,26.0
1791185614,32,TXN,multimodal_e2e,5.000000,0.800000,0,0,0,0,0,0,0,0,0,0,0,117,13,660.0,16455.58630135786,0.8110031485557556,60490.91163882986,25.58974358974359
1791185614,32,,Aggregated,18.400000,1.600000,0,0,0,0,0,0,0,0,0,0,0,506,26,18,3870.2014700828026,0.7234183140099049,60490.91163882986,23.118577075098813
1791185615,32,POST,/api/playground/conversations,5.000000,0.800000,0,0,0,0,0,0,0,0,0,0,0,149,13,8,9.842980340523209,0.7234183140099049,65.26524433866143,34.68456375838926
1791185615,32,POST,/api/playground/conversations/{conversation_id}/chat/sse,4.200000,0.000000,0,0,0,0,0,0,0,0,0,0,0,104,0,3,3.528385154473094,1.741659827530384,14.198328834027052,0.0
1791185615,32,POST,/api/playground/conversations/{conversation_id}/chat/{chat_id}/attachment,4.200000,0.000000,0,0,0,0,0,0,0,0,0,0,0,136,0,220.0,229.29992997224497,126.73466885462403,389.3996267579496,26.0
1791185615,32,TXN,multimodal_e2e,5.000000,0.800000,0,0,0,0,0,0,0,0,0,0,0,117,13,660.0,16455.58630135786,0.8110031485557556,60490.91163882986,25.58974358974359
1791185615,32,,Aggregated,18.400000,1.600000,0,0,0,0,0,0,0,0,0,0,0,506,26,18,3870.2014700828026,0.7234183140099049,60490.91163882986,23.118577075098813
1791185616,32,POST,/api/playground/conversations,5.000000,0.800000,0,0,0,0,0,0,0,0,0,0,0,149,13,8,9.842980340523209,0.7234183140099049,65.26524433866143,34.68456375838926
1791185616,32,POST,/api/playground/conversations/{conversation_id}/chat/sse,4.200000,0.000000,0,0,0,0,0,0,0,0,0,0,0,104,0,3,3.528385154473094,1.741659827530384,14.198328834027052,0.0
1791185616,32,POST,/api/playground/conversations/{conversation_id}/chat/{chat_id}/attachment,4.200000,0.000000,0,0,0,0,0,0,0,0,0,0,0,136,0,220.0,229.29992997224497,126.73466885462403,389.3996267579496,26.0
1791185616,32,TXN,multimodal_e2e,5.000000,0.800000,0,0,0,0,0,0,0,0,0,0,0,117,13,660.0,16455.58630135786,0.8110031485557556,60490.91163882986,25.58974358974359
1791185616,32,,Aggregated,18.400000,1.600000,0,0,0,0,0,0,0,0,0,0,0,506,26,18,3870.2014700828026,0.7234183140099049,60490.91163882986,23.118577075098813
1791185617,32,POST,/api/playground/conversations,5.000000,0.800000,0,0,0,0,0,0,0,0,0,0,0,149,13,8,9.842980340523209,0.7234183140099049,65.26524433866143,34.68456375838926
1791185617,32,POST,/api/playground/conversations/{conversation_id}/chat/sse,4.200000,0.000000,0,0,0,0,0,0,0,0,0,0,0,104,0,3,3.528385154473094,1.741659827530384,14.198328834027052,0.0
1791185617,32,POST,/api/playground/conversations/{conversation_id}/chat/{chat_id}/attachment,4.200000,0.000000,0,0,0,0,0,0,0,0,0,0,0,136,0,220.0,229.29992997224497,126.73466885462403,389.3996267579496,26.0
1791185617,32,TXN,multimodal_e2e,5.000000,0.800000,0,0,0,0,0,0,0,0,0,0,0,117,13,660.0,16455.58630135786,0.8110031485557556,60490.91163882986,25.58974358974359
1791185617,32,,Aggregated,18.400000,1.600000,0,0,0,0,0,0,0,0,0,0,0,506,26,18,3870.2014700828026,0.7234183140099049,60490.91163882986,23.118577075098813
1791185618,32,POST,/api/playground/conversations,5.000000,0.800000,0,0,0,0,0,0,0,0,0,0,0,149,13,8,9.842980340523209,0.7234183140099049,65.26524433866143,34.68456375838926
1791185618,32,POST,/api/playground/conversations/{conversation_id}/chat/sse,4.200000,0.000000,0,0,0,0,0,0,0,0,0,0,0,104,0,3,3.528385154473094,1.741659827530384,14.198328834027052,0.0
1791185618,32,POST,/api/playground/conversations/{conversation_id}/chat/{chat_id}/attachment,4.200000,0.000000,0,0,0,0,0,0,0,0,0,0,0,136,0,220.0,229.29992997224497,126.73466885462403,389.3996267579496,26.0
1791185618,32,TXN,multimodal_e2e,5.000000,0.800000,0,0,0,0,0,0,0,0,0,0,0,117,13,660.0,16455.58630135786,0.8110031485557556,60490.91163882986,25.58974358974359
1791185618,32,,Aggregated,18.400000,1.600000,0,0,0,0,0,0,0,0,0,0,0,506,26,18,3870.2014700828026,0.7234183140099049,60490.91163882986,23.118577075098813
1791185619,32,POST,/api/playground/conversations,5.000000,0.800000,0,0,0,0,0,0,0,0,0,0,0,149,13,8,9.842980340523209,0.7234183140099049,65.26524433866143,34.68456375838926
1791185619,32,POST,/api/playground/conversations/{conversation_id}/chat/sse,4.200000,0.000000,0,0,0,0,0,0,0,0,0,0,0,104,0,3,3.528385154473094,1.741659827530384,14.198328834027052,0.0
1791185619,32,POST,/api/playground/conversations/{conversation_id}/chat/{chat_id}/attachment,4.200000,0.000000,0,0,0,0,0,0,0,0,0,0,0,136,0,220.0,229.29992997224497,126.73466885462403,389.3996267579496,26.0
1791185619,32,TXN,multimodal_e2e,5.000000,0.800000,0,0,0,0,0,0,0,0,0,0,0,117,13,660.0,16455.58630135786,0.8110031485557556,60490.91163882986,25.58974358974359
1791185619,32,,Aggregated,18.400000,1.600000,0,0,0,0,0,0,0,0,0,0,0,506,26,18,3870.2014700828026,0.7234183140099049,60490.91163882986,23.118577075098813
1791185620,32,POST,/api/playground/conversations,5.000000,0.800000,0,0,0,0,0,0,0,0,0,0,0,149,13,8,9.842980340523209,0.7234183140099049,65.26524433866143,34.68456375838926
1791185620,32,POST,/api/playground/conversations/{conversation_id}/chat/sse,4.200000,0.000000,0,0,0,0,0,0,0,0,0,0,0,104,0,3,3.528385154473094,1.741659827530384,14.198328834027052,0.0
1791185620,32,POST,/api/playground/conversations/{conversation_id}/chat/{chat_id}/attachment,4.200000,0.000000,0,0,0,0,0,0,0,0,0,0,0,136,0,220.0,229.29992997224497,126.73466885462403,389.3996267579496,26.0
1791185620,32,TXN,multimodal_e2e,5.000000,0.800000,0,0,0,0,0,0,0,0,0,0,0,117,13,660.0,16455.58630135786,0.8110031485557556,60490.91163882986,25.58974358974359
1791185620,32,,Aggregated,18.400000,1.600000,0,0,0,0,0,0,0,0,0,0,0,506,26,18,3870.2014700828026,0.7234183140099049,60490.91163882986,23.118577075098813
1791185621,32,POST,/api/playground/conversations,5.000000,0.800000,0,0,0,0,0,0,0,0,0,0,0,149,13,8,9.842980340523209,0.7234183140099049,65.26524433866143,34.68456375838926
1791185621,32,POST,/api/playground/conversations/{conversation_id}/chat/sse,4.200000,0.000000,0,0,0,0,0,0,0,0,0,0,0,104,0,3,3.528385154473094,1.741659827530384,14.198328834027052,0.0
1791185621,32,POST,/api/playground/conversations/{conversation_id}/chat/{chat_id}/attachment,4.200000,0.000000,0,0,0,0,0,0,0,0,0,0,0,136,0,220.0,229.29992997224497,126.73466885462403,389.3996267579496,26.0
1791185621,32,TXN,multimodal_e2e,5.000000,0.800000,0,0,0,0,0,0,0,0,0,0,0,117,13,660.0,16455.58630135786,0.8110031485557556,60490.91163882986,25.58974358974359
1791185621,32,,Aggregated,18.400000,1.600000,0,0,0,0,0,0,0,0,0,0,0,506,26,18,3870.2014700828026,0.7234183140099049,60490.91163882986,23.118577075098813
1791185622,32,POST,/api/playground/conversations,5.000000,0.800000,0,0,0,0,0,0,0,0,0,0,0,149,13,8,9.842980340523209,0.7234183140099049,65.26524433866143,34.68456375838926
1791185622,32,POST,/api/playground/conversations/{conversation_id}/chat/sse,4.200000,0.000000,0,0,0,0,0,0,0,0,0,0,0,104,0,3,3.528385154473094,1.741659827530384,14.198328834027052,0.0
1791185622,32,POST,/api/playground/conversations/{conversation_id}/chat/{chat_id}/attachment,4.200000,0.000000,0,0,0,0,0,0,0,0,0,0,0,136,0,220.0,229.29992997224497,126.73466885462403,389.3996267579496,26.0
1791185622,32,TXN,multimodal_e2e,5.000000,0.800000,0,0,0,0,0,0,0,0,0,0,0,117,13,660.0,16455.58630135786,0.8110031485557556,60490.91163882986,25.58974358974359
1791185622,32,,Aggregated,18.400000,1.600000,0,0,0,0,0,0,0,0,0,0,0,506,26,18,3870.2014700828026,0.7234183140099049,60490.91163882986,23.118577075098813
1791185623,32,POST,/api/playground/conversations,5.000000,0.800000,0,0,0,0,0,0,0,0,0,0,0,149,13,8,9.842980340523209,0.7234183140099049,65.26524433866143,34.68456375838926
1791185623,32,POST,/api/playground/conversations/{conversation_id}/chat/sse,4.200000,0.000000,0,0,0,0,0,0,0,0,0,0,0,104,0,3,3.528385154473094,1.741659827530384,14.198328834027052,0.0
1791185623,32,POST,/api/playground/conversations/{conversation_id}/chat/{chat_id}/attachment,4.200000,0.000000,0,0,0,0,0,0,0,0,0,0,0,136,0,220.0,229.29992997224497,126.73466885462403,389.3996267579496,26.0
1791185623,32,TXN,multimodal_e2e,5.000000,0.800000,0,0,0,0,0,0,0,0,0,0,0,117,13,660.0,16455.58630135786,0.8110031485557556,60490.91163882986,25.58974358974359
1791185623,32,,Aggregated,18.400000,1.600000,0,0,0,0,0,0,0,0,0,0,0,506,26,18,3870.2014700828026,0.7234183140099049,60490.91163882986,23.118577075098813
1791185624,32,POST,/api/playground/conversations,5.000000,0.800000,0,0,0,0,0,0,0,0,0,0,0,149,13,8,9.842980340523209,0.7234183140099049,65.26524433866143,34.68456375838926
1791185624,32,POST,/api/playground/conversations/{conversation_id}/chat/sse,4.200000,0.000000,0,0,0,0,0,0,0,0,0,0,0,104,0,3,3.528385154473094,1.741659827530384,14.198328834027052,0.0
1791185624,32,POST,/api/playground/conversations/{conversation_id}/chat/{chat_id}/attachment,4.200000,0.000000,0,0,0,0,0,0,0,0,0,0,0,136,0,220.0,229.29992997224497,126.73466885462403,389.3996267579496,26.0
1791185624,32,TXN,multimodal_e2e,5.000000,0.800000,0,0,0,0,0,0,0,0,0,0,0,117,13,660.0,16455.58630135786,0.8110031485557556,60490.91163882986,25.58974358974359
1791185624,32,,Aggregated,18.400000,1.600000,0,0,0,0,0,0,0,0,0,0,0,506,26,18,3870.2014700828026,0.7234183140099049,60490.91163882986,23.118577075098813
1791185625,32,POST,/api/playground/conversations,5.000000,0.800000,0,0,0,0,0,0,0,0,0,0,0,149,13,8,9.842980340523209,0.7234183140099049,65.26524433866143,34.68456375838926
1791185625,32,POST,/api/playground/conversations/{conversation_id}/chat/sse,4.200000,0.000000,0,0,0,0,0,0,0,0,0,0,0,104,0,3,3.528385154473094,1.741659827530384,14.198328834027052,0.0
1791185625,32,POST,/api/playground/conversations/{conversation_id}/chat/{chat_id}/attachment,4.200000,0.000000,0,0,0,0,0,0,0,0,0,0,0,136,0,220.0,229.29992997224497,126.73466885462403,389.3996267579496,26.0
1791185625,32,TXN,multimodal_e2e,5.000000,0.800000,0,0,0,0,0,0,0,0,0,0,0,117,13,660.0,16455.58630135786,0.8110031485557556,60490.91163882986,25.58974358974359
1791185625,32,,Aggregated,18.400000,1.600000,0,0,0,0,0,0,0,0,0,0,0,506,26,18,3870.2014700828026,0.7234183140099049,60490.91163882986,23.118577075098813
1791185626,32,POST,/api/playground/conversations,5.000000,0.800000,0,0,0,0,0,0,0,0,0,0,0,149,13,8,9.842980340523209,0.7234183140099049,65.26524433866143,34.68456375838926
1791185626,32,POST,/api/playground/conversations/{conversation_id}/chat/sse,4.200000,0.000000,0,0,0,0,0,0,0,0,0,0,0,104,0,3,3.528385154473094,1.741659827530384,14.198328834027052,0.0
1791185626,32,POST,/api/playground/conversations/{conversation_id}/chat/{chat_id}/attachment,4.200000,0.000000,0,0,0,0,0,0,0,0,0,0,0,136,0,220.0,229.29992997224497,126.73466885462403,389.3996267579496,26.0
1791185626,32,TXN,multimodal_e2e,5.000000,0.800000,0,0,0,0,0,0,0,0,0,0,0,117,13,660.0,16455.58630135786,0.8110031485557556,60490.91163882986,25.58974358974359
1791185626,32,,Aggregated,18.400000,1.600000,0,0,0,0,0,0,0,0,0,0,0,506,26,18,3870.2014700828026,0.7234183140099049,60490.91163882986,23.118577075098813
1791185627,32,POST,/api/playground/conversations,5.000000,0.800000,0,0,0,0,0,0,0,0,0,0,0,149,13,8,9.842980340523209,0.7234183140099049,65.26524433866143,34.68456375838926
1791185627,32,POST,/api/playground/conversations/{conversation_id}/chat/sse,4.200000,0.000000,0,0,0,0,0,0,0,0,0,0,0,104,0,3,3.528385154473094,1.741659827530384,14.198328834027052,0.0
1791185627,32,POST,/api/playground/conversations/{conversation_id}/chat/{chat_id}/attachment,4.200000,0.000000,0,0,0,0,0,0,0,0,0,0,0,136,0,220.0,229.29992997224497,126.73466885462403,389.3996267579496,26.0
1791185627,32,TXN,multimodal_e2e,5.000000,0.800000,0,0,0,0,0,0,0,0,0,0,0,117,13,660.0,16455.58630135786,0.8110031485557556,60490.91163882986,25.58974358974359
1791185627,32,,Aggregated,18.400000,1.600000,0,0,0,0,0,0,0,0,0,0,0,506,26,18,3870.2014700828026,0.7234183140099049,60490.91163882986,23.118577075098813
1791185628,32,POST,/api/playground/conversations,5.000000,0.800000,0,0,0,0,0,0,0,0,0,0,0,149,13,8,9.842980340523209,0.7234183140099049,65.26524433866143,34.68456375838926
1791185628,32,POST,/api/playground/conversations/{conversation_id}/chat/sse,4.200000,0.000000,0,0,0,0,0,0,0,0,0,0,0,104,0,3,3.528385154473094,1.741659827530384,14.198328834027052,0.0
1791185628,32,POST,/api/playground/conversations/{conversation_id}/chat/{chat_id}/attachment,4.200000,0.000000,0,0,0,0,0,0,0,0,0,0,0,136,0,220.0,229.29992997224497,126.73466885462403,389.3996267579496,26.0
1791185628,32,TXN,multimodal_e2e,5.000000,0.800000,0,0,0,0,0,0,0,0,0,0,0,117,13,660.0,16455.58630135786,0.8110031485557556,60490.91163882986,25.58974358974359
1791185628,32,,Aggregated,18.400000,1.600000,0,0,0,0,0,0,0,0,0,0,0,506,26,18,3870.2014700828026,0.7234183140099049,60490.91163882986,23.118577075098813
1791185629,32,POST,/api/playground/conversations,5.000000,0.800000,0,0,0,0,0,0,0,0,0,0,0,149,13,8,9.842980340523209,0.7234183140099049,65.26524433866143,34.68456375838926
1791185629,32,POST,/api/playground/conversations/{conversation_id}/chat/sse,4.200000,0.000000,0,0,0,0,0,0,0,0,0,0,0,104,0,3,3.528385154473094,1.741659827530384,14.198328834027052,0.0
1791185629,32,POST,/api/playground/conversations/{conversation_id}/chat/{chat_id}/attachment,4.200000,0.000000,0,0,0,0,0,0,0,0,0,0,0,136,0,220.0,229.29992997224497,126.73466885462403,389.3996267579496,26.0
1791185629,32,TXN,multimodal_e2e,5.000000,0.800000,0,0,0,0,0,0,0,0,0,0,0,117,13,660.0,16455.58630135786,0.8110031485557556,60490.91163882986,25.58974358974359
1791185629,32,,Aggregated,18.400000,1.600000,0,0,0,0,0,0,0,0,0,0,0,506,26,18,3870.2014700828026,0.7234183140099049,60490.91163882986,23.118577075098813
1791185630,32,POST,/api/playground/conversations,5.000000,0.800000,0,0,0,0,0,0,0,0,0,0,0,149,13,8,9.842980340523209,0.7234183140099049,65.26524433866143,34.68456375838926
1791185630,32,POST,/api/playground/conversations/{conversation_id}/chat/sse,4.200000,0.000000,0,0,0,0,0,0,0,0,0,0,0,104,0,3,3.528385154473094,1.741659827530384,14.198328834027052,0.0
1791185630,32,POST,/api/playground/conversations/{conversation_id}/chat/{chat_id}/attachment,4.200000,0.000000,0,0,0,0,0,0,0,0,0,0,0,136,0,220.0,229.29992997224497,126.73466885462403,389.3996267579496,26.0
1791185630,32,TXN,multimodal_e2e,5.000000,0.800000,0,0,0,0,0,0,0,0,0,0,0,117,13,660.0,16455.58630135786,0.8110031485557556,60490.91163882986,25.58974358974359
1791185630,32,,Aggregated,18.400000,1.600000,0,0,0,0,0,0,0,0,0,0,0,506,26,18,3870.2014700828026,0.7234183140099049,60490.91163882986,23.118577075098813
1791185631,32,POST,/api/playground/conversations,5.000000,0.800000,0,0,0,0,0,0,0,0,0,0,0,149,13,8,9.842980340523209,0.7234183140099049,65.26524433866143,34.68456375838926
1791185631,32,POST,/api/playground/conversations/{conversation_id}/chat/sse,4.200000,0.000000,0,0,0,0,0,0,0,0,0,0,0,104,0,3,3.528385154473094,1.741659827530384,14.198328834027052,0.0
1791185631,32,POST,/api/playground/conversations/{conversation_id}/chat/{chat_id}/attachment,4.200000,0.000000,0,0,0,0,0,0,0,0,0,0,0,136,0,220.0,229.29992997224497,126.73466885462403,389.3996267579496,26.0
1791185631,32,TXN,multimodal_e2e,5.000000,0.800000,0,0,0,0,0,0,0,0,0,0,0,117,13,660.0,16455.58630135786,0.8110031485557556,60490.91163882986,25.58974358974359
1791185631,32,,Aggregated,18.400000,1.600000,0,0,0,0,0,0,0,0,0,0,0,506,26,18,3870.2014700828026,0.7234183140099049,60490.91163882986,23.118577075098813
1791185632,32,POST,/api/playground/conversations,0.000000,0.000000,10,10,11,11,11,11,11,11,11,11,11,152,13,8,9.82959699620934,0.7234183140099049,65.26524433866143,34.75
1791185632,32,POST,/api/playground/conversations/{conversation_id}/chat/sse,0.000000,0.000000,2,2,3,3,3,3,3,3,3,3,3,107,0,3,3.494787895964963,1.741659827530384,14.198328834027052,0.0
1791185632,32,POST,/api/playground/conversations/{conversation_id}/chat/{chat_id}/attachment,0.000000,0.000000,270,270,270,270,270,270,270,270,270,270,270,138,0,220.0,229.59093938487163,126.73466885462403,389.3996267579496,26.0
1791185632,32,TXN,multimodal_e2e,0.000000,0.000000,60000,60000,60000,60000,60000,60000,60000,60000,60000,60000,60000,120,13,660.0,17054.057180190768,0.8110031485557556,60490.91163882986,25.583333333333332
1791185632,32,,Aggregated,0.000000,0.000000,11,270,630,630,60000,60000,60000,60000,60000,60000,60000,517,26,18,4023.2852075556993,0.7234183140099049,60490.91163882986,23.09477756286267
1791185633,32,POST,/api/playground/conversations,0.000000,0.000000,10,10,10,11,11,11,11,11,11,11,11,154,13,8,9.814512556080114,0.7234183140099049,65.26524433866143,34.79220779220779
1791185633,32,POST,/api/playground/conversations/{conversation_id}/chat/sse,0.000000,0.000000,2,2,2,3,3,3,3,3,3,3,3,109,0,3,3.4662233494700643,1.741659827530384,14.198328834027052,0.0
1791185633,32,POST,/api/playground/conversations/{conversation_id}/chat/{chat_id}/attachment,0.000000,0.000000,230,230,270,270,270,270,270,270,270,270,270,140,0,220.0,229.19824605009384,126.73466885462403,389.3996267579496,26.0
1791185633,32,TXN,multimodal_e2e,0.000000,0.000000,60000,60000,60000,60000,60000,60000,60000,60000,60000,60000,60000,122,13,660.0,17273.169463347705,0.8110031485557556,60490.91163882986,25.59016393442623
1791185633,32,,Aggregated,0.000000,0.000000,11,230,570,630,60000,60000,60000,60000,60000,60000,60000,525,26,18,4078.6736804841175,0.7234183140099049,60490.91163882986,23.085714285714285
1791185634,32,POST,/api/playground/conversations,0.200000,0.000000,10,10,10,10,11,11,11,11,11,11,11,155,13,8,9.814596611766085,0.7234183140099049,65.26524433866143,34.81290322580645
1791185634,32,POST,/api/playground/conversations/{conversation_id}/chat/sse,0.200000,0.000000,2,2,3,3,4,4,4,4,4,4,4,110,0,3,3.4726503897796976,1.741659827530384,14.198328834027052,0.0
1791185634,32,POST,/api/playground/conversations/{conversation_id}/chat/{chat_id}/attachment,0.100000,0.000000,220,220,230,230,270,270,270,270,270,270,270,142,0,220.0,228.73907992091608,126.73466885462403,389.3996267579496,26.0
1791185634,32,TXN,multimodal_e2e,0.200000,0.000000,60000,60000,60000,60000,60000,60000,60000,60000,60000,60000,60000,123,13,660.0,17623.89417386394,0.8110031485557556,60490.91163882986,25.642276422764226
1791185634,32,,Aggregated,0.700000,0.000000,180,220,570,630,60000,60000,60000,60000,60000,60000,60000,530,26,18,4154.949408965536,0.7234183140099049,60490.91163882986,23.09811320754717
1791185635,32,POST,/api/playground/conversations,0.400000,0.000000,10,10,10,10,11,11,11,11,11,11,11,156,13,8,9.81792437736518,0.7234183140099049,65.26524433866143,34.833333333333336
1791185635,32,POST,/api/playground/conversations/{conversation_id}/chat/sse,0.400000,0.000000,2,3,3,3,4,4,4,4,4,4,4,111,0,3,3.4646905857968973,1.741659827530384,14.198328834027052,0.0
1791185635,32,POST,/api/playground/conversations/{conversation_id}/chat/{chat_id}/attachment,0.400000,0.000000,220,230,230,230,270,270,270,270,270,270,270,143,0,220.0,228.72676597777885,126.73466885462403,389.3996267579496,26.0
1791185635,32,TXN,multimodal_e2e,0.400000,0.000000,60000,60000,60000,60000,60000,60000,60000,60000,60000,60000,60000,124,13,660.0,17967.632910927696,0.8110031485557556,60490.91163882986,25.693548387096776
1791185635,32,,Aggregated,1.600000,0.000000,180,230,570,630,60000,60000,60000,60000,60000,60000,60000,534,26,18,4237.098474433988,0.7234183140099049,60490.91163882986,23.10486891385768
1791185636,32,POST,/api/playground/conversations,0.500000,0.000000,7,10,10,10,10,11,11,11,11,11,11,162,15,8,9.644402820547974,0.7234183140099049,65.26524433866143,34.48148148148148
1791185636,32,POST,/api/playground/conversations/{conversation_id}/chat/sse,0.600000,0.000000,2,3,3,3,4,6,6,6,6,6,6,115,0,3,3.469922887566297,1.741659827530384,14.198328834027052,0.0
1791185636,32,POST,/api/playground/conversations/{conversation_id}/chat/{chat_id}/attachment,0.500000,0.000000,210,220,230,230,270,270,270,270,270,270,270,146,0,210.0,228.17286450020356,126.73466885462403,389.3996267579496,26.0
1791185636,32,TXN,multimodal_e2e,0.600000,0.000000,60000,60000,60000,60000,60000,60000,60000,60000,60000,60000,60000,130,15,660.0,18074.11242155,0.8110031485557556,60490.91163882986,25.23076923076923
1791185636,32,,Aggregated,2.200000,0.000000,10,210,270,550,60000,60000,60000,60000,60000,60000,60000,553,30,17,4312.675022436761,0.7234183140099049,60490.91163882986,22.896925858951175
1791185637,32,POST,/api/playground/conversations,0.600000,0.000000,7,9,10,10,10,11,11,11,11,11,11,166,16,8,9.530341987643974,0.7234183140099049,65.26524433866143,34.33734939759036
1791185637,32,POST,/api/playground/conversations/{conversation_id}/chat/sse,0.700000,0.000000,2,3,3,4,4,6,6,6,6,6,6,118,0,3,3.4511359921514484,1.741659827530384,14.198328834027052,0.0
1791185637,32,POST,/api/playground/conversations/{conversation_id}/chat/{chat_id}/attachment,0.600000,0.000000,210,220,230,230,240,270,270,270,270,270,270,149,0,210.0,227.81069761129635,126.73466885462403,389.3996267579496,26.0
1791185637,32,TXN,multimodal_e2e,0.700000,0.000000,660,60000,60000,60000,60000,60000,60000,60000,60000,60000,60000,134,16,660.0,17993.573370900478,0.8110031485557556,60490.91163882986,25.01492537313433
1791185637,32,,Aggregated,2.600000,0.000000,10,210,240,550,60000,60000,60000,60000,60000,60000,60000,567,32,16,4315.8234505498585,0.7234183140099049,60490.91163882986,22.797178130511465
1791185638,32,POST,/api/playground/conversations,1.200000,0.200000,7,7,10,10,10,11,30,30,30,30,30,173,19,7,9.452020394147477,0.7234183140099049,65.26524433866143,33.82658959537572
1791185638,32,POST,/api/playground/conversations/{conversation_id}/chat/sse,1.000000,0.000000,2,3,3,3,4,6,6,6,6,6,6,122,0,3,3.421023598734717,1.741659827530384,14.198328834027052,0.0
1791185638,32,POST,/api/playground/conversations/{conversation_id}/chat/{chat_id}/attachment,1.000000,0.000000,220,220,230,230,240,270,270,270,270,270,270,152,0,220.0,227.69973388762753,126.73466885462403,389.3996267579496,26.0
1791185638,32,TXN,multimodal_e2e,1.200000,0.200000,660,60000,60000,60000,60000,60000,60000,60000,60000,60000,60000,141,19,660.0,18387.791554334555,0.8110031485557556,60490.91163882986,24.595744680851062
1791185638,32,,Aggregated,4.400000,0.400000,9,210,230,550,60000,60000,60000,60000,60000,60000,60000,588,38,13,4471.669274012457,0.7234183140099049,60490.91163882986,22.571428571428573
1791185639,32,POST,/api/playground/conversations,1.600000,0.300000,6,7,9,10,11,11,30,30,30,30,30,179,21,7,9.309165952362994,0.7234183140099049,65.26524433866143,33.54189944134078
1791185639,32,POST,/api/playground/conversations/{conversation_id}/chat/sse,1.300000,0.000000,2,3,3,3,4,4,6,6,6,6,6,126,0,3,3.3789247991369358,1.741659827530384,14.198328834027052,0.0
1791185639,32,POST,/api/playground/conversations/{conversation_id}/chat/{chat_id}/attachment,1.300000,0.000000,220,220,230,230,270,290,290,290,290,290,290,156,0,220.0,227.65814894153618,126.73466885462403,389.3996267579496,26.0
1791185639,32,TXN,multimodal_e2e,1.600000,0.300000,630,60000,60000,60000,60000,60000,60000,60000,60000,60000,60000,147,21,660.0,18465.042454326765,0.8110031485557556,60490.91163882986,24.224489795918366
1791185639,32,,Aggregated,5.800000,0.600000,8,210,230,540,60000,60000,60000,60000,60000,60000,60000,608,42,13,4526.263153373485,0.7234183140099049,60490.91163882986,22.40296052631579
1791185640,32,POST,/api/playground/conversations,2.100000,0.500000,6,7,8,9,10,11,30,30,30,30,30,185,23,7,9.162058477365488,0.7234183140099049,65.26524433866143,33.27567567567568
1791185640,32,POST,/api/playground/conversations/{conversation_id}/chat/sse,1.600000,0.000000,2,3,3,3,4,4,6,6,6,6,6,130,0,3,3.3560720917124014,1.741659827530384,14.198328834027052,0.0
1791185640,32,POST,/api/playground/conversations/{conversation_id}/chat/{chat_id}/attachment,1.600000,0.000000,220,220,230,240,270,270,290,290,290,290,290,160,0,220.0,227.78192817640956,126.73466885462403,389.3996267579496,26.0
1791185640,32,TXN,multimodal_e2e,2.100000,0.500000,610,60000,60000,60000,60000,60000,60000,60000,60000,60000,60000,153,23,660.0,18536.77992774417,0.8110031485557556,60490.91163882986,23.84967320261438
1791185640,32,,Aggregated,7.400000,1.000000,7,210,240,540,60000,60000,60000,60000,60000,60000,60000,628,46,12,4577.553674591272,0.7234183140099049,60490.91163882986,22.237261146496817
1791185641,32,POST,/api/playground/conversations,2.700000,0.700000,6,7,8,9,10,12,30,30,30,30,30,190,24,7,9.108219866787916,0.7234183140099049,65.26524433866143,33.2
1791185641,32,POST,/api/playground/conversations/{conversation_id}/chat/sse,2.000000,0.000000,2,3,3,3,4,4,6,6,6,6,6,134,0,2,3.3211184686411226,1.7232559621334076,14.198328834027052,0.0
1791185641,32,POST,/api/playground/conversations/{conversation_id}/chat/{chat_id}/attachment,1.900000,0.000000,220,220,230,230,240,270,290,290,290,290,290,166,0,220.0,226.94973242805756,126.73466885462403,389.3996267579496,26.0
1791185641,32,TXN,multimodal_e2e,2.700000,0.700000,590,60000,60000,60000,60000,60000,60000,60000,60000,60000,60000,158,24,650.0,18721.07321504633,0.8110031485557556,60490.91163882986,23.740506329113924
1791185641,32,,Aggregated,9.300000,1.400000,8,210,230,540,60000,60000,60000,60000,60000,60000,60000,648,48,12,4626.201875323866,0.7234183140099049,60490.91163882986,22.183641975308642
1791185642,32,POST,/api/playground/conversations,3.300000,0.900000,6,7,8,8,10,11,30,30,30,30,30,194,24,7,9.065637773037263,0.7234183140099049,65.26524433866143,33.29896907216495
1791185642,32,POST,/api/playground/conversations/{conversation_id}/chat/sse,2.400000,0.000000,2,3,3,4,6,6,7,7,7,7,7,138,0,3,3.3640410325935353,1.7232559621334076,14.198328834027052,0.0
1791185642,32,POST,/api/playground/conversations/{conversation_id}/chat/{chat_id}/attachment,2.400000,0.000000,220,220,230,230,240,270,290,290,290,290,290,169,0,220.0,226.54994542175936,126.73466885462403,389.3996267579496,26.0
1791185642,32,TXN,multimodal_e2e,3.300000,0.900000,590,60000,60000,60000,60000,60000,60000,60000,60000,60000,60000,162,24,650.0,19011.092289083605,0.8110031485557556,60490.91163882986,23.71604938271605
1791185642,32,,Aggregated,11.400000,1.800000,8,210,230,530,60000,60000,60000,60000,60000,60000,60000,663,48,12,4706.345193059258,0.7234183140099049,60490.91163882986,22.165912518853695
1791185643,32,POST,/api/playground/conversations,4.100000,1.100000,6,7,8,8,11,12,30,30,30,30,30,204,27,7,8.99598607565185,0.6410167552530766,65.26524433866143,32.970588235294116
1791185643,32,POST,/api/playground/conversations/{conversation_id}/chat/sse,3.000000,0.000000,2,3,3,3,4,6,7,7,7,7,7,145,0,2,3.303098485901438,1.7232559621334076,14.198328834027052,0.0
1791185643,32,POST,/api/playground/conversations/{conversation_id}/chat/{chat_id}/attachment,2.800000,0.000000,220,220,230,230,240,270,290,290,290,290,290,174,0,220.0,226.0454607319258,126.73466885462403,389.3996267579496,26.0
1791185643,32,TXN,multimodal_e2e,4.100000,1.100000,590,60000,60000,60000,60000,60000,60000,60000,60000,60000,60000,172,27,650.0,19022.15966068717,0.7178769446909428,60490.91163882986,26.22093023255814
1791185643,32,,Aggregated,14.000000,2.200000,7,210,230,530,60000,60000,60000,60000,60000,60000,60000,695,54,12,4767.564751432284,0.6410167552530766,60490.91163882986,22.676258992805757
1791185644,32,POST,/api/playground/conversations,4.200000,1.100000,7,7,8,9,11,12,25,30,30,30,30,209,28,7,8.981856940822167,0.6410167552530766,65.26524433866143,32.90909090909091
1791185644,32,POST,/api/playground/conversations/{conversation_id}/chat/sse,3.100000,0.000000,2,3,3,3,6,6,7,7,7,7,7,150,0,2,3.303562036405007,1.7232559621334076,14.198328834027052,0.0
1791185644,32,POST,/api/playground/conversations/{conversation_id}/chat/{chat_id}/attachment,3.100000,0.000000,220,220,230,240,290,320,350,350,350,350,350,181,0,220.0,227.4333974809607,126.73466885462403,389.3996267579496,26.0
1791185644,32,TXN,multimodal_e2e,4.200000,1.100000,610,60000,60000,60000,60000,60000,60000,60000,60000,60000,60000,178,28,650.0,19070.541175629085,0.7178769446909428,60490.91163882986,25.95505617977528
1791185644,32,,Aggregated,14.600000,2.200000,8,210,240,530,60000,60000,60000,60000,60000,60000,60000,718,56,12,4788.432474390144,0.6410167552530766,60490.91163882986,22.568245125348188
1791185645,32,POST,/api/playground/conversations,5.000000,1.400000,7,8,8,9,11,15,25,30,30,30,30,214,28,7,8.987045505249473,0.6410167552530766,65.26524433866143,33.02803738317757
1791185645,32,POST,/api/playground/conversations/{conversation_id}/chat/sse,3.600000,0.000000,2,3,3,3,6,6,7,7,7,7,7,154,0,2,3.2913182263395617,1.7232559621334076,14.198328834027052,0.0
1791185645,32,POST,/api/playground/conversations/{conversation_id}/chat/{chat_id}/attachment,3.400000,0.000000,220,220,230,240,290,320,350,350,350,350,350,186,0,220.0,226.646596017564,126.73466885462403,389.3996267579496,26.0
1791185645,32,TXN,multimodal_e2e,5.000000,1.400000,620,60000,60000,60000,60000,60000,60000,60000,60000,60000,60000,182,28,650.0,19320.730405527032,0.7178769446909428,60490.91163882986,25.98901098901099
1791185645,32,,Aggregated,17.000000,2.800000,9,210,240,540,60000,60000,60000,60000,60000,60000,60000,736,56,12,4838.259906807291,0.6410167552530766,60490.91163882986,22.60054347826087
1791185646,32,POST,/api/playground/conversations,5.300000,1.400000,7,8,9,9,11,15,25,30,30,30,30,221,30,7,8.879010763643015,0.6410167552530766,65.26524433866143,32.841628959276015
1791185646,32,POST,/api/playground/conversations/{conversation_id}/chat/sse,3.800000,0.000000,2,3,3,3,4,6,7,7,7,7,7,159,0,3,3.285010702580026,1.7232559621334076,14.198328834027052,0.0
1791185646,32,POST,/api/playground/conversations/{conversation_id}/chat/{chat_id}/attachment,3.800000,0.000000,220,220,230,240,270,300,350,350,350,350,350,190,0,220.0,226.59235973842442,126.73466885462403,389.3996267579496,26.0
1791185646,32,TXN,multimodal_e2e,5.200000,1.400000,620,60000,60000,60000,60000,60000,60000,60000,60000,60000,60000,189,30,650.0,19567.940956540897,0.7178769446909428,60490.91163882986,25.687830687830687
1791185646,32,,Aggregated,18.100000,2.800000,8,220,260,540,60000,60000,60000,60000,60000,60000,60000,759,60,12,4932.645543105409,0.6410167552530766,60490.91163882986,22.46772068511199
1791185647,32,POST,/api/playground/conversations,5.800000,1.500000,7,7,8,9,11,12,15,25,25,25,25,225,31,7,8.814402599301603,0.6410167552530766,65.26524433866143,32.76444444444444
1791185647,32,POST,/api/playground/conversations/{conversation_id}/chat/sse,4.200000,0.000000,2,3,3,3,4,6,7,7,7,7,7,162,0,2,3.2868458211054037,1.7232559621334076,14.198328834027052,0.0
1791185647,32,POST,/api/playground/conversations/{conversation_id}/chat/{chat_id}/attachment,4.200000,0.000000,220,230,240,240,290,310,350,350,350,350,350,194,0,220.0,227.03127140544123,126.73466885462403,389.3996267579496,26.0
1791185647,32,TXN,multimodal_e2e,5.700000,1.500000,610,60000,60000,60000,60000,60000,60000,60000,60000,60000,60000,193,31,650.0,19481.25964589417,0.7178769446909428,60490.91163882986,25.533678756476682
1791185647,32,,Aggregated,19.900000,3.000000,9,220,260,540,60000,60000,60000,60000,60000,60000,60000,774,62,11,4917.88486811123,0.6410167552530766,60490.91163882986,22.40826873385013
1791185648,32,POST,/api/playground/conversations,5.700000,1.400000,7,8,9,9,11,12,15,25,25,25,25,228,31,7,8.801264874228652,0.6410167552530766,65.26524433866143,32.833333333333336
1791185648,32,POST,/api/playground/conversations/{conversation_id}/chat/sse,4.300000,0.000000,2,3,3,4,5,6,7,7,7,7,7,165,0,3,3.3016652405036218,1.7232559621334076,14.198328834027052,0.0
1791185648,32,POST,/api/playground/conversations/{conversation_id}/chat/{chat_id}/attachment,4.300000,0.000000,220,230,240,240,270,310,350,350,350,350,350,197,0,220.0,226.96370808265837,126.73466885462403,389.3996267579496,26.0
1791185648,32,TXN,multimodal_e2e,5.700000,1.400000,620,60000,60000,60000,60000,60000,60000,60000,60000,60000,60000,196,31,640.0,19496.415759375013,0.7178769446909428,60490.91163882986,25.459183673469386
1791185648,32,,Aggregated,20.000000,2.800000,9,220,260,540,60000,60000,60000,60000,60000,60000,60000,786,62,11,4921.833082042995,0.6410167552530766,60490.91163882986,22.389312977099237
1791185649,32,POST,/api/playground/conversations,5.700000,1.400000,7,8,9,10,11,12,25,25,25,25,25,229,31,7,8.79429636409254,0.6410167552530766,65.26524433866143,32.85589519650655
1791185649,32,POST,/api/playground/conversations/{conversation_id}/chat/sse,4.300000,0.000000,3,3,3,4,6,6,7,7,7,7,7,166,0,3,3.296681160825383,1.7232559621334076,14.198328834027052,0.0
1791185649,32,POST,/api/playground/conversations/{conversation_id}/chat/{chat_id}/attachment,4.300000,0.000000,220,230,240,240,300,320,350,350,350,350,350,198,0,220.0,227.03232565857093,126.73466885462403,389.3996267579496,26.0
1791185649,32,TXN,multimodal_e2e,5.700000,1.400000,620,60000,60000,60000,60000,60000,60000,60000,60000,60000,60000,197,31,640.0,19400.113721801263,0.7178769446909428,60490.91163882986,25.385786802030456
1791185649,32,,Aggregated,20.000000,2.800000,10,220,260,540,60000,60000,60000,60000,60000,60000,60000,790,62,11,4897.893603310531,0.6410167552530766,60490.91163882986,22.370886075949368
1791185650,32,POST,/api/playground/conversations,5.700000,1.400000,7,8,9,10,11,15,25,25,25,25,25,229,31,7,8.79429636409254,0.6410167552530766,65.26524433866143,32.85589519650655
1791185650,32,POST,/api/playground/conversations/{conversation_id}/chat/sse,4.300000,0.000000,3,3,4,4,6,6,7,7,7,7,7,166,0,3,3.296681160825383,1.7232559621334076,14.198328834027052,0.0
1791185650,32,POST,/api/playground/conversations/{conversation_id}/chat/{chat_id}/attachment,4.300000,0.000000,220,230,240,250,300,320,350,350,350,350,350,198,0,220.0,227.03232565857093,126.73466885462403,389.3996267579496,26.0
1791185650,32,TXN,multimodal_e2e,5.700000,1.400000,620,60000,60000,60000,60000,60000,60000,60000,60000,60000,60000,197,31,640.0,19400.113721801263,0.7178769446909428,60490.91163882986,25.385786802030456
1791185650,32,,Aggregated,20.000000,2.800000,10,220,300,530,9100,60000,60000,60000,60000,60000,60000,790,62,11,4897.893603310531,0.6410167552530766,60490.91163882986,22.370886075949368
1791185651,32,POST,/api/playground/conversations,5.700000,1.400000,7,8,10,10,11,15,25,25,25,25,25,229,31,7,8.79429636409254,0.6410167552530766,65.26524433866143,32.85589519650655
1791185651,32,POST,/api/playground/conversations/{conversation_id}/chat/sse,4.300000,0.000000,3,3,3,4,6,6,7,7,7,7,7,166,0,3,3.296681160825383,1.7232559621334076,14.198328834027052,0.0
1791185651,32,POST,/api/playground/conversations/{conversation_id}/chat/{chat_id}/attachment,4.300000,0.000000,220,230,240,260,310,320,350,350,350,350,350,198,0,220.0,227.03232565857093,126.73466885462403,389.3996267579496,26.0
1791185651,32,TXN,multimodal_e2e,5.700000,1.400000,620,60000,60000,60000,60000,60000,60000,60000,60000,60000,60000,197,31,640.0,19400.113721801263,0.7178769446909428,60490.91163882986,25.385786802030456
1791185651,32,,Aggregated,20.000000,2.800000,10,220,300,530,9100,60000,60000,60000,60000,60000,60000,790,62,11,4897.893603310531,0.6410167552530766,60490.91163882986,22.370886075949368
1791185652,32,POST,/api/playground/conversations,5.700000,1.400000,7,9,9,10,11,12,15,15,15,15,15,229,31,7,8.79429636409254,0.6410167552530766,65.26524433866143,32.85589519650655
1791185652,32,POST,/api/playground/conversations/{conversation_id}/chat/sse,4.300000,0.000000,3,3,3,4,5,6,6,6,6,6,6,166,0,3,3.296681160825383,1.7232559621334076,14.198328834027052,0.0
1791185652,32,POST,/api/playground/conversations/{conversation_id}/chat/{chat_id}/attachment,4.300000,0.000000,220,230,250,260,310,320,350,350,350,350,350,198,0,220.0,227.03232565857093,126.73466885462403,389.3996267579496,26.0
1791185652,32,TXN,multimodal_e2e,5.700000,1.400000,620,60000,60000,60000,60000,60000,60000,60000,60000,60000,60000,197,31,640.0,19400.113721801263,0.7178769446909428,60490.91163882986,25.385786802030456
1791185652,32,,Aggregated,20.000000,2.800000,11,220,310,530,840,60000,60000,60000,60000,60000,60000,790,62,11,4897.893603310531,0.6410167552530766,60490.91163882986,22.370886075949368
1791185653,32,POST,/api/playground/conversations,5.700000,1.400000,7,7,9,9,10,12,15,15,15,15,15,229,31,7,8.79429636409254,0.6410167552530766,65.26524433866143,32.85589519650655
1791185653,32,POST,/api/playground/conversations/{conversation_id}/chat/sse,4.300000,0.000000,3,3,3,4,5,6,6,6,6,6,6,166,0,3,3.296681160825383,1.7232559621334076,14.198328834027052,0.0
1791185653,32,POST,/api/playground/conversations/{conversation_id}/chat/{chat_id}/attachment,4.300000,0.000000,220,230,240,240,260,310,310,310,310,310,310,198,0,220.0,227.03232565857093,126.73466885462403,389.3996267579496,26.0
1791185653,32,TXN,multimodal_e2e,5.700000,1.400000,610,60000,60000,60000,60000,60000,60000,60000,60000,60000,60000,197,31,640.0,19400.113721801263,0.7178769446909428,60490.91163882986,25.385786802030456
1791185653,32,,Aggregated,20.000000,2.800000,10,220,250,520,620,60000,60000,60000,60000,60000,60000,790,62,11,4897.893603310531,0.6410167552530766,60490.91163882986,22.370886075949368
1791185654,32,POST,/api/playground/conversations,5.700000,1.400000,7,7,7,7,10,10,10,10,10,10,10,229,31,7,8.79429636409254,0.6410167552530766,65.26524433866143,32.85589519650655
1791185654,32,POST,/api/playground/conversations/{conversation_id}/chat/sse,4.300000,0.000000,3,3,4,4,5,6,6,6,6,6,6,166,0,3,3.296681160825383,1.7232559621334076,14.198328834027052,0.0
1791185654,32,POST,/api/playground/conversations/{conversation_id}/chat/{chat_id}/attachment,4.300000,0.000000,220,240,240,250,260,310,310,310,310,310,310,198,0,220.0,227.03232565857093,126.73466885462403,389.3996267579496,26.0
1791185654,32,TXN,multimodal_e2e,5.700000,1.400000,610,620,60000,60000,60000,60000,60000,60000,60000,60000,60000,197,31,640.0,19400.113721801263,0.7178769446909428,60490.91163882986,25.385786802030456
1791185654,32,,Aggregated,20.000000,2.800000,8,220,260,520,620,60000,60000,60000,60000,60000,60000,790,62,11,4897.893603310531,0.6410167552530766,60490.91163882986,22.370886075949368
1791185655,32,POST,/api/playground/conversations,5.700000,1.400000,7,7,7,7,8,10,10,10,10,10,10,229,31,7,8.79429636409254,0.6410167552530766,65.26524433866143,32.85589519650655
1791185655,32,POST,/api/playground/conversations/{conversation_id}/chat/sse,4.300000,0.000000,3,4,4,5,6,6,6,6,6,6,6,166,0,3,3.296681160825383,1.7232559621334076,14.198328834027052,0.0
1791185655,32,POST,/api/playground/conversations/{conversation_id}/chat/{chat_id}/attachment,4.300000,0.000000,230,240,240,250,310,310,310,310,310,310,310,198,0,220.0,227.03232565857093,126.73466885462403,389.3996267579496,26.0
1791185655,32,TXN,multimodal_e2e,5.700000,1.400000,580,610,60000,60000,60000,60000,60000,60000,60000,60000,60000,197,31,640.0,19400.113721801263,0.7178769446909428,60490.91163882986,25.385786802030456
1791185655,32,,Aggregated,20.000000,2.800000,8,230,310,520,610,60000,60000,60000,60000,60000,60000,790,62,11,4897.893603310531,0.6410167552530766,60490.91163882986,22.370886075949368
1791185656,32,POST,/api/playground/conversations,5.700000,1.400000,8,8,10,10,10,10,10,10,10,10,10,229,31,7,8.79429636409254,0.6410167552530766,65.26524433866143,32.85589519650655
1791185656,32,POST,/api/playground/conversations/{conversation_id}/chat/sse,4.300000,0.000000,4,4,5,5,5,5,5,5,5,5,5,166,0,3,3.296681160825383,1.7232559621334076,14.198328834027052,0.0
1791185656,32,POST,/api/playground/conversations/{conversation_id}/chat/{chat_id}/attachment,4.300000,0.000000,240,240,250,250,310,310,310,310,310,310,310,198,0,220.0,227.03232565857093,126.73466885462403,389.3996267579496,26.0
1791185656,32,TXN,multimodal_e2e,5.700000,1.400000,610,610,60000,60000,60000,60000,60000,60000,60000,60000,60000,197,31,640.0,19400.113721801263,0.7178769446909428,60490.91163882986,25.385786802030456
1791185656,32,,Aggregated,20.000000,2.800000,230,240,310,500,610,60000,60000,60000,60000,60000,60000,790,62,11,4897.893603310531,0.6410167552530766,60490.91163882986,22.370886075949368
1791185657,32,POST,/api/playground/conversations,5.700000,1.400000,8,8,8,8,8,8,8,8,8,8,8,229,31,7,8.79429636409254,0.6410167552530766,65.26524433866143,32.85589519650655
1791185657,32,POST,/api/playground/conversations/{conversation_id}/chat/sse,4.300000,0.000000,5,5,5,5,5,5,5,5,5,5,5,166,0,3,3.296681160825383,1.7232559621334076,14.198328834027052,0.0
1791185657,32,POST,/api/playground/conversations/{conversation_id}/chat/{chat_id}/attachment,4.300000,0.000000,240,240,240,240,240,240,240,240,240,240,240,198,0,220.0,227.03232565857093,126.73466885462403,389.3996267579496,26.0
1791185657,32,TXN,multimodal_e2e,5.700000,1.400000,520,520,520,520,520,520,520,520,520,520,520,197,31,640.0,19400.113721801263,0.7178769446909428,60490.91163882986,25.385786802030456
1791185657,32,,Aggregated,20.000000,2.800000,230,240,500,500,520,520,520,520,520,520,520,790,62,11,4897.893603310531,0.6410167552530766,60490.91163882986,22.370886075949368
1791185658,32,POST,/api/playground/conversations,5.700000,1.400000,8,8,8,8,8,8,8,8,8,8,8,229,31,7,8.79429636409254,0.6410167552530766,65.26524433866143,32.85589519650655
1791185658,32,POST,/api/playground/conversations/{conversation_id}/chat/sse,4.300000,0.000000,5,5,5,5,5,5,5,5,5,5,5,166,0,3,3.296681160825383,1.7232559621334076,14.198328834027052,0.0
1791185658,32,POST,/api/playground/conversations/{conversation_id}/chat/{chat_id}/attachment,4.300000,0.000000,240,240,240,240,240,240,240,240,240,240,240,198,0,220.0,227.03232565857093,126.73466885462403,389.3996267579496,26.0
1791185658,32,TXN,multimodal_e2e,5.700000,1.400000,520,520,520,520,520,520,520,520,520,520,520,197,31,640.0,19400.113721801263,0.7178769446909428,60490.91163882986,25.385786802030456
1791185658,32,,Aggregated,20.000000,2.800000,230,240,500,500,520,520,520,520,520,520,520,790,62,11,4897.893603310531,0.6410167552530766,60490.91163882986,22.370886075949368
1791185659,32,POST,/api/playground/conversations,5.700000,1.400000,8,8,8,8,8,8,8,8,8,8,8,229,31,7,8.79429636409254,0.6410167552530766,65.26524433866143,32.85589519650655
1791185659,32,POST,/api/playground/conversations/{conversation_id}/chat/sse,4.300000,0.000000,5,5,5,5,5,5,5,5,5,5,5,166,0,3,3.296681160825383,1.7232559621334076,14.198328834027052,0.0
1791185659,32,POST,/api/playground/conversations/{conversation_id}/chat/{chat_id}/attachment,4.300000,0.000000,240,240,240,240,240,240,240,240,240,240,240,198,0,220.0,227.03232565857093,126.73466885462403,389.3996267579496,26.0
1791185659,32,TXN,multimodal_e2e,5.700000,1.400000,520,520,520,520,520,520,520,520,520,520,520,197,31,640.0,19400.113721801263,0.7178769446909428,60490.91163882986,25.385786802030456
1791185659,32,,Aggregated,20.000000,2.800000,230,240,500,500,520,520,520,520,520,520,520,790,62,11,4897.893603310531,0.6410167552530766,60490.91163882986,22.370886075949368
1791185660,32,POST,/api/playground/conversations,5.700000,1.400000,8,8,8,8,8,8,8,8,8,8,8,229,31,7,8.79429636409254,0.6410167552530766,65.26524433866143,32.85589519650655
1791185660,32,POST,/api/playground/conversations/{conversation_id}/chat/sse,4.300000,0.000000,5,5,5,5,5,5,5,5,5,5,5,166,0,3,3.296681160825383,1.7232559621334076,14.198328834027052,0.0
1791185660,32,POST,/api/playground/conversations/{conversation_id}/chat/{chat_id}/attachment,4.300000,0.000000,240,240,240,240,240,240,240,240,240,240,240,198,0,220.0,227.03232565857093,126.73466885462403,389.3996267579496,26.0
1791185660,32,TXN,multimodal_e2e,5.700000,1.400000,520,520,520,520,520,520,520,520,520,520,520,197,31,640.0,19400.113721801263,0.7178769446909428,60490.91163882986,25.385786802030456
1791185660,32,,Aggregated,20.000000,2.800000,230,240,500,500,520,520,520,520,520,520,520,790,62,11,4897.893603310531,0.6410167552530766,60490.91163882986,22.370886075949368
1791185661,32,POST,/api/playground/conversations,5.700000,1.400000,8,8,8,8,8,8,8,8,8,8,8,229,31,7,8.79429636409254,0.6410167552530766,65.26524433866143,32.85589519650655
1791185661,32,POST,/api/playground/conversations/{conversation_id}/chat/sse,4.300000,0.000000,5,5,5,5,5,5,5,5,5,5,5,166,0,3,3.296681160825383,1.7232559621334076,14.198328834027052,0.0
1791185661,32,POST,/api/playground/conversations/{conversation_id}/chat/{chat_id}/attachment,4.300000,0.000000,240,240,240,240,240,240,240,240,240,240,240,198,0,220.0,227.03232565857093,126.73466885462403,389.3996267579496,26.0
1791185661,32,TXN,multimodal_e2e,5.700000,1.400000,520,520,520,520,520,520,520,520,520,520,520,197,31,640.0,19400.113721801263,0.7178769446909428,60490.91163882986,25.385786802030456
1791185661,32,,Aggregated,20.000000,2.800000,230,240,500,500,520,520,520,520,520,520,520,790,62,11,4897.893603310531,0.6410167552530766,60490.91163882986,22.370886075949368
1791185662,32,POST,/api/playground/conversations,5.700000,1.400000,8,8,8,8,8,8,8,8,8,8,8,229,31,7,8.79429636409254,0.6410167552530766,65.26524433866143,32.85589519650655
1791185662,32,POST,/api/playground/conversations/{conversation_id}/chat/sse,4.300000,0.000000,5,5,5,5,5,5,5,5,5,5,5,166,0,3,3.296681160825383,1.7232559621334076,14.198328834027052,0.0
1791185662,32,POST,/api/playground/conversations/{conversation_id}/chat/{chat_id}/attachment,4.300000,0.000000,240,240,240,240,240,240,240,240,240,240,240,198,0,220.0,227.03232565857093,126.73466885462403,389.3996267579496,26.0
1791185662,32,TXN,multimodal_e2e,5.700000,1.400000,520,520,520,520,520,520,520,520,520,520,520,197,31,640.0,19400.113721801263,0.7178769446909428,60490.91163882986,25.385786802030456
1791185662,32,,Aggregated,20.000000,2.800000,230,240,500,500,520,520,520,520,520,520,520,790,62,11,4897.893603310531,0.6410167552530766,60490.91163882986,22.370886075949368
1791185663,32,POST,/api/playground/conversations,5.700000,1.400000,8,8,8,8,8,8,8,8,8,8,8,229,31,7,8.79429636409254,0.6410167552530766,65.26524433866143,32.85589519650655
1791185663,32,POST,/api/playground/conversations/{conversation_id}/chat/sse,4.300000,0.000000,5,5,5,5,5,5,5,5,5,5,5,166,0,3,3.296681160825383,1.7232559621334076,14.198328834027052,0.0
1791185663,32,POST,/api/playground/conversations/{conversation_id}/chat/{chat_id}/attachment,4.300000,0.000000,240,240,240,240,240,240,240,240,240,240,240,198,0,220.0,227.03232565857093,126.73466885462403,389.3996267579496,26.0
1791185663,32,TXN,multimodal_e2e,5.700000,1.400000,520,520,520,520,520,520,520,520,520,520,520,197,31,640.0,19400.113721801263,0.7178769446909428,60490.91163882986,25.385786802030456
1791185663,32,,Aggregated,20.000000,2.800000,230,240,500,500,520,520,520,520,520,520,520,790,62,11,4897.893603310531,0.6410167552530766,60490.91163882986,22.370886075949368
1791185664,32,POST,/api/playground/conversations,5.700000,1.400000,8,8,8,8,8,8,8,8,8,8,8,229,31,7,8.79429636409254,0.6410167552530766,65.26524433866143,32.85589519650655
1791185664,32,POST,/api/playground/conversations/{conversation_id}/chat/sse,4.300000,0.000000,5,5,5,5,5,5,5,5,5,5,5,166,0,3,3.296681160825383,1.7232559621334076,14.198328834027052,0.0
1791185664,32,POST,/api/playground/conversations/{conversation_id}/chat/{chat_id}/attachment,4.300000,0.000000,240,240,240,240,240,240,240,240,240,240,240,198,0,220.0,227.03232565857093,126.73466885462403,389.3996267579496,26.0
1791185664,32,TXN,multimodal_e2e,5.700000,1.400000,520,520,520,520,520,520,520,520,520,520,520,197,31,640.0,19400.113721801263,0.7178769446909428,60490.91163882986,25.385786802030456
1791185664,32,,Aggregated,20.000000,2.800000,230,240,500,500,520,520,520,520,520,520,520,790,62,11,4897.893603310531,0.6410167552530766,60490.91163882986,22.370886075949368
1791185665,32,POST,/api/playground/conversations,5.700000,1.400000,8,8,8,8,8,8,8,8,8,8,8,229,31,7,8.79429636409254,0.6410167552530766,65.26524433866143,32.85589519650655
1791185665,32,POST,/api/playground/conversations/{conversation_id}/chat/sse,4.300000,0.000000,5,5,5,5,5,5,5,5,5,5,5,166,0,3,3.296681160825383,1.7232559621334076,14.198328834027052,0.0
1791185665,32,POST,/api/playground/conversations/{conversation_id}/chat/{chat_id}/attachment,4.300000,0.000000,240,240,240,240,240,240,240,240,240,240,240,198,0,220.0,227.03232565857093,126.73466885462403,389.3996267579496,26.0
1791185665,32,TXN,multimodal_e2e,5.700000,1.400000,520,520,520,520,520,520,520,520,520,520,520,197,31,640.0,19400.113721801263,0.7178769446909428,60490.91163882986,25.385786802030456
1791185665,32,,Aggregated,20.000000,2.800000,230,240,500,500,520,520,520,520,520,520,520,790,62,11,4897.893603310531,0.6410167552530766,60490.91163882986,22.370886075949368
1791185666,32,POST,/api/playground/conversations,5.700000,1.400000,0,0,0,0,0,0,0,0,0,0,0,229,31,7,8.79429636409254,0.6410167552530766,65.26524433866143,32.85589519650655
1791185666,32,POST,/api/playground/conversations/{conversation_id}/chat/sse,4.300000,0.000000,0,0,0,0,0,0,0,0,0,0,0,166,0,3,3.296681160825383,1.7232559621334076,14.198328834027052,0.0
1791185666,32,POST,/api/playground/conversations/{conversation_id}/chat/{chat_id}/attachment,4.300000,0.000000,0,0,0,0,0,0,0,0,0,0,0,198,0,220.0,227.03232565857093,126.73466885462403,389.3996267579496,26.0
1791185666,32,TXN,multimodal_e2e,5.700000,1.400000,0,0,0,0,0,0,0,0,0,0,0,197,31,640.0,19400.113721801263,0.7178769446909428,60490.91163882986,25.385786802030456
1791185666,32,,Aggregated,20.000000,2.800000,0,0,0,0,0,0,0,0,0,0,0,790,62,11,4897.893603310531,0.6410167552530766,60490.91163882986,22.370886075949368
1791185667,32,POST,/api/playground/conversations,5.700000,1.400000,0,0,0,0,0,0,0,0,0,0,0,229,31,7,8.79429636409254,0.6410167552530766,65.26524433866143,32.85589519650655
1791185667,32,POST,/api/playground/conversations/{conversation_id}/chat/sse,4.300000,0.000000,0,0,0,0,0,0,0,0,0,0,0,166,0,3,3.296681160825383,1.7232559621334076,14.198328834027052,0.0
1791185667,32,POST,/api/playground/conversations/{conversation_id}/chat/{chat_id}/attachment,4.300000,0.000000,0,0,0,0,0,0,0,0,0,0,0,198,0,220.0,227.03232565857093,126.73466885462403,389.3996267579496,26.0
1791185667,32,TXN,multimodal_e2e,5.700000,1.400000,0,0,0,0,0,0,0,0,0,0,0,197,31,640.0,19400.113721801263,0.7178769446909428,60490.91163882986,25.385786802030456
1791185667,32,,Aggregated,20.000000,2.800000,0,0,0,0,0,0,0,0,0,0,0,790,62,11,4897.893603310531,0.6410167552530766,60490.91163882986,22.370886075949368
1791185668,32,POST,/api/playground/conversations,5.700000,1.400000,0,0,0,0,0,0,0,0,0,0,0,229,31,7,8.79429636409254,0.6410167552530766,65.26524433866143,32.85589519650655
1791185668,32,POST,/api/playground/conversations/{conversation_id}/chat/sse,4.300000,0.000000,0,0,0,0,0,0,0,0,0,0,0,166,0,3,3.296681160825383,1.7232559621334076,14.198328834027052,0.0
1791185668,32,POST,/api/playground/conversations/{conversation_id}/chat/{chat_id}/attachment,4.300000,0.000000,0,0,0,0,0,0,0,0,0,0,0,198,0,220.0,227.03232565857093,126.73466885462403,389.3996267579496,26.0
1791185668,32,TXN,multimodal_e2e,5.700000,1.400000,0,0,0,0,0,0,0,0,0,0,0,197,31,640.0,19400.113721801263,0.7178769446909428,60490.91163882986,25.385786802030456
1791185668,32,,Aggregated,20.000000,2.800000,0,0,0,0,0,0,0,0,0,0,0,790,62,11,4897.893603310531,0.6410167552530766,60490.91163882986,22.370886075949368
1791185669,32,POST,/api/playground/conversations,5.700000,1.400000,0,0,0,0,0,0,0,0,0,0,0,229,31,7,8.79429636409254,0.6410167552530766,65.26524433866143,32.85589519650655
1791185669,32,POST,/api/playground/conversations/{conversation_id}/chat/sse,4.300000,0.000000,0,0,0,0,0,0,0,0,0,0,0,166,0,3,3.296681160825383,1.7232559621334076,14.198328834027052,0.0
1791185669,32,POST,/api/playground/conversations/{conversation_id}/chat/{chat_id}/attachment,4.300000,0.000000,0,0,0,0,0,0,0,0,0,0,0,198,0,220.0,227.03232565857093,126.73466885462403,389.3996267579496,26.0
1791185669,32,TXN,multimodal_e2e,5.700000,1.400000,0,0,0,0,0,0,0,0,0,0,0,197,31,640.0,19400.113721801263,0.7178769446909428,60490.91163882986,25.385786802030456
1791185669,32,,Aggregated,20.000000,2.800000,0,0,0,0,0,0,0,0,0,0,0,790,62,11,4897.893603310531,0.6410167552530766,60490.91163882986,22.370886075949368
1791185670,32,POST,/api/playground/conversations,5.700000,1.400000,0,0,0,0,0,0,0,0,0,0,0,229,31,7,8.79429636409254,0.6410167552530766,65.26524433866143,32.85589519650655
1791185670,32,POST,/api/playground/conversations/{conversation_id}/chat/sse,4.300000,0.000000,0,0,0,0,0,0,0,0,0,0,0,166,0,3,3.296681160825383,1.7232559621334076,14.198328834027052,0.0
1791185670,32,POST,/api/playground/conversations/{conversation_id}/chat/{chat_id}/attachment,4.300000,0.000000,0,0,0,0,0,0,0,0,0,0,0,198,0,220.0,227.03232565857093,126.73466885462403,389.3996267579496,26.0
1791185670,32,TXN,multimodal_e2e,5.700000,1.400000,0,0,0,0,0,0,0,0,0,0,0,197,31,640.0,19400.113721801263,0.7178769446909428,60490.91163882986,25.385786802030456
1791185670,32,,Aggregated,20.000000,2.800000,0,0,0,0,0,0,0,0,0,0,0,790,62,11,4897.893603310531,0.6410167552530766,60490.91163882986,22.370886075949368
1791185671,32,POST,/api/playground/conversations,5.700000,1.400000,0,0,0,0,0,0,0,0,0,0,0,229,31,7,8.79429636409254,0.6410167552530766,65.26524433866143,32.85589519650655
1791185671,32,POST,/api/playground/conversations/{conversation_id}/chat/sse,4.300000,0.000000,0,0,0,0,0,0,0,0,0,0,0,166,0,3,3.296681160825383,1.7232559621334076,14.198328834027052,0.0
1791185671,32,POST,/api/playground/conversations/{conversation_id}/chat/{chat_id}/attachment,4.300000,0.000000,0,0,0,0,0,0,0,0,0,0,0,198,0,220.0,227.03232565857093,126.73466885462403,389.3996267579496,26.0
1791185671,32,TXN,multimodal_e2e,5.700000,1.400000,0,0,0,0,0,0,0,0,0,0,0,197,31,640.0,19400.113721801263,0.7178769446909428,60490.91163882986,25.385786802030456
1791185671,32,,Aggregated,20.000000,2.800000,0,0,0,0,0,0,0,0,0,0,0,790,62,11,4897.893603310531,0.6410167552530766,60490.91163882986,22.370886075949368
1791185672,32,POST,/api/playground/conversations,5.700000,1.400000,0,0,0,0,0,0,0,0,0,0,0,229,31,7,8.79429636409254,0.6410167552530766,65.26524433866143,32.85589519650655
1791185672,32,POST,/api/playground/conversations/{conversation_id}/chat/sse,4.300000,0.000000,0,0,0,0,0,0,0,0,0,0,0,166,0,3,3.296681160825383,1.7232559621334076,14.198328834027052,0.0
1791185672,32,POST,/api/playground/conversations/{conversation_id}/chat/{chat_id}/attachment,4.300000,0.000000,0,0,0,0,0,0,0,0,0,0,0,198,0,220.0,227.03232565857093,126.73466885462403,389.3996267579496,26.0
1791185672,32,TXN,multimodal_e2e,5.700000,1.400000,0,0,0,0,0,0,0,0,0,0,0,197,31,640.0,19400.113721801263,0.7178769446909428,60490.91163882986,25.385786802030456
1791185672,32,,Aggregated,20.000000,2.800000,0,0,0,0,0,0,0,0,0,0,0,790,62,11,4897.893603310531,0.6410167552530766,60490.91163882986,22.370886075949368
1791185673,32,POST,/api/playground/conversations,5.700000,1.400000,0,0,0,0,0,0,0,0,0,0,0,229,31,7,8.79429636409254,0.6410167552530766,65.26524433866143,32.85589519650655
1791185673,32,POST,/api/playground/conversations/{conversation_id}/chat/sse,4.300000,0.000000,0,0,0,0,0,0,0,0,0,0,0,166,0,3,3.296681160825383,1.7232559621334076,14.198328834027052,0.0
1791185673,32,POST,/api/playground/conversations/{conversation_id}/chat/{chat_id}/attachment,4.300000,0.000000,0,0,0,0,0,0,0,0,0,0,0,198,0,220.0,227.03232565857093,126.73466885462403,389.3996267579496,26.0
1791185673,32,TXN,multimodal_e2e,5.700000,1.400000,0,0,0,0,0,0,0,0,0,0,0,197,31,640.0,19400.113721801263,0.7178769446909428,60490.91163882986,25.385786802030456
1791185673,32,,Aggregated,20.000000,2.800000,0,0,0,0,0,0,0,0,0,0,0,790,62,11,4897.893603310531,0.6410167552530766,60490.91163882986,22.370886075949368
1791185674,32,POST,/api/playground/conversations,5.700000,1.400000,0,0,0,0,0,0,0,0,0,0,0,229,31,7,8.79429636409254,0.6410167552530766,65.26524433866143,32.85589519650655
1791185674,32,POST,/api/playground/conversations/{conversation_id}/chat/sse,4.300000,0.000000,0,0,0,0,0,0,0,0,0,0,0,166,0,3,3.296681160825383,1.7232559621334076,14.198328834027052,0.0
1791185674,32,POST,/api/playground/conversations/{conversation_id}/chat/{chat_id}/attachment,4.300000,0.000000,0,0,0,0,0,0,0,0,0,0,0,198,0,220.0,227.03232565857093,126.73466885462403,389.3996267579496,26.0
1791185674,32,TXN,multimodal_e2e,5.700000,1.400000,0,0,0,0,0,0,0,0,0,0,0,197,31,640.0,19400.113721801263,0.7178769446909428,60490.91163882986,25.385786802030456
1791185674,32,,Aggregated,20.000000,2.800000,0,0,0,0,0,0,0,0,0,0,0,790,62,11,4897.893603310531,0.6410167552530766,60490.91163882986,22.370886075949368
1791185675,32,POST,/api/playground/conversations,5.700000,1.400000,0,0,0,0,0,0,0,0,0,0,0,229,31,7,8.79429636409254,0.6410167552530766,65.26524433866143,32.85589519650655
1791185675,32,POST,/api/playground/conversations/{conversation_id}/chat/sse,4.300000,0.000000,0,0,0,0,0,0,0,0,0,0,0,166,0,3,3.296681160825383,1.7232559621334076,14.198328834027052,0.0
1791185675,32,POST,/api/playground/conversations/{conversation_id}/chat/{chat_id}/attachment,4.300000,0.000000,0,0,0,0,0,0,0,0,0,0,0,198,0,220.0,227.03232565857093,126.73466885462403,389.3996267579496,26.0
1791185675,32,TXN,multimodal_e2e,5.700000,1.400000,0,0,0,0,0,0,0,0,0,0,0,197,31,640.0,19400.113721801263,0.7178769446909428,60490.91163882986,25.385786802030456
1791185675,32,,Aggregated,20.000000,2.800000,0,0,0,0,0,0,0,0,0,0,0,790,62,11,4897.893603310531,0.6410167552530766,60490.91163882986,22.370886075949368
1791185676,32,POST,/api/playground/conversations,5.700000,1.400000,0,0,0,0,0,0,0,0,0,0,0,229,31,7,8.79429636409254,0.6410167552530766,65.26524433866143,32.85589519650655
1791185676,32,POST,/api/playground/conversations/{conversation_id}/chat/sse,4.300000,0.000000,0,0,0,0,0,0,0,0,0,0,0,166,0,3,3.296681160825383,1.7232559621334076,14.198328834027052,0.0
1791185676,32,POST,/api/playground/conversations/{conversation_id}/chat/{chat_id}/attachment,4.300000,0.000000,0,0,0,0,0,0,0,0,0,0,0,198,0,220.0,227.03232565857093,126.73466885462403,389.3996267579496,26.0
1791185676,32,TXN,multimodal_e2e,5.700000,1.400000,0,0,0,0,0,0,0,0,0,0,0,197,31,640.0,19400.113721801263,0.7178769446909428,60490.91163882986,25.385786802030456
1791185676,32,,Aggregated,20.000000,2.800000,0,0,0,0,0,0,0,0,0,0,0,790,62,11,4897.893603310531,0.6410167552530766,60490.91163882986,22.370886075949368
1791185677,32,POST,/api/playground/conversations,5.700000,1.400000,0,0,0,0,0,0,0,0,0,0,0,229,31,7,8.79429636409254,0.6410167552530766,65.26524433866143,32.85589519650655
1791185677,32,POST,/api/playground/conversations/{conversation_id}/chat/sse,4.300000,0.000000,0,0,0,0,0,0,0,0,0,0,0,166,0,3,3.296681160825383,1.7232559621334076,14.198328834027052,0.0
1791185677,32,POST,/api/playground/conversations/{conversation_id}/chat/{chat_id}/attachment,4.300000,0.000000,0,0,0,0,0,0,0,0,0,0,0,198,0,220.0,227.03232565857093,126.73466885462403,389.3996267579496,26.0
1791185677,32,TXN,multimodal_e2e,5.700000,1.400000,0,0,0,0,0,0,0,0,0,0,0,197,31,640.0,19400.113721801263,0.7178769446909428,60490.91163882986,25.385786802030456
1791185677,32,,Aggregated,20.000000,2.800000,0,0,0,0,0,0,0,0,0,0,0,790,62,11,4897.893603310531,0.6410167552530766,60490.91163882986,22.370886075949368
1791185678,32,POST,/api/playground/conversations,5.700000,1.400000,0,0,0,0,0,0,0,0,0,0,0,229,31,7,8.79429636409254,0.6410167552530766,65.26524433866143,32.85589519650655
1791185678,32,POST,/api/playground/conversations/{conversation_id}/chat/sse,4.300000,0.000000,0,0,0,0,0,0,0,0,0,0,0,166,0,3,3.296681160825383,1.7232559621334076,14.198328834027052,0.0
1791185678,32,POST,/api/playground/conversations/{conversation_id}/chat/{chat_id}/attachment,4.300000,0.000000,0,0,0,0,0,0,0,0,0,0,0,198,0,220.0,227.03232565857093,126.73466885462403,389.3996267579496,26.0
1791185678,32,TXN,multimodal_e2e,5.700000,1.400000,0,0,0,0,0,0,0,0,0,0,0,197,31,640.0,19400.113721801263,0.7178769446909428,60490.91163882986,25.385786802030456
1791185678,32,,Aggregated,20.000000,2.800000,0,0,0,0,0,0,0,0,0,0,0,790,62,11,4897.893603310531,0.6410167552530766,60490.91163882986,22.370886075949368
1791185679,32,POST,/api/playground/conversations,5.700000,1.400000,0,0,0,0,0,0,0,0,0,0,0,229,31,7,8.79429636409254,0.6410167552530766,65.26524433866143,32.85589519650655
1791185679,32,POST,/api/playground/conversations/{conversation_id}/chat/sse,4.300000,0.000000,0,0,0,0,0,0,0,0,0,0,0,166,0,3,3.296681160825383,1.7232559621334076,14.198328834027052,0.0
1791185679,32,POST,/api/playground/conversations/{conversation_id}/chat/{chat_id}/attachment,4.300000,0.000000,0,0,0,0,0,0,0,0,0,0,0,198,0,220.0,227.03232565857093,126.73466885462403,389.3996267579496,26.0
1791185679,32,TXN,multimodal_e2e,5.700000,1.400000,0,0,0,0,0,0,0,0,0,0,0,197,31,640.0,19400.113721801263,0.7178769446909428,60490.91163882986,25.385786802030456
1791185679,32,,Aggregated,20.000000,2.800000,0,0,0,0,0,0,0,0,0,0,0,790,62,11,4897.893603310531,0.6410167552530766,60490.91163882986,22.370886075949368
1791185680,32,POST,/api/playground/conversations,5.700000,1.400000,0,0,0,0,0,0,0,0,0,0,0,229,31,7,8.79429636409254,0.6410167552530766,65.26524433866143,32.85589519650655
1791185680,32,POST,/api/playground/conversations/{conversation_id}/chat/sse,4.300000,0.000000,0,0,0,0,0,0,0,0,0,0,0,166,0,3,3.296681160825383,1.7232559621334076,14.198328834027052,0.0
1791185680,32,POST,/api/playground/conversations/{conversation_id}/chat/{chat_id}/attachment,4.300000,0.000000,0,0,0,0,0,0,0,0,0,0,0,198,0,220.0,227.03232565857093,126.73466885462403,389.3996267579496,26.0
1791185680,32,TXN,multimodal_e2e,5.700000,1.400000,0,0,0,0,0,0,0,0,0,0,0,197,31,640.0,19400.113721801263,0.7178769446909428,60490.91163882986,25.385786802030456
1791185680,32,,Aggregated,20.000000,2.800000,0,0,0,0,0,0,0,0,0,0,0,790,62,11,4897.893603310531,0.6410167552530766,60490.91163882986,22.370886075949368
1791185681,32,POST,/api/playground/conversations,5.700000,1.400000,0,0,0,0,0,0,0,0,0,0,0,229,31,7,8.79429636409254,0.6410167552530766,65.26524433866143,32.85589519650655
1791185681,32,POST,/api/playground/conversations/{conversation_id}/chat/sse,4.300000,0.000000,0,0,0,0,0,0,0,0,0,0,0,166,0,3,3.296681160825383,1.7232559621334076,14.198328834027052,0.0
1791185681,32,POST,/api/playground/conversations/{conversation_id}/chat/{chat_id}/attachment,4.300000,0.000000,0,0,0,0,0,0,0,0,0,0,0,198,0,220.0,227.03232565857093,126.73466885462403,389.3996267579496,26.0
1791185681,32,TXN,multimodal_e2e,5.700000,1.400000,0,0,0,0,0,0,0,0,0,0,0,197,31,640.0,19400.113721801263,0.7178769446909428,60490.91163882986,25.385786802030456
1791185681,32,,Aggregated,20.000000,2.800000,0,0,0,0,0,0,0,0,0,0,0,790,62,11,4897.893603310531,0.6410167552530766,60490.91163882986,22.370886075949368
1791185682,32,POST,/api/playground/conversations,5.700000,1.400000,0,0,0,0,0,0,0,0,0,0,0,229,31,7,8.79429636409254,0.6410167552530766,65.26524433866143,32.85589519650655
1791185682,32,POST,/api/playground/conversations/{conversation_id}/chat/sse,4.300000,0.000000,0,0,0,0,0,0,0,0,0,0,0,166,0,3,3.296681160825383,1.7232559621334076,14.198328834027052,0.0
1791185682,32,POST,/api/playground/conversations/{conversation_id}/chat/{chat_id}/attachment,4.300000,0.000000,0,0,0,0,0,0,0,0,0,0,0,198,0,220.0,227.03232565857093,126.73466885462403,389.3996267579496,26.0
1791185682,32,TXN,multimodal_e2e,5.700000,1.400000,0,0,0,0,0,0,0,0,0,0,0,197,31,640.0,19400.113721801263,0.7178769446909428,60490.91163882986,25.385786802030456
1791185682,32,,Aggregated,20.000000,2.800000,0,0,0,0,0,0,0,0,0,0,0,790,62,11,4897.893603310531,0.6410167552530766,60490.91163882986,22.370886075949368
1791185683,32,POST,/api/playground/conversations,5.700000,1.400000,0,0,0,0,0,0,0,0,0,0,0,229,31,7,8.79429636409254,0.6410167552530766,65.26524433866143,32.85589519650655
1791185683,32,POST,/api/playground/conversations/{conversation_id}/chat/sse,4.300000,0.000000,0,0,0,0,0,0,0,0,0,0,0,166,0,3,3.296681160825383,1.7232559621334076,14.198328834027052,0.0
1791185683,32,POST,/api/playground/conversations/{conversation_id}/chat/{chat_id}/attachment,4.300000,0.000000,0,0,0,0,0,0,0,0,0,0,0,198,0,220.0,227.03232565857093,126.73466885462403,389.3996267579496,26.0
1791185683,32,TXN,multimodal_e2e,5.700000,1.400000,0,0,0,0,0,0,0,0,0,0,0,197,31,640.0,19400.113721801263,0.7178769446909428,60490.91163882986,25.385786802030456
1791185683,32,,Aggregated,20.000000,2.800000,0,0,0,0,0,0,0,0,0,0,0,790,62,11,4897.893603310531,0.6410167552530766,60490.91163882986,22.370886075949368
1791185684,32,POST,/api/playground/conversations,5.700000,1.400000,0,0,0,0,0,0,0,0,0,0,0,229,31,7,8.79429636409254,0.6410167552530766,65.26524433866143,32.85589519650655
1791185684,32,POST,/api/playground/conversations/{conversation_id}/chat/sse,4.300000,0.000000,0,0,0,0,0,0,0,0,0,0,0,166,0,3,3.296681160825383,1.7232559621334076,14.198328834027052,0.0
1791185684,32,POST,/api/playground/conversations/{conversation_id}/chat/{chat_id}/attachment,4.300000,0.000000,0,0,0,0,0,0,0,0,0,0,0,198,0,220.0,227.03232565857093,126.73466885462403,389.3996267579496,26.0
1791185684,32,TXN,multimodal_e2e,5.700000,1.400000,0,0,0,0,0,0,0,0,0,0,0,197,31,640.0,19400.113721801263,0.7178769446909428,60490.91163882986,25.385786802030456
1791185684,32,,Aggregated,20.000000,2.800000,0,0,0,0,0,0,0,0,0,0,0,790,62,11,4897.893603310531,0.6410167552530766,60490.91163882986,22.370886075949368
1791185685,32,POST,/api/playground/conversations,5.700000,1.400000,0,0,0,0,0,0,0,0,0,0,0,229,31,7,8.79429636409254,0.6410167552530766,65.26524433866143,32.85589519650655
1791185685,32,POST,/api/playground/conversations/{conversation_id}/chat/sse,4.300000,0.000000,0,0,0,0,0,0,0,0,0,0,0,166,0,3,3.296681160825383,1.7232559621334076,14.198328834027052,0.0
1791185685,32,POST,/api/playground/conversations/{conversation_id}/chat/{chat_id}/attachment,4.300000,0.000000,0,0,0,0,0,0,0,0,0,0,0,198,0,220.0,227.03232565857093,126.73466885462403,389.3996267579496,26.0
1791185685,32,TXN,multimodal_e2e,5.700000,1.400000,0,0,0,0,0,0,0,0,0,0,0,197,31,640.0,19400.113721801263,0.7178769446909428,60490.91163882986,25.385786802030456
1791185685,32,,Aggregated,20.000000,2.800000,0,0,0,0,0,0,0,0,0,0,0,790,62,11,4897.893603310531,0.6410167552530766,60490.91163882986,22.370886075949368
1791185686,32,POST,/api/playground/conversations,5.700000,1.400000,0,0,0,0,0,0,0,0,0,0,0,229,31,7,8.79429636409254,0.6410167552530766,65.26524433866143,32.85589519650655
1791185686,32,POST,/api/playground/conversations/{conversation_id}/chat/sse,4.300000,0.000000,0,0,0,0,0,0,0,0,0,0,0,166,0,3,3.296681160825383,1.7232559621334076,14.198328834027052,0.0
1791185686,32,POST,/api/playground/conversations/{conversation_id}/chat/{chat_id}/attachment,4.300000,0.000000,0,0,0,0,0,0,0,0,0,0,0,198,0,220.0,227.03232565857093,126.73466885462403,389.3996267579496,26.0
1791185686,32,TXN,multimodal_e2e,5.700000,1.400000,0,0,0,0,0,0,0,0,0,0,0,197,31,640.0,19400.113721801263,0.7178769446909428,60490.91163882986,25.385786802030456
1791185686,32,,Aggregated,20.000000,2.800000,0,0,0,0,0,0,0,0,0,0,0,790,62,11,4897.893603310531,0.6410167552530766,60490.91163882986,22.370886075949368
1791185687,32,POST,/api/playground/conversations,5.700000,1.400000,0,0,0,0,0,0,0,0,0,0,0,229,31,7,8.79429636409254,0.6410167552530766,65.26524433866143,32.85589519650655
1791185687,32,POST,/api/playground/conversations/{conversation_id}/chat/sse,4.300000,0.000000,0,0,0,0,0,0,0,0,0,0,0,166,0,3,3.296681160825383,1.7232559621334076,14.198328834027052,0.0
1791185687,32,POST,/api/playground/conversations/{conversation_id}/chat/{chat_id}/attachment,4.300000,0.000000,0,0,0,0,0,0,0,0,0,0,0,198,0,220.0,227.03232565857093,126.73466885462403,389.3996267579496,26.0
1791185687,32,TXN,multimodal_e2e,5.700000,1.400000,0,0,0,0,0,0,0,0,0,0,0,197,31,640.0,19400.113721801263,0.7178769446909428,60490.91163882986,25.385786802030456
1791185687,32,,Aggregated,20.000000,2.800000,0,0,0,0,0,0,0,0,0,0,0,790,62,11,4897.893603310531,0.6410167552530766,60490.91163882986,22.370886075949368
1791185688,32,POST,/api/playground/conversations,5.700000,1.400000,0,0,0,0,0,0,0,0,0,0,0,229,31,7,8.79429636409254,0.6410167552530766,65.26524433866143,32.85589519650655
1791185688,32,POST,/api/playground/conversations/{conversation_id}/chat/sse,4.300000,0.000000,0,0,0,0,0,0,0,0,0,0,0,166,0,3,3.296681160825383,1.7232559621334076,14.198328834027052,0.0
1791185688,32,POST,/api/playground/conversations/{conversation_id}/chat/{chat_id}/attachment,4.300000,0.000000,0,0,0,0,0,0,0,0,0,0,0,198,0,220.0,227.03232565857093,126.73466885462403,389.3996267579496,26.0
1791185688,32,TXN,multimodal_e2e,5.700000,1.400000,0,0,0,0,0,0,0,0,0,0,0,197,31,640.0,19400.113721801263,0.7178769446909428,60490.91163882986,25.385786802030456
1791185688,32,,Aggregated,20.000000,2.800000,0,0,0,0,0,0,0,0,0,0,0,790,62,11,4897.893603310531,0.6410167552530766,60490.91163882986,22.370886075949368
1791185689,32,POST,/api/playground/conversations,5.700000,1.400000,0,0,0,0,0,0,0,0,0,0,0,229,31,7,8.79429636409254,0.6410167552530766,65.26524433866143,32.85589519650655
1791185689,32,POST,/api/playground/conversations/{conversation_id}/chat/sse,4.300000,0.000000,0,0,0,0,0,0,0,0,0,0,0,166,0,3,3.296681160825383,1.7232559621334076,14.198328834027052,0.0
1791185689,32,POST,/api/playground/conversations/{conversation_id}/chat/{chat_id}/attachment,4.300000,0.000000,0,0,0,0,0,0,0,0,0,0,0,198,0,220.0,227.03232565857093,126.73466885462403,389.3996267579496,26.0
1791185689,32,TXN,multimodal_e2e,5.700000,1.400000,0,0,0,0,0,0,0,0,0,0,0,197,31,640.0,19400.113721801263,0.7178769446909428,60490.91163882986,25.385786802030456
1791185689,32,,Aggregated,20.000000,2.800000,0,0,0,0,0,0,0,0,0,0,0,790,62,11,4897.893603310531,0.6410167552530766,60490.91163882986,22.370886075949368
1791185690,32,POST,/api/playground/conversations,5.700000,1.400000,0,0,0,0,0,0,0,0,0,0,0,229,31,7,8.79429636409254,0.6410167552530766,65.26524433866143,32.85589519650655
1791185690,32,POST,/api/playground/conversations/{conversation_id}/chat/sse,4.300000,0.000000,0,0,0,0,0,0,0,0,0,0,0,166,0,3,3.296681160825383,1.7232559621334076,14.198328834027052,0.0
1791185690,32,POST,/api/playground/conversations/{conversation_id}/chat/{chat_id}/attachment,4.300000,0.000000,0,0,0,0,0,0,0,0,0,0,0,198,0,220.0,227.03232565857093,126.73466885462403,389.3996267579496,26.0
1791185690,32,TXN,multimodal_e2e,5.700000,1.400000,0,0,0,0,0,0,0,0,0,0,0,197,31,640.0,19400.113721801263,0.7178769446909428,60490.91163882986,25.385786802030456
1791185690,32,,Aggregated,20.000000,2.800000,0,0,0,0,0,0,0,0,0,0,0,790,62,11,4897.893603310531,0.6410167552530766,60490.91163882986,22.370886075949368
1791185691,32,POST,/api/playground/conversations,5.700000,1.400000,0,0,0,0,0,0,0,0,0,0,0,229,31,7,8.79429636409254,0.6410167552530766,65.26524433866143,32.85589519650655
1791185691,32,POST,/api/playground/conversations/{conversation_id}/chat/sse,4.300000,0.000000,0,0,0,0,0,0,0,0,0,0,0,166,0,3,3.296681160825383,1.7232559621334076,14.198328834027052,0.0
1791185691,32,POST,/api/playground/conversations/{conversation_id}/chat/{chat_id}/attachment,4.300000,0.000000,0,0,0,0,0,0,0,0,0,0,0,198,0,220.0,227.03232565857093,126.73466885462403,389.3996267579496,26.0
1791185691,32,TXN,multimodal_e2e,5.700000,1.400000,0,0,0,0,0,0,0,0,0,0,0,197,31,640.0,19400.113721801263,0.7178769446909428,60490.91163882986,25.385786802030456
1791185691,32,,Aggregated,20.000000,2.800000,0,0,0,0,0,0,0,0,0,0,0,790,62,11,4897.893603310531,0.6410167552530766,60490.91163882986,22.370886075949368
1791185692,32,POST,/api/playground/conversations,0.000000,0.000000,0,0,0,0,0,0,0,0,0,0,0,230,31,7,8.802146492930857,0.6410167552530766,65.26524433866143,32.87826086956522
1791185692,32,POST,/api/playground/conversations/{conversation_id}/chat/sse,0.000000,0.000000,0,0,0,0,0,0,0,0,0,0,0,167,0,3,3.3580755430111986,1.7232559621334076,14.198328834027052,0.0
1791185692,32,POST,/api/playground/conversations/{conversation_id}/chat/{chat_id}/attachment,0.000000,0.000000,0,0,0,0,0,0,0,0,0,0,0,198,0,220.0,227.03232565857093,126.73466885462403,389.3996267579496,26.0
1791185692,32,TXN,multimodal_e2e,0.000000,0.000000,0,0,0,0,0,0,0,0,0,0,0,198,31,640.0,19606.783215038835,0.7178769446909428,60490.91163882986,25.41919191919192
1791185692,32,,Aggregated,0.000000,0.000000,0,0,0,0,0,0,0,0,0,0,0,793,62,12,4955.461247625653,0.6410167552530766,60490.91163882986,22.37452711223203
1791185693,32,POST,/api/playground/conversations,0.000000,0.000000,8,8,11,11,11,11,11,11,11,11,11,232,31,7,8.796145302516505,0.6410167552530766,65.26524433866143,32.922413793103445
1791185693,32,POST,/api/playground/conversations/{conversation_id}/chat/sse,0.000000,0.000000,2,2,14,14,14,14,14,14,14,14,14,169,0,3,3.344175447131226,1.7232559621334076,14.198328834027052,0.0
1791185693,32,POST,/api/playground/conversations/{conversation_id}/chat/{chat_id}/attachment,0.000000,0.000000,230,230,260,260,260,260,260,260,260,260,260,201,0,220.0,227.20437888658387,126.73466885462403,389.3996267579496,26.0
1791185693,32,TXN,multimodal_e2e,0.000000,0.000000,60000,60000,60000,60000,60000,60000,60000,60000,60000,60000,60000,200,31,640.0,19715.154701902065,0.7178769446909428,60490.91163882986,25.425
1791185693,32,,Aggregated,0.000000,0.000000,220,230,630,630,60000,60000,60000,60000,60000,60000,60000,802,62,12,4976.689391393224,0.6410167552530766,60490.91163882986,22.380299251870323
1791185694,32,POST,/api/playground/conversations,0.000000,0.000000,8,11,11,12,12,12,12,12,12,12,12,234,31,7,8.800973180426746,0.6410167552530766,65.26524433866143,32.965811965811966
1791185694,32,POST,/api/playground/conversations/{conversation_id}/chat/sse,0.000000,0.000000,2,3,3,14,14,14,14,14,14,14,14,171,0,3,3.335619944403743,1.7232559621334076,14.198328834027052,0.0
1791185694,32,POST,/api/playground/conversations/{conversation_id}/chat/{chat_id}/attachment,0.000000,0.000000,230,230,260,260,260,260,260,260,260,260,260,202,0,220.0,227.2266427280916,126.73466885462403,389.3996267579496,26.0
1791185694,32,TXN,multimodal_e2e,0.000000,0.000000,60000,60000,60000,60000,60000,60000,60000,60000,60000,60000,60000,202,31,640.0,19820.942588798276,0.7178769446909428,60490.91163882986,25.386138613861387
1791185694,32,,Aggregated,0.000000,0.000000,14,230,520,630,60000,60000,60000,60000,60000,60000,60000,809,62,12,5009.097655751594,0.6410167552530766,60490.91163882986,22.365883807169343
1791185695,32,POST,/api/playground/conversations,0.200000,0.000000,8,8,11,11,12,12,12,12,12,12,12,235,31,7,8.794143958453168,0.6410167552530766,65.26524433866143,32.98723404255319
1791185695,32,POST,/api/playground/conversations/{conversation_id}/chat/sse,0.200000,0.000000,2,2,3,3,14,14,14,14,14,14,14,172,0,2,3.3294464499408076,1.7232559621334076,14.198328834027052,0.0
1791185695,32,POST,/api/playground/conversations/{conversation_id}/chat/{chat_id}/attachment,0.100000,0.000000,240,240,260,260,260,260,260,260,260,260,260,204,0,220.0,227.43165613763838,126.73466885462403,389.3996267579496,26.0
1791185695,32,TXN,multimodal_e2e,0.200000,0.000000,60000,60000,60000,60000,60000,60000,60000,60000,60000,60000,60000,203,31,640.0,19726.094173070207,0.7178769446909428,60490.91163882986,25.320197044334975
1791185695,32,,Aggregated,0.700000,0.000000,220,240,520,570,60000,60000,60000,60000,60000,60000,60000,814,62,12,4979.6467611854505,0.6410167552530766,60490.91163882986,22.353808353808354
1791185696,32,POST,/api/playground/conversations,0.400000,0.000000,9,11,11,11,12,12,12,12,12,12,12,237,31,7,8.804579957030745,0.6410167552530766,65.26524433866143,33.029535864978904
1791185696,32,POST,/api/playground/conversations/{conversation_id}/chat/sse,0.400000,0.000000,2,2,3,3,14,14,14,14,14,14,14,174,0,2,3.3124384106318843,1.7232559621334076,14.198328834027052,0.0
1791185696,32,POST,/api/playground/conversations/{conversation_id}/chat/{chat_id}/attachment,0.400000,0.000000,240,260,260,260,260,260,260,260,260,260,260,206,0,220.0,227.39501554491812,126.73466885462403,389.3996267579496,26.0
1791185696,32,TXN,multimodal_e2e,0.400000,0.000000,60000,60000,60000,60000,60000,60000,60000,60000,60000,60000,60000,205,31,650.0,20121.776659209736,0.7178769446909428,60490.91163882986,25.385365853658538
1791185696,32,,Aggregated,1.600000,0.000000,190,260,520,570,60000,60000,60000,60000,60000,60000,60000,822,62,12,5078.4314331794585,0.6410167552530766,60490.91163882986,22.369829683698295
1791185697,32,POST,/api/playground/conversations,0.600000,0.000000,8,9,11,11,11,12,12,12,12,12,12,240,31,7,8.791699508825937,0.6410167552530766,65.26524433866143,33.09166666666667
1791185697,32,POST,/api/playground/conversations/{conversation_id}/chat/sse,0.600000,0.000000,2,2,3,3,12,14,14,14,14,14,14,177,0,2,3.347835100997808,1.7232559621334076,14.198328834027052,0.0
1791185697,32,POST,/api/playground/conversations/{conversation_id}/chat/{chat_id}/attachment,0.500000,0.000000,240,260,260,260,260,260,260,260,260,260,260,209,0,220.0,227.58140672515168,126.73466885462403,389.3996267579496,26.0
1791185697,32,TXN,multimodal_e2e,0.600000,0.000000,60000,60000,60000,60000,60000,60000,60000,60000,60000,60000,60000,208,31,640.0,20127.097551043753,0.7178769446909428,60490.91163882986,25.326923076923077
1791185697,32,,Aggregated,2.300000,0.000000,190,260,520,600,60000,60000,60000,60000,60000,60000,60000,834,62,12,5079.980071124283,0.6410167552530766,60490.91163882986,22.354916067146284
1791185698,32,POST,/api/playground/conversations,0.700000,0.000000,8,9,9,11,11,12,12,12,12,12,12,244,31,7,8.778342314934754,0.6410167552530766,65.26524433866143,33.17213114754098
1791185698,32,POST,/api/playground/conversations/{conversation_id}/chat/sse,0.700000,0.000000,2,2,3,3,12,14,14,14,14,14,14,181,0,2,3.319038340605754,1.7232559621334076,14.198328834027052,0.0
1791185698,32,POST,/api/playground/conversations/{conversation_id}/chat/{chat_id}/attachment,0.600000,0.000000,240,260,260,260,260,260,260,260,260,260,260,212,0,220.0,227.85278832988004,126.73466885462403,389.3996267579496,26.0
1791185698,32,TXN,multimodal_e2e,0.700000,0.000000,60000,60000,60000,60000,60000,60000,60000,60000,60000,60000,60000,212,31,640.0,20321.732511060785,0.7178769446909428,60490.91163882986,25.25943396226415
1791185698,32,,Aggregated,2.700000,0.000000,14,240,520,600,60000,60000,60000,60000,60000,60000,60000,849,62,12,5134.575671301903,0.6410167552530766,60490.91163882986,22.333333333333332
1791185699,32,POST,/api/playground/conversations,1.000000,0.000000,8,9,9,11,11,12,12,12,12,12,12,249,32,7,8.736376040970466,0.6410167552530766,65.26524433866143,33.11646586345382
1791185699,32,POST,/api/playground/conversations/{conversation_id}/chat/sse,1.000000,0.000000,2,3,3,3,12,14,14,14,14,14,14,185,0,2,3.307242507769449,1.7232559621334076,14.198328834027052,0.0
1791185699,32,POST,/api/playground/conversations/{conversation_id}/chat/{chat_id}/attachment,0.900000,0.000000,240,240,260,260,260,260,260,260,260,260,260,216,0,220.0,227.82183365240968,126.73466885462403,389.3996267579496,26.0
1791185699,32,TXN,multimodal_e2e,1.000000,0.000000,60000,60000,60000,60000,60000,60000,60000,60000,60000,60000,60000,217,32,640.0,20415.0841531112,0.7178769446909428,60490.91163882986,25.152073732718893
1791185699,32,,Aggregated,3.900000,0.000000,12,240,260,570,60000,60000,60000,60000,60000,60000,60000,867,64,12,5169.6308821132525,0.6410167552530766,60490.91163882986,22.283737024221452
1791185700,32,POST,/api/playground/conversations,1.300000,0.000000,8,9,10,10,11,11,12,12,12,12,12,252,32,7,8.74081075686725,0.6410167552530766,65.26524433866143,33.17460317460318
1791185700,32,POST,/api/playground/conversations/{conversation_id}/chat/sse,1.300000,0.000000,2,3,3,3,5,12,14,14,14,14,14,188,0,2,3.2992917484544377,1.7232559621334076,14.198328834027052,0.0
1791185700,32,POST,/api/playground/conversations/{conversation_id}/chat/{chat_id}/attachment,1.300000,0.000000,240,240,260,260,260,260,260,260,260,260,260,218,0,220.0,227.81787943009527,126.73466885462403,389.3996267579496,26.0
1791185700,32,TXN,multimodal_e2e,1.300000,0.000000,60000,60000,60000,60000,60000,60000,60000,60000,60000,60000,60000,220,32,650.0,20687.858081839724,0.7178769446909428,60490.91163882986,25.19090909090909
1791185700,32,,Aggregated,5.200000,0.000000,12,240,520,600,60000,60000,60000,60000,60000,60000,60000,878,64,12,5243.5262265147385,0.6410167552530766,60490.91163882986,22.289293849658314
1791185701,32,POST,/api/playground/conversations,1.800000,0.100000,8,9,10,11,12,22,24,24,24,24,24,258,33,7,8.798061469353216,0.6410167552530766,65.26524433866143,33.13953488372093
1791185701,32,POST,/api/playground/conversations/{conversation_id}/chat/sse,1.700000,0.000000,2,3,3,3,5,12,14,14,14,14,14,193,0,2,3.289403963274289,1.7232559621334076,14.198328834027052,0.0
1791185701,32,POST,/api/playground/conversations/{conversation_id}/chat/{chat_id}/attachment,1.700000,0.000000,240,250,260,260,270,410,410,410,410,410,410,222,0,220.0,229.53080695315458,126.73466885462403,414.1853707842529,26.0
1791185701,32,TXN,multimodal_e2e,1.800000,0.100000,60000,60000,60000,60000,60000,60000,60000,60000,60000,60000,60000,226,33,650.0,20944.518400399444,0.7178769446909428,60490.91163882986,25.08407079646018
1791185701,32,,Aggregated,7.000000,0.200000,12,240,410,600,60000,60000,60000,60000,60000,60000,60000,899,66,12,5325.163239663937,0.6410167552530766,60490.91163882986,22.236929922135705
1791185702,32,POST,/api/playground/conversations,2.100000,0.100000,8,9,9,10,12,22,24,24,24,24,24,261,33,7,8.779736437345944,0.6410167552530766,65.26524433866143,33.195402298850574
1791185702,32,POST,/api/playground/conversations/{conversation_id}/chat/sse,2.000000,0.000000,2,3,3,4,5,6,12,12,12,12,12,196,0,2,3.300962382832504,1.7232559621334076,14.198328834027052,0.0
1791185702,32,POST,/api/playground/conversations/{conversation_id}/chat/{chat_id}/attachment,2.000000,0.000000,240,260,270,330,410,420,440,440,440,440,440,228,0,220.0,232.77615582807348,126.73466885462403,441.94478588178754,26.0
1791185702,32,TXN,multimodal_e2e,2.100000,0.100000,60000,60000,60000,60000,60000,60000,60000,60000,60000,60000,60000,229,33,660.0,20940.710255011963,0.7178769446909428,60490.91163882986,25.0
1791185702,32,,Aggregated,8.200000,0.200000,22,260,420,570,60000,60000,60000,60000,60000,60000,60000,914,66,12,5307.914783111294,0.6410167552530766,60490.91163882986,22.228665207877462
1791185703,32,POST,/api/playground/conversations,2.500000,0.100000,8,9,10,10,11,22,24,24,24,24,24,267,33,7,8.772911802143529,0.6410167552530766,65.26524433866143,33.30337078651685
1791185703,32,POST,/api/playground/conversations/{conversation_id}/chat/sse,2.400000,0.000000,2,3,4,4,5,7,12,12,12,12,12,203,0,3,3.305586559578703,1.7232559621334076,14.198328834027052,0.0
1791185703,32,POST,/api/playground/conversations/{conversation_id}/chat/{chat_id}/attachment,2.300000,0.000000,250,260,270,330,410,420,440,440,440,440,440,232,0,220.0,232.89417250258526,126.73466885462403,441.94478588178754,26.0
1791185703,32,TXN,multimodal_e2e,2.500000,0.100000,60000,60000,60000,60000,60000,60000,60000,60000,60000,60000,60000,236,33,660.0,21350.690061402096,0.7178769446909428,60490.91163882986,24.991525423728813
1791185703,32,,Aggregated,9.700000,0.200000,12,260,540,600,60000,60000,60000,60000,60000,60000,60000,938,66,12,5432.63081453546,0.6410167552530766,60490.91163882986,22.19829424307036
1791185704,32,POST,/api/playground/conversations,3.200000,0.200000,8,9,9,10,11,22,24,24,24,24,24,272,33,7,8.749058596817228,0.6410167552530766,65.26524433866143,33.38970588235294
1791185704,32,POST,/api/playground/conversations/{conversation_id}/chat/sse,3.000000,0.000000,3,3,4,5,6,7,12,12,12,12,12,207,0,3,3.3294978115149743,1.7232559621334076,14.198328834027052,0.0
1791185704,32,POST,/api/playground/conversations/{conversation_id}/chat/{chat_id}/attachment,2.800000,0.000000,250,260,310,380,420,420,440,440,440,440,440,238,0,220.0,234.7592947311981,126.73466885462403,441.94478588178754,26.0
1791185704,32,TXN,multimodal_e2e,3.200000,0.200000,60000,60000,60000,60000,60000,60000,60000,60000,60000,60000,60000,240,33,660.0,21504.859199442824,0.7178769446909428,60490.91163882986,24.979166666666668
1791185704,32,,Aggregated,12.200000,0.400000,22,260,440,610,60000,60000,60000,60000,60000,60000,60000,957,66,12,5454.6581713663745,0.6410167552530766,60490.91163882986,22.22048066875653
1791185705,32,POST,/api/playground/conversations,3.300000,0.200000,8,9,9,10,22,27,41,41,41,41,41,278,34,7,8.965401124651377,0.6410167552530766,65.26524433866143,33.35251798561151
1791185705,32,POST,/api/playground/conversations/{conversation_id}/chat/sse,3.100000,0.000000,3,3,4,5,6,7,12,12,12,12,12,212,0,2,3.3020532101322457,1.7232559621334076,14.198328834027052,0.0
1791185705,32,POST,/api/playground/conversations/{conversation_id}/chat/{chat_id}/attachment,3.200000,0.000000,250,260,310,330,420,420,440,440,440,440,440,243,0,220.0,234.50513602974115,126.73466885462403,441.94478588178754,26.0
1791185705,32,TXN,multimodal_e2e,3.300000,0.200000,60000,60000,60000,60000,60000,60000,60000,60000,60000,60000,60000,246,34,670.0,21720.80803901805,0.7178769446909428,60490.91163882986,24.91869918699187
1791185705,32,,Aggregated,12.900000,0.400000,27,250,420,600,60000,60000,60000,60000,60000,60000,60000,979,68,12,5519.403414143891,0.6410167552530766,60490.91163882986,22.185903983656793
1791185706,32,POST,/api/playground/conversations,3.600000,0.200000,8,9,10,10,22,27,41,41,41,41,41,285,36,7,8.953706630946774,0.6410167552530766,65.26524433866143,33.2
1791185706,32,POST,/api/playground/conversations/{conversation_id}/chat/sse,3.400000,0.000000,3,3,4,5,5,6,7,7,7,7,7,217,0,3,3.3128695167635445,1.7232559621334076,14.198328834027052,0.0
1791185706,32,POST,/api/playground/conversations/{conversation_id}/chat/{chat_id}/attachment,3.300000,0.000000,250,270,330,340,420,420,440,440,440,440,440,247,0,220.0,235.294055357681,126.73466885462403,441.94478588178754,26.0
1791185706,32,TXN,multimodal_e2e,3.600000,0.200000,860,60000,60000,60000,60000,60000,60000,60000,60000,60000,60000,253,36,670.0,21604.588052808223,0.7178769446909428,60490.91163882986,24.675889328063242
1791185706,32,,Aggregated,13.900000,0.400000,21,250,420,600,60000,60000,60000,60000,60000,60000,60000,1002,72,12,5516.316475158468,0.6410167552530766,60490.91163882986,22.082834331337324
1791185707,32,POST,/api/playground/conversations,4.100000,0.200000,8,9,10,10,22,27,41,41,41,41,41,290,37,7,8.921897628119794,0.6410167552530766,65.26524433866143,33.15172413793103
1791185707,32,POST,/api/playground/conversations/{conversation_id}/chat/sse,3.900000,0.000000,3,3,4,5,6,6,7,7,7,7,7,221,0,3,3.3183906952180475,1.7232559621334076,14.198328834027052,0.0
1791185707,32,POST,/api/playground/conversations/{conversation_id}/chat/{chat_id}/attachment,3.700000,0.000000,250,310,320,330,410,420,440,440,440,440,440,252,0,220.0,236.11747494543948,126.73466885462403,441.94478588178754,26.0
1791185707,32,TXN,multimodal_e2e,4.100000,0.200000,930,60000,60000,60000,60000,60000,60000,60000,60000,60000,60000,258,37,670.0,21662.421938055377,0.7178769446909428,60490.91163882986,24.74031007751938
1791185707,32,,Aggregated,15.800000,0.400000,12,250,420,620,60000,60000,60000,60000,60000,60000,60000,1021,74,12,5535.482055201112,0.6410167552530766,60490.91163882986,22.08521057786484
1791185708,32,POST,/api/playground/conversations,4.600000,0.400000,8,9,10,10,22,27,41,41,41,41,41,295,38,7,8.887435715266708,0.6410167552530766,65.26524433866143,33.10508474576271
1791185708,32,POST,/api/playground/conversations/{conversation_id}/chat/sse,4.200000,0.000000,3,4,5,5,6,6,7,7,7,7,7,225,0,3,3.334230888220999,1.7232559621334076,14.198328834027052,0.0
1791185708,32,POST,/api/playground/conversations/{conversation_id}/chat/{chat_id}/attachment,4.200000,0.000000,250,310,320,330,410,420,440,440,440,440,440,256,0,220.0,236.1443273784971,126.73466885462403,441.94478588178754,26.0
1791185708,32,TXN,multimodal_e2e,4.600000,0.400000,860,60000,60000,60000,60000,60000,60000,60000,60000,60000,60000,263,38,670.0,21486.875536423107,0.7178769446909428,60490.91163882986,24.55133079847909
1791185708,32,,Aggregated,17.600000,0.800000,12,250,420,600,60000,60000,60000,60000,60000,60000,60000,1039,76,12,5500.359200552479,0.6410167552530766,60490.91163882986,22.020211742059672
1791185709,32,POST,/api/playground/conversations,4.700000,0.500000,8,9,10,10,22,27,41,41,41,41,41,297,38,7,8.896453796826329,0.6410167552530766,65.26524433866143,33.138047138047135
1791185709,32,POST,/api/playground/conversations/{conversation_id}/chat/sse,4.200000,0.000000,3,4,5,5,6,6,7,7,7,7,7,227,0,3,3.3299227302590393,1.7232559621334076,14.198328834027052,0.0
1791185709,32,POST,/api/playground/conversations/{conversation_id}/chat/{chat_id}/attachment,4.300000,0.000000,250,310,320,330,410,420,440,440,440,440,440,259,0,220.0,236.01761566561333,126.73466885462403,441.94478588178754,26.0
1791185709,32,TXN,multimodal_e2e,4.700000,0.500000,840,60000,60000,60000,60000,60000,60000,60000,60000,60000,60000,265,38,670.0,21554.401903957973,0.7178769446909428,60490.91163882986,24.528301886792452
1791185709,32,,Aggregated,17.900000,1.000000,21,260,420,590,60000,60000,60000,60000,60000,60000,60000,1048,76,12,5511.87328840046,0.6410167552530766,60490.91163882986,22.019083969465647
1791185710,32,POST,/api/playground/conversations,4.700000,0.500000,8,9,10,12,22,27,41,41,41,41,41,298,38,7,8.908051642708031,0.6410167552530766,65.26524433866143,33.15436241610738
1791185710,32,POST,/api/playground/conversations/{conversation_id}/chat/sse,4.200000,0.000000,3,4,5,5,6,7,7,7,7,7,7,228,0,3,3.3403332100102774,1.7232559621334076,14.198328834027052,0.0
1791185710,32,POST,/api/playground/conversations/{conversation_id}/chat/{chat_id}/attachment,4.300000,0.000000,250,270,310,330,420,420,440,440,440,440,440,260,0,220.0,236.1317227397544,126.73466885462403,441.94478588178754,26.0
1791185710,32,TXN,multimodal_e2e,4.700000,0.500000,840,60000,60000,60000,60000,60000,60000,60000,60000,60000,60000,266,38,670.0,21475.873861255306,0.7178769446909428,60490.91163882986,24.507518796992482
1791185710,32,,Aggregated,17.900000,1.000000,21,250,420,590,60000,60000,60000,60000,60000,60000,60000,1052,76,12,5491.818336851385,0.6410167552530766,60490.91163882986,22.01425855513308
1791185711,32,POST,/api/playground/conversations,4.700000,0.500000,8,9,10,11,21,30,41,41,41,41,41,298,38,7,8.908051642708031,0.6410167552530766,65.26524433866143,33.15436241610738
1791185711,32,POST,/api/playground/conversations/{conversation_id}/chat/sse,4.200000,0.000000,3,4,5,5,6,7,7,7,7,7,7,228,0,3,3.3403332100102774,1.7232559621334076,14.198328834027052,0.0
1791185711,32,POST,/api/playground/conversations/{conversation_id}/chat/{chat_id}/attachment,4.300000,0.000000,250,270,310,310,330,420,420,420,420,420,420,260,0,220.0,236.1317227397544,126.73466885462403,441.94478588178754,26.0
1791185711,32,TXN,multimodal_e2e,4.700000,0.500000,830,60000,60000,60000,60000,60000,60000,60000,60000,60000,60000,266,38,670.0,21475.873861255306,0.7178769446909428,60490.91163882986,24.507518796992482
1791185711,32,,Aggregated,17.900000,1.000000,21,250,340,590,60000,60000,60000,60000,60000,60000,60000,1052,76,12,5491.818336851385,0.6410167552530766,60490.91163882986,22.01425855513308
1791185712,32,POST,/api/playground/conversations,4.700000,0.500000,9,9,10,12,21,30,41,41,41,41,41,298,38,7,8.908051642708031,0.6410167552530766,65.26524433866143,33.15436241610738
1791185712,32,POST,/api/playground/conversations/{conversation_id}/chat/sse,4.200000,0.000000,3,4,5,6,6,7,7,7,7,7,7,228,0,3,3.3403332100102774,1.7232559621334076,14.198328834027052,0.0
1791185712,32,POST,/api/playground/conversations/{conversation_id}/chat/{chat_id}/attachment,4.300000,0.000000,240,270,290,310,340,420,420,420,420,420,420,260,0,220.0,236.1317227397544,126.73466885462403,441.94478588178754,26.0
1791185712,32,TXN,multimodal_e2e,4.700000,0.500000,830,60000,60000,60000,60000,60000,60000,60000,60000,60000,60000,266,38,670.0,21475.873861255306,0.7178769446909428,60490.91163882986,24.507518796992482
1791185712,32,,Aggregated,17.900000,1.000000,13,250,340,580,60000,60000,60000,60000,60000,60000,60000,1052,76,12,5491.818336851385,0.6410167552530766,60490.91163882986,22.01425855513308
1791185713,32,POST,/api/playground/conversations,4.700000,0.500000,8,9,10,12,27,30,41,41,41,41,41,298,38,7,8.908051642708031,0.6410167552530766,65.26524433866143,33.15436241610738
1791185713,32,POST,/api/playground/conversations/{conversation_id}/chat/sse,4.200000,0.000000,3,4,5,6,6,6,7,7,7,7,7,228,0,3,3.3403332100102774,1.7232559621334076,14.198328834027052,0.0
1791185713,32,POST,/api/playground/conversations/{conversation_id}/chat/{chat_id}/attachment,4.300000,0.000000,240,260,270,290,320,330,340,340,340,340,340,260,0,220.0,236.1317227397544,126.73466885462403,441.94478588178754,26.0
1791185713,32,TXN,multimodal_e2e,4.700000,0.500000,740,60000,60000,60000,60000,60000,60000,60000,60000,60000,60000,266,38,670.0,21475.873861255306,0.7178769446909428,60490.91163882986,24.507518796992482
1791185713,32,,Aggregated,17.900000,1.000000,13,240,320,570,1500,60000,60000,60000,60000,60000,60000,1052,76,12,5491.818336851385,0.6410167552530766,60490.91163882986,22.01425855513308
1791185714,32,POST,/api/playground/conversations,4.700000,0.500000,8,9,9,10,12,13,21,21,21,21,21,298,38,7,8.908051642708031,0.6410167552530766,65.26524433866143,33.15436241610738
1791185714,32,POST,/api/playground/conversations/{conversation_id}/chat/sse,4.200000,0.000000,3,4,5,5,6,6,6,6,6,6,6,228,0,3,3.3403332100102774,1.7232559621334076,14.198328834027052,0.0
1791185714,32,POST,/api/playground/conversations/{conversation_id}/chat/{chat_id}/attachment,4.300000,0.000000,240,270,290,310,330,340,340,340,340,340,340,260,0,220.0,236.1317227397544,126.73466885462403,441.94478588178754,26.0
1791185714,32,TXN,multimodal_e2e,4.700000,0.500000,700,1500,60000,60000,60000,60000,60000,60000,60000,60000,60000,266,38,670.0,21475.873861255306,0.7178769446909428,60490.91163882986,24.507518796992482
1791185714,32,,Aggregated,17.900000,1.000000,12,240,310,550,740,60000,60000,60000,60000,60000,60000,1052,76,12,5491.818336851385,0.6410167552530766,60490.91163882986,22.01425855513308
1791185715,32,POST,/api/playground/conversations,4.700000,0.500000,8,9,12,12,13,21,21,21,21,21,21,298,38,7,8.908051642708031,0.6410167552530766,65.26524433866143,33.15436241610738
1791185715,32,POST,/api/playground/conversations/{conversation_id}/chat/sse,4.200000,0.000000,3,4,4,6,6,6,6,6,6,6,6,228,0,3,3.3403332100102774,1.7232559621334076,14.198328834027052,0.0
1791185715,32,POST,/api/playground/conversations/{conversation_id}/chat/{chat_id}/attachment,4.300000,0.000000,240,270,270,290,310,320,320,320,320,320,320,260,0,220.0,236.1317227397544,126.73466885462403,441.94478588178754,26.0
1791185715,32,TXN,multimodal_e2e,4.700000,0.500000,670,1500,60000,60000,60000,60000,60000,60000,60000,60000,60000,266,38,670.0,21475.873861255306,0.7178769446909428,60490.91163882986,24.507518796992482
1791185715,32,,Aggregated,17.900000,1.000000,12,240,310,550,1500,60000,60000,60000,60000,60000,60000,1052,76,12,5491.818336851385,0.6410167552530766,60490.91163882986,22.01425855513308
1791185716,32,POST,/api/playground/conversations,4.700000,0.500000,8,9,9,9,12,13,13,13,13,13,13,298,38,7,8.908051642708031,0.6410167552530766,65.26524433866143,33.15436241610738
1791185716,32,POST,/api/playground/conversations/{conversation_id}/chat/sse,4.200000,0.000000,4,4,6,6,6,6,6,6,6,6,6,228,0,3,3.3403332100102774,1.7232559621334076,14.198328834027052,0.0
1791185716,32,POST,/api/playground/conversations/{conversation_id}/chat/{chat_id}/attachment,4.300000,0.000000,240,250,270,270,290,290,290,290,290,290,290,260,0,220.0,236.1317227397544,126.73466885462403,441.94478588178754,26.0
1791185716,32,TXN,multimodal_e2e,4.700000,0.500000,670,730,60000,60000,60000,60000,60000,60000,60000,60000,60000,266,38,670.0,21475.873861255306,0.7178769446909428,60490.91163882986,24.507518796992482
1791185716,32,,Aggregated,17.900000,1.000000,12,240,290,570,730,60000,60000,60000,60000,60000,60000,1052,76,12,5491.818336851385,0.6410167552530766,60490.91163882986,22.01425855513308
1791185717,32,POST,/api/playground/conversations,4.700000,0.500000,12,12,13,13,13,13,13,13,13,13,13,298,38,7,8.908051642708031,0.6410167552530766,65.26524433866143,33.15436241610738
1791185717,32,POST,/api/playground/conversations/{conversation_id}/chat/sse,4.200000,0.000000,3,3,6,6,6,6,6,6,6,6,6,228,0,3,3.3403332100102774,1.7232559621334076,14.198328834027052,0.0
1791185717,32,POST,/api/playground/conversations/{conversation_id}/chat/{chat_id}/attachment,4.300000,0.000000,240,240,270,270,270,270,270,270,270,270,270,260,0,220.0,236.1317227397544,126.73466885462403,441.94478588178754,26.0
1791185717,32,TXN,multimodal_e2e,4.700000,0.500000,670,670,60000,60000,60000,60000,60000,60000,60000,60000,60000,266,38,670.0,21475.873861255306,0.7178769446909428,60490.91163882986,24.507518796992482
1791185717,32,,Aggregated,17.900000,1.000000,210,240,270,550,670,60000,60000,60000,60000,60000,60000,1052,76,12,5491.818336851385,0.6410167552530766,60490.91163882986,22.01425855513308
1791185718,32,POST,/api/playground/conversations,4.700000,0.500000,12,12,12,12,12,12,12,12,12,12,12,298,38,7,8.908051642708031,0.6410167552530766,65.26524433866143,33.15436241610738
1791185718,32,POST,/api/playground/conversations/{conversation_id}/chat/sse,4.200000,0.000000,6,6,6,6,6,6,6,6,6,6,6,228,0,3,3.3403332100102774,1.7232559621334076,14.198328834027052,0.0
1791185718,32,POST,/api/playground/conversations/{conversation_id}/chat/{chat_id}/attachment,4.300000,0.000000,270,270,270,270,270,270,270,270,270,270,270,260,0,220.0,236.1317227397544,126.73466885462403,441.94478588178754,26.0
1791185718,32,TXN,multimodal_e2e,4.700000,0.500000,670,670,670,670,670,670,670,670,670,670,670,266,38,670.0,21475.873861255306,0.7178769446909428,60490.91163882986,24.507518796992482
1791185718,32,,Aggregated,17.900000,1.000000,270,270,270,270,670,670,670,670,670,670,670,1052,76,12,5491.818336851385,0.6410167552530766,60490.91163882986,22.01425855513308
1791185719,32,POST,/api/playground/conversations,4.700000,0.500000,12,12,12,12,12,12,12,12,12,12,12,298,38,7,8.908051642708031,0.6410167552530766,65.26524433866143,33.15436241610738
1791185719,32,POST,/api/playground/conversations/{conversation_id}/chat/sse,4.200000,0.000000,6,6,6,6,6,6,6,6,6,6,6,228,0,3,3.3403332100102774,1.7232559621334076,14.198328834027052,0.0
1791185719,32,POST,/api/playground/conversations/{conversation_id}/chat/{chat_id}/attachment,4.300000,0.000000,270,270,270,270,270,270,270,270,270,270,270,260,0,220.0,236.1317227397544,126.73466885462403,441.94478588178754,26.0
1791185719,32,TXN,multimodal_e2e,4.700000,0.500000,670,670,670,670,670,670,670,670,670,670,670,266,38,670.0,21475.873861255306,0.7178769446909428,60490.91163882986,24.507518796992482
1791185719,32,,Aggregated,17.900000,1.000000,270,270,270,270,670,670,670,670,670,670,670,1052,76,12,5491.818336851385,0.6410167552530766,60490.91163882986,22.01425855513308
1791185720,32,POST,/api/playground/conversations,4.700000,0.500000,12,12,12,12,12,12,12,12,12,12,12,298,38,7,8.908051642708031,0.6410167552530766,65.26524433866143,33.15436241610738
1791185720,32,POST,/api/playground/conversations/{conversation_id}/chat/sse,4.200000,0.000000,6,6,6,6,6,6,6,6,6,6,6,228,0,3,3.3403332100102774,1.7232559621334076,14.198328834027052,0.0
1791185720,32,POST,/api/playground/conversations/{conversation_id}/chat/{chat_id}/attachment,4.300000,0.000000,270,270,270,270,270,270,270,270,270,270,270,260,0,220.0,236.1317227397544,126.73466885462403,441.94478588178754,26.0
1791185720,32,TXN,multimodal_e2e,4.700000,0.500000,670,670,670,670,670,670,670,670,670,670,670,266,38,670.0,21475.873861255306,0.7178769446909428,60490.91163882986,24.507518796992482
1791185720,32,,Aggregated,17.900000,1.000000,270,270,270,270,670,670,670,670,670,670,670,1052,76,12,5491.818336851385,0.6410167552530766,60490.91163882986,22.01425855513308
1791185721,32,POST,/api/playground/conversations,4.700000,0.500000,12,12,12,12,12,12,12,12,12,12,12,298,38,7,8.908051642708031,0.6410167552530766,65.26524433866143,33.15436241610738
1791185721,32,POST,/api/playground/conversations/{conversation_id}/chat/sse,4.200000,0.000000,6,6,6,6,6,6,6,6,6,6,6,228,0,3,3.3403332100102774,1.7232559621334076,14.198328834027052,0.0
1791185721,32,POST,/api/playground/conversations/{conversation_id}/chat/{chat_id}/attachment,4.300000,0.000000,270,270,270,270,270,270,270,270,270,270,270,260,0,220.0,236.1317227397544,126.73466885462403,441.94478588178754,26.0
1791185721,32,TXN,multimodal_e2e,4.700000,0.500000,670,670,670,670,670,670,670,670,670,670,670,266,38,670.0,21475.873861255306,0.7178769446909428,60490.91163882986,24.507518796992482
1791185721,32,,Aggregated,17.900000,1.000000,270,270,270,270,670,670,670,670,670,670,670,1052,76,12,5491.818336851385,0.6410167552530766,60490.91163882986,22.01425855513308
1791185722,32,POST,/api/playground/conversations,4.700000,0.500000,12,12,12,12,12,12,12,12,12,12,12,298,38,7,8.908051642708031,0.6410167552530766,65.26524433866143,33.15436241610738
1791185722,32,POST,/api/playground/conversations/{conversation_id}/chat/sse,4.200000,0.000000,6,6,6,6,6,6,6,6,6,6,6,228,0,3,3.3403332100102774,1.7232559621334076,14.198328834027052,0.0
1791185722,32,POST,/api/playground/conversations/{conversation_id}/chat/{chat_id}/attachment,4.300000,0.000000,270,270,270,270,270,270,270,270,270,270,270,260,0,220.0,236.1317227397544,126.73466885462403,441.94478588178754,26.0
1791185722,32,TXN,multimodal_e2e,4.700000,0.500000,670,670,670,670,670,670,670,670,670,670,670,266,38,670.0,21475.873861255306,0.7178769446909428,60490.91163882986,24.507518796992482
1791185722,32,,Aggregated,17.900000,1.000000,270,270,270,270,670,670,670,670,670,670,670,1052,76,12,5491.818336851385,0.6410167552530766,60490.91163882986,22.01425855513308
1791185723,32,POST,/api/playground/conversations,4.700000,0.500000,12,12,12,12,12,12,12,12,12,12,12,298,38,7,8.908051642708031,0.6410167552530766,65.26524433866143,33.15436241610738
1791185723,32,POST,/api/playground/conversations/{conversation_id}/chat/sse,4.200000,0.000000,6,6,6,6,6,6,6,6,6,6,6,228,0,3,3.3403332100102774,1.7232559621334076,14.198328834027052,0.0
1791185723,32,POST,/api/playground/conversations/{conversation_id}/chat/{chat_id}/attachment,4.300000,0.000000,270,270,270,270,270,270,270,270,270,270,270,260,0,220.0,236.1317227397544,126.73466885462403,441.94478588178754,26.0
1791185723,32,TXN,multimodal_e2e,4.700000,0.500000,670,670,670,670,670,670,670,670,670,670,670,266,38,670.0,21475.873861255306,0.7178769446909428,60490.91163882986,24.507518796992482
1791185723,32,,Aggregated,17.900000,1.000000,270,270,270,270,670,670,670,670,670,670,670,1052,76,12,5491.818336851385,0.6410167552530766,60490.91163882986,22.01425855513308
1791185724,32,POST,/api/playground/conversations,4.700000,0.500000,12,12,12,12,12,12,12,12,12,12,12,298,38,7,8.908051642708031,0.6410167552530766,65.26524433866143,33.15436241610738
1791185724,32,POST,/api/playground/conversations/{conversation_id}/chat/sse,4.200000,0.000000,6,6,6,6,6,6,6,6,6,6,6,228,0,3,3.3403332100102774,1.7232559621334076,14.198328834027052,0.0
1791185724,32,POST,/api/playground/conversations/{conversation_id}/chat/{chat_id}/attachment,4.300000,0.000000,270,270,270,270,270,270,270,270,270,270,270,260,0,220.0,236.1317227397544,126.73466885462403,441.94478588178754,26.0
1791185724,32,TXN,multimodal_e2e,4.700000,0.500000,670,670,670,670,670,670,670,670,670,670,670,266,38,670.0,21475.873861255306,0.7178769446909428,60490.91163882986,24.507518796992482
1791185724,32,,Aggregated,17.900000,1.000000,270,270,270,270,670,670,670,670,670,670,670,1052,76,12,5491.818336851385,0.6410167552530766,60490.91163882986,22.01425855513308
1791185725,32,POST,/api/playground/conversations,4.700000,0.500000,12,12,12,12,12,12,12,12,12,12,12,298,38,7,8.908051642708031,0.6410167552530766,65.26524433866143,33.15436241610738
1791185725,32,POST,/api/playground/conversations/{conversation_id}/chat/sse,4.200000,0.000000,6,6,6,6,6,6,6,6,6,6,6,228,0,3,3.3403332100102774,1.7232559621334076,14.198328834027052,0.0
1791185725,32,POST,/api/playground/conversations/{conversation_id}/chat/{chat_id}/attachment,4.300000,0.000000,270,270,270,270,270,270,270,270,270,270,270,260,0,220.0,236.1317227397544,126.73466885462403,441.94478588178754,26.0
1791185725,32,TXN,multimodal_e2e,4.700000,0.500000,670,670,670,670,670,670,670,670,670,670,670,266,38,670.0,21475.873861255306,0.7178769446909428,60490.91163882986,24.507518796992482
1791185725,32,,Aggregated,17.900000,1.000000,270,270,270,270,670,670,670,670,670,670,670,1052,76,12,5491.818336851385,0.6410167552530766,60490.91163882986,22.01425855513308
1791185726,32,POST,/api/playground/conversations,4.700000,0.500000,12,12,12,12,12,12,12,12,12,12,12,298,38,7,8.908051642708031,0.6410167552530766,65.26524433866143,33.15436241610738
1791185726,32,POST,/api/playground/conversations/{conversation_id}/chat/sse,4.200000,0.000000,6,6,6,6,6,6,6,6,6,6,6,228,0,3,3.3403332100102774,1.7232559621334076,14.198328834027052,0.0
1791185726,32,POST,/api/playground/conversations/{conversation_id}/chat/{chat_id}/attachment,4.300000,0.000000,270,270,270,270,270,270,270,270,270,270,270,260,0,220.0,236.1317227397544,126.73466885462403,441.94478588178754,26.0
1791185726,32,TXN,multimodal_e2e,4.700000,0.500000,670,670,670,670,670,670,670,670,670,670,670,266,38,670.0,21475.873861255306,0.7178769446909428,60490.91163882986,24.507518796992482
1791185726,32,,Aggregated,17.900000,1.000000,270,270,270,270,670,670,670,670,670,670,670,1052,76,12,5491.818336851385,0.6410167552530766,60490.91163882986,22.01425855513308
1791185727,32,POST,/api/playground/conversations,4.700000,0.500000,0,0,0,0,0,0,0,0,0,0,0,298,38,7,8.908051642708031,0.6410167552530766,65.26524433866143,33.15436241610738
1791185727,32,POST,/api/playground/conversations/{conversation_id}/chat/sse,4.200000,0.000000,0,0,0,0,0,0,0,0,0,0,0,228,0,3,3.3403332100102774,1.7232559621334076,14.198328834027052,0.0
1791185727,32,POST,/api/playground/conversations/{conversation_id}/chat/{chat_id}/attachment,4.300000,0.000000,0,0,0,0,0,0,0,0,0,0,0,260,0,220.0,236.1317227397544,126.73466885462403,441.94478588178754,26.0
1791185727,32,TXN,multimodal_e2e,4.700000,0.500000,0,0,0,0,0,0,0,0,0,0,0,266,38,670.0,21475.873861255306,0.7178769446909428,60490.91163882986,24.507518796992482
1791185727,32,,Aggregated,17.900000,1.000000,0,0,0,0,0,0,0,0,0,0,0,1052,76,12,5491.818336851385,0.6410167552530766,60490.91163882986,22.01425855513308
1791185728,32,POST,/api/playground/conversations,4.700000,0.500000,0,0,0,0,0,0,0,0,0,0,0,298,38,7,8.908051642708031,0.6410167552530766,65.26524433866143,33.15436241610738
1791185728,32,POST,/api/playground/conversations/{conversation_id}/chat/sse,4.200000,0.000000,0,0,0,0,0,0,0,0,0,0,0,228,0,3,3.3403332100102774,1.7232559621334076,14.198328834027052,0.0
1791185728,32,POST,/api/playground/conversations/{conversation_id}/chat/{chat_id}/attachment,4.300000,0.000000,0,0,0,0,0,0,0,0,0,0,0,260,0,220.0,236.1317227397544,126.73466885462403,441.94478588178754,26.0
1791185728,32,TXN,multimodal_e2e,4.700000,0.500000,0,0,0,0,0,0,0,0,0,0,0,266,38,670.0,21475.873861255306,0.7178769446909428,60490.91163882986,24.507518796992482
1791185728,32,,Aggregated,17.900000,1.000000,0,0,0,0,0,0,0,0,0,0,0,1052,76,12,5491.818336851385,0.6410167552530766,60490.91163882986,22.01425855513308
1791185729,32,POST,/api/playground/conversations,4.700000,0.500000,0,0,0,0,0,0,0,0,0,0,0,298,38,7,8.908051642708031,0.6410167552530766,65.26524433866143,33.15436241610738
1791185729,32,POST,/api/playground/conversations/{conversation_id}/chat/sse,4.200000,0.000000,0,0,0,0,0,0,0,0,0,0,0,228,0,3,3.3403332100102774,1.7232559621334076,14.198328834027052,0.0
1791185729,32,POST,/api/playground/conversations/{conversation_id}/chat/{chat_id}/attachment,4.300000,0.000000,0,0,0,0,0,0,0,0,0,0,0,260,0,220.0,236.1317227397544,126.73466885462403,441.94478588178754,26.0
1791185729,32,TXN,multimodal_e2e,4.700000,0.500000,0,0,0,0,0,0,0,0,0,0,0,266,38,670.0,21475.873861255306,0.7178769446909428,60490.91163882986,24.507518796992482
1791185729,32,,Aggregated,17.900000,1.000000,0,0,0,0,0,0,0,0,0,0,0,1052,76,12,5491.818336851385,0.6410167552530766,60490.91163882986,22.01425855513308
1791185730,32,POST,/api/playground/conversations,4.700000,0.500000,0,0,0,0,0,0,0,0,0,0,0,298,38,7,8.908051642708031,0.6410167552530766,65.26524433866143,33.15436241610738
1791185730,32,POST,/api/playground/conversations/{conversation_id}/chat/sse,4.200000,0.000000,0,0,0,0,0,0,0,0,0,0,0,228,0,3,3.3403332100102774,1.7232559621334076,14.198328834027052,0.0
1791185730,32,POST,/api/playground/conversations/{conversation_id}/chat/{chat_id}/attachment,4.300000,0.000000,0,0,0,0,0,0,0,0,0,0,0,260,0,220.0,236.1317227397544,126.73466885462403,441.94478588178754,26.0
1791185730,32,TXN,multimodal_e2e,4.700000,0.500000,0,0,0,0,0,0,0,0,0,0,0,266,38,670.0,21475.873861255306,0.7178769446909428,60490.91163882986,24.507518796992482
1791185730,32,,Aggregated,17.900000,1.000000,0,0,0,0,0,0,0,0,0,0,0,1052,76,12,5491.818336851385,0.6410167552530766,60490.91163882986,22.01425855513308
1791185731,32,POST,/api/playground/conversations,4.700000,0.500000,0,0,0,0,0,0,0,0,0,0,0,298,38,7,8.908051642708031,0.6410167552530766,65.26524433866143,33.15436241610738
1791185731,32,POST,/api/playground/conversations/{conversation_id}/chat/sse,4.200000,0.000000,0,0,0,0,0,0,0,0,0,0,0,228,0,3,3.3403332100102774,1.7232559621334076,14.198328834027052,0.0
1791185731,32,POST,/api/playground/conversations/{conversation_id}/chat/{chat_id}/attachment,4.300000,0.000000,0,0,0,0,0,0,0,0,0,0,0,260,0,220.0,236.1317227397544,126.73466885462403,441.94478588178754,26.0
1791185731,32,TXN,multimodal_e2e,4.700000,0.500000,0,0,0,0,0,0,0,0,0,0,0,266,38,670.0,21475.873861255306,0.7178769446909428,60490.91163882986,24.507518796992482
1791185731,32,,Aggregated,17.900000,1.000000,0,0,0,0,0,0,0,0,0,0,0,1052,76,12,5491.818336851385,0.6410167552530766,60490.91163882986,22.01425855513308
1791185732,32,POST,/api/playground/conversations,4.700000,0.500000,0,0,0,0,0,0,0,0,0,0,0,298,38,7,8.908051642708031,0.6410167552530766,65.26524433866143,33.15436241610738
1791185732,32,POST,/api/playground/conversations/{conversation_id}/chat/sse,4.200000,0.000000,0,0,0,0,0,0,0,0,0,0,0,228,0,3,3.3403332100102774,1.7232559621334076,14.198328834027052,0.0
1791185732,32,POST,/api/playground/conversations/{conversation_id}/chat/{chat_id}/attachment,4.300000,0.000000,0,0,0,0,0,0,0,0,0,0,0,260,0,220.0,236.1317227397544,126.73466885462403,441.94478588178754,26.0
1791185732,32,TXN,multimodal_e2e,4.700000,0.500000,0,0,0,0,0,0,0,0,0,0,0,266,38,670.0,21475.873861255306,0.7178769446909428,60490.91163882986,24.507518796992482
1791185732,32,,Aggregated,17.900000,1.000000,0,0,0,0,0,0,0,0,0,0,0,1052,76,12,5491.818336851385,0.6410167552530766,60490.91163882986,22.01425855513308
1791185733,32,POST,/api/playground/conversations,4.700000,0.500000,0,0,0,0,0,0,0,0,0,0,0,298,38,7,8.908051642708031,0.6410167552530766,65.26524433866143,33.15436241610738
1791185733,32,POST,/api/playground/conversations/{conversation_id}/chat/sse,4.200000,0.000000,0,0,0,0,0,0,0,0,0,0,0,228,0,3,3.3403332100102774,1.7232559621334076,14.198328834027052,0.0
1791185733,32,POST,/api/playground/conversations/{conversation_id}/chat/{chat_id}/attachment,4.300000,0.000000,0,0,0,0,0,0,0,0,0,0,0,260,0,220.0,236.1317227397544,126.73466885462403,441.94478588178754,26.0
1791185733,32,TXN,multimodal_e2e,4.700000,0.500000,0,0,0,0,0,0,0,0,0,0,0,266,38,670.0,21475.873861255306,0.7178769446909428,60490.91163882986,24.507518796992482
1791185733,32,,Aggregated,17.900000,1.000000,0,0,0,0,0,0,0,0,0,0,0,1052,76,12,5491.818336851385,0.6410167552530766,60490.91163882986,22.01425855513308
1791185734,32,POST,/api/playground/conversations,4.700000,0.500000,0,0,0,0,0,0,0,0,0,0,0,298,38,7,8.908051642708031,0.6410167552530766,65.26524433866143,33.15436241610738
1791185734,32,POST,/api/playground/conversations/{conversation_id}/chat/sse,4.200000,0.000000,0,0,0,0,0,0,0,0,0,0,0,228,0,3,3.3403332100102774,1.7232559621334076,14.198328834027052,0.0
1791185734,32,POST,/api/playground/conversations/{conversation_id}/chat/{chat_id}/attachment,4.300000,0.000000,0,0,0,0,0,0,0,0,0,0,0,260,0,220.0,236.1317227397544,126.73466885462403,441.94478588178754,26.0
1791185734,32,TXN,multimodal_e2e,4.700000,0.500000,0,0,0,0,0,0,0,0,0,0,0,266,38,670.0,21475.873861255306,0.7178769446909428,60490.91163882986,24.507518796992482
1791185734,32,,Aggregated,17.900000,1.000000,0,0,0,0,0,0,0,0,0,0,0,1052,76,12,5491.818336851385,0.6410167552530766,60490.91163882986,22.01425855513308
1791185735,32,POST,/api/playground/conversations,4.700000,0.500000,0,0,0,0,0,0,0,0,0,0,0,298,38,7,8.908051642708031,0.6410167552530766,65.26524433866143,33.15436241610738
1791185735,32,POST,/api/playground/conversations/{conversation_id}/chat/sse,4.200000,0.000000,0,0,0,0,0,0,0,0,0,0,0,228,0,3,3.3403332100102774,1.7232559621334076,14.198328834027052,0.0
1791185735,32,POST,/api/playground/conversations/{conversation_id}/chat/{chat_id}/attachment,4.300000,0.000000,0,0,0,0,0,0,0,0,0,0,0,260,0,220.0,236.1317227397544,126.73466885462403,441.94478588178754,26.0
1791185735,32,TXN,multimodal_e2e,4.700000,0.500000,0,0,0,0,0,0,0,0,0,0,0,266,38,670.0,21475.873861255306,0.7178769446909428,60490.91163882986,24.507518796992482
1791185735,32,,Aggregated,17.900000,1.000000,0,0,0,0,0,0,0,0,0,0,0,1052,76,12,5491.818336851385,0.6410167552530766,60490.91163882986,22.01425855513308
1791185736,32,POST,/api/playground/conversations,4.700000,0.500000,0,0,0,0,0,0,0,0,0,0,0,298,38,7,8.908051642708031,0.6410167552530766,65.26524433866143,33.15436241610738
1791185736,32,POST,/api/playground/conversations/{conversation_id}/chat/sse,4.200000,0.000000,0,0,0,0,0,0,0,0,0,0,0,228,0,3,3.3403332100102774,1.7232559621334076,14.198328834027052,0.0
1791185736,32,POST,/api/playground/conversations/{conversation_id}/chat/{chat_id}/attachment,4.300000,0.000000,0,0,0,0,0,0,0,0,0,0,0,260,0,220.0,236.1317227397544,126.73466885462403,441.94478588178754,26.0
1791185736,32,TXN,multimodal_e2e,4.700000,0.500000,0,0,0,0,0,0,0,0,0,0,0,266,38,670.0,21475.873861255306,0.7178769446909428,60490.91163882986,24.507518796992482
1791185736,32,,Aggregated,17.900000,1.000000,0,0,0,0,0,0,0,0,0,0,0,1052,76,12,5491.818336851385,0.6410167552530766,60490.91163882986,22.01425855513308
1791185737,32,POST,/api/playground/conversations,4.700000,0.500000,0,0,0,0,0,0,0,0,0,0,0,298,38,7,8.908051642708031,0.6410167552530766,65.26524433866143,33.15436241610738
1791185737,32,POST,/api/playground/conversations/{conversation_id}/chat/sse,4.200000,0.000000,0,0,0,0,0,0,0,0,0,0,0,228,0,3,3.3403332100102774,1.7232559621334076,14.198328834027052,0.0
1791185737,32,POST,/api/playground/conversations/{conversation_id}/chat/{chat_id}/attachment,4.300000,0.000000,0,0,0,0,0,0,0,0,0,0,0,260,0,220.0,236.1317227397544,126.73466885462403,441.94478588178754,26.0
1791185737,32,TXN,multimodal_e2e,4.700000,0.500000,0,0,0,0,0,0,0,0,0,0,0,266,38,670.0,21475.873861255306,0.7178769446909428,60490.91163882986,24.507518796992482
1791185737,32,,Aggregated,17.900000,1.000000,0,0,0,0,0,0,0,0,0,0,0,1052,76,12,5491.818336851385,0.6410167552530766,60490.91163882986,22.01425855513308
1791185738,32,POST,/api/playground/conversations,4.700000,0.500000,0,0,0,0,0,0,0,0,0,0,0,298,38,7,8.908051642708031,0.6410167552530766,65.26524433866143,33.15436241610738
1791185738,32,POST,/api/playground/conversations/{conversation_id}/chat/sse,4.200000,0.000000,0,0,0,0,0,0,0,0,0,0,0,228,0,3,3.3403332100102774,1.7232559621334076,14.198328834027052,0.0
1791185738,32,POST,/api/playground/conversations/{conversation_id}/chat/{chat_id}/attachment,4.300000,0.000000,0,0,0,0,0,0,0,0,0,0,0,260,0,220.0,236.1317227397544,126.73466885462403,441.94478588178754,26.0
1791185738,32,TXN,multimodal_e2e,4.700000,0.500000,0,0,0,0,0,0,0,0,0,0,0,266,38,670.0,21475.873861255306,0.7178769446909428,60490.91163882986,24.507518796992482
1791185738,32,,Aggregated,17.900000,1.000000,0,0,0,0,0,0,0,0,0,0,0,1052,76,12,5491.818336851385,0.6410167552530766,60490.91163882986,22.01425855513308
1791185739,32,POST,/api/playground/conversations,4.700000,0.500000,0,0,0,0,0,0,0,0,0,0,0,298,38,7,8.908051642708031,0.6410167552530766,65.26524433866143,33.15436241610738
1791185739,32,POST,/api/playground/conversations/{conversation_id}/chat/sse,4.200000,0.000000,0,0,0,0,0,0,0,0,0,0,0,228,0,3,3.3403332100102774,1.7232559621334076,14.198328834027052,0.0
1791185739,32,POST,/api/playground/conversations/{conversation_id}/chat/{chat_id}/attachment,4.300000,0.000000,0,0,0,0,0,0,0,0,0,0,0,260,0,220.0,236.1317227397544,126.73466885462403,441.94478588178754,26.0
1791185739,32,TXN,multimodal_e2e,4.700000,0.500000,0,0,0,0,0,0,0,0,0,0,0,266,38,670.0,21475.873861255306,0.7178769446909428,60490.91163882986,24.507518796992482
1791185739,32,,Aggregated,17.900000,1.000000,0,0,0,0,0,0,0,0,0,0,0,1052,76,12,5491.818336851385,0.6410167552530766,60490.91163882986,22.01425855513308
1791185740,32,POST,/api/playground/conversations,4.700000,0.500000,0,0,0,0,0,0,0,0,0,0,0,298,38,7,8.908051642708031,0.6410167552530766,65.26524433866143,33.15436241610738
1791185740,32,POST,/api/playground/conversations/{conversation_id}/chat/sse,4.200000,0.000000,0,0,0,0,0,0,0,0,0,0,0,228,0,3,3.3403332100102774,1.7232559621334076,14.198328834027052,0.0
1791185740,32,POST,/api/playground/conversations/{conversation_id}/chat/{chat_id}/attachment,4.300000,0.000000,0,0,0,0,0,0,0,0,0,0,0,260,0,220.0,236.1317227397544,126.73466885462403,441.94478588178754,26.0
1791185740,32,TXN,multimodal_e2e,4.700000,0.500000,0,0,0,0,0,0,0,0,0,0,0,266,38,670.0,21475.873861255306,0.7178769446909428,60490.91163882986,24.507518796992482
1791185740,32,,Aggregated,17.900000,1.000000,0,0,0,0,0,0,0,0,0,0,0,1052,76,12,5491.818336851385,0.6410167552530766,60490.91163882986,22.01425855513308
1791185741,32,POST,/api/playground/conversations,4.700000,0.500000,0,0,0,0,0,0,0,0,0,0,0,298,38,7,8.908051642708031,0.6410167552530766,65.26524433866143,33.15436241610738
1791185741,32,POST,/api/playground/conversations/{conversation_id}/chat/sse,4.200000,0.000000,0,0,0,0,0,0,0,0,0,0,0,228,0,3,3.3403332100102774,1.7232559621334076,14.198328834027052,0.0
1791185741,32,POST,/api/playground/conversations/{conversation_id}/chat/{chat_id}/attachment,4.300000,0.000000,0,0,0,0,0,0,0,0,0,0,0,260,0,220.0,236.1317227397544,126.73466885462403,441.94478588178754,26.0
1791185741,32,TXN,multimodal_e2e,4.700000,0.500000,0,0,0,0,0,0,0,0,0,0,0,266,38,670.0,21475.873861255306,0.7178769446909428,60490.91163882986,24.507518796992482
1791185741,32,,Aggregated,17.900000,1.000000,0,0,0,0,0,0,0,0,0,0,0,1052,76,12,5491.818336851385,0.6410167552530766,60490.91163882986,22.01425855513308
1791185742,32,POST,/api/playground/conversations,4.700000,0.500000,0,0,0,0,0,0,0,0,0,0,0,298,38,7,8.908051642708031,0.6410167552530766,65.26524433866143,33.15436241610738
1791185742,32,POST,/api/playground/conversations/{conversation_id}/chat/sse,4.200000,0.000000,0,0,0,0,0,0,0,0,0,0,0,228,0,3,3.3403332100102774,1.7232559621334076,14.198328834027052,0.0
1791185742,32,POST,/api/playground/conversations/{conversation_id}/chat/{chat_id}/attachment,4.300000,0.000000,0,0,0,0,0,0,0,0,0,0,0,260,0,220.0,236.1317227397544,126.73466885462403,441.94478588178754,26.0
1791185742,32,TXN,multimodal_e2e,4.700000,0.500000,0,0,0,0,0,0,0,0,0,0,0,266,38,670.0,21475.873861255306,0.7178769446909428,60490.91163882986,24.507518796992482
1791185742,32,,Aggregated,17.900000,1.000000,0,0,0,0,0,0,0,0,0,0,0,1052,76,12,5491.818336851385,0.6410167552530766,60490.91163882986,22.01425855513308
1791185743,32,POST,/api/playground/conversations,4.700000,0.500000,0,0,0,0,0,0,0,0,0,0,0,298,38,7,8.908051642708031,0.6410167552530766,65.26524433866143,33.15436241610738
1791185743,32,POST,/api/playground/conversations/{conversation_id}/chat/sse,4.200000,0.000000,0,0,0,0,0,0,0,0,0,0,0,228,0,3,3.3403332100102774,1.7232559621334076,14.198328834027052,0.0
1791185743,32,POST,/api/playground/conversations/{conversation_id}/chat/{chat_id}/attachment,4.300000,0.000000,0,0,0,0,0,0,0,0,0,0,0,260,0,220.0,236.1317227397544,126.73466885462403,441.94478588178754,26.0
1791185743,32,TXN,multimodal_e2e,4.700000,0.500000,0,0,0,0,0,0,0,0,0,0,0,266,38,670.0,21475.873861255306,0.7178769446909428,60490.91163882986,24.507518796992482
1791185743,32,,Aggregated,17.900000,1.000000,0,0,0,0,0,0,0,0,0,0,0,1052,76,12,5491.818336851385,0.6410167552530766,60490.91163882986,22.01425855513308
1791185744,32,POST,/api/playground/conversations,4.700000,0.500000,0,0,0,0,0,0,0,0,0,0,0,298,38,7,8.908051642708031,0.6410167552530766,65.26524433866143,33.15436241610738
1791185744,32,POST,/api/playground/conversations/{conversation_id}/chat/sse,4.200000,0.000000,0,0,0,0,0,0,0,0,0,0,0,228,0,3,3.3403332100102774,1.7232559621334076,14.198328834027052,0.0
1791185744,32,POST,/api/playground/conversations/{conversation_id}/chat/{chat_id}/attachment,4.300000,0.000000,0,0,0,0,0,0,0,0,0,0,0,260,0,220.0,236.1317227397544,126.73466885462403,441.94478588178754,26.0
1791185744,32,TXN,multimodal_e2e,4.700000,0.500000,0,0,0,0,0,0,0,0,0,0,0,266,38,670.0,21475.873861255306,0.7178769446909428,60490.91163882986,24.507518796992482
1791185744,32,,Aggregated,17.900000,1.000000,0,0,0,0,0,0,0,0,0,0,0,1052,76,12,5491.818336851385,0.6410167552530766,60490.91163882986,22.01425855513308
1791185745,32,POST,/api/playground/conversations,4.700000,0.500000,0,0,0,0,0,0,0,0,0,0,0,298,38,7,8.908051642708031,0.6410167552530766,65.26524433866143,33.15436241610738
1791185745,32,POST,/api/playground/conversations/{conversation_id}/chat/sse,4.200000,0.000000,0,0,0,0,0,0,0,0,0,0,0,228,0,3,3.3403332100102774,1.7232559621334076,14.198328834027052,0.0
1791185745,32,POST,/api/playground/conversations/{conversation_id}/chat/{chat_id}/attachment,4.300000,0.000000,0,0,0,0,0,0,0,0,0,0,0,260,0,220.0,236.1317227397544,126.73466885462403,441.94478588178754,26.0
1791185745,32,TXN,multimodal_e2e,4.700000,0.500000,0,0,0,0,0,0,0,0,0,0,0,266,38,670.0,21475.873861255306,0.7178769446909428,60490.91163882986,24.507518796992482
1791185745,32,,Aggregated,17.900000,1.000000,0,0,0,0,0,0,0,0,0,0,0,1052,76,12,5491.818336851385,0.6410167552530766,60490.91163882986,22.01425855513308
1791185746,32,POST,/api/playground/conversations,4.700000,0.500000,0,0,0,0,0,0,0,0,0,0,0,298,38,7,8.908051642708031,0.6410167552530766,65.26524433866143,33.15436241610738
1791185746,32,POST,/api/playground/conversations/{conversation_id}/chat/sse,4.200000,0.000000,0,0,0,0,0,0,0,0,0,0,0,228,0,3,3.3403332100102774,1.7232559621334076,14.198328834027052,0.0
1791185746,32,POST,/api/playground/conversations/{conversation_id}/chat/{chat_id}/attachment,4.300000,0.000000,0,0,0,0,0,0,0,0,0,0,0,260,0,220.0,236.1317227397544,126.73466885462403,441.94478588178754,26.0
1791185746,32,TXN,multimodal_e2e,4.700000,0.500000,0,0,0,0,0,0,0,0,0,0,0,266,38,670.0,21475.873861255306,0.7178769446909428,60490.91163882986,24.507518796992482
1791185746,32,,Aggregated,17.900000,1.000000,0,0,0,0,0,0,0,0,0,0,0,1052,76,12,5491.818336851385,0.6410167552530766,60490.91163882986,22.01425855513308
1791185747,32,POST,/api/playground/conversations,4.700000,0.500000,0,0,0,0,0,0,0,0,0,0,0,298,38,7,8.908051642708031,0.6410167552530766,65.26524433866143,33.15436241610738
1791185747,32,POST,/api/playground/conversations/{conversation_id}/chat/sse,4.200000,0.000000,0,0,0,0,0,0,0,0,0,0,0,228,0,3,3.3403332100102774,1.7232559621334076,14.198328834027052,0.0
1791185747,32,POST,/api/playground/conversations/{conversation_id}/chat/{chat_id}/attachment,4.300000,0.000000,0,0,0,0,0,0,0,0,0,0,0,260,0,220.0,236.1317227397544,126.73466885462403,441.94478588178754,26.0
1791185747,32,TXN,multimodal_e2e,4.700000,0.500000,0,0,0,0,0,0,0,0,0,0,0,266,38,670.0,21475.873861255306,0.7178769446909428,60490.91163882986,24.507518796992482
1791185747,32,,Aggregated,17.900000,1.000000,0,0,0,0,0,0,0,0,0,0,0,1052,76,12,5491.818336851385,0.6410167552530766,60490.91163882986,22.01425855513308
1791185748,32,POST,/api/playground/conversations,4.700000,0.500000,0,0,0,0,0,0,0,0,0,0,0,298,38,7,8.908051642708031,0.6410167552530766,65.26524433866143,33.15436241610738
1791185748,32,POST,/api/playground/conversations/{conversation_id}/chat/sse,4.200000,0.000000,0,0,0,0,0,0,0,0,0,0,0,228,0,3,3.3403332100102774,1.7232559621334076,14.198328834027052,0.0
1791185748,32,POST,/api/playground/conversations/{conversation_id}/chat/{chat_id}/attachment,4.300000,0.000000,0,0,0,0,0,0,0,0,0,0,0,260,0,220.0,236.1317227397544,126.73466885462403,441.94478588178754,26.0
1791185748,32,TXN,multimodal_e2e,4.700000,0.500000,0,0,0,0,0,0,0,0,0,0,0,266,38,670.0,21475.873861255306,0.7178769446909428,60490.91163882986,24.507518796992482
1791185748,32,,Aggregated,17.900000,1.000000,0,0,0,0,0,0,0,0,0,0,0,1052,76,12,5491.818336851385,0.6410167552530766,60490.91163882986,22.01425855513308
1791185749,32,POST,/api/playground/conversations,4.700000,0.500000,0,0,0,0,0,0,0,0,0,0,0,298,38,7,8.908051642708031,0.6410167552530766,65.26524433866143,33.15436241610738
1791185749,32,POST,/api/playground/conversations/{conversation_id}/chat/sse,4.200000,0.000000,0,0,0,0,0,0,0,0,0,0,0,228,0,3,3.3403332100102774,1.7232559621334076,14.198328834027052,0.0
1791185749,32,POST,/api/playground/conversations/{conversation_id}/chat/{chat_id}/attachment,4.300000,0.000000,0,0,0,0,0,0,0,0,0,0,0,260,0,220.0,236.1317227397544,126.73466885462403,441.94478588178754,26.0
1791185749,32,TXN,multimodal_e2e,4.700000,0.500000,0,0,0,0,0,0,0,0,0,0,0,266,38,670.0,21475.873861255306,0.7178769446909428,60490.91163882986,24.507518796992482
1791185749,32,,Aggregated,17.900000,1.000000,0,0,0,0,0,0,0,0,0,0,0,1052,76,12,5491.818336851385,0.6410167552530766,60490.91163882986,22.01425855513308
1791185750,32,POST,/api/playground/conversations,4.700000,0.500000,0,0,0,0,0,0,0,0,0,0,0,298,38,7,8.908051642708031,0.6410167552530766,65.26524433866143,33.15436241610738
1791185750,32,POST,/api/playground/conversations/{conversation_id}/chat/sse,4.200000,0.000000,0,0,0,0,0,0,0,0,0,0,0,228,0,3,3.3403332100102774,1.7232559621334076,14.198328834027052,0.0
1791185750,32,POST,/api/playground/conversations/{conversation_id}/chat/{chat_id}/attachment,4.300000,0.000000,0,0,0,0,0,0,0,0,0,0,0,260,0,220.0,236.1317227397544,126.73466885462403,441.94478588178754,26.0
1791185750,32,TXN,multimodal_e2e,4.700000,0.500000,0,0,0,0,0,0,0,0,0,0,0,266,38,670.0,21475.873861255306,0.7178769446909428,60490.91163882986,24.507518796992482
1791185750,32,,Aggregated,17.900000,1.000000,0,0,0,0,0,0,0,0,0,0,0,1052,76,12,5491.818336851385,0.6410167552530766,60490.91163882986,22.01425855513308
1791185751,32,POST,/api/playground/conversations,4.700000,0.500000,0,0,0,0,0,0,0,0,0,0,0,298,38,7,8.908051642708031,0.6410167552530766,65.26524433866143,33.15436241610738
1791185751,32,POST,/api/playground/conversations/{conversation_id}/chat/sse,4.200000,0.000000,0,0,0,0,0,0,0,0,0,0,0,228,0,3,3.3403332100102774,1.7232559621334076,14.198328834027052,0.0
1791185751,32,POST,/api/playground/conversations/{conversation_id}/chat/{chat_id}/attachment,4.300000,0.000000,0,0,0,0,0,0,0,0,0,0,0,260,0,220.0,236.1317227397544,126.73466885462403,441.94478588178754,26.0
1791185751,32,TXN,multimodal_e2e,4.700000,0.500000,0,0,0,0,0,0,0,0,0,0,0,266,38,670.0,21475.873861255306,0.7178769446909428,60490.91163882986,24.507518796992482
1791185751,32,,Aggregated,17.900000,1.000000,0,0,0,0,0,0,0,0,0,0,0,1052,76,12,5491.818336851385,0.6410167552530766,60490.91163882986,22.01425855513308
1791185752,32,POST,/api/playground/conversations,4.700000,0.500000,0,0,0,0,0,0,0,0,0,0,0,298,38,7,8.908051642708031,0.6410167552530766,65.26524433866143,33.15436241610738
1791185752,32,POST,/api/playground/conversations/{conversation_id}/chat/sse,4.200000,0.000000,0,0,0,0,0,0,0,0,0,0,0,228,0,3,3.3403332100102774,1.7232559621334076,14.198328834027052,0.0
1791185752,32,POST,/api/playground/conversations/{conversation_id}/chat/{chat_id}/attachment,4.300000,0.000000,0,0,0,0,0,0,0,0,0,0,0,260,0,220.0,236.1317227397544,126.73466885462403,441.94478588178754,26.0
1791185752,32,TXN,multimodal_e2e,4.700000,0.500000,0,0,0,0,0,0,0,0,0,0,0,266,38,670.0,21475.873861255306,0.7178769446909428,60490.91163882986,24.507518796992482
1791185752,32,,Aggregated,17.900000,1.000000,0,0,0,0,0,0,0,0,0,0,0,1052,76,12,5491.818336851385,0.6410167552530766,60490.91163882986,22.01425855513308
1791185753,32,POST,/api/playground/conversations,0.000000,0.000000,0,0,0,0,0,0,0,0,0,0,0,299,38,7,8.92157006828133,0.6410167552530766,65.26524433866143,33.17056856187291
1791185753,32,POST,/api/playground/conversations/{conversation_id}/chat/sse,0.000000,0.000000,0,0,0,0,0,0,0,0,0,0,0,229,0,3,3.335351921520379,1.7232559621334076,14.198328834027052,0.0
1791185753,32,POST,/api/playground/conversations/{conversation_id}/chat/{chat_id}/attachment,0.000000,0.000000,0,0,0,0,0,0,0,0,0,0,0,261,0,230.0,236.15636789842983,126.73466885462403,441.94478588178754,26.0
1791185753,32,TXN,multimodal_e2e,0.000000,0.000000,0,0,0,0,0,0,0,0,0,0,0,267,38,670.0,21621.331854744323,0.7178769446909428,60490.91163882986,24.53558052434457
1791185753,32,,Aggregated,0.000000,0.000000,0,0,0,0,0,0,0,0,0,0,0,1056,76,12,5528.374774885103,0.6410167552530766,60490.91163882986,22.021780303030305
1791185754,32,POST,/api/playground/conversations,0.000000,0.000000,10,10,13,13,13,13,13,13,13,13,13,302,38,7,8.910158741602439,0.6410167552530766,65.26524433866143,33.21854304635762
1791185754,32,POST,/api/playground/conversations/{conversation_id}/chat/sse,0.000000,0.000000,3,3,3,3,3,3,3,3,3,3,3,232,0,3,3.324244881915892,1.7232559621334076,14.198328834027052,0.0
1791185754,32,POST,/api/playground/conversations/{conversation_id}/chat/{chat_id}/attachment,0.000000,0.000000,250,250,270,270,270,270,270,270,270,270,270,263,0,230.0,236.34694401394336,126.73466885462403,441.94478588178754,26.0
1791185754,32,TXN,multimodal_e2e,0.000000,0.000000,60000,60000,60000,60000,60000,60000,60000,60000,60000,60000,60000,270,38,670.0,21609.062581159244,0.7178769446909428,60490.91163882986,24.503703703703703
1791185754,32,,Aggregated,0.000000,0.000000,13,250,590,660,60000,60000,60000,60000,60000,60000,60000,1067,76,12,5529.585975577536,0.6410167552530766,60490.91163882986,22.01124648547329
1791185755,32,POST,/api/playground/conversations,0.000000,0.000000,10,11,11,13,13,13,13,13,13,13,13,303,38,7,8.917701080220171,0.6410167552530766,65.26524433866143,33.23432343234323
1791185755,32,POST,/api/playground/conversations/{conversation_id}/chat/sse,0.000000,0.000000,3,3,3,3,3,3,3,3,3,3,3,233,0,3,3.3216935646412455,1.7232559621334076,14.198328834027052,0.0
1791185755,32,POST,/api/playground/conversations/{conversation_id}/chat/{chat_id}/attachment,0.000000,0.000000,250,270,270,310,310,310,310,310,310,310,310,265,0,230.0,236.68647862197656,126.73466885462403,441.94478588178754,26.0
1791185755,32,TXN,multimodal_e2e,0.000000,0.000000,60000,60000,60000,60000,60000,60000,60000,60000,60000,60000,60000,271,38,670.0,21751.876686328535,0.7178769446909428,60490.91163882986,24.531365313653136
1791185755,32,,Aggregated,0.000000,0.000000,240,270,590,660,60000,60000,60000,60000,60000,60000,60000,1072,76,12,5560.593765725489,0.6410167552530766,60490.91163882986,22.02238805970149
1791185756,32,POST,/api/playground/conversations,0.300000,0.000000,9,10,11,11,13,13,13,13,13,13,13,305,38,7,8.916089999810106,0.6410167552530766,65.26524433866143,33.265573770491805
1791185756,32,POST,/api/playground/conversations/{conversation_id}/chat/sse,0.300000,0.000000,3,3,3,3,3,3,3,3,3,3,3,235,0,3,3.3177527698113565,1.7232559621334076,14.198328834027052,0.0
1791185756,32,POST,/api/playground/conversations/{conversation_id}/chat/{chat_id}/attachment,0.100000,0.000000,250,250,270,270,310,310,310,310,310,310,310,266,0,230.0,236.70731152624901,126.73466885462403,441.94478588178754,26.0
1791185756,32,TXN,multimodal_e2e,0.300000,0.000000,60000,60000,60000,60000,60000,60000,60000,60000,60000,60000,60000,273,38,670.0,21815.661751741933,0.7178769446909428,60490.91163882986,24.512820512820515
1791185756,32,,Aggregated,1.000000,0.000000,13,250,590,660,60000,60000,60000,60000,60000,60000,60000,1079,76,12,5581.222319223705,0.6410167552530766,60490.91163882986,22.014828544949026
1791185757,32,POST,/api/playground/conversations,0.400000,0.000000,8,9,10,11,13,13,13,13,13,13,13,307,38,7,8.905959173017681,0.6410167552530766,65.26524433866143,33.29641693811075
1791185757,32,POST,/api/playground/conversations/{conversation_id}/chat/sse,0.400000,0.000000,3,3,3,3,3,3,3,3,3,3,3,237,0,3,3.313154426210792,1.7232559621334076,14.198328834027052,0.0
1791185757,32,POST,/api/playground/conversations/{conversation_id}/chat/{chat_id}/attachment,0.400000,0.000000,250,250,270,270,310,310,310,310,310,310,310,269,0,230.0,236.57327717980266,126.73466885462403,441.94478588178754,26.0
1791185757,32,TXN,multimodal_e2e,0.400000,0.000000,60000,60000,60000,60000,60000,60000,60000,60000,60000,60000,60000,275,38,670.0,21878.786746871403,0.7178769446909428,60490.91163882986,24.523636363636363
1791185757,32,,Aggregated,1.600000,0.000000,200,250,590,610,60000,60000,60000,60000,60000,60000,60000,1088,76,12,5591.749920970709,0.6410167552530766,60490.91163882986,22.022058823529413
1791185758,32,POST,/api/playground/conversations,0.600000,0.000000,8,9,10,11,11,13,13,13,13,13,13,311,38,8,8.90286674519396,0.6410167552530766,65.26524433866143,33.356913183279744
1791185758,32,POST,/api/playground/conversations/{conversation_id}/chat/sse,0.600000,0.000000,3,3,3,3,3,7,7,7,7,7,7,241,0,3,3.3167245376592356,1.7232559621334076,14.198328834027052,0.0
1791185758,32,POST,/api/playground/conversations/{conversation_id}/chat/{chat_id}/attachment,0.500000,0.000000,250,260,270,270,270,310,310,310,310,310,310,271,0,230.0,236.72355744107952,126.73466885462403,441.94478588178754,26.0
1791185758,32,TXN,multimodal_e2e,0.600000,0.000000,60000,60000,60000,60000,60000,60000,60000,60000,60000,60000,60000,279,38,670.0,22001.538123241142,0.7178769446909428,60490.91163882986,24.487455197132615
1791185758,32,,Aggregated,2.300000,0.000000,13,260,500,610,60000,60000,60000,60000,60000,60000,60000,1102,76,12,5631.71446698924,0.6410167552530766,60490.91163882986,22.00725952813067
1791185759,32,POST,/api/playground/conversations,0.800000,0.000000,8,8,9,10,11,13,13,13,13,13,13,315,39,7,8.859583450156071,0.6410167552530766,65.26524433866143,33.2952380952381
1791185759,32,POST,/api/playground/conversations/{conversation_id}/chat/sse,0.800000,0.000000,3,3,3,3,3,7,7,7,7,7,7,244,0,3,3.3052549888303533,1.7232559621334076,14.198328834027052,0.0
1791185759,32,POST,/api/playground/conversations/{conversation_id}/chat/{chat_id}/attachment,0.700000,0.000000,250,250,260,270,270,310,310,310,310,310,310,275,0,230.0,236.71250833706424,126.73466885462403,441.94478588178754,26.0
1791185759,32,TXN,multimodal_e2e,0.800000,0.000000,60000,60000,60000,60000,60000,60000,60000,60000,60000,60000,60000,283,39,670.0,22119.153659548872,0.7178769446909428,60490.91163882986,24.43816254416961
1791185759,32,,Aggregated,3.100000,0.000000,11,250,310,610,60000,60000,60000,60000,60000,60000,60000,1117,78,12,5665.544920724349,0.6410167552530766,60490.91163882986,21.98209489704566
1791185760,32,POST,/api/playground/conversations,1.100000,0.000000,8,8,9,10,11,12,13,13,13,13,13,319,40,7,8.831713947125923,0.6410167552530766,65.26524433866143,33.23510971786834
1791185760,32,POST,/api/playground/conversations/{conversation_id}/chat/sse,1.100000,0.000000,3,3,3,3,5,7,7,7,7,7,7,247,0,3,3.3028319775907375,1.7232559621334076,14.198328834027052,0.0
1791185760,32,POST,/api/playground/conversations/{conversation_id}/chat/{chat_id}/attachment,0.900000,0.000000,250,250,250,260,270,310,310,310,310,310,310,278,0,230.0,236.62355012535085,126.73466885462403,441.94478588178754,26.0
1791185760,32,TXN,multimodal_e2e,1.100000,0.000000,1000,60000,60000,60000,60000,60000,60000,60000,60000,60000,60000,287,40,670.0,22026.638115454425,0.7178769446909428,60490.91163882986,24.4006968641115
1791185760,32,,Aggregated,4.200000,0.000000,11,250,310,610,60000,60000,60000,60000,60000,60000,60000,1131,80,12,5650.804246081226,0.6410167552530766,60490.91163882986,21.956675508399645
1791185761,32,POST,/api/playground/conversations,1.400000,0.000000,8,8,10,10,11,12,13,13,13,13,13,322,40,7,8.831625094243922,0.6410167552530766,65.26524433866143,33.27950310559006
1791185761,32,POST,/api/playground/conversations/{conversation_id}/chat/sse,1.400000,0.000000,3,3,3,3,5,7,15,15,15,15,15,250,0,3,3.3516993764787912,1.7232559621334076,15.324689913541079,0.0
1791185761,32,POST,/api/playground/conversations/{conversation_id}/chat/{chat_id}/attachment,1.300000,0.000000,250,250,260,260,270,310,320,320,320,320,320,282,0,230.0,237.0355715496294,126.73466885462403,441.94478588178754,26.0
1791185761,32,TXN,multimodal_e2e,1.400000,0.000000,60000,60000,60000,60000,60000,60000,61000,61000,61000,61000,61000,290,40,670.0,22217.669945563477,0.7178769446909428,60565.11381920427,24.410344827586208
1791185761,32,,Aggregated,5.500000,0.000000,13,250,320,590,60000,60000,60000,61000,61000,61000,61000,1144,80,12,5693.750020554957,0.6410167552530766,60565.11381920427,21.96416083916084
1791185762,32,POST,/api/playground/conversations,1.900000,0.200000,8,9,10,11,13,18,31,31,31,31,31,327,40,7,8.912138378857108,0.6410167552530766,65.26524433866143,33.35168195718654
1791185762,32,POST,/api/playground/conversations/{conversation_id}/chat/sse,1.700000,0.000000,3,3,4,5,8,8,15,15,15,15,15,255,0,3,3.3930029500933254,1.7232559621334076,15.324689913541079,0.0
1791185762,32,POST,/api/playground/conversations/{conversation_id}/chat/{chat_id}/attachment,1.600000,0.000000,250,260,270,300,320,320,370,370,370,370,370,285,0,230.0,238.03298884283817,126.73466885462403,441.94478588178754,26.0
1791185762,32,TXN,multimodal_e2e,1.900000,0.200000,60000,60000,60000,60000,60000,60000,61000,61000,61000,61000,61000,295,40,680.0,22460.09642698218,0.7178769446909428,60565.11381920427,24.43050847457627
1791185762,32,,Aggregated,7.100000,0.400000,15,250,370,630,60000,60000,60000,60000,61000,61000,61000,1162,80,12,5763.637980019029,0.6410167552530766,60565.11381920427,21.964716006884682
1791185763,32,POST,/api/playground/conversations,2.200000,0.200000,8,9,10,11,13,28,31,31,31,31,31,333,41,8,8.947646559996379,0.6410167552530766,65.26524433866143,33.32132132132132
1791185763,32,POST,/api/playground/conversations/{conversation_id}/chat/sse,2.000000,0.000000,3,3,3,5,8,8,15,15,15,15,15,260,0,3,3.3719510538503528,1.7232559621334076,15.324689913541079,0.0
1791185763,32,POST,/api/playground/conversations/{conversation_id}/chat/{chat_id}/attachment,2.000000,0.000000,250,260,270,300,320,320,370,370,370,370,370,290,0,230.0,238.40548025829526,126.73466885462403,441.94478588178754,26.0
1791185763,32,TXN,multimodal_e2e,2.200000,0.200000,1000,60000,60000,60000,60000,60000,61000,61000,61000,61000,61000,301,41,680.0,22419.30100064496,0.7178769446909428,60565.11381920427,24.299003322259136
1791185763,32,,Aggregated,8.400000,0.400000,18,250,320,590,60000,60000,60000,60000,61000,61000,61000,1184,82,12,5761.151574364458,0.6410167552530766,60565.11381920427,21.91722972972973
1791185764,32,POST,/api/playground/conversations,2.600000,0.200000,8,9,10,10,13,28,31,31,31,31,31,339,42,8,8.918980806846182,0.6410167552530766,65.26524433866143,33.29203539823009
1791185764,32,POST,/api/playground/conversations/{conversation_id}/chat/sse,2.400000,0.000000,3,3,3,4,7,8,15,15,15,15,15,265,0,3,3.3619696098678515,1.7232559621334076,15.324689913541079,0.0
1791185764,32,POST,/api/playground/conversations/{conversation_id}/chat/{chat_id}/attachment,2.200000,0.000000,250,260,300,310,320,350,370,370,370,370,370,295,0,230.0,238.83547783371503,126.73466885462403,441.94478588178754,26.0
1791185764,32,TXN,multimodal_e2e,2.600000,0.200000,1000,60000,60000,60000,60000,60000,61000,61000,61000,61000,61000,307,42,690.0,22575.189937876858,0.7178769446909428,60565.11381920427,24.250814332247558
1791185764,32,,Aggregated,9.800000,0.400000,13,250,350,610,60000,60000,60000,60000,61000,61000,61000,1206,84,12,5808.41976229625,0.6410167552530766,60565.11381920427,21.891376451077942
1791185765,32,POST,/api/playground/conversations,3.100000,0.200000,8,9,10,10,13,28,31,31,31,31,31,344,43,7,8.878991492417489,0.6410167552530766,65.26524433866143,33.25
1791185765,32,POST,/api/playground/conversations/{conversation_id}/chat/sse,2.900000,0.000000,3,3,5,6,8,15,24,24,24,24,24,269,0,3,3.458774929042199,1.7232559621334076,24.038668256253004,0.0
1791185765,32,POST,/api/playground/conversations/{conversation_id}/chat/{chat_id}/attachment,2.800000,0.000000,250,260,300,320,340,350,370,370,370,370,370,299,0,230.0,239.53186281579843,126.73466885462403,441.94478588178754,26.0
1791185765,32,TXN,multimodal_e2e,3.100000,0.200000,1000,60000,60000,60000,60000,60000,61000,61000,61000,61000,61000,312,43,690.0,22604.464949611633,0.7178769446909428,60565.11381920427,24.166666666666668
1791185765,32,,Aggregated,11.900000,0.400000,13,250,340,600,60000,60000,60000,60000,61000,61000,61000,1224,86,12,5823.691074174883,0.6410167552530766,60565.11381920427,21.856209150326798
1791185766,32,POST,/api/playground/conversations,3.300000,0.300000,8,10,10,12,22,31,32,32,32,32,32,350,44,8,9.04777645399528,0.6410167552530766,65.26524433866143,33.222857142857144
1791185766,32,POST,/api/playground/conversations/{conversation_id}/chat/sse,3.000000,0.000000,3,4,5,6,8,17,24,24,24,24,24,274,0,3,3.5081557525036327,1.7232559621334076,24.038668256253004,0.0
1791185766,32,POST,/api/playground/conversations/{conversation_id}/chat/{chat_id}/attachment,3.100000,0.000000,260,310,320,320,350,400,430,430,430,430,430,305,0,230.0,241.7751125273768,126.73466885462403,441.94478588178754,26.0
1791185766,32,TXN,multimodal_e2e,3.300000,0.300000,780,60000,60000,60000,60000,60000,61000,61000,61000,61000,61000,318,44,690.0,22564.22696026985,0.7178769446909428,60565.11381920427,24.02201257861635
1791185766,32,,Aggregated,12.700000,0.600000,22,260,370,600,60000,60000,60000,60000,61000,61000,61000,1247,88,13,5816.594658477744,0.6410167552530766,60565.11381920427,21.809943865276665
1791185767,32,POST,/api/playground/conversations,3.900000,0.400000,8,9,10,11,22,31,32,32,32,32,32,357,45,8,8.99892490414553,0.6410167552530766,65.26524433866143,33.21008403361345
1791185767,32,POST,/api/playground/conversations/{conversation_id}/chat/sse,3.500000,0.000000,3,4,5,6,8,15,24,24,24,24,24,280,0,3,3.529174823779613,1.7232559621334076,24.038668256253004,0.0
1791185767,32,POST,/api/playground/conversations/{conversation_id}/chat/{chat_id}/attachment,3.400000,0.000000,260,300,320,320,350,370,430,430,430,430,430,310,0,230.0,241.82496219573002,126.73466885462403,441.94478588178754,26.0
1791185767,32,TXN,multimodal_e2e,3.900000,0.400000,750,60000,60000,60000,60000,60000,61000,61000,61000,61000,61000,325,45,690.0,22640.753691397033,0.7178769446909428,60565.11381920427,23.92
1791185767,32,,Aggregated,14.700000,0.800000,19,260,350,590,60000,60000,60000,60000,61000,61000,61000,1272,90,12,5847.021598369615,0.6410167552530766,60565.11381920427,21.7688679245283
1791185768,32,POST,/api/playground/conversations,4.300000,0.500000,8,9,10,10,22,31,32,32,32,32,32,361,46,8,8.958745305361923,0.6410167552530766,65.26524433866143,33.1578947368421
1791185768,32,POST,/api/playground/conversations/{conversation_id}/chat/sse,3.800000,0.000000,3,4,5,5,8,15,24,24,24,24,24,283,0,3,3.5221103674241805,1.7232559621334076,24.038668256253004,0.0
1791185768,32,POST,/api/playground/conversations/{conversation_id}/chat/{chat_id}/attachment,3.800000,0.000000,260,310,320,340,360,370,430,430,430,430,430,315,0,230.0,242.59746633913545,126.73466885462403,441.94478588178754,26.0
1791185768,32,TXN,multimodal_e2e,4.300000,0.500000,730,60000,60000,60000,60000,60000,61000,61000,61000,61000,61000,329,46,690.0,22734.13587420171,0.7178769446909428,60565.11381920427,23.86018237082067
1791185768,32,,Aggregated,16.200000,1.000000,18,260,360,590,60000,60000,60000,60000,61000,61000,61000,1288,92,12,5869.704789439757,0.6410167552530766,60565.11381920427,21.746894409937887
1791185769,32,POST,/api/playground/conversations,4.800000,0.700000,8,9,10,10,22,31,32,32,32,32,32,364,46,7,8.943364226289994,0.6410167552530766,65.26524433866143,33.1978021978022
1791185769,32,POST,/api/playground/conversations/{conversation_id}/chat/sse,4.100000,0.000000,3,4,5,5,8,15,24,24,24,24,24,287,0,3,3.5126941775065887,1.7232559621334076,24.038668256253004,0.0
1791185769,32,POST,/api/playground/conversations/{conversation_id}/chat/{chat_id}/attachment,4.100000,0.000000,260,320,320,340,360,380,430,430,430,430,430,317,0,230.0,243.2364176427035,126.73466885462403,441.94478588178754,26.0
1791185769,32,TXN,multimodal_e2e,4.800000,0.700000,750,60000,60000,60000,60000,60000,61000,61000,61000,61000,61000,333,46,690.0,22648.566905207732,0.7178769446909428,60565.11381920427,23.86786786786787
1791185769,32,,Aggregated,17.800000,1.400000,22,300,380,600,60000,60000,60000,60000,61000,61000,61000,1301,92,12,5859.602038150826,0.6410167552530766,60565.11381920427,21.73251345119139
1791185770,32,POST,/api/playground/conversations,4.800000,0.700000,8,9,10,10,22,31,32,32,32,32,32,367,46,8,8.948380374971382,0.6410167552530766,65.26524433866143,33.237057220708444
1791185770,32,POST,/api/playground/conversations/{conversation_id}/chat/sse,4.100000,0.000000,3,4,4,5,8,15,24,24,24,24,24,289,0,3,3.5106937697473075,1.7232559621334076,24.038668256253004,0.0
1791185770,32,POST,/api/playground/conversations/{conversation_id}/chat/{chat_id}/attachment,4.300000,0.000000,270,320,320,340,360,380,430,430,430,430,430,321,0,230.0,243.4627652876195,126.73466885462403,441.94478588178754,26.0
1791185770,32,TXN,multimodal_e2e,4.800000,0.700000,730,60000,60000,60000,60000,60000,60000,60000,60000,60000,60000,335,46,690.0,22695.238033533373,0.7178769446909428,60565.11381920427,23.856716417910448
1791185770,32,,Aggregated,18.000000,1.400000,22,300,380,590,60000,60000,60000,60000,60000,60000,60000,1312,92,12,5857.740041911645,0.6410167552530766,60565.11381920427,21.75
1791185771,32,POST,/api/playground/conversations,5.100000,0.800000,8,9,10,11,22,31,32,32,32,32,32,368,46,8,8.94595741461355,0.6410167552530766,65.26524433866143,33.25
1791185771,32,POST,/api/playground/conversations/{conversation_id}/chat/sse,4.300000,0.000000,3,3,4,5,8,17,24,24,24,24,24,290,0,3,3.508652953816385,1.7232559621334076,24.038668256253004,0.0
1791185771,32,POST,/api/playground/conversations/{conversation_id}/chat/{chat_id}/attachment,4.200000,0.000000,270,320,340,350,370,400,430,430,430,430,430,322,0,230.0,243.5537033456939,126.73466885462403,441.94478588178754,26.0
1791185771,32,TXN,multimodal_e2e,5.100000,0.800000,730,60000,60000,60000,60000,60000,60000,60000,60000,60000,60000,336,46,690.0,22629.551143558707,0.7178769446909428,60565.11381920427,23.845238095238095
1791185771,32,,Aggregated,18.700000,1.600000,24,270,370,590,60000,60000,60000,60000,60000,60000,60000,1316,92,12,5840.625454709896,0.6410167552530766,60565.11381920427,21.747720364741642
1791185772,32,POST,/api/playground/conversations,5.100000,0.800000,8,9,10,10,22,31,32,32,32,32,32,368,46,8,8.94595741461355,0.6410167552530766,65.26524433866143,33.25
1791185772,32,POST,/api/playground/conversations/{conversation_id}/chat/sse,4.300000,0.000000,3,3,4,4,8,17,24,24,24,24,24,290,0,3,3.508652953816385,1.7232559621334076,24.038668256253004,0.0
1791185772,32,POST,/api/playground/conversations/{conversation_id}/chat/{chat_id}/attachment,4.200000,0.000000,270,310,340,350,360,400,430,430,430,430,430,322,0,230.0,243.5537033456939,126.73466885462403,441.94478588178754,26.0
1791185772,32,TXN,multimodal_e2e,5.100000,0.800000,730,60000,60000,60000,60000,60000,60000,60000,60000,60000,60000,336,46,690.0,22629.551143558707,0.7178769446909428,60565.11381920427,23.845238095238095
1791185772,32,,Aggregated,18.700000,1.600000,19,270,360,590,60000,60000,60000,60000,60000,60000,60000,1316,92,12,5840.625454709896,0.6410167552530766,60565.11381920427,21.747720364741642
1791185773,32,POST,/api/playground/conversations,5.100000,0.800000,8,9,9,10,19,31,32,32,32,32,32,368,46,8,8.94595741461355,0.6410167552530766,65.26524433866143,33.25
1791185773,32,POST,/api/playground/conversations/{conversation_id}/chat/sse,4.300000,0.000000,3,3,4,5,15,17,24,24,24,24,24,290,0,3,3.508652953816385,1.7232559621334076,24.038668256253004,0.0
1791185773,32,POST,/api/playground/conversations/{conversation_id}/chat/{chat_id}/attachment,4.200000,0.000000,270,300,340,350,380,400,430,430,430,430,430,322,0,230.0,243.5537033456939,126.73466885462403,441.94478588178754,26.0
1791185773,32,TXN,multimodal_e2e,5.100000,0.800000,730,60000,60000,60000,60000,60000,60000,60000,60000,60000,60000,336,46,690.0,22629.551143558707,0.7178769446909428,60565.11381920427,23.845238095238095
1791185773,32,,Aggregated,18.700000,1.600000,19,270,380,590,60000,60000,60000,60000,60000,60000,60000,1316,92,12,5840.625454709896,0.6410167552530766,60565.11381920427,21.747720364741642
1791185774,32,POST,/api/playground/conversations,5.100000,0.800000,8,8,9,10,22,31,32,32,32,32,32,368,46,8,8.94595741461355,0.6410167552530766,65.26524433866143,33.25
1791185774,32,POST,/api/playground/conversations/{conversation_id}/chat/sse,4.300000,0.000000,3,3,4,5,8,15,17,17,17,17,17,290,0,3,3.508652953816385,1.7232559621334076,24.038668256253004,0.0
1791185774,32,POST,/api/playground/conversations/{conversation_id}/chat/{chat_id}/attachment,4.200000,0.000000,270,300,350,360,380,400,430,430,430,430,430,322,0,230.0,243.5537033456939,126.73466885462403,441.94478588178754,26.0
1791185774,32,TXN,multimodal_e2e,5.100000,0.800000,730,60000,60000,60000,60000,60000,60000,60000,60000,60000,60000,336,46,690.0,22629.551143558707,0.7178769446909428,60565.11381920427,23.845238095238095
1791185774,32,,Aggregated,18.700000,1.600000,19,270,380,590,780,60000,60000,60000,60000,60000,60000,1316,92,12,5840.625454709896,0.6410167552530766,60565.11381920427,21.747720364741642
1791185775,32,POST,/api/playground/conversations,5.100000,0.800000,7,8,9,9,10,11,19,19,19,19,19,368,46,8,8.94595741461355,0.6410167552530766,65.26524433866143,33.25
1791185775,32,POST,/api/playground/conversations/{conversation_id}/chat/sse,4.300000,0.000000,3,3,3,4,5,15,15,15,15,15,15,290,0,3,3.508652953816385,1.7232559621334076,24.038668256253004,0.0
1791185775,32,POST,/api/playground/conversations/{conversation_id}/chat/{chat_id}/attachment,4.200000,0.000000,270,270,300,320,360,380,380,380,380,380,380,322,0,230.0,243.5537033456939,126.73466885462403,441.94478588178754,26.0
1791185775,32,TXN,multimodal_e2e,5.100000,0.800000,670,60000,60000,60000,60000,60000,60000,60000,60000,60000,60000,336,46,690.0,22629.551143558707,0.7178769446909428,60565.11381920427,23.845238095238095
1791185775,32,,Aggregated,18.700000,1.600000,11,270,360,590,60000,60000,60000,60000,60000,60000,60000,1316,92,12,5840.625454709896,0.6410167552530766,60565.11381920427,21.747720364741642
1791185776,32,POST,/api/playground/conversations,5.100000,0.800000,8,9,9,9,10,11,11,11,11,11,11,368,46,8,8.94595741461355,0.6410167552530766,65.26524433866143,33.25
1791185776,32,POST,/api/playground/conversations/{conversation_id}/chat/sse,4.300000,0.000000,3,3,3,3,3,4,4,4,4,4,4,290,0,3,3.508652953816385,1.7232559621334076,24.038668256253004,0.0
1791185776,32,POST,/api/playground/conversations/{conversation_id}/chat/{chat_id}/attachment,4.200000,0.000000,270,270,300,360,360,380,380,380,380,380,380,322,0,230.0,243.5537033456939,126.73466885462403,441.94478588178754,26.0
1791185776,32,TXN,multimodal_e2e,5.100000,0.800000,730,60000,60000,60000,60000,60000,60000,60000,60000,60000,60000,336,46,690.0,22629.551143558707,0.7178769446909428,60565.11381920427,23.845238095238095
1791185776,32,,Aggregated,18.700000,1.600000,11,270,380,590,780,60000,60000,60000,60000,60000,60000,1316,92,12,5840.625454709896,0.6410167552530766,60565.11381920427,21.747720364741642
1791185777,32,POST,/api/playground/conversations,5.100000,0.800000,7,8,9,9,9,11,11,11,11,11,11,368,46,8,8.94595741461355,0.6410167552530766,65.26524433866143,33.25
1791185777,32,POST,/api/playground/conversations/{conversation_id}/chat/sse,4.300000,0.000000,3,3,3,3,4,4,4,4,4,4,4,290,0,3,3.508652953816385,1.7232559621334076,24.038668256253004,0.0
1791185777,32,POST,/api/playground/conversations/{conversation_id}/chat/{chat_id}/attachment,4.200000,0.000000,270,270,270,300,380,380,380,380,380,380,380,322,0,230.0,243.5537033456939,126.73466885462403,441.94478588178754,26.0
1791185777,32,TXN,multimodal_e2e,5.100000,0.800000,730,60000,60000,60000,60000,60000,60000,60000,60000,60000,60000,336,46,690.0,22629.551143558707,0.7178769446909428,60565.11381920427,23.845238095238095
1791185777,32,,Aggregated,18.700000,1.600000,11,270,380,620,780,60000,60000,60000,60000,60000,60000,1316,92,12,5840.625454709896,0.6410167552530766,60565.11381920427,21.747720364741642
1791185778,32,POST,/api/playground/conversations,5.100000,0.800000,9,9,9,11,11,11,11,11,11,11,11,368,46,8,8.94595741461355,0.6410167552530766,65.26524433866143,33.25
1791185778,32,POST,/api/playground/conversations/{conversation_id}/chat/sse,4.300000,0.000000,3,3,3,4,4,4,4,4,4,4,4,290,0,3,3.508652953816385,1.7232559621334076,24.038668256253004,0.0
1791185778,32,POST,/api/playground/conversations/{conversation_id}/chat/{chat_id}/attachment,4.200000,0.000000,270,270,300,300,380,380,380,380,380,380,380,322,0,230.0,243.5537033456939,126.73466885462403,441.94478588178754,26.0
1791185778,32,TXN,multimodal_e2e,5.100000,0.800000,730,60000,60000,60000,60000,60000,60000,60000,60000,60000,60000,336,46,690.0,22629.551143558707,0.7178769446909428,60565.11381920427,23.845238095238095
1791185778,32,,Aggregated,18.700000,1.600000,250,270,380,570,730,60000,60000,60000,60000,60000,60000,1316,92,12,5840.625454709896,0.6410167552530766,60565.11381920427,21.747720364741642
1791185779,32,POST,/api/playground/conversations,5.100000,0.800000,9,9,9,9,9,9,9,9,9,9,9,368,46,8,8.94595741461355,0.6410167552530766,65.26524433866143,33.25
1791185779,32,POST,/api/playground/conversations/{conversation_id}/chat/sse,4.300000,0.000000,3,3,3,3,3,3,3,3,3,3,3,290,0,3,3.508652953816385,1.7232559621334076,24.038668256253004,0.0
1791185779,32,POST,/api/playground/conversations/{conversation_id}/chat/{chat_id}/attachment,4.200000,0.000000,250,250,270,270,270,270,270,270,270,270,270,322,0,230.0,243.5537033456939,126.73466885462403,441.94478588178754,26.0
1791185779,32,TXN,multimodal_e2e,5.100000,0.800000,620,620,620,620,620,620,620,620,620,620,620,336,46,690.0,22629.551143558707,0.7178769446909428,60565.11381920427,23.845238095238095
1791185779,32,,Aggregated,18.700000,1.600000,250,250,270,570,620,620,620,620,620,620,620,1316,92,12,5840.625454709896,0.6410167552530766,60565.11381920427,21.747720364741642
1791185780,32,POST,/api/playground/conversations,5.100000,0.800000,9,9,9,9,9,9,9,9,9,9,9,368,46,8,8.94595741461355,0.6410167552530766,65.26524433866143,33.25
1791185780,32,POST,/api/playground/conversations/{conversation_id}/chat/sse,4.300000,0.000000,3,3,3,3,3,3,3,3,3,3,3,290,0,3,3.508652953816385,1.7232559621334076,24.038668256253004,0.0
1791185780,32,POST,/api/playground/conversations/{conversation_id}/chat/{chat_id}/attachment,4.200000,0.000000,270,270,270,270,270,270,270,270,270,270,270,322,0,230.0,243.5537033456939,126.73466885462403,441.94478588178754,26.0
1791185780,32,TXN,multimodal_e2e,5.100000,0.800000,620,620,620,620,620,620,620,620,620,620,620,336,46,690.0,22629.551143558707,0.7178769446909428,60565.11381920427,23.845238095238095
1791185780,32,,Aggregated,18.700000,1.600000,270,270,270,270,270,270,270,270,270,270,270,1316,92,12,5840.625454709896,0.6410167552530766,60565.11381920427,21.747720364741642
1791185781,32,POST,/api/playground/conversations,5.100000,0.800000,9,9,9,9,9,9,9,9,9,9,9,368,46,8,8.94595741461355,0.6410167552530766,65.26524433866143,33.25
1791185781,32,POST,/api/playground/conversations/{conversation_id}/chat/sse,4.300000,0.000000,3,3,3,3,3,3,3,3,3,3,3,290,0,3,3.508652953816385,1.7232559621334076,24.038668256253004,0.0
1791185781,32,POST,/api/playground/conversations/{conversation_id}/chat/{chat_id}/attachment,4.200000,0.000000,270,270,270,270,270,270,270,270,270,270,270,322,0,230.0,243.5537033456939,126.73466885462403,441.94478588178754,26.0
1791185781,32,TXN,multimodal_e2e,5.100000,0.800000,620,620,620,620,620,620,620,620,620,620,620,336,46,690.0,22629.551143558707,0.7178769446909428,60565.11381920427,23.845238095238095
1791185781,32,,Aggregated,18.700000,1.600000,270,270,270,270,270,270,270,270,270,270,270,1316,92,12,5840.625454709896,0.6410167552530766,60565.11381920427,21.747720364741642
1791185782,32,POST,/api/playground/conversations,5.100000,0.800000,9,9,9,9,9,9,9,9,9,9,9,368,46,8,8.94595741461355,0.6410167552530766,65.26524433866143,33.25
1791185782,32,POST,/api/playground/conversations/{conversation_id}/chat/sse,4.300000,0.000000,3,3,3,3,3,3,3,3,3,3,3,290,0,3,3.508652953816385,1.7232559621334076,24.038668256253004,0.0
1791185782,32,POST,/api/playground/conversations/{conversation_id}/chat/{chat_id}/attachment,4.200000,0.000000,270,270,270,270,270,270,270,270,270,270,270,322,0,230.0,243.5537033456939,126.73466885462403,441.94478588178754,26.0
1791185782,32,TXN,multimodal_e2e,5.100000,0.800000,620,620,620,620,620,620,620,620,620,620,620,336,46,690.0,22629.551143558707,0.7178769446909428,60565.11381920427,23.845238095238095
1791185782,32,,Aggregated,18.700000,1.600000,270,270,270,270,270,270,270,270,270,270,270,1316,92,12,5840.625454709896,0.6410167552530766,60565.11381920427,21.747720364741642
1791185783,32,POST,/api/playground/conversations,5.100000,0.800000,9,9,9,9,9,9,9,9,9,9,9,368,46,8,8.94595741461355,0.6410167552530766,65.26524433866143,33.25
1791185783,32,POST,/api/playground/conversations/{conversation_id}/chat/sse,4.300000,0.000000,3,3,3,3,3,3,3,3,3,3,3,290,0,3,3.508652953816385,1.7232559621334076,24.038668256253004,0.0
1791185783,32,POST,/api/playground/conversations/{conversation_id}/chat/{chat_id}/attachment,4.200000,0.000000,270,270,270,270,270,270,270,270,270,270,270,322,0,230.0,243.5537033456939,126.73466885462403,441.94478588178754,26.0
1791185783,32,TXN,multimodal_e2e,5.100000,0.800000,620,620,620,620,620,620,620,620,620,620,620,336,46,690.0,22629.551143558707,0.7178769446909428,60565.11381920427,23.845238095238095
1791185783,32,,Aggregated,18.700000,1.600000,270,270,270,270,270,270,270,270,270,270,270,1316,92,12,5840.625454709896,0.6410167552530766,60565.11381920427,21.747720364741642
1791185784,32,POST,/api/playground/conversations,5.100000,0.800000,9,9,9,9,9,9,9,9,9,9,9,368,46,8,8.94595741461355,0.6410167552530766,65.26524433866143,33.25
1791185784,32,POST,/api/playground/conversations/{conversation_id}/chat/sse,4.300000,0.000000,3,3,3,3,3,3,3,3,3,3,3,290,0,3,3.508652953816385,1.7232559621334076,24.038668256253004,0.0
1791185784,32,POST,/api/playground/conversations/{conversation_id}/chat/{chat_id}/attachment,4.200000,0.000000,270,270,270,270,270,270,270,270,270,270,270,322,0,230.0,243.5537033456939,126.73466885462403,441.94478588178754,26.0
1791185784,32,TXN,multimodal_e2e,5.100000,0.800000,620,620,620,620,620,620,620,620,620,620,620,336,46,690.0,22629.551143558707,0.7178769446909428,60565.11381920427,23.845238095238095
1791185784,32,,Aggregated,18.700000,1.600000,270,270,270,270,270,270,270,270,270,270,270,1316,92,12,5840.625454709896,0.6410167552530766,60565.11381920427,21.747720364741642
1791185785,32,POST,/api/playground/conversations,5.100000,0.800000,9,9,9,9,9,9,9,9,9,9,9,368,46,8,8.94595741461355,0.6410167552530766,65.26524433866143,33.25
1791185785,32,POST,/api/playground/conversations/{conversation_id}/chat/sse,4.300000,0.000000,3,3,3,3,3,3,3,3,3,3,3,290,0,3,3.508652953816385,1.7232559621334076,24.038668256253004,0.0
1791185785,32,POST,/api/playground/conversations/{conversation_id}/chat/{chat_id}/attachment,4.200000,0.000000,270,270,270,270,270,270,270,270,270,270,270,322,0,230.0,243.5537033456939,126.73466885462403,441.94478588178754,26.0
1791185785,32,TXN,multimodal_e2e,5.100000,0.800000,620,620,620,620,620,620,620,620,620,620,620,336,46,690.0,22629.551143558707,0.7178769446909428,60565.11381920427,23.845238095238095
1791185785,32,,Aggregated,18.700000,1.600000,270,270,270,270,270,270,270,270,270,270,270,1316,92,12,5840.625454709896,0.6410167552530766,60565.11381920427,21.747720364741642
1791185786,32,POST,/api/playground/conversations,5.100000,0.800000,9,9,9,9,9,9,9,9,9,9,9,368,46,8,8.94595741461355,0.6410167552530766,65.26524433866143,33.25
1791185786,32,POST,/api/playground/conversations/{conversation_id}/chat/sse,4.300000,0.000000,3,3,3,3,3,3,3,3,3,3,3,290,0,3,3.508652953816385,1.7232559621334076,24.038668256253004,0.0
1791185786,32,POST,/api/playground/conversations/{conversation_id}/chat/{chat_id}/attachment,4.200000,0.000000,270,270,270,270,270,270,270,270,270,270,270,322,0,230.0,243.5537033456939,126.73466885462403,441.94478588178754,26.0
1791185786,32,TXN,multimodal_e2e,5.100000,0.800000,620,620,620,620,620,620,620,620,620,620,620,336,46,690.0,22629.551143558707,0.7178769446909428,60565.11381920427,23.845238095238095
1791185786,32,,Aggregated,18.700000,1.600000,270,270,270,270,270,270,270,270,270,270,270,1316,92,12,5840.625454709896,0.6410167552530766,60565.11381920427,21.747720364741642
1791185787,32,POST,/api/playground/conversations,5.100000,0.800000,9,9,9,9,9,9,9,9,9,9,9,368,46,8,8.94595741461355,0.6410167552530766,65.26524433866143,33.25
1791185787,32,POST,/api/playground/conversations/{conversation_id}/chat/sse,4.300000,0.000000,3,3,3,3,3,3,3,3,3,3,3,290,0,3,3.508652953816385,1.7232559621334076,24.038668256253004,0.0
1791185787,32,POST,/api/playground/conversations/{conversation_id}/chat/{chat_id}/attachment,4.200000,0.000000,270,270,270,270,270,270,270,270,270,270,270,322,0,230.0,243.5537033456939,126.73466885462403,441.94478588178754,26.0
1791185787,32,TXN,multimodal_e2e,5.100000,0.800000,620,620,620,620,620,620,620,620,620,620,620,336,46,690.0,22629.551143558707,0.7178769446909428,60565.11381920427,23.845238095238095
1791185787,32,,Aggregated,18.700000,1.600000,270,270,270,270,270,270,270,270,270,270,270,1316,92,12,5840.625454709896,0.6410167552530766,60565.11381920427,21.747720364741642
1791185788,32,POST,/api/playground/conversations,5.100000,0.800000,0,0,0,0,0,0,0,0,0,0,0,368,46,8,8.94595741461355,0.6410167552530766,65.26524433866143,33.25
1791185788,32,POST,/api/playground/conversations/{conversation_id}/chat/sse,4.300000,0.000000,0,0,0,0,0,0,0,0,0,0,0,290,0,3,3.508652953816385,1.7232559621334076,24.038668256253004,0.0
1791185788,32,POST,/api/playground/conversations/{conversation_id}/chat/{chat_id}/attachment,4.200000,0.000000,270,270,270,270,270,270,270,270,270,270,270,322,0,230.0,243.5537033456939,126.73466885462403,441.94478588178754,26.0
1791185788,32,TXN,multimodal_e2e,5.100000,0.800000,0,0,0,0,0,0,0,0,0,0,0,336,46,690.0,22629.551143558707,0.7178769446909428,60565.11381920427,23.845238095238095
1791185788,32,,Aggregated,18.700000,1.600000,270,270,270,270,270,270,270,270,270,270,270,1316,92,12,5840.625454709896,0.6410167552530766,60565.11381920427,21.747720364741642
1791185789,32,POST,/api/playground/conversations,5.100000,0.800000,0,0,0,0,0,0,0,0,0,0,0,368,46,8,8.94595741461355,0.6410167552530766,65.26524433866143,33.25
1791185789,32,POST,/api/playground/conversations/{conversation_id}/chat/sse,4.300000,0.000000,0,0,0,0,0,0,0,0,0,0,0,290,0,3,3.508652953816385,1.7232559621334076,24.038668256253004,0.0
1791185789,32,POST,/api/playground/conversations/{conversation_id}/chat/{chat_id}/attachment,4.200000,0.000000,0,0,0,0,0,0,0,0,0,0,0,322,0,230.0,243.5537033456939,126.73466885462403,441.94478588178754,26.0
1791185789,32,TXN,multimodal_e2e,5.100000,0.800000,0,0,0,0,0,0,0,0,0,0,0,336,46,690.0,22629.551143558707,0.7178769446909428,60565.11381920427,23.845238095238095
1791185789,32,,Aggregated,18.700000,1.600000,0,0,0,0,0,0,0,0,0,0,0,1316,92,12,5840.625454709896,0.6410167552530766,60565.11381920427,21.747720364741642
1791185790,32,POST,/api/playground/conversations,5.100000,0.800000,0,0,0,0,0,0,0,0,0,0,0,368,46,8,8.94595741461355,0.6410167552530766,65.26524433866143,33.25
1791185790,32,POST,/api/playground/conversations/{conversation_id}/chat/sse,4.300000,0.000000,0,0,0,0,0,0,0,0,0,0,0,290,0,3,3.508652953816385,1.7232559621334076,24.038668256253004,0.0
1791185790,32,POST,/api/playground/conversations/{conversation_id}/chat/{chat_id}/attachment,4.200000,0.000000,0,0,0,0,0,0,0,0,0,0,0,322,0,230.0,243.5537033456939,126.73466885462403,441.94478588178754,26.0
1791185790,32,TXN,multimodal_e2e,5.100000,0.800000,0,0,0,0,0,0,0,0,0,0,0,336,46,690.0,22629.551143558707,0.7178769446909428,60565.11381920427,23.845238095238095
1791185790,32,,Aggregated,18.700000,1.600000,0,0,0,0,0,0,0,0,0,0,0,1316,92,12,5840.625454709896,0.6410167552530766,60565.11381920427,21.747720364741642
1791185791,32,POST,/api/playground/conversations,5.100000,0.800000,0,0,0,0,0,0,0,0,0,0,0,368,46,8,8.94595741461355,0.6410167552530766,65.26524433866143,33.25
1791185791,32,POST,/api/playground/conversations/{conversation_id}/chat/sse,4.300000,0.000000,0,0,0,0,0,0,0,0,0,0,0,290,0,3,3.508652953816385,1.7232559621334076,24.038668256253004,0.0
1791185791,32,POST,/api/playground/conversations/{conversation_id}/chat/{chat_id}/attachment,4.200000,0.000000,0,0,0,0,0,0,0,0,0,0,0,322,0,230.0,243.5537033456939,126.73466885462403,441.94478588178754,26.0
1791185791,32,TXN,multimodal_e2e,5.100000,0.800000,0,0,0,0,0,0,0,0,0,0,0,336,46,690.0,22629.551143558707,0.7178769446909428,60565.11381920427,23.845238095238095
1791185791,32,,Aggregated,18.700000,1.600000,0,0,0,0,0,0,0,0,0,0,0,1316,92,12,5840.625454709896,0.6410167552530766,60565.11381920427,21.747720364741642
1791185792,32,POST,/api/playground/conversations,5.100000,0.800000,0,0,0,0,0,0,0,0,0,0,0,368,46,8,8.94595741461355,0.6410167552530766,65.26524433866143,33.25
1791185792,32,POST,/api/playground/conversations/{conversation_id}/chat/sse,4.300000,0.000000,0,0,0,0,0,0,0,0,0,0,0,290,0,3,3.508652953816385,1.7232559621334076,24.038668256253004,0.0
1791185792,32,POST,/api/playground/conversations/{conversation_id}/chat/{chat_id}/attachment,4.200000,0.000000,0,0,0,0,0,0,0,0,0,0,0,322,0,230.0,243.5537033456939,126.73466885462403,441.94478588178754,26.0
1791185792,32,TXN,multimodal_e2e,5.100000,0.800000,0,0,0,0,0,0,0,0,0,0,0,336,46,690.0,22629.551143558707,0.7178769446909428,60565.11381920427,23.845238095238095
1791185792,32,,Aggregated,18.700000,1.600000,0,0,0,0,0,0,0,0,0,0,0,1316,92,12,5840.625454709896,0.6410167552530766,60565.11381920427,21.747720364741642
1791185793,32,POST,/api/playground/conversations,5.100000,0.800000,0,0,0,0,0,0,0,0,0,0,0,368,46,8,8.94595741461355,0.6410167552530766,65.26524433866143,33.25
1791185793,32,POST,/api/playground/conversations/{conversation_id}/chat/sse,4.300000,0.000000,0,0,0,0,0,0,0,0,0,0,0,290,0,3,3.508652953816385,1.7232559621334076,24.038668256253004,0.0
1791185793,32,POST,/api/playground/conversations/{conversation_id}/chat/{chat_id}/attachment,4.200000,0.000000,0,0,0,0,0,0,0,0,0,0,0,322,0,230.0,243.5537033456939,126.73466885462403,441.94478588178754,26.0
1791185793,32,TXN,multimodal_e2e,5.100000,0.800000,0,0,0,0,0,0,0,0,0,0,0,336,46,690.0,22629.551143558707,0.7178769446909428,60565.11381920427,23.845238095238095
1791185793,32,,Aggregated,18.700000,1.600000,0,0,0,0,0,0,0,0,0,0,0,1316,92,12,5840.625454709896,0.6410167552530766,60565.11381920427,21.747720364741642
1791185794,32,POST,/api/playground/conversations,5.100000,0.800000,0,0,0,0,0,0,0,0,0,0,0,368,46,8,8.94595741461355,0.6410167552530766,65.26524433866143,33.25
1791185794,32,POST,/api/playground/conversations/{conversation_id}/chat/sse,4.300000,0.000000,0,0,0,0,0,0,0,0,0,0,0,290,0,3,3.508652953816385,1.7232559621334076,24.038668256253004,0.0
1791185794,32,POST,/api/playground/conversations/{conversation_id}/chat/{chat_id}/attachment,4.200000,0.000000,0,0,0,0,0,0,0,0,0,0,0,322,0,230.0,243.5537033456939,126.73466885462403,441.94478588178754,26.0
1791185794,32,TXN,multimodal_e2e,5.100000,0.800000,0,0,0,0,0,0,0,0,0,0,0,336,46,690.0,22629.551143558707,0.7178769446909428,60565.11381920427,23.845238095238095
1791185794,32,,Aggregated,18.700000,1.600000,0,0,0,0,0,0,0,0,0,0,0,1316,92,12,5840.625454709896,0.6410167552530766,60565.11381920427,21.747720364741642
1791185795,32,POST,/api/playground/conversations,5.100000,0.800000,0,0,0,0,0,0,0,0,0,0,0,368,46,8,8.94595741461355,0.6410167552530766,65.26524433866143,33.25
1791185795,32,POST,/api/playground/conversations/{conversation_id}/chat/sse,4.300000,0.000000,0,0,0,0,0,0,0,0,0,0,0,290,0,3,3.508652953816385,1.7232559621334076,24.038668256253004,0.0
1791185795,32,POST,/api/playground/conversations/{conversation_id}/chat/{chat_id}/attachment,4.200000,0.000000,0,0,0,0,0,0,0,0,0,0,0,322,0,230.0,243.5537033456939,126.73466885462403,441.94478588178754,26.0
1791185795,32,TXN,multimodal_e2e,5.100000,0.800000,0,0,0,0,0,0,0,0,0,0,0,336,46,690.0,22629.551143558707,0.7178769446909428,60565.11381920427,23.845238095238095
1791185795,32,,Aggregated,18.700000,1.600000,0,0,0,0,0,0,0,0,0,0,0,1316,92,12,5840.625454709896,0.6410167552530766,60565.11381920427,21.747720364741642
1791185796,32,POST,/api/playground/conversations,5.100000,0.800000,0,0,0,0,0,0,0,0,0,0,0,368,46,8,8.94595741461355,0.6410167552530766,65.26524433866143,33.25
1791185796,32,POST,/api/playground/conversations/{conversation_id}/chat/sse,4.300000,0.000000,0,0,0,0,0,0,0,0,0,0,0,290,0,3,3.508652953816385,1.7232559621334076,24.038668256253004,0.0
1791185796,32,POST,/api/playground/conversations/{conversation_id}/chat/{chat_id}/attachment,4.200000,0.000000,0,0,0,0,0,0,0,0,0,0,0,322,0,230.0,243.5537033456939,126.73466885462403,441.94478588178754,26.0
1791185796,32,TXN,multimodal_e2e,5.100000,0.800000,0,0,0,0,0,0,0,0,0,0,0,336,46,690.0,22629.551143558707,0.7178769446909428,60565.11381920427,23.845238095238095
1791185796,32,,Aggregated,18.700000,1.600000,0,0,0,0,0,0,0,0,0,0,0,1316,92,12,5840.625454709896,0.6410167552530766,60565.11381920427,21.747720364741642
1791185797,32,POST,/api/playground/conversations,5.100000,0.800000,0,0,0,0,0,0,0,0,0,0,0,368,46,8,8.94595741461355,0.6410167552530766,65.26524433866143,33.25
1791185797,32,POST,/api/playground/conversations/{conversation_id}/chat/sse,4.300000,0.000000,0,0,0,0,0,0,0,0,0,0,0,290,0,3,3.508652953816385,1.7232559621334076,24.038668256253004,0.0
1791185797,32,POST,/api/playground/conversations/{conversation_id}/chat/{chat_id}/attachment,4.200000,0.000000,0,0,0,0,0,0,0,0,0,0,0,322,0,230.0,243.5537033456939,126.73466885462403,441.94478588178754,26.0
1791185797,32,TXN,multimodal_e2e,5.100000,0.800000,0,0,0,0,0,0,0,0,0,0,0,336,46,690.0,22629.551143558707,0.7178769446909428,60565.11381920427,23.845238095238095
1791185797,32,,Aggregated,18.700000,1.600000,0,0,0,0,0,0,0,0,0,0,0,1316,92,12,5840.625454709896,0.6410167552530766,60565.11381920427,21.747720364741642
1791185798,32,POST,/api/playground/conversations,5.100000,0.800000,0,0,0,0,0,0,0,0,0,0,0,368,46,8,8.94595741461355,0.6410167552530766,65.26524433866143,33.25
1791185798,32,POST,/api/playground/conversations/{conversation_id}/chat/sse,4.300000,0.000000,0,0,0,0,0,0,0,0,0,0,0,290,0,3,3.508652953816385,1.7232559621334076,24.038668256253004,0.0
1791185798,32,POST,/api/playground/conversations/{conversation_id}/chat/{chat_id}/attachment,4.200000,0.000000,0,0,0,0,0,0,0,0,0,0,0,322,0,230.0,243.5537033456939,126.73466885462403,441.94478588178754,26.0
1791185798,32,TXN,multimodal_e2e,5.100000,0.800000,0,0,0,0,0,0,0,0,0,0,0,336,46,690.0,22629.551143558707,0.7178769446909428,60565.11381920427,23.845238095238095
1791185798,32,,Aggregated,18.700000,1.600000,0,0,0,0,0,0,0,0,0,0,0,1316,92,12,5840.625454709896,0.6410167552530766,60565.11381920427,21.747720364741642
1791185799,32,POST,/api/playground/conversations,5.100000,0.800000,0,0,0,0,0,0,0,0,0,0,0,368,46,8,8.94595741461355,0.6410167552530766,65.26524433866143,33.25
1791185799,32,POST,/api/playground/conversations/{conversation_id}/chat/sse,4.300000,0.000000,0,0,0,0,0,0,0,0,0,0,0,290,0,3,3.508652953816385,1.7232559621334076,24.038668256253004,0.0
1791185799,32,POST,/api/playground/conversations/{conversation_id}/chat/{chat_id}/attachment,4.200000,0.000000,0,0,0,0,0,0,0,0,0,0,0,322,0,230.0,243.5537033456939,126.73466885462403,441.94478588178754,26.0
1791185799,32,TXN,multimodal_e2e,5.100000,0.800000,0,0,0,0,0,0,0,0,0,0,0,336,46,690.0,22629.551143558707,0.7178769446909428,60565.11381920427,23.845238095238095
1791185799,32,,Aggregated,18.700000,1.600000,0,0,0,0,0,0,0,0,0,0,0,1316,92,12,5840.625454709896,0.6410167552530766,60565.11381920427,21.747720364741642
1791185800,32,POST,/api/playground/conversations,5.100000,0.800000,0,0,0,0,0,0,0,0,0,0,0,368,46,8,8.94595741461355,0.6410167552530766,65.26524433866143,33.25
1791185800,32,POST,/api/playground/conversations/{conversation_id}/chat/sse,4.300000,0.000000,0,0,0,0,0,0,0,0,0,0,0,290,0,3,3.508652953816385,1.7232559621334076,24.038668256253004,0.0
1791185800,32,POST,/api/playground/conversations/{conversation_id}/chat/{chat_id}/attachment,4.200000,0.000000,0,0,0,0,0,0,0,0,0,0,0,322,0,230.0,243.5537033456939,126.73466885462403,441.94478588178754,26.0
1791185800,32,TXN,multimodal_e2e,5.100000,0.800000,0,0,0,0,0,0,0,0,0,0,0,336,46,690.0,22629.551143558707,0.7178769446909428,60565.11381920427,23.845238095238095
1791185800,32,,Aggregated,18.700000,1.600000,0,0,0,0,0,0,0,0,0,0,0,1316,92,12,5840.625454709896,0.6410167552530766,60565.11381920427,21.747720364741642
1791185801,32,POST,/api/playground/conversations,5.100000,0.800000,0,0,0,0,0,0,0,0,0,0,0,368,46,8,8.94595741461355,0.6410167552530766,65.26524433866143,33.25
1791185801,32,POST,/api/playground/conversations/{conversation_id}/chat/sse,4.300000,0.000000,0,0,0,0,0,0,0,0,0,0,0,290,0,3,3.508652953816385,1.7232559621334076,24.038668256253004,0.0
1791185801,32,POST,/api/playground/conversations/{conversation_id}/chat/{chat_id}/attachment,4.200000,0.000000,0,0,0,0,0,0,0,0,0,0,0,322,0,230.0,243.5537033456939,126.73466885462403,441.94478588178754,26.0
1791185801,32,TXN,multimodal_e2e,5.100000,0.800000,0,0,0,0,0,0,0,0,0,0,0,336,46,690.0,22629.551143558707,0.7178769446909428,60565.11381920427,23.845238095238095
1791185801,32,,Aggregated,18.700000,1.600000,0,0,0,0,0,0,0,0,0,0,0,1316,92,12,5840.625454709896,0.6410167552530766,60565.11381920427,21.747720364741642
1791185802,32,POST,/api/playground/conversations,5.100000,0.800000,0,0,0,0,0,0,0,0,0,0,0,368,46,8,8.94595741461355,0.6410167552530766,65.26524433866143,33.25
1791185802,32,POST,/api/playground/conversations/{conversation_id}/chat/sse,4.300000,0.000000,0,0,0,0,0,0,0,0,0,0,0,290,0,3,3.508652953816385,1.7232559621334076,24.038668256253004,0.0
1791185802,32,POST,/api/playground/conversations/{conversation_id}/chat/{chat_id}/attachment,4.200000,0.000000,0,0,0,0,0,0,0,0,0,0,0,322,0,230.0,243.5537033456939,126.73466885462403,441.94478588178754,26.0
1791185802,32,TXN,multimodal_e2e,5.100000,0.800000,0,0,0,0,0,0,0,0,0,0,0,336,46,690.0,22629.551143558707,0.7178769446909428,60565.11381920427,23.845238095238095
1791185802,32,,Aggregated,18.700000,1.600000,0,0,0,0,0,0,0,0,0,0,0,1316,92,12,5840.625454709896,0.6410167552530766,60565.11381920427,21.747720364741642
1791185803,32,POST,/api/playground/conversations,5.100000,0.800000,0,0,0,0,0,0,0,0,0,0,0,368,46,8,8.94595741461355,0.6410167552530766,65.26524433866143,33.25
1791185803,32,POST,/api/playground/conversations/{conversation_id}/chat/sse,4.300000,0.000000,0,0,0,0,0,0,0,0,0,0,0,290,0,3,3.508652953816385,1.7232559621334076,24.038668256253004,0.0
1791185803,32,POST,/api/playground/conversations/{conversation_id}/chat/{chat_id}/attachment,4.200000,0.000000,0,0,0,0,0,0,0,0,0,0,0,322,0,230.0,243.5537033456939,126.73466885462403,441.94478588178754,26.0
1791185803,32,TXN,multimodal_e2e,5.100000,0.800000,0,0,0,0,0,0,0,0,0,0,0,336,46,690.0,22629.551143558707,0.7178769446909428,60565.11381920427,23.845238095238095
1791185803,32,,Aggregated,18.700000,1.600000,0,0,0,0,0,0,0,0,0,0,0,1316,92,12,5840.625454709896,0.6410167552530766,60565.11381920427,21.747720364741642
1791185804,32,POST,/api/playground/conversations,5.100000,0.800000,0,0,0,0,0,0,0,0,0,0,0,368,46,8,8.94595741461355,0.6410167552530766,65.26524433866143,33.25
1791185804,32,POST,/api/playground/conversations/{conversation_id}/chat/sse,4.300000,0.000000,0,0,0,0,0,0,0,0,0,0,0,290,0,3,3.508652953816385,1.7232559621334076,24.038668256253004,0.0
1791185804,32,POST,/api/playground/conversations/{conversation_id}/chat/{chat_id}/attachment,4.200000,0.000000,0,0,0,0,0,0,0,0,0,0,0,322,0,230.0,243.5537033456939,126.73466885462403,441.94478588178754,26.0
1791185804,32,TXN,multimodal_e2e,5.100000,0.800000,0,0,0,0,0,0,0,0,0,0,0,336,46,690.0,22629.551143558707,0.7178769446909428,60565.11381920427,23.845238095238095
1791185804,32,,Aggregated,18.700000,1.600000,0,0,0,0,0,0,0,0,0,0,0,1316,92,12,5840.625454709896,0.6410167552530766,60565.11381920427,21.747720364741642
1791185805,32,POST,/api/playground/conversations,5.100000,0.800000,0,0,0,0,0,0,0,0,0,0,0,368,46,8,8.94595741461355,0.6410167552530766,65.26524433866143,33.25
1791185805,32,POST,/api/playground/conversations/{conversation_id}/chat/sse,4.300000,0.000000,0,0,0,0,0,0,0,0,0,0,0,290,0,3,3.508652953816385,1.7232559621334076,24.038668256253004,0.0
1791185805,32,POST,/api/playground/conversations/{conversation_id}/chat/{chat_id}/attachment,4.200000,0.000000,0,0,0,0,0,0,0,0,0,0,0,322,0,230.0,243.5537033456939,126.73466885462403,441.94478588178754,26.0
1791185805,32,TXN,multimodal_e2e,5.100000,0.800000,0,0,0,0,0,0,0,0,0,0,0,336,46,690.0,22629.551143558707,0.7178769446909428,60565.11381920427,23.845238095238095
1791185805,32,,Aggregated,18.700000,1.600000,0,0,0,0,0,0,0,0,0,0,0,1316,92,12,5840.625454709896,0.6410167552530766,60565.11381920427,21.747720364741642
1791185806,32,POST,/api/playground/conversations,5.100000,0.800000,0,0,0,0,0,0,0,0,0,0,0,368,46,8,8.94595741461355,0.6410167552530766,65.26524433866143,33.25
1791185806,32,POST,/api/playground/conversations/{conversation_id}/chat/sse,4.300000,0.000000,0,0,0,0,0,0,0,0,0,0,0,290,0,3,3.508652953816385,1.7232559621334076,24.038668256253004,0.0
1791185806,32,POST,/api/playground/conversations/{conversation_id}/chat/{chat_id}/attachment,4.200000,0.000000,0,0,0,0,0,0,0,0,0,0,0,322,0,230.0,243.5537033456939,126.73466885462403,441.94478588178754,26.0
1791185806,32,TXN,multimodal_e2e,5.100000,0.800000,0,0,0,0,0,0,0,0,0,0,0,336,46,690.0,22629.551143558707,0.7178769446909428,60565.11381920427,23.845238095238095
1791185806,32,,Aggregated,18.700000,1.600000,0,0,0,0,0,0,0,0,0,0,0,1316,92,12,5840.625454709896,0.6410167552530766,60565.11381920427,21.747720364741642
1791185807,32,POST,/api/playground/conversations,5.100000,0.800000,0,0,0,0,0,0,0,0,0,0,0,368,46,8,8.94595741461355,0.6410167552530766,65.26524433866143,33.25
1791185807,32,POST,/api/playground/conversations/{conversation_id}/chat/sse,4.300000,0.000000,0,0,0,0,0,0,0,0,0,0,0,290,0,3,3.508652953816385,1.7232559621334076,24.038668256253004,0.0
1791185807,32,POST,/api/playground/conversations/{conversation_id}/chat/{chat_id}/attachment,4.200000,0.000000,0,0,0,0,0,0,0,0,0,0,0,322,0,230.0,243.5537033456939,126.73466885462403,441.94478588178754,26.0
1791185807,32,TXN,multimodal_e2e,5.100000,0.800000,0,0,0,0,0,0,0,0,0,0,0,336,46,690.0,22629.551143558707,0.7178769446909428,60565.11381920427,23.845238095238095
1791185807,32,,Aggregated,18.700000,1.600000,0,0,0,0,0,0,0,0,0,0,0,1316,92,12,5840.625454709896,0.6410167552530766,60565.11381920427,21.747720364741642
1791185808,32,POST,/api/playground/conversations,5.100000,0.800000,0,0,0,0,0,0,0,0,0,0,0,368,46,8,8.94595741461355,0.6410167552530766,65.26524433866143,33.25
1791185808,32,POST,/api/playground/conversations/{conversation_id}/chat/sse,4.300000,0.000000,0,0,0,0,0,0,0,0,0,0,0,290,0,3,3.508652953816385,1.7232559621334076,24.038668256253004,0.0
1791185808,32,POST,/api/playground/conversations/{conversation_id}/chat/{chat_id}/attachment,4.200000,0.000000,0,0,0,0,0,0,0,0,0,0,0,322,0,230.0,243.5537033456939,126.73466885462403,441.94478588178754,26.0
1791185808,32,TXN,multimodal_e2e,5.100000,0.800000,0,0,0,0,0,0,0,0,0,0,0,336,46,690.0,22629.551143558707,0.7178769446909428,60565.11381920427,23.845238095238095
1791185808,32,,Aggregated,18.700000,1.600000,0,0,0,0,0,0,0,0,0,0,0,1316,92,12,5840.625454709896,0.6410167552530766,60565.11381920427,21.747720364741642
1791185809,32,POST,/api/playground/conversations,5.100000,0.800000,0,0,0,0,0,0,0,0,0,0,0,368,46,8,8.94595741461355,0.6410167552530766,65.26524433866143,33.25
1791185809,32,POST,/api/playground/conversations/{conversation_id}/chat/sse,4.300000,0.000000,0,0,0,0,0,0,0,0,0,0,0,290,0,3,3.508652953816385,1.7232559621334076,24.038668256253004,0.0
1791185809,32,POST,/api/playground/conversations/{conversation_id}/chat/{chat_id}/attachment,4.200000,0.000000,0,0,0,0,0,0,0,0,0,0,0,322,0,230.0,243.5537033456939,126.73466885462403,441.94478588178754,26.0
1791185809,32,TXN,multimodal_e2e,5.100000,0.800000,0,0,0,0,0,0,0,0,0,0,0,336,46,690.0,22629.551143558707,0.7178769446909428,60565.11381920427,23.845238095238095
1791185809,32,,Aggregated,18.700000,1.600000,0,0,0,0,0,0,0,0,0,0,0,1316,92,12,5840.625454709896,0.6410167552530766,60565.11381920427,21.747720364741642
1791185810,32,POST,/api/playground/conversations,5.100000,0.800000,0,0,0,0,0,0,0,0,0,0,0,368,46,8,8.94595741461355,0.6410167552530766,65.26524433866143,33.25
1791185810,32,POST,/api/playground/conversations/{conversation_id}/chat/sse,4.300000,0.000000,0,0,0,0,0,0,0,0,0,0,0,290,0,3,3.508652953816385,1.7232559621334076,24.038668256253004,0.0
1791185810,32,POST,/api/playground/conversations/{conversation_id}/chat/{chat_id}/attachment,4.200000,0.000000,0,0,0,0,0,0,0,0,0,0,0,322,0,230.0,243.5537033456939,126.73466885462403,441.94478588178754,26.0
1791185810,32,TXN,multimodal_e2e,5.100000,0.800000,0,0,0,0,0,0,0,0,0,0,0,336,46,690.0,22629.551143558707,0.7178769446909428,60565.11381920427,23.845238095238095
1791185810,32,,Aggregated,18.700000,1.600000,0,0,0,0,0,0,0,0,0,0,0,1316,92,12,5840.625454709896,0.6410167552530766,60565.11381920427,21.747720364741642
1791185811,32,POST,/api/playground/conversations,5.100000,0.800000,0,0,0,0,0,0,0,0,0,0,0,368,46,8,8.94595741461355,0.6410167552530766,65.26524433866143,33.25
1791185811,32,POST,/api/playground/conversations/{conversation_id}/chat/sse,4.300000,0.000000,0,0,0,0,0,0,0,0,0,0,0,290,0,3,3.508652953816385,1.7232559621334076,24.038668256253004,0.0
1791185811,32,POST,/api/playground/conversations/{conversation_id}/chat/{chat_id}/attachment,4.200000,0.000000,0,0,0,0,0,0,0,0,0,0,0,322,0,230.0,243.5537033456939,126.73466885462403,441.94478588178754,26.0
1791185811,32,TXN,multimodal_e2e,5.100000,0.800000,0,0,0,0,0,0,0,0,0,0,0,336,46,690.0,22629.551143558707,0.7178769446909428,60565.11381920427,23.845238095238095
1791185811,32,,Aggregated,18.700000,1.600000,0,0,0,0,0,0,0,0,0,0,0,1316,92,12,5840.625454709896,0.6410167552530766,60565.11381920427,21.747720364741642
1791185812,32,POST,/api/playground/conversations,5.100000,0.800000,0,0,0,0,0,0,0,0,0,0,0,368,46,8,8.94595741461355,0.6410167552530766,65.26524433866143,33.25
1791185812,32,POST,/api/playground/conversations/{conversation_id}/chat/sse,4.300000,0.000000,0,0,0,0,0,0,0,0,0,0,0,290,0,3,3.508652953816385,1.7232559621334076,24.038668256253004,0.0
1791185812,32,POST,/api/playground/conversations/{conversation_id}/chat/{chat_id}/attachment,4.200000,0.000000,0,0,0,0,0,0,0,0,0,0,0,322,0,230.0,243.5537033456939,126.73466885462403,441.94478588178754,26.0
1791185812,32,TXN,multimodal_e2e,5.100000,0.800000,0,0,0,0,0,0,0,0,0,0,0,336,46,690.0,22629.551143558707,0.7178769446909428,60565.11381920427,23.845238095238095
1791185812,32,,Aggregated,18.700000,1.600000,0,0,0,0,0,0,0,0,0,0,0,1316,92,12,5840.625454709896,0.6410167552530766,60565.11381920427,21.747720364741642
1791185813,32,POST,/api/playground/conversations,5.100000,0.800000,0,0,0,0,0,0,0,0,0,0,0,368,46,8,8.94595741461355,0.6410167552530766,65.26524433866143,33.25
1791185813,32,POST,/api/playground/conversations/{conversation_id}/chat/sse,4.300000,0.000000,0,0,0,0,0,0,0,0,0,0,0,290,0,3,3.508652953816385,1.7232559621334076,24.038668256253004,0.0
1791185813,32,POST,/api/playground/conversations/{conversation_id}/chat/{chat_id}/attachment,4.200000,0.000000,0,0,0,0,0,0,0,0,0,0,0,322,0,230.0,243.5537033456939,126.73466885462403,441.94478588178754,26.0
1791185813,32,TXN,multimodal_e2e,5.100000,0.800000,0,0,0,0,0,0,0,0,0,0,0,336,46,690.0,22629.551143558707,0.7178769446909428,60565.11381920427,23.845238095238095
1791185813,32,,Aggregated,18.700000,1.600000,0,0,0,0,0,0,0,0,0,0,0,1316,92,12,5840.625454709896,0.6410167552530766,60565.11381920427,21.747720364741642
1791185814,31,POST,/api/playground/conversations,0.000000,0.000000,0,0,0,0,0,0,0,0,0,0,0,368,46,8,8.94595741461355,0.6410167552530766,65.26524433866143,33.25
1791185814,31,POST,/api/playground/conversations/{conversation_id}/chat/sse,0.000000,0.000000,0,0,0,0,0,0,0,0,0,0,0,291,0,3,3.504923500018226,1.7232559621334076,24.038668256253004,0.0
1791185814,31,POST,/api/playground/conversations/{conversation_id}/chat/{chat_id}/attachment,0.000000,0.000000,0,0,0,0,0,0,0,0,0,0,0,322,0,230.0,243.5537033456939,126.73466885462403,441.94478588178754,26.0
1791185814,31,TXN,multimodal_e2e,0.000000,0.000000,0,0,0,0,0,0,0,0,0,0,0,337,46,690.0,22741.53098696152,0.7178769446909428,60565.11381920427,23.869436201780417
1791185814,31,,Aggregated,0.000000,0.000000,0,0,0,0,0,0,0,0,0,0,0,1318,92,12,5877.566221661934,0.6410167552530766,60565.11381920427,21.738998482549317
1791185815,30,POST,/api/playground/conversations,0.000000,0.000000,0,0,0,0,0,0,0,0,0,0,0,368,46,8,8.94595741461355,0.6410167552530766,65.26524433866143,33.25
1791185815,30,POST,/api/playground/conversations/{conversation_id}/chat/sse,0.000000,0.000000,3,3,3,3,3,3,3,3,3,3,3,292,0,3,3.502906145438654,1.7232559621334076,24.038668256253004,0.0
1791185815,30,POST,/api/playground/conversations/{conversation_id}/chat/{chat_id}/attachment,0.000000,0.000000,0,0,0,0,0,0,0,0,0,0,0,322,0,230.0,243.5537033456939,126.73466885462403,441.94478588178754,26.0
1791185815,30,TXN,multimodal_e2e,0.000000,0.000000,60000,60000,60000,60000,60000,60000,60000,60000,60000,60000,60000,338,46,690.0,22852.74813169222,0.7178769446909428,60565.11381920427,23.893491124260354
1791185815,30,,Aggregated,0.000000,0.000000,60000,60000,60000,60000,60000,60000,60000,60000,60000,60000,60000,1320,92,12,5914.369789327523,0.6410167552530766,60565.11381920427,21.73030303030303
1791185816,29,POST,/api/playground/conversations,0.000000,0.000000,0,0,0,0,0,0,0,0,0,0,0,368,46,8,8.94595741461355,0.6410167552530766,65.26524433866143,33.25
1791185816,29,POST,/api/playground/conversations/{conversation_id}/chat/sse,0.000000,0.000000,3,3,3,3,3,3,3,3,3,3,3,293,0,3,3.500425236127991,1.7232559621334076,24.038668256253004,0.0
1791185816,29,POST,/api/playground/conversations/{conversation_id}/chat/{chat_id}/attachment,0.000000,0.000000,0,0,0,0,0,0,0,0,0,0,0,322,0,230.0,243.5537033456939,126.73466885462403,441.94478588178754,26.0
1791185816,29,TXN,multimodal_e2e,0.000000,0.000000,60000,60000,60000,60000,60000,60000,60000,60000,60000,60000,60000,339,46,690.0,22963.254579572298,0.7178769446909428,60565.11381920427,23.91740412979351
1791185816,29,,Aggregated,0.000000,0.000000,60000,60000,60000,60000,60000,60000,60000,60000,60000,60000,60000,1322,92,12,5951.047906108234,0.6410167552530766,60565.11381920427,21.721633888048412
1791185817,28,POST,/api/playground/conversations,0.000000,0.000000,0,0,0,0,0,0,0,0,0,0,0,368,46,8,8.94595741461355,0.6410167552530766,65.26524433866143,33.25
1791185817,28,POST,/api/playground/conversations/{conversation_id}/chat/sse,0.200000,0.000000,3,3,3,3,3,3,3,3,3,3,3,294,0,3,3.4992876082506714,1.7232559621334076,24.038668256253004,0.0
1791185817,28,POST,/api/playground/conversations/{conversation_id}/chat/{chat_id}/attachment,0.000000,0.000000,0,0,0,0,0,0,0,0,0,0,0,322,0,230.0,243.5537033456939,126.73466885462403,441.94478588178754,26.0
1791185817,28,TXN,multimodal_e2e,0.200000,0.000000,60000,60000,60000,60000,60000,60000,60000,60000,60000,60000,60000,340,46,690.0,23073.255705808784,0.7178769446909428,60565.11381920427,23.941176470588236
1791185817,28,,Aggregated,0.400000,0.000000,60000,60000,60000,60000,60000,60000,60000,60000,60000,60000,60000,1324,92,12,5987.6526701946395,0.6410167552530766,60565.11381920427,21.71299093655589
1791185818,27,POST,/api/playground/conversations,0.000000,0.000000,0,0,0,0,0,0,0,0,0,0,0,368,46,8,8.94595741461355,0.6410167552530766,65.26524433866143,33.25
1791185818,27,POST,/api/playground/conversations/{conversation_id}/chat/sse,0.200000,0.000000,3,3,3,3,3,3,3,3,3,3,3,295,0,3,3.495737294650684,1.7232559621334076,24.038668256253004,0.0
1791185818,27,POST,/api/playground/conversations/{conversation_id}/chat/{chat_id}/attachment,0.000000,0.000000,0,0,0,0,0,0,0,0,0,0,0,322,0,230.0,243.5537033456939,126.73466885462403,441.94478588178754,26.0
1791185818,27,TXN,multimodal_e2e,0.200000,0.000000,60000,60000,60000,60000,60000,60000,60000,60000,60000,60000,60000,341,46,700.0,23182.58681938686,0.7178769446909428,60565.11381920427,23.964809384164223
1791185818,27,,Aggregated,0.400000,0.000000,60000,60000,60000,60000,60000,60000,60000,60000,60000,60000,60000,1326,92,12,6024.140085006585,0.6410167552530766,60565.11381920427,21.704374057315235
1791185819,25,POST,/api/playground/conversations,0.000000,0.000000,0,0,0,0,0,0,0,0,0,0,0,368,46,8,8.94595741461355,0.6410167552530766,65.26524433866143,33.25
1791185819,25,POST,/api/playground/conversations/{conversation_id}/chat/sse,0.300000,0.000000,2,3,3,3,3,3,3,3,3,3,3,297,0,3,3.4872972789010417,1.7232559621334076,24.038668256253004,0.0
1791185819,25,POST,/api/playground/conversations/{conversation_id}/chat/{chat_id}/attachment,0.000000,0.000000,0,0,0,0,0,0,0,0,0,0,0,322,0,230.0,243.5537033456939,126.73466885462403,441.94478588178754,26.0
1791185819,25,TXN,multimodal_e2e,0.300000,0.000000,60000,60000,60000,60000,60000,60000,60000,60000,60000,60000,60000,343,46,700.0,23399.160497982066,0.7178769446909428,60565.11381920427,24.011661807580175
1791185819,25,,Aggregated,0.600000,0.000000,60000,60000,60000,60000,60000,60000,60000,60000,60000,60000,60000,1330,92,12,6096.739987147048,0.6410167552530766,60565.11381920427,21.687218045112783
1791185820,23,POST,/api/playground/conversations,0.000000,0.000000,0,0,0,0,0,0,0,0,0,0,0,368,46,8,8.94595741461355,0.6410167552530766,65.26524433866143,33.25
1791185820,23,POST,/api/playground/conversations/{conversation_id}/chat/sse,0.400000,0.000000,3,3,3,3,3,3,3,3,3,3,3,299,0,3,3.4823060615056733,1.7232559621334076,24.038668256253004,0.0
1791185820,23,POST,/api/playground/conversations/{conversation_id}/chat/{chat_id}/attachment,0.000000,0.000000,0,0,0,0,0,0,0,0,0,0,0,322,0,230.0,243.5537033456939,126.73466885462403,441.94478588178754,26.0
1791185820,23,TXN,multimodal_e2e,0.400000,0.000000,60000,60000,60000,60000,60000,60000,60000,60000,60000,60000,60000,345,46,700.0,23613.13085059325,0.7178769446909428,60565.11381920427,24.057971014492754
1791185820,23,,Aggregated,0.800000,0.000000,60000,60000,60000,60000,60000,60000,60000,60000,60000,60000,60000,1334,92,12,6168.881377640894,0.6410167552530766,60565.11381920427,21.67016491754123
1791185821,21,POST,/api/playground/conversations,0.000000,0.000000,0,0,0,0,0,0,0,0,0,0,0,368,46,8,8.94595741461355,0.6410167552530766,65.26524433866143,33.25
1791185821,21,POST,/api/playground/conversations/{conversation_id}/chat/sse,0.600000,0.000000,3,3,3,3,3,4,4,4,4,4,4,301,0,3,3.482734391533853,1.7232559621334076,24.038668256253004,0.0
1791185821,21,POST,/api/playground/conversations/{conversation_id}/chat/{chat_id}/attachment,0.000000,0.000000,0,0,0,0,0,0,0,0,0,0,0,322,0,230.0,243.5537033456939,126.73466885462403,441.94478588178754,26.0
1791185821,21,TXN,multimodal_e2e,0.600000,0.000000,60000,60000,60000,60000,60000,60000,60000,60000,60000,60000,60000,347,46,710.0,23824.788017884188,0.7178769446909428,60565.11381920427,24.103746397694525
1791185821,21,,Aggregated,1.200000,0.000000,60000,60000,60000,60000,60000,60000,60000,60000,60000,60000,60000,1338,92,12,6240.63239915064,0.6410167552530766,60565.11381920427,21.65321375186846
1791185822,20,POST,/api/playground/conversations,0.000000,0.000000,0,0,0,0,0,0,0,0,0,0,0,368,46,8,8.94595741461355,0.6410167552530766,65.26524433866143,33.25
1791185822,20,POST,/api/playground/conversations/{conversation_id}/chat/sse,0.800000,0.000000,3,3,3,3,4,5,5,5,5,5,5,302,0,3,3.4886068242003785,1.7232559621334076,24.038668256253004,0.0
1791185822,20,POST,/api/playground/conversations/{conversation_id}/chat/{chat_id}/attachment,0.000000,0.000000,0,0,0,0,0,0,0,0,0,0,0,322,0,230.0,243.5537033456939,126.73466885462403,441.94478588178754,26.0
1791185822,20,TXN,multimodal_e2e,0.800000,0.000000,60000,60000,60000,60000,60000,61000,61000,61000,61000,61000,61000,348,46,710.0,23930.236769775893,0.7178769446909428,60565.11381920427,24.126436781609197
1791185822,20,,Aggregated,1.600000,0.000000,60000,60000,60000,60000,60000,60000,61000,61000,61000,61000,61000,1340,92,12,6276.4868357826945,0.6410167552530766,60565.11381920427,21.644776119402984
1791185823,17,POST,/api/playground/conversations,0.000000,0.000000,0,0,0,0,0,0,0,0,0,0,0,368,46,8,8.94595741461355,0.6410167552530766,65.26524433866143,33.25
1791185823,17,POST,/api/playground/conversations/{conversation_id}/chat/sse,1.000000,0.000000,3,3,3,4,5,7,7,7,7,7,7,305,0,3,3.492807932808751,1.7232559621334076,24.038668256253004,0.0
1791185823,17,POST,/api/playground/conversations/{conversation_id}/chat/{chat_id}/attachment,0.000000,0.000000,0,0,0,0,0,0,0,0,0,0,0,322,0,230.0,243.5537033456939,126.73466885462403,441.94478588178754,26.0
1791185823,17,TXN,multimodal_e2e,1.000000,0.000000,60000,60000,60000,60000,60000,61000,61000,61000,61000,61000,61000,351,46,720.0,24241.42341744128,0.7178769446909428,60565.11381920427,24.193732193732195
1791185823,17,,Aggregated,2.000000,0.000000,60000,60000,60000,60000,60000,60000,61000,61000,61000,61000,61000,1346,92,12,6383.00247455222,0.6410167552530766,60565.11381920427,21.61961367013373
1791185824,15,POST,/api/playground/conversations,0.000000,0.000000,0,0,0,0,0,0,0,0,0,0,0,368,46,8,8.94595741461355,0.6410167552530766,65.26524433866143,33.25
1791185824,15,POST,/api/playground/conversations/{conversation_id}/chat/sse,1.100000,0.000000,3,3,3,4,5,7,7,7,7,7,7,307,0,3,3.494067982154677,1.7232559621334076,24.038668256253004,0.0
1791185824,15,POST,/api/playground/conversations/{conversation_id}/chat/{chat_id}/attachment,0.000000,0.000000,0,0,0,0,0,0,0,0,0,0,0,322,0,230.0,243.5537033456939,126.73466885462403,441.94478588178754,26.0
1791185824,15,TXN,multimodal_e2e,1.100000,0.000000,60000,60000,60000,60000,60000,61000,61000,61000,61000,61000,61000,353,46,720.0,24446.090125540803,0.7178769446909428,60565.11381920427,24.237960339943342
1791185824,15,,Aggregated,2.200000,0.000000,60000,60000,60000,60000,60000,60000,61000,61000,61000,61000,61000,1350,92,12,6453.525109623938,0.6410167552530766,60565.11381920427,21.602962962962962
1791185825,13,POST,/api/playground/conversations,0.000000,0.000000,0,0,0,0,0,0,0,0,0,0,0,368,46,8,8.94595741461355,0.6410167552530766,65.26524433866143,33.25
1791185825,13,POST,/api/playground/conversations/{conversation_id}/chat/sse,1.100000,0.000000,3,3,3,4,5,7,7,7,7,7,7,309,0,3,3.4905005966744183,1.7232559621334076,24.038668256253004,0.0
1791185825,13,POST,/api/playground/conversations/{conversation_id}/chat/{chat_id}/attachment,0.000000,0.000000,0,0,0,0,0,0,0,0,0,0,0,322,0,230.0,243.5537033456939,126.73466885462403,441.94478588178754,26.0
1791185825,13,TXN,multimodal_e2e,1.100000,0.000000,60000,60000,60000,60000,60000,61000,61000,61000,61000,61000,61000,355,46,730.0,24648.38627566728,0.7178769446909428,60565.11381920427,24.281690140845072
1791185825,13,,Aggregated,2.200000,0.000000,60000,60000,60000,60000,60000,60000,61000,61000,61000,61000,61000,1354,92,12,6523.613070422561,0.6410167552530766,60565.11381920427,21.586410635155097
1791185826,9,POST,/api/playground/conversations,0.000000,0.000000,0,0,0,0,0,0,0,0,0,0,0,368,46,8,8.94595741461355,0.6410167552530766,65.26524433866143,33.25
1791185826,9,POST,/api/playground/conversations/{conversation_id}/chat/sse,1.600000,0.000000,3,3,5,5,7,16,16,16,16,16,16,313,0,3,3.5368541803080054,1.7232559621334076,24.038668256253004,0.0
1791185826,9,POST,/api/playground/conversations/{conversation_id}/chat/{chat_id}/attachment,0.000000,0.000000,0,0,0,0,0,0,0,0,0,0,0,322,0,230.0,243.5537033456939,126.73466885462403,441.94478588178754,26.0
1791185826,9,TXN,multimodal_e2e,1.600000,0.000000,60000,60000,60000,60000,61000,61000,61000,61000,61000,61000,61000,359,46,730.0,25047.18207908291,0.7178769446909428,60565.11381920427,24.367688022284124
1791185826,9,,Aggregated,3.200000,0.000000,60000,60000,60000,60000,60000,61000,61000,61000,61000,61000,61000,1362,92,13,6662.820709658658,0.6410167552530766,60565.11381920427,21.55359765051395
1791185827,7,POST,/api/playground/conversations,0.000000,0.000000,0,0,0,0,0,0,0,0,0,0,0,368,46,8,8.94595741461355,0.6410167552530766,65.26524433866143,33.25
1791185827,7,POST,/api/playground/conversations/{conversation_id}/chat/sse,1.700000,0.000000,3,3,5,5,7,7,16,16,16,16,16,315,0,3,3.5345176175709754,1.7232559621334076,24.038668256253004,0.0
1791185827,7,POST,/api/playground/conversations/{conversation_id}/chat/{chat_id}/attachment,0.000000,0.000000,0,0,0,0,0,0,0,0,0,0,0,322,0,230.0,243.5537033456939,126.73466885462403,441.94478588178754,26.0
1791185827,7,TXN,multimodal_e2e,1.700000,0.000000,60000,60000,60000,60000,60000,61000,61000,61000,61000,61000,61000,361,46,740.0,25242.5405056399,0.7178769446909428,60565.11381920427,24.409972299168974
1791185827,7,,Aggregated,3.400000,0.000000,60000,60000,60000,60000,60000,60000,61000,61000,61000,61000,61000,1366,92,13,6731.6155932587335,0.6410167552530766,60565.11381920427,21.537335285505126
1791185828,5,POST,/api/playground/conversations,0.000000,0.000000,0,0,0,0,0,0,0,0,0,0,0,368,46,8,8.94595741461355,0.6410167552530766,65.26524433866143,33.25
1791185828,5,POST,/api/playground/conversations/{conversation_id}/chat/sse,1.800000,0.000000,3,4,5,5,7,7,16,16,16,16,16,317,0,3,3.5357575390593676,1.7232559621334076,24.038668256253004,0.0
1791185828,5,POST,/api/playground/conversations/{conversation_id}/chat/{chat_id}/attachment,0.000000,0.000000,0,0,0,0,0,0,0,0,0,0,0,322,0,230.0,243.5537033456939,126.73466885462403,441.94478588178754,26.0
1791185828,5,TXN,multimodal_e2e,1.800000,0.000000,60000,60000,60000,60000,60000,61000,61000,61000,61000,61000,61000,363,46,750.0,25436.082806810224,0.7178769446909428,60565.11381920427,24.451790633608816
1791185828,5,,Aggregated,3.600000,0.000000,60000,60000,60000,60000,60000,60000,61000,61000,61000,61000,61000,1370,92,13,6800.09875826123,0.6410167552530766,60565.11381920427,21.521167883211678
1791185829,3,POST,/api/playground/conversations,0.000000,0.000000,0,0,0,0,0,0,0,0,0,0,0,368,46,8,8.94595741461355,0.6410167552530766,65.26524433866143,33.25
1791185829,3,POST,/api/playground/conversations/{conversation_id}/chat/sse,2.000000,0.000000,3,4,5,5,7,7,16,16,16,16,16,319,0,3,3.532244985905654,1.7232559621334076,24.038668256253004,0.0
1791185829,3,POST,/api/playground/conversations/{conversation_id}/chat/{chat_id}/attachment,0.000000,0.000000,0,0,0,0,0,0,0,0,0,0,0,322,0,230.0,243.5537033456939,126.73466885462403,441.94478588178754,26.0
1791185829,3,TXN,multimodal_e2e,2.000000,0.000000,60000,60000,60000,60000,60000,61000,61000,61000,61000,61000,61000,365,46,750.0,25627.578299653345,0.7178769446909428,60565.11381920427,24.493150684931507
1791185829,3,,Aggregated,4.000000,0.000000,60000,60000,60000,60000,60000,60000,61000,61000,61000,61000,61000,1374,92,13,6868.201797911111,0.6410167552530766,60565.11381920427,21.50509461426492
1791185830,2,POST,/api/playground/conversations,0.000000,0.000000,0,0,0,0,0,0,0,0,0,0,0,368,46,8,8.94595741461355,0.6410167552530766,65.26524433866143,33.25
1791185830,2,POST,/api/playground/conversations/{conversation_id}/chat/sse,2.200000,0.000000,3,5,5,5,7,16,16,16,16,16,16,320,0,3,3.5293790395371616,1.7232559621334076,24.038668256253004,0.0
1791185830,2,POST,/api/playground/conversations/{conversation_id}/chat/{chat_id}/attachment,0.000000,0.000000,0,0,0,0,0,0,0,0,0,0,0,322,0,230.0,243.5537033456939,126.73466885462403,441.94478588178754,26.0
1791185830,2,TXN,multimodal_e2e,2.200000,0.000000,60000,60000,60000,60000,61000,61000,61000,61000,61000,61000,61000,366,46,750.0,25722.398029530897,0.7178769446909428,60565.11381920427,24.51366120218579
1791185830,2,,Aggregated,4.400000,0.000000,60000,60000,60000,60000,60000,61000,61000,61000,61000,61000,61000,1376,92,13,6902.066486124166,0.6410167552530766,60565.11381920427,21.497093023255815
1791185831,1,POST,/api/playground/conversations,0.000000,0.000000,0,0,0,0,0,0,0,0,0,0,0,368,46,8,8.94595741461355,0.6410167552530766,65.26524433866143,33.25
1791185831,1,POST,/api/playground/conversations/{conversation_id}/chat/sse,2.100000,0.000000,3,5,5,5,7,16,16,16,16,16,16,321,0,3,3.527444594385932,1.7232559621334076,24.038668256253004,0.0
1791185831,1,POST,/api/playground/conversations/{conversation_id}/chat/{chat_id}/attachment,0.000000,0.000000,0,0,0,0,0,0,0,0,0,0,0,322,0,230.0,243.5537033456939,126.73466885462403,441.94478588178754,26.0
1791185831,1,TXN,multimodal_e2e,2.100000,0.000000,60000,60000,60000,60000,61000,61000,61000,61000,61000,61000,61000,367,46,780.0,25816.744934929895,0.7178769446909428,60565.11381920427,24.534059945504087
1791185831,1,,Aggregated,4.200000,0.000000,60000,60000,60000,60000,60000,61000,61000,61000,61000,61000,61000,1378,92,13,6935.844779129144,0.6410167552530766,60565.11381920427,21.48911465892598
1791185832,1,POST,/api/playground/conversations,0.000000,0.000000,0,0,0,0,0,0,0,0,0,0,0,368,46,8,8.94595741461355,0.6410167552530766,65.26524433866143,33.25
1791185832,1,POST,/api/playground/conversations/{conversation_id}/chat/sse,2.100000,0.000000,3,3,5,5,7,16,16,16,16,16,16,321,0,3,3.527444594385932,1.7232559621334076,24.038668256253004,0.0
1791185832,1,POST,/api/playground/conversations/{conversation_id}/chat/{chat_id}/attachment,0.000000,0.000000,0,0,0,0,0,0,0,0,0,0,0,322,0,230.0,243.5537033456939,126.73466885462403,441.94478588178754,26.0
1791185832,1,TXN,multimodal_e2e,2.100000,0.000000,60000,60000,60000,60000,60000,61000,61000,61000,61000,61000,61000,367,46,780.0,25816.744934929895,0.7178769446909428,60565.11381920427,24.534059945504087
1791185832,1,,Aggregated,4.200000,0.000000,60000,60000,60000,60000,60000,60000,61000,61000,61000,61000,61000,1378,92,13,6935.844779129144,0.6410167552530766,60565.11381920427,21.48911465892598
1791185833,1,POST,/api/playground/conversations,0.000000,0.000000,0,0,0,0,0,0,0,0,0,0,0,368,46,8,8.94595741461355,0.6410167552530766,65.26524433866143,33.25
1791185833,1,POST,/api/playground/conversations/{conversation_id}/chat/sse,2.100000,0.000000,3,3,5,5,7,16,16,16,16,16,16,321,0,3,3.527444594385932,1.7232559621334076,24.038668256253004,0.0
1791185833,1,POST,/api/playground/conversations/{conversation_id}/chat/{chat_id}/attachment,0.000000,0.000000,0,0,0,0,0,0,0,0,0,0,0,322,0,230.0,243.5537033456939,126.73466885462403,441.94478588178754,26.0
1791185833,1,TXN,multimodal_e2e,2.100000,0.000000,60000,60000,60000,60000,60000,61000,61000,61000,61000,61000,61000,367,46,780.0,25816.744934929895,0.7178769446909428,60565.11381920427,24.534059945504087
1791185833,1,,Aggregated,4.200000,0.000000,60000,60000,60000,60000,60000,60000,61000,61000,61000,61000,61000,1378,92,13,6935.844779129144,0.6410167552530766,60565.11381920427,21.48911465892598
1791185834,1,POST,/api/playground/conversations,0.000000,0.000000,0,0,0,0,0,0,0,0,0,0,0,368,46,8,8.94595741461355,0.6410167552530766,65.26524433866143,33.25
1791185834,1,POST,/api/playground/conversations/{conversation_id}/chat/sse,2.100000,0.000000,3,3,5,5,7,16,16,16,16,16,16,321,0,3,3.527444594385932,1.7232559621334076,24.038668256253004,0.0
1791185834,1,POST,/api/playground/conversations/{conversation_id}/chat/{chat_id}/attachment,0.000000,0.000000,0,0,0,0,0,0,0,0,0,0,0,322,0,230.0,243.5537033456939,126.73466885462403,441.94478588178754,26.0
1791185834,1,TXN,multimodal_e2e,2.100000,0.000000,60000,60000,60000,60000,60000,61000,61000,61000,61000,61000,61000,367,46,780.0,25816.744934929895,0.7178769446909428,60565.11381920427,24.534059945504087
1791185834,1,,Aggregated,4.200000,0.000000,60000,60000,60000,60000,60000,60000,61000,61000,61000,61000,61000,1378,92,13,6935.844779129144,0.6410167552530766,60565.11381920427,21.48911465892598
1791185835,1,POST,/api/playground/conversations,0.000000,0.000000,0,0,0,0,0,0,0,0,0,0,0,368,46,8,8.94595741461355,0.6410167552530766,65.26524433866143,33.25
1791185835,1,POST,/api/playground/conversations/{conversation_id}/chat/sse,2.100000,0.000000,3,3,5,5,5,7,7,7,7,7,7,321,0,3,3.527444594385932,1.7232559621334076,24.038668256253004,0.0
1791185835,1,POST,/api/playground/conversations/{conversation_id}/chat/{chat_id}/attachment,0.000000,0.000000,0,0,0,0,0,0,0,0,0,0,0,322,0,230.0,243.5537033456939,126.73466885462403,441.94478588178754,26.0
1791185835,1,TXN,multimodal_e2e,2.100000,0.000000,60000,60000,60000,60000,60000,60000,60000,60000,60000,60000,60000,367,46,780.0,25816.744934929895,0.7178769446909428,60565.11381920427,24.534059945504087
1791185835,1,,Aggregated,4.200000,0.000000,60000,60000,60000,60000,60000,60000,60000,60000,60000,60000,60000,1378,92,13,6935.844779129144,0.6410167552530766,60565.11381920427,21.48911465892598
1791185836,1,POST,/api/playground/conversations,0.000000,0.000000,0,0,0,0,0,0,0,0,0,0,0,368,46,8,8.94595741461355,0.6410167552530766,65.26524433866143,33.25
1791185836,1,POST,/api/playground/conversations/{conversation_id}/chat/sse,2.100000,0.000000,3,3,5,5,5,5,5,5,5,5,5,321,0,3,3.527444594385932,1.7232559621334076,24.038668256253004,0.0
1791185836,1,POST,/api/playground/conversations/{conversation_id}/chat/{chat_id}/attachment,0.000000,0.000000,0,0,0,0,0,0,0,0,0,0,0,322,0,230.0,243.5537033456939,126.73466885462403,441.94478588178754,26.0
1791185836,1,TXN,multimodal_e2e,2.100000,0.000000,60000,60000,60000,60000,60000,60000,60000,60000,60000,60000,60000,367,46,780.0,25816.744934929895,0.7178769446909428,60565.11381920427,24.534059945504087
1791185836,1,,Aggregated,4.200000,0.000000,60000,60000,60000,60000,60000,60000,60000,60000,60000,60000,60000,1378,92,13,6935.844779129144,0.6410167552530766,60565.11381920427,21.48911465892598
1791185837,1,POST,/api/playground/conversations,0.000000,0.000000,0,0,0,0,0,0,0,0,0,0,0,368,46,8,8.94595741461355,0.6410167552530766,65.26524433866143,33.25
1791185837,1,POST,/api/playground/conversations/{conversation_id}/chat/sse,2.100000,0.000000,3,3,3,3,3,3,3,3,3,3,3,321,0,3,3.527444594385932,1.7232559621334076,24.038668256253004,0.0
1791185837,1,POST,/api/playground/conversations/{conversation_id}/chat/{chat_id}/attachment,0.000000,0.000000,0,0,0,0,0,0,0,0,0,0,0,322,0,230.0,243.5537033456939,126.73466885462403,441.94478588178754,26.0
1791185837,1,TXN,multimodal_e2e,2.100000,0.000000,60000,60000,60000,60000,60000,60000,60000,60000,60000,60000,60000,367,46,780.0,25816.744934929895,0.7178769446909428,60565.11381920427,24.534059945504087
1791185837,1,,Aggregated,4.200000,0.000000,60000,60000,60000,60000,60000,60000,60000,60000,60000,60000,60000,1378,92,13,6935.844779129144,0.6410167552530766,60565.11381920427,21.48911465892598
1791185838,1,POST,/api/playground/conversations,0.000000,0.000000,0,0,0,0,0,0,0,0,0,0,0,368,46,8,8.94595741461355,0.6410167552530766,65.26524433866143,33.25
1791185838,1,POST,/api/playground/conversations/{conversation_id}/chat/sse,2.100000,0.000000,3,3,3,3,3,3,3,3,3,3,3,321,0,3,3.527444594385932,1.7232559621334076,24.038668256253004,0.0
1791185838,1,POST,/api/playground/conversations/{conversation_id}/chat/{chat_id}/attachment,0.000000,0.000000,0,0,0,0,0,0,0,0,0,0,0,322,0,230.0,243.5537033456939,126.73466885462403,441.94478588178754,26.0
1791185838,1,TXN,multimodal_e2e,2.100000,0.000000,60000,60000,60000,60000,60000,60000,60000,60000,60000,60000,60000,367,46,780.0,25816.744934929895,0.7178769446909428,60565.11381920427,24.534059945504087
1791185838,1,,Aggregated,4.200000,0.000000,60000,60000,60000,60000,60000,60000,60000,60000,60000,60000,60000,1378,92,13,6935.844779129144,0.6410167552530766,60565.11381920427,21.48911465892598
1791185839,1,POST,/api/playground/conversations,0.000000,0.000000,0,0,0,0,0,0,0,0,0,0,0,368,46,8,8.94595741461355,0.6410167552530766,65.26524433866143,33.25
1791185839,1,POST,/api/playground/conversations/{conversation_id}/chat/sse,2.100000,0.000000,3,3,3,3,3,3,3,3,3,3,3,321,0,3,3.527444594385932,1.7232559621334076,24.038668256253004,0.0
1791185839,1,POST,/api/playground/conversations/{conversation_id}/chat/{chat_id}/attachment,0.000000,0.000000,0,0,0,0,0,0,0,0,0,0,0,322,0,230.0,243.5537033456939,126.73466885462403,441.94478588178754,26.0
