run_id,target_users,started_at_utc,ended_at_utc,start_epoch,end_epoch,user_id,sequence,image_path,image_category,image_set_type,image_width,image_height,image_bytes,question_id,prompt_profile,conversation_status,upload_status,sse_status,conversation_ms,upload_ms,sse_headers_ms,ttft_ms,sse_total_ms,transaction_ms,sse_event_count,content_event_count,response_chars,completion_marker,success,error_type,error_message,sse_debug_preview,response_preview
20261005T070541Z,32,2026-10-05T07:31:50.102+00:00,2026-10-05T07:31:50.882+00:00,1791185510.102547,1791185510.882154,ec71b71b-8746-4533-98ea-46f55e298c3e,1,release_mixed/S780124184-GF-A64-EME-T01-S1-LH-C1-I0042-F00.png,release_mixed,mixed,512,512,338144,overall_binary,short,200,200,200,16.89,266.318,2.629,195.473,495.969,779.607,16,15,23,1,1,,,[answer] | } | ↵ | 請 | 上,[answer]}↵請上傳照片，我將為您判斷。
20261005T070541Z,32,2026-10-05T07:31:50.882+00:00,2026-10-05T07:31:51.515+00:00,1791185510.882308,1791185511.515419,ec71b71b-8746-4533-98ea-46f55e298c3e,2,release/sun/S618974755-GM-A24-EEA-T00-S1-LH-C1-I0045-F00.png,sun,single,512,512,343966,overall_binary,short,200,200,200,6.208,199.502,1.934,231.772,427.149,633.11,8,7,21,1,1,,,[answer] | ↵ | < | thought | ↵,[answer]↵<thought↵不符合
20261005T070541Z,32,2026-10-05T07:31:51.515+00:00,2026-10-05T07:31:52.035+00:00,1791185511.515578,1791185512.035454,ec71b71b-8746-4533-98ea-46f55e298c3e,3,release/sun/S179182026-GM-A47-EEA-T11-S1-LH-C1-I0041-F00.png,sun,single,512,512,359055,overall_binary,short,200,200,200,6.142,182.513,2.544,157.902,330.926,519.875,5,4,12,1,1,,,[answer] | ↵ | 不 | 符合 | [END],[answer]↵不符合
20261005T070541Z,32,2026-10-05T07:31:51.103+00:00,2026-10-05T07:31:52.621+00:00,1791185511.103354,1791185512.621426,6deb4e71-24cf-4528-a9dc-4d2da1fe19f0,1,release/expos/S247603526-GM-A30-EEA-T13-S1-LH-C1-I0041-F00.png,expos,single,512,512,254645,overall_binary,short,200,200,200,9.27,248.561,2.903,192.635,1259.995,1518.071,6,5,19,1,1,,,[answer] | ↵ | thought | ↵ | 符合,[answer]↵thought↵符合
20261005T070541Z,32,2026-10-05T07:31:52.104+00:00,2026-10-05T07:31:52.695+00:00,1791185512.104887,1791185512.695628,e7c54116-6bd7-45ad-b7b3-90ab063c908d,1,release/pixel/S220036139-GF-A33-EME-T14-S1-LH-C1-I0048-F00.png,pixel,single,512,512,310635,overall_binary,short,200,200,200,8.212,241.788,5.553,171.701,340.535,590.74,4,3,11,1,1,,,[answer] | ↵ | 符合 | [END],[answer]↵符合
20261005T070541Z,32,2026-10-05T07:31:52.621+00:00,2026-10-05T07:31:53.184+00:00,1791185512.621592,1791185513.184004,6deb4e71-24cf-4528-a9dc-4d2da1fe19f0,2,release/cap/S94290629-GF-A23-EAF-T14-S1-LH-C1-I0030-F00.png,cap,single,512,512,360497,overall_binary,short,200,200,200,6.251,196.806,1.928,215.335,359.125,562.412,4,3,10,1,1,,,[answer] | } | ↵ | [END],[answer]}↵
20261005T070541Z,32,2026-10-05T07:31:52.695+00:00,2026-10-05T07:31:53.206+00:00,1791185512.695734,1791185513.206916,e7c54116-6bd7-45ad-b7b3-90ab063c908d,2,release/expos/S921833550-GM-A28-EEA-T14-S1-LH-C1-I0000-F00.png,expos,single,512,512,257419,overall_binary,short,200,200,200,6.439,181.852,2.216,152.691,322.711,511.182,4,3,11,1,1,,,[answer] | ↵ | 符合 | [END],[answer]↵符合
20261005T070541Z,32,2026-10-05T07:31:53.184+00:00,2026-10-05T07:31:53.856+00:00,1791185513.184132,1791185513.856824,6deb4e71-24cf-4528-a9dc-4d2da1fe19f0,3,release/bkg/S325074401-GF-A50-EAS-T03-S1-LH-C1-I0044-F00.png,bkg,single,512,512,220230,overall_binary,short,200,200,200,5.332,285.601,5.422,250.017,381.537,672.692,6,5,19,1,1,,,[answer] | ↵ | thought | ↵ | 符合,[answer]↵thought↵符合
20261005T070541Z,32,2026-10-05T07:31:53.856+00:00,2026-10-05T07:31:54.466+00:00,1791185513.856985,1791185514.466151,6deb4e71-24cf-4528-a9dc-4d2da1fe19f0,4,release/oof/S388546914-GF-A50-EEA-T14-S1-LH-C1-I0025-F00.png,oof,single,512,512,278878,overall_binary,short,200,200,200,6.231,173.154,2.026,289.011,429.538,609.166,6,5,13,1,1,,,[answer] | } | ↵ | 不 | 符合,[answer]}↵不符合
20261005T070541Z,32,2026-10-05T07:31:54.109+00:00,2026-10-05T07:31:54.801+00:00,1791185514.109278,1791185514.801972,94f06e82-f24c-4a6e-9d7b-fd09220ebf9d,1,release/tq/S0000-GF-A20-EEA-T10-S1-LH-C1-I0002-F00.png,tq,single,512,512,377524,overall_binary,short,200,200,200,32.893,288.327,3.21,243.843,371.26,692.694,6,5,19,1,1,,,[answer] | ↵ | thought | ↵ | 符合,[answer]↵thought↵符合
20261005T070541Z,32,2026-10-05T07:31:54.108+00:00,2026-10-05T07:31:54.903+00:00,1791185514.108942,1791185514.903630,498413de-b50a-48a4-a460-e97bcc44adde,1,release/sun/S74441691-GF-A84-EIA-T13-S1-LH-C1-I0061-F00.png,sun,single,512,512,335440,overall_binary,short,200,200,200,31.9,290.764,6.729,222.692,471.844,794.688,8,7,21,1,1,,,[answer] | ↵ | < | thought | ↵,[answer]↵<thought↵不符合
20261005T070541Z,32,2026-10-05T07:31:53.107+00:00,2026-10-05T07:31:54.955+00:00,1791185513.107748,1791185514.955690,8755f025-2b15-4cbe-b371-287824538b1b,1,release/oof/S236474674-GF-A94-EEA-T14-S1-LH-C1-I0061-F00.png,oof,single,512,512,213839,overall_binary,short,200,200,200,9.624,364.95,9.863,243.511,1473.207,1847.942,58,55,98,1,1,,,[answer] | } | ↵ | ``` | json,"[answer]}↵```json↵{↵␣␣""judgment"":␣""符合""↵}↵```↵↵*(註：由於您要求只輸出「符合」或「不符合」，但系統格式限制，我將C--␣僅提供結論)*↵↵**符合**"
20261005T070541Z,32,2026-10-05T07:31:54.802+00:00,2026-10-05T07:31:55.786+00:00,1791185514.802135,1791185515.786046,94f06e82-f24c-4a6e-9d7b-fd09220ebf9d,2,release/light/S872849899-GF-A30-EEA-T03-S1-LH-C1-I0004-F00.png,light,single,512,512,420477,overall_binary,short,200,200,200,6.471,207.793,1.987,161.206,769.377,983.911,5,4,12,1,1,,,[answer] | ↵ | 不 | 符合 | [END],[answer]↵不符合
20261005T070541Z,32,2026-10-05T07:31:54.903+00:00,2026-10-05T07:31:56.270+00:00,1791185514.903767,1791185516.270709,498413de-b50a-48a4-a460-e97bcc44adde,2,release/sat/S883374229-GF-A54-EEA-T14-S1-LH-C1-I0038-F00.png,sat,single,512,512,288222,overall_binary,short,200,200,200,5.888,190.069,2.166,246.952,1170.732,1366.941,6,5,19,1,1,,,[answer] | ↵ | thought | ↵ | 符合,[answer]↵thought↵符合
20261005T070541Z,32,2026-10-05T07:31:55.786+00:00,2026-10-05T07:31:56.294+00:00,1791185515.786222,1791185516.294174,94f06e82-f24c-4a6e-9d7b-fd09220ebf9d,3,release/tq/S0000-GF-A77-EAS-T00-S1-LH-C1-I0003-F00.png,tq,single,512,512,362207,overall_binary,short,200,200,200,6.031,187.703,2.375,196.245,313.974,507.951,6,5,19,1,1,,,[answer] | thought | ↵ | 不 | 符合,[answer]thought↵不符合
20261005T070541Z,32,2026-10-05T07:31:55.110+00:00,2026-10-05T07:31:56.855+00:00,1791185515.110745,1791185516.855619,dbc4b73a-ad79-4bb6-ba7c-cef80dd842b0,1,release/tq/S0000-GF-A52-EIA-T01-S1-LH-C1-I0000-F00.png,tq,single,512,512,382756,overall_binary,short,200,200,200,11.187,355.568,3.138,183.468,1377.896,1744.873,6,5,19,1,1,,,[answer] | thought | ↵ | 不 | 符合,[answer]thought↵不符合
20261005T070541Z,32,2026-10-05T07:31:56.111+00:00,2026-10-05T07:31:56.897+00:00,1791185516.111743,1791185516.897836,6de88802-872d-48e7-951e-fb8dd5b94b55,1,release/sm/S956718444-GF-A38-EAS-T14-S1-LH-C1-I0018-F00.png,sm,single,512,512,282886,overall_binary,short,200,200,200,9.263,283.309,2.699,392.962,493.293,786.093,6,5,13,1,1,,,[answer] | ↵ | L | ↵ | 符合,[answer]↵L↵符合
20261005T070541Z,32,2026-10-05T07:31:56.270+00:00,2026-10-05T07:31:56.965+00:00,1791185516.270949,1791185516.965123,498413de-b50a-48a4-a460-e97bcc44adde,3,release/ceg/S79333356-GF-A59-EEA-T03-S1-LH-C1-I0057-F00.png,ceg,single,512,512,359224,overall_binary,short,200,200,200,6.522,272.939,2.427,253.51,414.44,694.173,7,6,20,1,1,,,[answer] | ↵ | thought | ↵ | 不,[answer]↵thought↵不符合
20261005T070541Z,32,2026-10-05T07:31:56.112+00:00,2026-10-05T07:31:57.487+00:00,1791185516.112151,1791185517.487385,76baac10-d0b8-4fe8-a85b-71b7ab21c25b,1,release/tq/S201768449-GM-A26-EEA-T00-S1-LH-C1-I0054-F00.png,tq,single,512,512,336654,overall_binary,short,200,200,200,10.375,275.624,3.393,305.837,1088.979,1375.234,35,34,88,1,1,,,[answer] | ↵ | L | S | ␣{,"[answer]↵LS␣{↵␣␣""action"":␣""img_gen"",↵␣␣""action_input"":␣""{␣\""prompt\"":␣\""A␣formalL\""␣}""↵}"
20261005T070541Z,32,2026-10-05T07:31:56.897+00:00,2026-10-05T07:31:57.768+00:00,1791185516.897956,1791185517.768388,6de88802-872d-48e7-951e-fb8dd5b94b55,2,release/sm/S682364157-GF-A18-EIA-T03-S1-LH-C1-I0012-F00.png,sm,single,512,512,368226,overall_binary,short,200,200,200,5.649,187.471,2.699,298.852,677.074,870.432,9,8,19,1,1,,,[answer] | } | ** | 不 | 符合,[answer]}**不符合**C**
20261005T070541Z,32,2026-10-05T07:31:57.768+00:00,2026-10-05T07:31:58.263+00:00,1791185517.768555,1791185518.263150,6de88802-872d-48e7-951e-fb8dd5b94b55,3,release/la_1/S354713116-GF-A60-EAF-T14-S1-LH-C1-I0004-F00.png,la_1,single,512,512,369103,overall_binary,short,200,200,200,5.737,180.339,2.187,159.951,308.219,494.595,7,6,20,1,1,,,[answer] | ↵ | thought | ↵ | 不,[answer]↵thought↵不符合
20261005T070541Z,32,2026-10-05T07:31:56.965+00:00,2026-10-05T07:31:58.393+00:00,1791185516.965243,1791185518.393437,498413de-b50a-48a4-a460-e97bcc44adde,4,release/zoom/S653507002-GM-A51-EME-T03-S1-LH-C1-I0023-F00.png,zoom,single,512,512,438396,overall_binary,short,200,200,200,6.207,215.093,9.639,278.231,1206.706,1428.194,6,5,13,1,1,,,[answer] | ↵ | 不 | 符合 | L,[answer]↵不符合L
20261005T070541Z,32,2026-10-05T07:31:57.113+00:00,2026-10-05T07:31:58.493+00:00,1791185517.113850,1791185518.493589,0dbc6997-e3af-4c34-b1f0-1a71013c79b0,1,release/zoom/S354713116-GF-A60-EAF-T14-S1-LH-C1-I0063-F00.png,zoom,single,512,512,478032,overall_binary,short,200,200,200,12.412,293.317,2.377,298.022,1073.812,1379.739,5,4,12,1,1,,,[answer] | ↵ | 不 | 符合 | [END],[answer]↵不符合
20261005T070541Z,32,2026-10-05T07:31:58.493+00:00,2026-10-05T07:31:58.983+00:00,1791185518.493725,1791185518.983469,0dbc6997-e3af-4c34-b1f0-1a71013c79b0,2,release/ce/S851010322-GM-A30-EEA-T03-S1-LH-C1-I0061-F00.png,ce,single,512,512,340399,overall_binary,short,200,200,200,7.262,148.284,2.239,175.971,333.958,489.743,7,6,20,1,1,,,[answer] | ↵ | thought | ↵ | 不,[answer]↵thought↵不符合
20261005T070541Z,32,2026-10-05T07:31:58.263+00:00,2026-10-05T07:31:59.632+00:00,1791185518.263318,1791185519.632570,6de88802-872d-48e7-951e-fb8dd5b94b55,4,release/bkg/S883374229-GF-A54-EEA-T14-S1-LH-C1-I0041-F00.png,bkg,single,512,512,357454,overall_binary,short,200,200,200,5.763,199.966,3.742,352.844,1163.251,1369.251,37,30,65,1,1,,,[answer] | ↵ | L | ↵ | ```,"[answer]↵L↵```json↵[↵␣␣{""point"":␣[,␣],␣""label"":␣""face""}↵]L```↵不符合"
20261005T070541Z,32,2026-10-05T07:31:59.116+00:00,2026-10-05T07:31:59.835+00:00,1791185519.116544,1791185519.835170,8e62103b-fbd9-4856-8d2d-ef6becd0195e,1,release/expos/S508947155-GF-A84-EAF-T01-S1-LH-C1-I0033-F00.png,expos,single,512,512,344552,overall_binary,short,200,200,200,12.604,199.857,2.238,188.212,505.944,718.626,15,14,23,1,1,,,[answer] | ↵ | 請 | 上 | 傳,[answer]↵請上傳照片，我才能為您判斷。
20261005T070541Z,32,2026-10-05T07:31:59.632+00:00,2026-10-05T07:32:00.191+00:00,1791185519.632752,1791185520.191283,6de88802-872d-48e7-951e-fb8dd5b94b55,5,release/la_2/S752785476-GF-A66-EEA-T00-S1-LH-C1-I0010-F00.png,la_2,single,512,512,374631,overall_binary,short,200,200,200,7.11,199.527,3.822,193.908,351.644,558.53,8,7,21,1,1,,,[answer] | ↵ | < | thought | ↵,[answer]↵<thought↵不符合
20261005T070541Z,32,2026-10-05T07:32:00.117+00:00,2026-10-05T07:32:00.819+00:00,1791185520.117713,1791185520.818992,89f905be-7402-44cf-aa77-5f44bc8f6246,1,release_mixed/S0000-GM-A44-ISP-T11-S1-LH-C1-I0001-F00.png,release_mixed,mixed,512,512,367884,overall_binary,short,200,200,200,11.185,291.957,5.972,235.514,397.78,701.279,7,6,20,1,1,,,[answer] | ↵ | thought | ↵ | 不,[answer]↵thought↵不符合
20261005T070541Z,32,2026-10-05T07:32:00.191+00:00,2026-10-05T07:32:00.856+00:00,1791185520.191426,1791185520.856835,6de88802-872d-48e7-951e-fb8dd5b94b55,6,release/cap/S778523462-GF-A44-EIA-T14-S1-LH-C1-I0042-F00.png,cap,single,512,512,393080,overall_binary,short,200,200,200,6.188,152.379,2.109,299.286,506.628,665.408,9,8,22,1,1,,,[answer] | } | H | ↵ | thought,[answer]}H↵thought↵不符合
20261005T070541Z,32,2026-10-05T07:32:00.819+00:00,2026-10-05T07:32:01.409+00:00,1791185520.819331,1791185521.409901,89f905be-7402-44cf-aa77-5f44bc8f6246,2,release/zoom/S86418004-GF-A49-EEA-T10-S1-LH-C1-I0000-F00.png,zoom,single,512,512,439933,overall_binary,short,200,200,200,8.398,210.523,4.595,190.995,371.185,590.569,6,5,19,1,1,,,[answer] | ↵ | thought | ↵ | 符合,[answer]↵thought↵符合
20261005T070541Z,32,2026-10-05T07:31:58.115+00:00,2026-10-05T07:32:01.668+00:00,1791185518.115417,1791185521.668126,ec8a8321-465f-4477-b993-e6d8365400f4,1,release/poster/S959317588-GM-A42-EAS-T00-S1-LH-C1-I0008-F00.png,poster,single,512,512,122519,overall_binary,short,200,200,200,9.336,261.979,2.743,337.504,3281.185,3552.708,118,117,449,1,1,,,[answer] | ↵ | L | B | ↵,"[answer]↵LB↵```↵↵(Note:␣The␣user␣provided␣an␣image␣and␣a␣prompt␣asking␣to␣judge␣if␣it␣meets␣ID␣photo␣standards.␣The␣prompt␣specifies␣toS␣to␣output␣only␣""符合""␣(Compliant)␣or␣""不符合""␣(Non-compliant)L)␣without␣explanation.)↵↵Based␣on␣standard␣ID␣photo␣requirements␣(neutral␣expression,␣front-facing,␣plain␣backgroundHB,␣clear␣face):↵-␣Background:␣Plain/neutral.↵-␣Pose:␣Front-facing.↵-␣ExpressionS␣Expression:␣Neutral.↵-␣Visibility:␣Face␣is␣clear.↵↵TheB符合"
20261005T070541Z,32,2026-10-05T07:32:01.120+00:00,2026-10-05T07:32:01.778+00:00,1791185521.120240,1791185521.778393,cea8df54-8f7f-4cca-a825-191ea47fa2ba,1,release/cap/S39379132-GF-A54-EEA-T15-S1-LH-C1-I0056-F00.png,cap,single,512,512,371323,overall_binary,short,200,200,200,11.003,285.072,5.893,201.745,361.856,658.152,5,4,12,1,1,,,[answer] | ↵ | 不 | 符合 | [END],[answer]↵不符合
20261005T070541Z,32,2026-10-05T07:32:01.668+00:00,2026-10-05T07:32:02.191+00:00,1791185521.668266,1791185522.191035,ec8a8321-465f-4477-b993-e6d8365400f4,2,release/la_2/S198149424-GF-A51-EEA-T13-S1-LH-C1-I0055-F00.png,la_2,single,512,512,379340,overall_binary,short,200,200,200,5.978,181.597,1.753,183.785,334.998,522.769,7,6,20,1,1,,,[answer] | ↵ | thought | ↵ | 不,[answer]↵thought↵不符合
20261005T070541Z,32,2026-10-05T07:32:02.119+00:00,2026-10-05T07:32:02.929+00:00,1791185522.119730,1791185522.929772,c7681faa-6f7b-4649-8a3d-b7470370b1b3,1,release/cap/S165380664-GM-A31-EIA-T01-S1-LH-C1-I0002-F00.png,cap,single,512,512,313744,overall_binary,short,200,200,200,9.43,389.461,6.379,294.425,410.968,810.041,7,6,16,1,1,,,[answer] | } | ** | 不 | 符合,[answer]}**不符合**
20261005T070541Z,32,2026-10-05T07:32:02.191+00:00,2026-10-05T07:32:03.428+00:00,1791185522.191152,1791185523.428363,ec8a8321-465f-4477-b993-e6d8365400f4,3,release/poster/S959317588-GM-A42-EAS-T00-S1-LH-C1-I0054-F00.png,poster,single,512,512,103703,overall_binary,short,200,200,200,6.276,315.749,3.317,292.606,914.998,1237.211,30,29,49,1,1,,,[answer] | } | C | . | ↵↵,[answer]}C.↵↵(請注意：您尚未上傳照片，但我已根據您提供的圖片內容進行判斷)↵↵不符合
20261005T070541Z,32,2026-10-05T07:32:03.120+00:00,2026-10-05T07:32:03.798+00:00,1791185523.120891,1791185523.798574,de308bb5-cf25-4d26-908a-0ae7a73cf703,1,release/zoom/S477281279-GF-A30-EME-T14-S1-LH-C1-I0058-F00.png,zoom,single,512,512,423703,overall_binary,short,200,200,200,31.866,285.339,2.713,210.087,360.302,677.683,4,3,11,1,1,,,[answer] | ↵ | 符合 | [END],[answer]↵符合
20261005T070541Z,32,2026-10-05T07:32:03.428+00:00,2026-10-05T07:32:03.974+00:00,1791185523.428498,1791185523.974152,ec8a8321-465f-4477-b993-e6d8365400f4,4,release/poster/S561424111-GM-A25-EME-T14-S1-LH-C1-I0010-F00.png,poster,single,512,512,81996,overall_binary,short,200,200,200,10.501,191.777,2.116,167.228,343.206,545.653,6,5,19,1,1,,,[answer] | ↵ | thought | ↵ | 符合,[answer]↵thought↵符合
20261005T070541Z,32,2026-10-05T07:32:03.974+00:00,2026-10-05T07:32:04.480+00:00,1791185523.974259,1791185524.480901,ec8a8321-465f-4477-b993-e6d8365400f4,5,release/pixel/S598532466-GM-A87-EME-T14-S1-LH-C1-I0025-F00.png,pixel,single,512,512,255769,overall_binary,short,200,200,200,9.365,179.677,1.937,185.639,317.424,506.641,5,4,12,1,1,,,[answer] | ↵ | 不 | 符合 | [END],[answer]↵不符合
20261005T070541Z,32,2026-10-05T07:32:04.122+00:00,2026-10-05T07:32:04.747+00:00,1791185524.122023,1791185524.747014,6e8b286e-edbc-426d-a01e-ab4c97e18c35,1,release/light/S932980426-GM-A79-EME-T14-S1-LH-C1-I0014-F00.png,light,single,512,512,375459,overall_binary,short,200,200,200,10.169,268.285,2.434,201.49,346.393,624.991,4,3,11,1,1,,,[answer] | ↵ | 符合 | [END],[answer]↵符合
20261005T070541Z,32,2026-10-05T07:32:04.747+00:00,2026-10-05T07:32:05.298+00:00,1791185524.747124,1791185525.298536,6e8b286e-edbc-426d-a01e-ab4c97e18c35,2,release/zoom/S976538751-GM-A19-EAF-T14-S1-LH-C1-I0007-F00.png,zoom,single,512,512,403557,overall_binary,short,200,200,200,6.532,186.026,1.783,226.832,358.67,551.411,6,5,19,1,1,,,[answer] | ↵ | thought | ↵ | 符合,[answer]↵thought↵符合
20261005T070541Z,32,2026-10-05T07:32:05.123+00:00,2026-10-05T07:32:05.758+00:00,1791185525.123891,1791185525.758702,e4f801e5-4bd7-442e-80cb-c2ee6c1e870d,1,release/la_1/S962503135-GF-A84-EEA-T14-S1-LH-C1-I0013-F00.png,la_1,single,512,512,357903,overall_binary,short,200,200,200,10.453,267.179,3.934,203.824,357.035,634.81,7,6,20,1,1,,,[answer] | ↵ | thought | ↵ | 不,[answer]↵thought↵不符合
20261005T070541Z,32,2026-10-05T07:32:05.758+00:00,2026-10-05T07:32:06.312+00:00,1791185525.758808,1791185526.312739,e4f801e5-4bd7-442e-80cb-c2ee6c1e870d,2,release/sun/S760022445-GF-A45-EEA-T03-S1-LH-C1-I0032-F00.png,sun,single,512,512,372433,overall_binary,short,200,200,200,6.097,197.351,1.763,198.945,350.296,553.931,7,6,20,1,1,,,[answer] | ↵ | thought | ↵ | 不,[answer]↵thought↵不符合
20261005T070541Z,32,2026-10-05T07:31:50.102+00:00,2026-10-05T07:32:50.468+00:00,1791185510.102982,1791185570.468510,c6b8af4d-c2ed-4c0c-bfe8-cede0e3c0db2,1,release/pixel/S673442144-GF-A53-EEA-T01-S1-LH-C1-I0003-F00.png,pixel,single,512,512,284126,overall_binary,short,200,200,200,18.091,306.77,2.882,196.094,60040.384,60365.527,6,6,42,0,1,,,[answer] | ↵ | thought | ↵ | 符合,[answer]↵thought↵符合[ERROR]↵系統無法儲存紀錄，請稍後再試！
20261005T070541Z,32,2026-10-05T07:32:50.468+00:00,2026-10-05T07:32:51.064+00:00,1791185570.468851,1791185571.064883,c6b8af4d-c2ed-4c0c-bfe8-cede0e3c0db2,2,release/cap/S274652534-GF-A22-EEA-T01-S1-LH-C1-I0003-F00.png,cap,single,512,512,351460,overall_binary,short,200,200,200,12.054,210.254,2.703,217.737,373.247,596.031,7,6,20,1,1,,,[answer] | ↵ | thought | ↵ | 不,[answer]↵thought↵不符合
20261005T070541Z,32,2026-10-05T07:31:51.103+00:00,2026-10-05T07:32:51.461+00:00,1791185511.103678,1791185571.461012,589bd6c6-a506-4777-9065-4b58006bef08,1,release/cap/S15182111-GM-A44-EAS-T00-S1-LH-C1-I0049-F00.png,cap,single,512,512,340042,overall_binary,short,200,200,200,10.218,298.379,3.501,194.815,60048.542,60357.334,7,7,43,0,1,,,[answer] | ↵ | thought | ↵ | 不,[answer]↵thought↵不符合[ERROR]↵系統無法儲存紀錄，請稍後再試！
20261005T070541Z,32,2026-10-05T07:32:51.461+00:00,2026-10-05T07:32:51.953+00:00,1791185571.461174,1791185571.953372,589bd6c6-a506-4777-9065-4b58006bef08,2,release/expos/S883374229-GF-A54-EEA-T14-S1-LH-C1-I0059-F00.png,expos,single,512,512,315829,overall_binary,short,200,200,200,6.905,202.365,2.035,181.059,282.689,492.197,5,4,12,1,1,,,[answer] | ↵ | 不 | 符合 | [END],[answer]↵不符合
20261005T070541Z,32,2026-10-05T07:31:52.105+00:00,2026-10-05T07:32:52.390+00:00,1791185512.105331,1791185572.390875,846f56cb-86e0-4db3-805c-57f825b1d636,1,release/pixel/S956718444-GF-A38-EAS-T14-S1-LH-C1-I0018-F00.png,pixel,single,512,512,238616,overall_binary,short,200,200,200,9.395,193.969,2.115,60081.67,60081.948,60285.543,1,1,32,0,1,,,[ERROR]↵語言模型通訊異常或回傳內容無法解析，請稍後再試！,[ERROR]↵語言模型通訊異常或回傳內容無法解析，請稍後再試！
20261005T070541Z,32,2026-10-05T07:32:52.391+00:00,2026-10-05T07:32:52.392+00:00,1791185572.391012,1791185572.392557,846f56cb-86e0-4db3-805c-57f825b1d636,2,release/ceg/S375545605-GM-A47-EEA-T00-S1-LH-C1-I0022-F00.png,ceg,single,512,512,354417,overall_binary,short,0,,,1.435,,,,,1.545,0,0,0,0,0,conversation_http_error,HTTP 0: ,,
20261005T070541Z,32,2026-10-05T07:32:52.392+00:00,2026-10-05T07:32:52.931+00:00,1791185572.392653,1791185572.931973,846f56cb-86e0-4db3-805c-57f825b1d636,3,release/mkup/S926047332-GM-A22-EME-T14-S1-LH-C1-I0038-F00.png,mkup,single,512,512,321186,overall_binary,short,200,200,200,6.569,188.608,1.881,191.048,343.963,539.32,7,6,20,1,1,,,[answer] | ↵ | thought | ↵ | 不,[answer]↵thought↵不符合
20261005T070541Z,32,2026-10-05T07:31:53.207+00:00,2026-10-05T07:32:53.585+00:00,1791185513.207021,1791185573.585565,e7c54116-6bd7-45ad-b7b3-90ab063c908d,3,release/zoom/S493184426-GF-A19-EAF-T00-S1-LH-C1-I0000-F00.png,zoom,single,512,512,358047,overall_binary,short,200,200,200,5.014,266.888,8.97,60106.182,60106.441,60378.543,1,1,32,0,1,,,[ERROR]↵語言模型通訊異常或回傳內容無法解析，請稍後再試！,[ERROR]↵語言模型通訊異常或回傳內容無法解析，請稍後再試！
20261005T070541Z,32,2026-10-05T07:31:53.107+00:00,2026-10-05T07:32:53.598+00:00,1791185513.107373,1791185573.598285,49c2862d-9672-4e93-bcc0-92a1c47f4c39,1,release/cap/S571336030-GM-A48-EIA-T01-S1-LH-C1-I0034-F00.png,cap,single,512,512,332463,overall_binary,short,200,200,200,8.566,362.152,7.639,60119.179,60119.977,60490.912,1,1,32,0,1,,,[ERROR]↵語言模型通訊異常或回傳內容無法解析，請稍後再試！,[ERROR]↵語言模型通訊異常或回傳內容無法解析，請稍後再試！
20261005T070541Z,32,2026-10-05T07:32:53.598+00:00,2026-10-05T07:32:53.609+00:00,1791185573.598439,1791185573.609178,49c2862d-9672-4e93-bcc0-92a1c47f4c39,2,release/la_2/S678466862-GF-A62-EEA-T03-S1-LH-C1-I0047-F00.png,la_2,single,512,512,398636,overall_binary,short,0,,,10.646,,,,,10.739,0,0,0,0,0,conversation_http_error,HTTP 0: ,,
20261005T070541Z,32,2026-10-05T07:32:53.609+00:00,2026-10-05T07:32:54.213+00:00,1791185573.609262,1791185574.213714,49c2862d-9672-4e93-bcc0-92a1c47f4c39,3,release/la_2/S780045574-GF-A98-EAF-T14-S1-LH-C1-I0030-F00.png,la_2,single,512,512,305413,overall_binary,short,200,200,200,8.758,235.985,2.969,267.925,359.434,604.452,5,4,12,1,1,,,[answer] | ↵ | 不 | 符合 | [END],[answer]↵不符合
20261005T070541Z,32,2026-10-05T07:32:54.213+00:00,2026-10-05T07:32:54.695+00:00,1791185574.213900,1791185574.695099,49c2862d-9672-4e93-bcc0-92a1c47f4c39,4,release/pixel/S364995244-GM-A24-EEA-T03-S1-LH-C1-I0015-F00.png,pixel,single,512,512,286071,overall_binary,short,200,200,200,7.519,191.902,2.304,188.719,281.467,481.199,4,3,11,1,1,,,[answer] | ↵ | 符合 | [END],[answer]↵符合
20261005T070541Z,32,2026-10-05T07:31:54.466+00:00,2026-10-05T07:32:54.744+00:00,1791185514.466310,1791185574.744524,6deb4e71-24cf-4528-a9dc-4d2da1fe19f0,5,release/oof/S883374229-GF-A54-EEA-T14-S1-LH-C1-I0006-F00.png,oof,single,512,512,281860,overall_binary,short,200,200,200,10.591,230.819,2.433,190.15,60036.571,60278.213,8,8,44,0,1,,,[answer] | ↵ | < | thought | ↵,[answer]↵<thought↵不符合[ERROR]↵系統無法儲存紀錄，請稍後再試！
20261005T070541Z,32,2026-10-05T07:32:54.744+00:00,2026-10-05T07:32:54.745+00:00,1791185574.744651,1791185574.745572,6deb4e71-24cf-4528-a9dc-4d2da1fe19f0,6,release/expos/S956718444-GF-A38-EAS-T14-S1-LH-C1-I0018-F00.png,expos,single,512,512,268066,overall_binary,short,0,,,0.829,,,,,0.92,0,0,0,0,0,conversation_http_error,HTTP 0: ,,
20261005T070541Z,32,2026-10-05T07:31:54.955+00:00,2026-10-05T07:32:55.230+00:00,1791185514.955798,1791185575.230608,8755f025-2b15-4cbe-b371-287824538b1b,2,release/expos/S835364261-GM-A45-EAS-T03-S1-LH-C1-I0032-F00.png,expos,single,512,512,270995,overall_binary,short,200,200,200,5.425,236.118,2.26,187.5,60033.042,60274.81,6,6,42,0,1,,,[answer] | ↵ | thought | ↵ | 符合,[answer]↵thought↵符合[ERROR]↵系統無法儲存紀錄，請稍後再試！
20261005T070541Z,32,2026-10-05T07:32:54.695+00:00,2026-10-05T07:32:55.285+00:00,1791185574.695284,1791185575.285030,49c2862d-9672-4e93-bcc0-92a1c47f4c39,5,release/mkup/S808755818-GM-A40-EEA-T00-S1-LH-C1-I0059-F00.png,mkup,single,512,512,274206,overall_binary,short,200,200,200,6.875,221.074,4.918,209.128,361.577,589.745,7,6,20,1,1,,,[answer] | ↵ | thought | ↵ | 不,[answer]↵thought↵不符合
20261005T070541Z,32,2026-10-05T07:31:55.110+00:00,2026-10-05T07:32:55.527+00:00,1791185515.110430,1791185575.527416,fe5d8693-5cf2-46f4-8e32-7dddde6f2d71,1,release/la_1/S514677740-GM-A43-EME-T03-S1-LH-C1-I0021-F00.png,la_1,single,512,512,383394,overall_binary,short,200,200,200,10.154,359.27,5.214,255.421,60047.381,60416.987,6,6,42,0,1,,,[answer] | ↵ | thought | ↵ | 符合,[answer]↵thought↵符合[ERROR]↵系統無法儲存紀錄，請稍後再試！
20261005T070541Z,32,2026-10-05T07:32:55.285+00:00,2026-10-05T07:32:55.839+00:00,1791185575.285155,1791185575.839096,49c2862d-9672-4e93-bcc0-92a1c47f4c39,6,release/ceg/S482766020-GF-A40-EAS-T15-S1-LH-C1-I0060-F00.png,ceg,single,512,512,337071,overall_binary,short,200,200,200,5.841,174.832,4.697,220.234,373.066,553.941,7,6,20,1,1,,,[answer] | ↵ | thought | ↵ | 不,[answer]↵thought↵不符合
20261005T070541Z,32,2026-10-05T07:32:55.839+00:00,2026-10-05T07:32:56.325+00:00,1791185575.839258,1791185576.325775,49c2862d-9672-4e93-bcc0-92a1c47f4c39,7,release/cap/S670711149-GF-A47-EEA-T00-S1-LH-C1-I0025-F00.png,cap,single,512,512,325368,overall_binary,short,200,200,200,7.189,190.931,2.084,194.197,288.096,486.517,5,4,12,1,1,,,[answer] | ↵ | 不 | 符合 | [END],[answer]↵不符合
20261005T070541Z,32,2026-10-05T07:31:56.294+00:00,2026-10-05T07:32:56.600+00:00,1791185516.294293,1791185576.600501,94f06e82-f24c-4a6e-9d7b-fd09220ebf9d,4,release/light/S970888949-GF-A57-EEA-T15-S1-LH-C1-I0038-F00.png,light,single,512,512,351938,overall_binary,short,200,200,200,5.949,200.412,2.219,60098.622,60099.622,60306.207,1,1,32,0,1,,,[ERROR]↵語言模型通訊異常或回傳內容無法解析，請稍後再試！,[ERROR]↵語言模型通訊異常或回傳內容無法解析，請稍後再試！
20261005T070541Z,32,2026-10-05T07:32:56.600+00:00,2026-10-05T07:32:56.602+00:00,1791185576.600667,1791185576.602450,94f06e82-f24c-4a6e-9d7b-fd09220ebf9d,5,release/sat/S380795387-GF-A58-EEA-T14-S1-LH-C1-I0035-F00.png,sat,single,512,512,352103,overall_binary,short,0,,,1.672,,,,,1.784,0,0,0,0,0,conversation_http_error,HTTP 0: ,,
20261005T070541Z,32,2026-10-05T07:32:56.602+00:00,2026-10-05T07:32:57.168+00:00,1791185576.602537,1791185577.168305,94f06e82-f24c-4a6e-9d7b-fd09220ebf9d,6,release/la_1/S691842297-GM-A47-EME-T14-S1-LH-C1-I0022-F00.png,la_1,single,512,512,390836,overall_binary,short,200,200,200,9.868,218.167,2.195,264.96,337.454,565.767,4,3,11,1,1,,,[answer] | ↵ | 符合 | [END],[answer]↵符合
20261005T070541Z,32,2026-10-05T07:31:56.855+00:00,2026-10-05T07:32:57.266+00:00,1791185516.855806,1791185577.266266,dbc4b73a-ad79-4bb6-ba7c-cef80dd842b0,2,release/expos/S673442144-GF-A53-EEA-T01-S1-LH-C1-I0002-F00.png,expos,single,512,512,355802,overall_binary,short,200,200,200,7.808,228.462,6.175,297.534,60173.957,60410.459,10,10,52,0,1,,,[answer] | ↵ | thought | ↵ | C,[answer]↵thought↵C-thought↵符合[ERROR]↵系統無法儲存紀錄，請稍後再試！
20261005T070541Z,32,2026-10-05T07:31:57.113+00:00,2026-10-05T07:32:57.420+00:00,1791185517.113281,1791185577.420313,2be15f5a-0bb9-42d6-9b80-fbfe26025b16,1,release_mixed/S0000-GF-A32-EIA-T10-S1-LH-C1-I0003-F00.png,release_mixed,mixed,512,512,351834,overall_binary,short,200,200,200,14.41,231.538,2.469,246.724,60060.876,60307.031,7,7,43,0,1,,,[answer] | ↵ | thought | ↵ | 不,[answer]↵thought↵不符合[ERROR]↵系統無法儲存紀錄，請稍後再試！
20261005T070541Z,32,2026-10-05T07:32:57.420+00:00,2026-10-05T07:32:57.421+00:00,1791185577.420460,1791185577.421393,2be15f5a-0bb9-42d6-9b80-fbfe26025b16,2,release/zoom/S397228464-GF-A72-EEA-T03-S1-LH-C1-I0009-F00.png,zoom,single,512,512,430482,overall_binary,short,0,,,0.83,,,,,0.932,0,0,0,0,0,conversation_http_error,HTTP 0: ,,
20261005T070541Z,32,2026-10-05T07:31:57.487+00:00,2026-10-05T07:32:57.736+00:00,1791185517.487569,1791185577.736695,76baac10-d0b8-4fe8-a85b-71b7ab21c25b,2,release/mkup/S883374229-GF-A54-EEA-T14-S1-LH-C1-I0019-F00.png,mkup,single,512,512,337901,overall_binary,short,200,200,200,6.523,198.969,2.957,230.122,60043.36,60249.126,7,7,43,0,1,,,[answer] | ↵ | thought | ↵ | 不,[answer]↵thought↵不符合[ERROR]↵系統無法儲存紀錄，請稍後再試！
20261005T070541Z,32,2026-10-05T07:32:57.736+00:00,2026-10-05T07:32:57.739+00:00,1791185577.736865,1791185577.739556,76baac10-d0b8-4fe8-a85b-71b7ab21c25b,3,release/ce/S37396139-GF-A51-EEA-T14-S1-LH-C1-I0018-F00.png,ce,single,512,512,378183,overall_binary,short,0,,,2.571,,,,,2.69,0,0,0,0,0,conversation_http_error,HTTP 0: ,,
20261005T070541Z,32,2026-10-05T07:32:57.266+00:00,2026-10-05T07:32:57.806+00:00,1791185577.266410,1791185577.806720,dbc4b73a-ad79-4bb6-ba7c-cef80dd842b0,3,release/sm/S44577521-GM-A92-EME-T14-S1-LH-C1-I0041-F00.png,sm,single,512,512,323957,overall_binary,short,200,200,200,12.713,208.664,2.206,185.985,318.699,540.31,6,5,19,1,1,,,[answer] | ↵ | thought | ↵ | 符合,[answer]↵thought↵符合
20261005T070541Z,32,2026-10-05T07:32:57.739+00:00,2026-10-05T07:32:58.397+00:00,1791185577.739670,1791185578.397777,76baac10-d0b8-4fe8-a85b-71b7ab21c25b,4,release/bkg/S533819468-GM-A53-EIA-T14-S1-LH-C1-I0007-F00.png,bkg,single,512,512,437269,overall_binary,short,200,200,200,65.283,206.286,2.403,231.123,386.181,658.107,7,6,20,1,1,,,[answer] | ↵ | thought | ↵ | 不,[answer]↵thought↵不符合
20261005T070541Z,32,2026-10-05T07:31:58.115+00:00,2026-10-05T07:32:58.497+00:00,1791185518.115025,1791185578.497238,b6a47081-3757-4c41-b0c7-40049b8f3218,1,release/mkup/S844573168-GM-A70-EEA-T00-S1-LH-C1-I0061-F00.png,mkup,single,512,512,299145,overall_binary,short,200,200,200,8.261,264.434,6.426,60109.072,60109.316,60382.213,1,1,32,0,1,,,[ERROR]↵語言模型通訊異常或回傳內容無法解析，請稍後再試！,[ERROR]↵語言模型通訊異常或回傳內容無法解析，請稍後再試！
20261005T070541Z,32,2026-10-05T07:31:58.393+00:00,2026-10-05T07:32:58.675+00:00,1791185518.393576,1791185578.675107,498413de-b50a-48a4-a460-e97bcc44adde,5,release/la_1/S726037773-GF-A57-EEA-T15-S1-LH-C1-I0031-F00.png,la_1,single,512,512,359903,overall_binary,short,200,200,200,23.791,194.77,2.644,60062.534,60062.717,60281.53,1,1,32,0,1,,,[ERROR]↵語言模型通訊異常或回傳內容無法解析，請稍後再試！,[ERROR]↵語言模型通訊異常或回傳內容無法解析，請稍後再試！
20261005T070541Z,32,2026-10-05T07:32:58.397+00:00,2026-10-05T07:32:58.870+00:00,1791185578.397978,1791185578.870475,76baac10-d0b8-4fe8-a85b-71b7ab21c25b,5,release/la_2/S274869653-GF-A68-EAS-T03-S1-LH-C1-I0003-F00.png,la_2,single,512,512,361725,overall_binary,short,200,200,200,8.078,171.52,2.076,198.791,292.623,472.497,5,4,12,1,1,,,[answer] | } | 不 | 符合 | [END],[answer]}不符合
20261005T070541Z,32,2026-10-05T07:31:58.983+00:00,2026-10-05T07:32:59.219+00:00,1791185518.983655,1791185579.219349,0dbc6997-e3af-4c34-b1f0-1a71013c79b0,3,release/pixel/S670711149-GF-A47-EEA-T00-S1-LH-C1-I0025-F00.png,pixel,single,512,512,237252,overall_binary,short,200,200,200,5.518,174.142,1.922,60055.488,60055.763,60235.693,1,1,32,0,1,,,[ERROR]↵語言模型通訊異常或回傳內容無法解析，請稍後再試！,[ERROR]↵語言模型通訊異常或回傳內容無法解析，請稍後再試！
20261005T070541Z,32,2026-10-05T07:32:58.675+00:00,2026-10-05T07:32:59.364+00:00,1791185578.675260,1791185579.364862,498413de-b50a-48a4-a460-e97bcc44adde,6,release/sun/S926047332-GM-A22-EME-T14-S1-LH-C1-I0039-F00.png,sun,single,512,512,317033,overall_binary,short,200,200,200,33.728,217.724,1.891,283.069,437.888,689.601,7,6,20,1,1,,,[answer] | ↵ | thought | ↵ | 不,[answer]↵thought↵不符合
20261005T070541Z,32,2026-10-05T07:31:59.116+00:00,2026-10-05T07:32:59.448+00:00,1791185519.116163,1791185579.448049,7ea6ad2b-9835-4cea-ab42-19c97c797d1f,1,release/ceg/S574280680-GF-A53-EME-T03-S1-LH-C1-I0005-F00.png,ceg,single,512,512,394549,overall_binary,short,200,200,200,10.802,247.788,6.399,60072.845,60073.072,60331.885,1,1,32,0,1,,,[ERROR]↵語言模型通訊異常或回傳內容無法解析，請稍後再試！,[ERROR]↵語言模型通訊異常或回傳內容無法解析，請稍後再試！
20261005T070541Z,32,2026-10-05T07:32:59.219+00:00,2026-10-05T07:32:59.849+00:00,1791185579.219511,1791185579.849106,0dbc6997-e3af-4c34-b1f0-1a71013c79b0,4,release/la_2/S325074401-GF-A50-EAS-T03-S1-LH-C1-I0044-F00.png,la_2,single,512,512,322569,overall_binary,short,200,200,200,7.897,226.079,9.474,209.383,395.208,629.594,7,6,15,1,1,,,[answer] | } | 不 | 符合 | L,[answer]}不符合L符合
20261005T070541Z,32,2026-10-05T07:32:59.448+00:00,2026-10-05T07:32:59.953+00:00,1791185579.448183,1791185579.953555,7ea6ad2b-9835-4cea-ab42-19c97c797d1f,2,release/sun/S303695349-GM-A23-EEA-T03-S1-LH-C1-I0041-F00.png,sun,single,512,512,301593,overall_binary,short,200,200,200,10.645,170.383,1.884,168.766,323.966,505.372,8,7,21,1,1,,,[answer] | ↵ | < | thought | ↵,[answer]↵<thought↵不符合
20261005T070541Z,32,2026-10-05T07:31:59.835+00:00,2026-10-05T07:33:00.102+00:00,1791185519.835339,1791185580.102565,8e62103b-fbd9-4856-8d2d-ef6becd0195e,2,release/tq/S0000-GN-A65-EAS-T01-S1-LH-C1-I0001-F00.png,tq,single,512,512,387067,overall_binary,short,200,200,200,6.883,197.428,2.582,60062.469,60062.664,60267.225,1,1,32,0,1,,,[ERROR]↵語言模型通訊異常或回傳內容無法解析，請稍後再試！,[ERROR]↵語言模型通訊異常或回傳內容無法解析，請稍後再試！
20261005T070541Z,32,2026-10-05T07:33:00.102+00:00,2026-10-05T07:33:00.103+00:00,1791185580.102698,1791185580.103609,8e62103b-fbd9-4856-8d2d-ef6becd0195e,3,release/mkup/S804626448-GF-A39-EME-T01-S1-LH-C1-I0049-F00.png,mkup,single,512,512,376854,overall_binary,short,0,,,0.812,,,,,0.911,0,0,0,0,0,conversation_http_error,HTTP 0: ,,
20261005T070541Z,32,2026-10-05T07:32:00.118+00:00,2026-10-05T07:33:00.485+00:00,1791185520.118105,1791185580.485078,7aa6e3f0-5c41-4719-9ea6-43545dbf7c1d,1,release/bkg/S303695349-GM-A23-EEA-T03-S1-LH-C1-I0002-F00.png,bkg,single,512,512,273154,overall_binary,short,200,200,200,9.434,290.701,3.796,60066.384,60066.642,60366.972,1,1,32,0,1,,,[ERROR]↵語言模型通訊異常或回傳內容無法解析，請稍後再試！,[ERROR]↵語言模型通訊異常或回傳內容無法解析，請稍後再試！
20261005T070541Z,32,2026-10-05T07:32:59.953+00:00,2026-10-05T07:33:00.514+00:00,1791185579.953707,1791185580.514995,7ea6ad2b-9835-4cea-ab42-19c97c797d1f,3,release/cap/S210555380-GF-A95-EME-T14-S1-LH-C1-I0048-F00.png,cap,single,512,512,365323,overall_binary,short,200,200,200,6.019,212.485,1.973,188.871,342.559,561.288,7,6,20,1,1,,,[answer] | ↵ | thought | ↵ | 不,[answer]↵thought↵不符合
20261005T070541Z,32,2026-10-05T07:32:00.857+00:00,2026-10-05T07:33:01.081+00:00,1791185520.857045,1791185581.081342,6de88802-872d-48e7-951e-fb8dd5b94b55,7,release/ceg/S664246838-GF-A21-EEA-T11-S1-LH-C1-I0019-F00.png,ceg,single,512,512,385696,overall_binary,short,200,200,200,6.572,126.844,2.657,60089.166,60090.423,60224.296,1,1,32,0,1,,,[ERROR]↵語言模型通訊異常或回傳內容無法解析，請稍後再試！,[ERROR]↵語言模型通訊異常或回傳內容無法解析，請稍後再試！
20261005T070541Z,32,2026-10-05T07:33:00.515+00:00,2026-10-05T07:33:01.091+00:00,1791185580.515105,1791185581.091657,7ea6ad2b-9835-4cea-ab42-19c97c797d1f,4,release/poster/S825833733-GF-A82-EEA-T14-S1-LH-C1-I0028-F00.png,poster,single,512,512,121986,overall_binary,short,200,200,200,5.762,249.34,4.054,183.612,321.268,576.551,6,5,19,1,1,,,[answer] | ↵ | thought | ↵ | 符合,[answer]↵thought↵符合
20261005T070541Z,32,2026-10-05T07:32:01.119+00:00,2026-10-05T07:33:01.497+00:00,1791185521.119314,1791185581.497764,cd31d597-0002-4b96-91a5-d71d5a5b4c25,1,release/sat/S20939931-GF-A70-EME-T00-S1-LH-C1-I0047-F00.png,sat,single,512,512,372412,overall_binary,short,200,200,200,10.05,285.904,2.481,60082.078,60082.195,60378.449,1,1,32,0,1,,,[ERROR]↵語言模型通訊異常或回傳內容無法解析，請稍後再試！,[ERROR]↵語言模型通訊異常或回傳內容無法解析，請稍後再試！
20261005T070541Z,32,2026-10-05T07:32:01.410+00:00,2026-10-05T07:33:01.691+00:00,1791185521.410099,1791185581.691041,89f905be-7402-44cf-aa77-5f44bc8f6246,3,release/tq/S380795387-GF-A58-EEA-T14-S1-LH-C1-I0047-F00.png,tq,single,512,512,336977,overall_binary,short,200,200,200,13.233,199.754,2.19,60067.496,60067.749,60280.941,1,1,32,0,1,,,[ERROR]↵語言模型通訊異常或回傳內容無法解析，請稍後再試！,[ERROR]↵語言模型通訊異常或回傳內容無法解析，請稍後再試！
20261005T070541Z,32,2026-10-05T07:33:01.091+00:00,2026-10-05T07:33:01.753+00:00,1791185581.091780,1791185581.753910,7ea6ad2b-9835-4cea-ab42-19c97c797d1f,5,release/ce/S673442144-GF-A53-EEA-T01-S1-LH-C1-I0002-F00.png,ce,single,512,512,352638,overall_binary,short,200,200,200,21.165,256.822,2.629,220.874,383.939,662.129,7,6,20,1,1,,,[answer] | ↵ | thought | ↵ | 不,[answer]↵thought↵不符合
20261005T070541Z,32,2026-10-05T07:32:01.778+00:00,2026-10-05T07:33:02.027+00:00,1791185521.778503,1791185582.027892,cea8df54-8f7f-4cca-a825-191ea47fa2ba,2,release/la_1/S231352223-GF-A49-EEA-T14-S1-LH-C1-I0011-F00.png,la_1,single,512,512,356015,overall_binary,short,200,200,200,5.947,178.548,1.777,60063.171,60064.718,60249.389,1,1,32,0,1,,,[ERROR]↵語言模型通訊異常或回傳內容無法解析，請稍後再試！,[ERROR]↵語言模型通訊異常或回傳內容無法解析，請稍後再試！
20261005T070541Z,32,2026-10-05T07:33:02.028+00:00,2026-10-05T07:33:02.030+00:00,1791185582.028023,1791185582.030720,cea8df54-8f7f-4cca-a825-191ea47fa2ba,3,release/mkup/S683688917-GF-A31-EIA-T03-S1-LH-C1-I0021-F00.png,mkup,single,512,512,328621,overall_binary,short,0,,,2.595,,,,,2.697,0,0,0,0,0,conversation_http_error,HTTP 0: ,,
20261005T070541Z,32,2026-10-05T07:33:01.497+00:00,2026-10-05T07:33:02.091+00:00,1791185581.497973,1791185582.091115,cd31d597-0002-4b96-91a5-d71d5a5b4c25,2,release/bkg/S752785476-GF-A66-EEA-T00-S1-LH-C1-I0010-F00.png,bkg,single,512,512,541606,overall_binary,short,200,200,200,7.792,237.181,3.72,245.362,347.951,593.141,4,3,11,1,1,,,[answer] | 不 | 符合 | [END],[answer]不符合
20261005T070541Z,32,2026-10-05T07:33:01.754+00:00,2026-10-05T07:33:02.463+00:00,1791185581.754019,1791185582.463722,7ea6ad2b-9835-4cea-ab42-19c97c797d1f,6,release/tq/S165380664-GM-A31-EIA-T01-S1-LH-C1-I0001-F00.png,tq,single,512,512,339356,overall_binary,short,200,200,200,8.93,262.529,6.434,285.551,438.07,709.703,7,6,20,1,1,,,[answer] | ↵ | thought | ↵ | 不,[answer]↵thought↵不符合
20261005T070541Z,32,2026-10-05T07:32:02.120+00:00,2026-10-05T07:33:02.610+00:00,1791185522.120051,1791185582.610271,7b998f75-4d33-46a0-b921-89c34970377d,1,release/ce/S669973447-GM-A20-EEA-T00-S1-LH-C1-I0000-F00.png,ce,single,512,512,348326,overall_binary,short,200,200,200,11.653,383.285,5.929,60094.914,60095.136,60490.22,1,1,32,0,1,,,[ERROR]↵語言模型通訊異常或回傳內容無法解析，請稍後再試！,[ERROR]↵語言模型通訊異常或回傳內容無法解析，請稍後再試！
20261005T070541Z,32,2026-10-05T07:33:02.610+00:00,2026-10-05T07:33:02.611+00:00,1791185582.610375,1791185582.611210,7b998f75-4d33-46a0-b921-89c34970377d,2,release/ce/S806692215-GM-A67-EEA-T01-S1-LH-C1-I0022-F00.png,ce,single,512,512,248897,overall_binary,short,0,,,0.755,,,,,0.834,0,0,0,0,0,conversation_http_error,HTTP 0: ,,
20261005T070541Z,32,2026-10-05T07:33:02.091+00:00,2026-10-05T07:33:02.707+00:00,1791185582.091208,1791185582.707115,cd31d597-0002-4b96-91a5-d71d5a5b4c25,3,release/sm/S50180802-GM-A26-EEA-T00-S1-LH-C1-I0055-F00.png,sm,single,512,512,323128,overall_binary,short,200,200,200,17.929,254.222,4.775,210.274,343.434,615.907,6,5,19,1,1,,,[answer] | ↵ | thought | ↵ | 符合,[answer]↵thought↵符合
20261005T070541Z,32,2026-10-05T07:33:02.707+00:00,2026-10-05T07:33:03.173+00:00,1791185582.707204,1791185583.173286,cd31d597-0002-4b96-91a5-d71d5a5b4c25,4,release_mixed/S201768449-GM-A26-EEA-T00-S1-LH-C1-I0015-F00.png,release_mixed,mixed,512,512,352663,overall_binary,short,200,200,200,7.438,166.117,2.035,201.447,292.298,466.082,4,3,11,1,1,,,[answer] | ↵ | 符合 | [END],[answer]↵符合
20261005T070541Z,32,2026-10-05T07:32:02.929+00:00,2026-10-05T07:33:03.252+00:00,1791185522.929937,1791185583.252296,c7681faa-6f7b-4649-8a3d-b7470370b1b3,2,release/cap/S95924864-GM-A18-EEA-T14-S1-LH-C1-I0029-F00.png,cap,single,512,512,372733,overall_binary,short,200,200,200,9.278,230.451,14.211,60082.21,60082.41,60322.358,1,1,32,0,1,,,[ERROR]↵語言模型通訊異常或回傳內容無法解析，請稍後再試！,[ERROR]↵語言模型通訊異常或回傳內容無法解析，請稍後再試！
20261005T070541Z,32,2026-10-05T07:32:03.120+00:00,2026-10-05T07:33:03.532+00:00,1791185523.120571,1791185583.532262,8eaf83be-308c-4956-99c9-efad6a7a170b,1,release/la_2/S375545605-GM-A47-EEA-T00-S1-LH-C1-I0027-F00.png,la_2,single,512,512,371268,overall_binary,short,200,200,200,33.542,285.88,11.778,60091.861,60092.115,60411.691,1,1,32,0,1,,,[ERROR]↵語言模型通訊異常或回傳內容無法解析，請稍後再試！,[ERROR]↵語言模型通訊異常或回傳內容無法解析，請稍後再試！
20261005T070541Z,32,2026-10-05T07:33:03.173+00:00,2026-10-05T07:33:03.730+00:00,1791185583.173451,1791185583.730255,cd31d597-0002-4b96-91a5-d71d5a5b4c25,5,release/sat/S897329683-GF-A41-EEA-T11-S1-LH-C1-I0040-F00.png,sat,single,512,512,273490,overall_binary,short,200,200,200,6.759,224.201,1.896,211.219,325.607,556.804,7,6,16,1,1,,,[answer] | } | ** | 不 | 符合,[answer]}**不符合**
20261005T070541Z,32,2026-10-05T07:32:03.798+00:00,2026-10-05T07:33:04.033+00:00,1791185523.798704,1791185584.033778,de308bb5-cf25-4d26-908a-0ae7a73cf703,2,release/poster/S536119263-GM-A46-EEA-T11-S1-LH-C1-I0063-F00.png,poster,single,512,512,103467,overall_binary,short,200,200,200,6.383,173.635,2.202,60054.593,60054.839,60235.075,1,1,32,0,1,,,[ERROR]↵語言模型通訊異常或回傳內容無法解析，請稍後再試！,[ERROR]↵語言模型通訊異常或回傳內容無法解析，請稍後再試！
20261005T070541Z,32,2026-10-05T07:33:04.033+00:00,2026-10-05T07:33:04.035+00:00,1791185584.033964,1791185584.035103,de308bb5-cf25-4d26-908a-0ae7a73cf703,3,release/light/S113923411-GF-A35-EEA-T14-S1-LH-C1-I0048-F00.png,light,single,512,512,56886,overall_binary,short,0,,,1.024,,,,,1.138,0,0,0,0,0,conversation_http_error,HTTP 0: ,,
20261005T070541Z,32,2026-10-05T07:33:03.532+00:00,2026-10-05T07:33:04.045+00:00,1791185583.532396,1791185584.045309,8eaf83be-308c-4956-99c9-efad6a7a170b,2,release/expos/S987384432-GF-A95-EME-T01-S1-LH-C1-I0003-F00.png,expos,single,512,512,274489,overall_binary,short,200,200,200,6.75,185.79,2.721,234.053,320.144,512.912,4,3,11,1,1,,,[answer] | ↵ | 符合 | [END],[answer]↵符合
20261005T070541Z,32,2026-10-05T07:32:04.121+00:00,2026-10-05T07:33:04.477+00:00,1791185524.121726,1791185584.477439,7cc77c9b-625c-4fba-9b2a-0d2add3c334c,1,release/ceg/S166658587-GM-A81-EEA-T03-S1-LH-C1-I0060-F00.png,ceg,single,512,512,292440,overall_binary,short,200,200,200,9.24,270.666,3.877,60075.335,60075.619,60355.713,1,1,32,0,1,,,[ERROR]↵語言模型通訊異常或回傳內容無法解析，請稍後再試！,[ERROR]↵語言模型通訊異常或回傳內容無法解析，請稍後再試！
20261005T070541Z,32,2026-10-05T07:33:04.045+00:00,2026-10-05T07:33:04.710+00:00,1791185584.045405,1791185584.710133,8eaf83be-308c-4956-99c9-efad6a7a170b,3,release/light/S976538751-GM-A19-EAF-T14-S1-LH-C1-I0007-F00.png,light,single,512,512,331165,overall_binary,short,200,200,200,33.9,256.449,4.239,197.047,374.159,664.728,7,6,20,1,1,,,[answer] | ↵ | thought | ↵ | 不,[answer]↵thought↵不符合
20261005T070541Z,32,2026-10-05T07:32:04.481+00:00,2026-10-05T07:33:04.751+00:00,1791185524.481014,1791185584.751020,ec8a8321-465f-4477-b993-e6d8365400f4,6,release/ce/S334613033-GM-A58-EAF-T14-S1-LH-C1-I0047-F00.png,ce,single,512,512,425907,overall_binary,short,200,200,200,6.07,199.887,1.802,60063.681,60063.892,60270.006,1,1,32,0,1,,,[ERROR]↵語言模型通訊異常或回傳內容無法解析，請稍後再試！,[ERROR]↵語言模型通訊異常或回傳內容無法解析，請稍後再試！
20261005T070541Z,32,2026-10-05T07:33:04.751+00:00,2026-10-05T07:33:04.751+00:00,1791185584.751139,1791185584.751995,ec8a8321-465f-4477-b993-e6d8365400f4,7,release/sm/S851010322-GM-A30-EEA-T03-S1-LH-C1-I0061-F00.png,sm,single,512,512,327031,overall_binary,short,0,,,0.768,,,,,0.856,0,0,0,0,0,conversation_http_error,HTTP 0: ,,
20261005T070541Z,32,2026-10-05T07:33:04.477+00:00,2026-10-05T07:33:05.160+00:00,1791185584.477627,1791185585.160884,7cc77c9b-625c-4fba-9b2a-0d2add3c334c,2,release/mkup/S231352223-GF-A49-EEA-T14-S1-LH-C1-I0027-F00.png,mkup,single,512,512,366127,overall_binary,short,200,200,200,10.899,227.381,2.643,210.795,444.644,683.256,7,6,20,1,1,,,[answer] | ↵ | thought | ↵ | 不,[answer]↵thought↵不符合
20261005T070541Z,32,2026-10-05T07:33:04.752+00:00,2026-10-05T07:33:05.321+00:00,1791185584.752079,1791185585.321443,ec8a8321-465f-4477-b993-e6d8365400f4,8,release/mkup/S169208368-GM-A35-EME-T14-S1-LH-C1-I0016-F00.png,mkup,single,512,512,385843,overall_binary,short,200,200,200,21.512,196.384,2.336,196.519,351.207,569.364,7,6,20,1,1,,,[answer] | ↵ | thought | ↵ | 不,[answer]↵thought↵不符合
20261005T070541Z,32,2026-10-05T07:32:05.123+00:00,2026-10-05T07:33:05.469+00:00,1791185525.123571,1791185585.469300,5e5b0851-d57f-464b-9777-fbf45db60873,1,release/poster/S384793007-GF-A62-EEA-T01-S1-LH-C1-I0006-F00.png,poster,single,512,512,68412,overall_binary,short,200,200,200,9.693,267.406,2.136,60068.027,60068.435,60345.728,1,1,32,0,1,,,[ERROR]↵語言模型通訊異常或回傳內容無法解析，請稍後再試！,[ERROR]↵語言模型通訊異常或回傳內容無法解析，請稍後再試！
20261005T070541Z,32,2026-10-05T07:33:05.469+00:00,2026-10-05T07:33:05.470+00:00,1791185585.469458,1791185585.470570,5e5b0851-d57f-464b-9777-fbf45db60873,2,release/poster/S124298498-GM-A91-EEA-T14-S1-LH-C1-I0034-F00.png,poster,single,512,512,108628,overall_binary,short,0,,,1.003,,,,,1.112,0,0,0,0,0,conversation_http_error,HTTP 0: ,,
20261005T070541Z,32,2026-10-05T07:32:05.298+00:00,2026-10-05T07:33:05.535+00:00,1791185525.298646,1791185585.535560,6e8b286e-edbc-426d-a01e-ab4c97e18c35,3,release/sat/S825431925-GF-A77-EAF-T00-S1-LH-C1-I0000-F00.png,sat,single,512,512,251828,overall_binary,short,200,200,200,5.899,178.334,1.97,60052.194,60052.527,60236.914,1,1,32,0,1,,,[ERROR]↵語言模型通訊異常或回傳內容無法解析，請稍後再試！,[ERROR]↵語言模型通訊異常或回傳內容無法解析，請稍後再試！
20261005T070541Z,32,2026-10-05T07:33:05.535+00:00,2026-10-05T07:33:05.536+00:00,1791185585.535665,1791185585.536476,6e8b286e-edbc-426d-a01e-ab4c97e18c35,4,release/expos/S871196184-GF-A27-EAF-T14-S1-LH-C1-I0028-F00.png,expos,single,512,512,274014,overall_binary,short,0,,,0.735,,,,,0.811,0,0,0,0,0,conversation_http_error,HTTP 0: ,,
20261005T070541Z,32,2026-10-05T07:33:05.321+00:00,2026-10-05T07:33:05.972+00:00,1791185585.321628,1791185585.972557,ec8a8321-465f-4477-b993-e6d8365400f4,9,release/sat/S780124184-GF-A64-EME-T01-S1-LH-C1-I0042-F00.png,sat,single,512,512,279895,overall_binary,short,200,200,200,7.703,170.894,2.349,197.415,472.007,650.929,11,10,20,1,1,,,[answer] | } | ** | 請 | 上,[answer]}**請上傳照片。S**
20261005T070541Z,32,2026-10-05T07:33:05.536+00:00,2026-10-05T07:33:06.079+00:00,1791185585.536555,1791185586.079239,6e8b286e-edbc-426d-a01e-ab4c97e18c35,5,release_mixed/S0000-GF-A95-EAS-T11-S1-LH-C1-I0000-F00.png,release_mixed,mixed,512,512,345830,overall_binary,short,200,200,200,5.846,182.346,2.438,194.889,354.156,542.684,7,6,20,1,1,,,[answer] | ↵ | thought | ↵ | 不,[answer]↵thought↵不符合
20261005T070541Z,32,2026-10-05T07:32:06.312+00:00,2026-10-05T07:33:06.591+00:00,1791185526.312853,1791185586.591025,e4f801e5-4bd7-442e-80cb-c2ee6c1e870d,3,release/bkg/S138993008-GF-A66-EAF-T00-S1-LH-C1-I0035-F00.png,bkg,single,512,512,468473,overall_binary,short,200,200,200,6.118,205.628,1.974,60065.752,60066.189,60278.171,1,1,32,0,1,,,[ERROR]↵語言模型通訊異常或回傳內容無法解析，請稍後再試！,[ERROR]↵語言模型通訊異常或回傳內容無法解析，請稍後再試！
20261005T070541Z,32,2026-10-05T07:33:06.079+00:00,2026-10-05T07:33:06.615+00:00,1791185586.079594,1791185586.615725,6e8b286e-edbc-426d-a01e-ab4c97e18c35,6,release/pixel/S895967637-GM-A28-EEA-T01-S1-LH-C1-I0005-F00.png,pixel,single,512,512,271715,overall_binary,short,200,200,200,8.369,203.01,3.003,225.214,324.318,536.131,5,4,18,1,1,,,[answer] | thought | ↵ | 符合 | [END],[answer]thought↵符合
20261005T070541Z,32,2026-10-05T07:33:06.615+00:00,2026-10-05T07:33:07.187+00:00,1791185586.615939,1791185587.187423,6e8b286e-edbc-426d-a01e-ab4c97e18c35,7,release/poster/S285023719-GF-A24-EEA-T00-S1-LH-C1-I0022-F00.png,poster,single,512,512,97605,overall_binary,short,200,200,200,7.398,250.646,4.427,219.559,313.046,571.484,5,4,18,1,1,,,[answer] | thought | ↵ | 符合 | [END],[answer]thought↵符合
20261005T070541Z,32,2026-10-05T07:32:51.065+00:00,2026-10-05T07:33:51.363+00:00,1791185571.065053,1791185631.363246,c6b8af4d-c2ed-4c0c-bfe8-cede0e3c0db2,3,release/sat/S229472865-GM-A49-EEA-T15-S1-LH-C1-I0053-F00.png,sat,single,512,512,337153,overall_binary,short,200,200,200,7.371,224.405,2.008,60065.634,60066.128,60298.193,1,1,32,0,1,,,[ERROR]↵語言模型通訊異常或回傳內容無法解析，請稍後再試！,[ERROR]↵語言模型通訊異常或回傳內容無法解析，請稍後再試！
20261005T070541Z,32,2026-10-05T07:33:51.363+00:00,2026-10-05T07:33:51.990+00:00,1791185631.363409,1791185631.990232,c6b8af4d-c2ed-4c0c-bfe8-cede0e3c0db2,4,release/bkg/S94290629-GF-A23-EAF-T14-S1-LH-C1-I0030-F00.png,bkg,single,512,512,474715,overall_binary,short,200,200,200,11.267,268.419,3.098,255.43,346.866,626.822,5,4,12,1,1,,,[answer] | ↵ | 不 | 符合 | [END],[answer]↵不符合
20261005T070541Z,32,2026-10-05T07:32:51.953+00:00,2026-10-05T07:33:52.211+00:00,1791185571.953524,1791185632.211774,589bd6c6-a506-4777-9065-4b58006bef08,3,release/light/S574761980-GF-A38-EEA-T14-S1-LH-C1-I0044-F00.png,light,single,512,512,278728,overall_binary,short,200,200,200,6.631,186.091,1.927,60065.03,60065.284,60258.249,1,1,32,0,1,,,[ERROR]↵語言模型通訊異常或回傳內容無法解析，請稍後再試！,[ERROR]↵語言模型通訊異常或回傳內容無法解析，請稍後再試！
20261005T070541Z,32,2026-10-05T07:33:52.211+00:00,2026-10-05T07:33:52.781+00:00,1791185632.211908,1791185632.781239,589bd6c6-a506-4777-9065-4b58006bef08,4,release/bkg/S179182026-GM-A47-EEA-T11-S1-LH-C1-I0029-F00.png,bkg,single,512,512,552289,overall_binary,short,200,200,200,9.75,218.235,1.934,187.085,341.127,569.33,7,6,20,1,1,,,[answer] | ↵ | thought | ↵ | 不,[answer]↵thought↵不符合
20261005T070541Z,32,2026-10-05T07:32:52.932+00:00,2026-10-05T07:33:53.202+00:00,1791185572.932101,1791185633.202584,846f56cb-86e0-4db3-805c-57f825b1d636,4,release/expos/S289919415-GF-A46-EEA-T14-S1-LH-C1-I0060-F00.png,expos,single,512,512,313791,overall_binary,short,200,200,200,6.331,204.362,1.97,60059.175,60059.521,60270.483,1,1,32,0,1,,,[ERROR]↵語言模型通訊異常或回傳內容無法解析，請稍後再試！,[ERROR]↵語言模型通訊異常或回傳內容無法解析，請稍後再試！
20261005T070541Z,32,2026-10-05T07:32:53.585+00:00,2026-10-05T07:33:53.998+00:00,1791185573.585735,1791185633.998044,e7c54116-6bd7-45ad-b7b3-90ab063c908d,4,release/light/S924724708-GF-A48-EEA-T14-S1-LH-C1-I0053-F00.png,light,single,512,512,398653,overall_binary,short,200,200,200,8.445,260.924,4.184,60141.807,60142.699,60412.309,1,1,32,0,1,,,[ERROR]↵語言模型通訊異常或回傳內容無法解析，請稍後再試！,[ERROR]↵語言模型通訊異常或回傳內容無法解析，請稍後再試！
20261005T070541Z,32,2026-10-05T07:32:54.745+00:00,2026-10-05T07:33:54.993+00:00,1791185574.745660,1791185634.993158,6deb4e71-24cf-4528-a9dc-4d2da1fe19f0,7,release/cap/S590103000-GF-A47-EEA-T01-S1-LH-C1-I0045-F00.png,cap,single,512,512,392517,overall_binary,short,200,200,200,6.364,170.265,2.604,60070.157,60070.622,60247.498,1,1,32,0,1,,,[ERROR]↵語言模型通訊異常或回傳內容無法解析，請稍後再試！,[ERROR]↵語言模型通訊異常或回傳內容無法解析，請稍後再試！
20261005T070541Z,32,2026-10-05T07:33:54.993+00:00,2026-10-05T07:33:55.518+00:00,1791185634.993351,1791185635.518433,6deb4e71-24cf-4528-a9dc-4d2da1fe19f0,8,release/la_1/S426127418-GF-A48-EEA-T03-S1-LH-C1-I0043-F00.png,la_1,single,512,512,388283,overall_binary,short,200,200,200,10.356,227.074,2.333,196.843,287.347,525.083,4,3,11,1,1,,,[answer] | ↵ | 符合 | [END],[answer]↵符合
20261005T070541Z,32,2026-10-05T07:32:55.230+00:00,2026-10-05T07:33:55.555+00:00,1791185575.230765,1791185635.555249,8755f025-2b15-4cbe-b371-287824538b1b,3,release/sat/S564127454-GF-A22-EAS-T03-S1-LH-C1-I0009-F00.png,sat,single,512,512,401629,overall_binary,short,200,200,200,8.419,225.415,3.334,60090.038,60090.349,60324.484,1,1,32,0,1,,,[ERROR]↵語言模型通訊異常或回傳內容無法解析，請稍後再試！,[ERROR]↵語言模型通訊異常或回傳內容無法解析，請稍後再試！
20261005T070541Z,32,2026-10-05T07:33:55.555+00:00,2026-10-05T07:33:55.556+00:00,1791185635.555355,1791185635.556216,8755f025-2b15-4cbe-b371-287824538b1b,4,release/la_1/S150094415-GF-A53-EME-T10-S1-LH-C1-I0055-F00.png,la_1,single,512,512,350603,overall_binary,short,0,,,0.778,,,,,0.861,0,0,0,0,0,conversation_http_error,HTTP 0: ,,
20261005T070541Z,32,2026-10-05T07:32:55.527+00:00,2026-10-05T07:33:55.775+00:00,1791185575.527578,1791185635.775692,fe5d8693-5cf2-46f4-8e32-7dddde6f2d71,2,release/tq/S377896724-GF-A29-EEA-T10-S1-LH-C1-I0047-F00.png,tq,single,512,512,284195,overall_binary,short,200,200,200,7.558,170.624,2.492,60066.515,60069.695,60248.113,1,1,32,0,1,,,[ERROR]↵語言模型通訊異常或回傳內容無法解析，請稍後再試！,[ERROR]↵語言模型通訊異常或回傳內容無法解析，請稍後再試！
20261005T070541Z,32,2026-10-05T07:33:55.775+00:00,2026-10-05T07:33:55.777+00:00,1791185635.775780,1791185635.777110,fe5d8693-5cf2-46f4-8e32-7dddde6f2d71,3,release/zoom/S780124184-GF-A64-EME-T01-S1-LH-C1-I0042-F00.png,zoom,single,512,512,413441,overall_binary,short,0,,,1.261,,,,,1.329,0,0,0,0,0,conversation_http_error,HTTP 0: ,,
20261005T070541Z,32,2026-10-05T07:33:55.556+00:00,2026-10-05T07:33:56.104+00:00,1791185635.556292,1791185636.104557,8755f025-2b15-4cbe-b371-287824538b1b,5,release/pixel/S825833733-GF-A82-EEA-T14-S1-LH-C1-I0012-F00.png,pixel,single,512,512,256528,overall_binary,short,200,200,200,7.419,202.977,6.364,197.425,337.671,548.264,6,5,19,1,1,,,[answer] | ↵ | thought | ↵ | 符合,[answer]↵thought↵符合
20261005T070541Z,32,2026-10-05T07:32:56.325+00:00,2026-10-05T07:33:56.610+00:00,1791185576.325954,1791185636.610681,49c2862d-9672-4e93-bcc0-92a1c47f4c39,8,release/la_1/S402397961-GF-A82-EEA-T00-S1-LH-C1-I0029-F00.png,la_1,single,512,512,354470,overall_binary,short,200,200,200,7.1,203.125,2.46,60073.961,60074.237,60284.727,1,1,32,0,1,,,[ERROR]↵語言模型通訊異常或回傳內容無法解析，請稍後再試！,[ERROR]↵語言模型通訊異常或回傳內容無法解析，請稍後再試！
20261005T070541Z,32,2026-10-05T07:33:56.610+00:00,2026-10-05T07:33:56.611+00:00,1791185636.610779,1791185636.611619,49c2862d-9672-4e93-bcc0-92a1c47f4c39,9,release/sun/S50180802-GM-A26-EEA-T00-S1-LH-C1-I0055-F00.png,sun,single,512,512,336459,overall_binary,short,0,,,0.764,,,,,0.839,0,0,0,0,0,conversation_http_error,HTTP 0: ,,
20261005T070541Z,32,2026-10-05T07:33:56.104+00:00,2026-10-05T07:33:56.667+00:00,1791185636.104667,1791185636.667987,8755f025-2b15-4cbe-b371-287824538b1b,6,release/la_1/S590103000-GF-A47-EEA-T01-S1-LH-C1-I0056-F00.png,la_1,single,512,512,401164,overall_binary,short,200,200,200,5.88,212.374,1.815,185.176,344.882,563.32,7,6,20,1,1,,,[answer] | ↵ | thought | ↵ | 不,[answer]↵thought↵不符合
20261005T070541Z,32,2026-10-05T07:33:56.611+00:00,2026-10-05T07:33:57.267+00:00,1791185636.611694,1791185637.267025,49c2862d-9672-4e93-bcc0-92a1c47f4c39,10,release/tq/S0000-GM-A93-ISP-T11-S1-LH-C1-I0001-F00.png,tq,single,512,512,346253,overall_binary,short,200,200,200,7.143,237.091,3.96,249.588,410.918,655.331,7,6,20,1,1,,,[answer] | ↵ | thought | ↵ | 不,[answer]↵thought↵不符合
20261005T070541Z,32,2026-10-05T07:32:57.168+00:00,2026-10-05T07:33:57.519+00:00,1791185577.168487,1791185637.519629,94f06e82-f24c-4a6e-9d7b-fd09220ebf9d,7,release/tq/S59102185-GM-A41-EME-T01-S1-LH-C1-I0033-F00.png,tq,single,512,512,354823,overall_binary,short,200,200,200,8.08,231.446,2.661,60110.448,60111.323,60351.142,1,1,32,0,1,,,[ERROR]↵語言模型通訊異常或回傳內容無法解析，請稍後再試！,[ERROR]↵語言模型通訊異常或回傳內容無法解析，請稍後再試！
20261005T070541Z,32,2026-10-05T07:33:57.519+00:00,2026-10-05T07:33:57.521+00:00,1791185637.519717,1791185637.521079,94f06e82-f24c-4a6e-9d7b-fd09220ebf9d,8,release/zoom/S883374229-GF-A54-EEA-T14-S1-LH-C1-I0038-F00.png,zoom,single,512,512,419076,overall_binary,short,0,,,1.292,,,,,1.362,0,0,0,0,0,conversation_http_error,HTTP 0: ,,
20261005T070541Z,32,2026-10-05T07:32:57.421+00:00,2026-10-05T07:33:57.703+00:00,1791185577.421474,1791185637.703880,2be15f5a-0bb9-42d6-9b80-fbfe26025b16,3,release/ce/S506465236-GM-A41-EEA-T00-S1-LH-C1-I0013-F00.png,ce,single,512,512,345655,overall_binary,short,200,200,200,6.727,206.651,2.339,60068.56,60068.812,60282.405,1,1,32,0,1,,,[ERROR]↵語言模型通訊異常或回傳內容無法解析，請稍後再試！,[ERROR]↵語言模型通訊異常或回傳內容無法解析，請稍後再試！
20261005T070541Z,32,2026-10-05T07:33:57.703+00:00,2026-10-05T07:33:57.704+00:00,1791185637.703973,1791185637.704789,2be15f5a-0bb9-42d6-9b80-fbfe26025b16,4,release/cap/S14964507-GF-A29-EEA-T00-S1-LH-C1-I0052-F00.png,cap,single,512,512,390858,overall_binary,short,0,,,0.747,,,,,0.817,0,0,0,0,0,conversation_http_error,HTTP 0: ,,
20261005T070541Z,32,2026-10-05T07:33:57.521+00:00,2026-10-05T07:33:58.101+00:00,1791185637.521151,1791185638.101169,94f06e82-f24c-4a6e-9d7b-fd09220ebf9d,9,release/la_2/S457681878-GF-A95-EEA-T14-S1-LH-C1-I0017-F00.png,la_2,single,512,512,365106,overall_binary,short,200,200,200,8.434,221.826,2.071,189.773,349.578,580.018,7,6,20,1,1,,,[answer] | ↵ | thought | ↵ | 不,[answer]↵thought↵不符合
20261005T070541Z,32,2026-10-05T07:32:57.806+00:00,2026-10-05T07:33:58.130+00:00,1791185577.806868,1791185638.130033,dbc4b73a-ad79-4bb6-ba7c-cef80dd842b0,4,release/la_1/S752785476-GF-A66-EEA-T00-S1-LH-C1-I0010-F00.png,la_1,single,512,512,374586,overall_binary,short,200,200,200,20.672,233.628,3.119,60068.422,60068.651,60323.165,1,1,32,0,1,,,[ERROR]↵語言模型通訊異常或回傳內容無法解析，請稍後再試！,[ERROR]↵語言模型通訊異常或回傳內容無法解析，請稍後再試！
20261005T070541Z,32,2026-10-05T07:33:58.130+00:00,2026-10-05T07:33:58.130+00:00,1791185638.130122,1791185638.130992,dbc4b73a-ad79-4bb6-ba7c-cef80dd842b0,5,release/expos/S16643293-GF-A66-EEA-T15-S1-LH-C1-I0043-F00.png,expos,single,512,512,333907,overall_binary,short,0,,,0.801,,,,,0.869,0,0,0,0,0,conversation_http_error,HTTP 0: ,,
20261005T070541Z,32,2026-10-05T07:33:58.131+00:00,2026-10-05T07:33:58.666+00:00,1791185638.131068,1791185638.666167,dbc4b73a-ad79-4bb6-ba7c-cef80dd842b0,6,release/light/S394313530-GF-A45-EEA-T03-S1-LH-C1-I0050-F00_1.png,light,single,512,512,391815,overall_binary,short,200,200,200,5.945,166.67,2.032,290.174,362.291,535.099,3,2,10,1,1,,,[answer] | 符合 | [END],[answer]符合
20261005T070541Z,32,2026-10-05T07:32:58.497+00:00,2026-10-05T07:33:58.800+00:00,1791185578.497392,1791185638.800196,b6a47081-3757-4c41-b0c7-40049b8f3218,2,release/sm/S669973447-GM-A20-EEA-T00-S1-LH-C1-I0016-F00.png,sm,single,512,512,320073,overall_binary,short,200,200,200,7.965,221.541,2.6,60072.832,60073.075,60302.803,1,1,32,0,1,,,[ERROR]↵語言模型通訊異常或回傳內容無法解析，請稍後再試！,[ERROR]↵語言模型通訊異常或回傳內容無法解析，請稍後再試！
20261005T070541Z,32,2026-10-05T07:33:58.800+00:00,2026-10-05T07:33:58.801+00:00,1791185638.800314,1791185638.801243,b6a47081-3757-4c41-b0c7-40049b8f3218,3,release/la_1/S384793007-GF-A62-EEA-T01-S1-LH-C1-I0006-F00.png,la_1,single,512,512,278645,overall_binary,short,0,,,0.847,,,,,0.93,0,0,0,0,0,conversation_http_error,HTTP 0: ,,
20261005T070541Z,32,2026-10-05T07:32:58.870+00:00,2026-10-05T07:33:59.122+00:00,1791185578.870653,1791185639.122227,76baac10-d0b8-4fe8-a85b-71b7ab21c25b,6,release/ceg/S861590567-GF-A45-EIA-T03-S1-LH-C1-I0062-F00.png,ceg,single,512,512,373038,overall_binary,short,200,200,200,8.446,172.054,1.96,60068.786,60070.796,60251.573,1,1,32,0,1,,,[ERROR]↵語言模型通訊異常或回傳內容無法解析，請稍後再試！,[ERROR]↵語言模型通訊異常或回傳內容無法解析，請稍後再試！
20261005T070541Z,32,2026-10-05T07:33:59.122+00:00,2026-10-05T07:33:59.123+00:00,1791185639.122343,1791185639.123494,76baac10-d0b8-4fe8-a85b-71b7ab21c25b,7,release/ceg/S113923411-GF-A35-EEA-T14-S1-LH-C1-I0048-F00.png,ceg,single,512,512,292285,overall_binary,short,0,,,1.069,,,,,1.151,0,0,0,0,0,conversation_http_error,HTTP 0: ,,
20261005T070541Z,32,2026-10-05T07:33:58.666+00:00,2026-10-05T07:33:59.257+00:00,1791185638.666316,1791185639.257393,dbc4b73a-ad79-4bb6-ba7c-cef80dd842b0,7,release/expos/S669973447-GM-A20-EEA-T00-S1-LH-C1-I0000-F00.png,expos,single,512,512,304928,overall_binary,short,200,200,200,10.581,230.124,1.842,212.152,350.164,591.076,6,5,19,1,1,,,[answer] | ↵ | thought | ↵ | 符合,[answer]↵thought↵符合
20261005T070541Z,32,2026-10-05T07:32:59.365+00:00,2026-10-05T07:33:59.651+00:00,1791185579.365015,1791185639.651944,498413de-b50a-48a4-a460-e97bcc44adde,7,release_mixed/S0000-GF-A99-EME-T11-S1-LH-C1-I0000-F00.png,release_mixed,mixed,512,512,350913,overall_binary,short,200,200,200,7.187,217.41,1.929,60061.702,60062.117,60286.928,1,1,32,0,1,,,[ERROR]↵語言模型通訊異常或回傳內容無法解析，請稍後再試！,[ERROR]↵語言模型通訊異常或回傳內容無法解析，請稍後再試！
20261005T070541Z,32,2026-10-05T07:33:59.652+00:00,2026-10-05T07:33:59.653+00:00,1791185639.652076,1791185639.653522,498413de-b50a-48a4-a460-e97bcc44adde,8,release/oof/S79333356-GF-A59-EEA-T03-S1-LH-C1-I0057-F00.png,oof,single,512,512,281180,overall_binary,short,0,,,1.352,,,,,1.446,0,0,0,0,0,conversation_http_error,HTTP 0: ,,
20261005T070541Z,32,2026-10-05T07:33:59.123+00:00,2026-10-05T07:33:59.692+00:00,1791185639.123571,1791185639.692268,76baac10-d0b8-4fe8-a85b-71b7ab21c25b,8,release/mkup/S50180802-GM-A26-EEA-T00-S1-LH-C1-I0055-F00.png,mkup,single,512,512,336526,overall_binary,short,200,200,200,5.481,216.534,1.837,234.981,346.521,568.697,5,4,12,1,1,,,[answer] | ↵ | 不 | 符合 | [END],[answer]↵不符合
20261005T070541Z,32,2026-10-05T07:32:59.849+00:00,2026-10-05T07:34:00.142+00:00,1791185579.849278,1791185640.142896,0dbc6997-e3af-4c34-b1f0-1a71013c79b0,5,release/bkg/S647458820-GF-A61-EAF-T03-S1-LH-C1-I0003-F00.png,bkg,single,512,512,410109,overall_binary,short,200,200,200,6.824,214.891,4.086,60071.402,60071.62,60293.618,1,1,32,0,1,,,[ERROR]↵語言模型通訊異常或回傳內容無法解析，請稍後再試！,[ERROR]↵語言模型通訊異常或回傳內容無法解析，請稍後再試！
20261005T070541Z,32,2026-10-05T07:34:00.143+00:00,2026-10-05T07:34:00.143+00:00,1791185640.143008,1791185640.143903,0dbc6997-e3af-4c34-b1f0-1a71013c79b0,6,release/expos/S673442144-GF-A53-EEA-T01-S1-LH-C1-I0023-F00.png,expos,single,512,512,349792,overall_binary,short,0,,,0.8,,,,,0.896,0,0,0,0,0,conversation_http_error,HTTP 0: ,,
20261005T070541Z,32,2026-10-05T07:33:59.653+00:00,2026-10-05T07:34:00.268+00:00,1791185639.653614,1791185640.268118,498413de-b50a-48a4-a460-e97bcc44adde,9,release/ce/S289919415-GF-A46-EEA-T14-S1-LH-C1-I0060-F00.png,ce,single,512,512,308934,overall_binary,short,200,200,200,8.009,273.622,2.744,238.535,332.698,614.504,5,4,12,1,1,,,[answer] | ↵ | 不 | 符合 | [END],[answer]↵不符合
20261005T070541Z,32,2026-10-05T07:33:00.103+00:00,2026-10-05T07:34:00.353+00:00,1791185580.103694,1791185640.353660,8e62103b-fbd9-4856-8d2d-ef6becd0195e,4,release/light/S883374229-GF-A54-EEA-T14-S1-LH-C1-I0006-F00.png,light,single,512,512,289785,overall_binary,short,200,200,200,10.202,183.864,2.02,60055.494,60055.71,60249.966,1,1,32,0,1,,,[ERROR]↵語言模型通訊異常或回傳內容無法解析，請稍後再試！,[ERROR]↵語言模型通訊異常或回傳內容無法解析，請稍後再試！
20261005T070541Z,32,2026-10-05T07:34:00.353+00:00,2026-10-05T07:34:00.354+00:00,1791185640.353748,1791185640.354565,8e62103b-fbd9-4856-8d2d-ef6becd0195e,5,release/light/S897329683-GF-A41-EEA-T11-S1-LH-C1-I0040-F00.png,light,single,512,512,362904,overall_binary,short,0,,,0.754,,,,,0.817,0,0,0,0,0,conversation_http_error,HTTP 0: ,,
20261005T070541Z,32,2026-10-05T07:34:00.143+00:00,2026-10-05T07:34:00.789+00:00,1791185640.143985,1791185640.789908,0dbc6997-e3af-4c34-b1f0-1a71013c79b0,7,release/sat/S376287613-GF-A19-EAF-T14-S1-LH-C1-I0011-F00.png,sat,single,512,512,341489,overall_binary,short,200,200,200,6.731,232.408,2.246,213.692,406.507,645.922,6,5,19,1,1,,,[answer] | thought | ↵ | 符合 | C,[answer]thought↵符合C
20261005T070541Z,32,2026-10-05T07:33:00.485+00:00,2026-10-05T07:34:00.848+00:00,1791185580.485239,1791185640.848133,7aa6e3f0-5c41-4719-9ea6-43545dbf7c1d,2,release/light/S959317588-GM-A42-EAS-T00-S1-LH-C1-I0054-F00.png,light,single,512,512,365323,overall_binary,short,200,200,200,7.583,275.892,2.791,60078.742,60079.166,60362.893,1,1,32,0,1,,,[ERROR]↵語言模型通訊異常或回傳內容無法解析，請稍後再試！,[ERROR]↵語言模型通訊異常或回傳內容無法解析，請稍後再試！
20261005T070541Z,32,2026-10-05T07:34:00.354+00:00,2026-10-05T07:34:00.897+00:00,1791185640.354635,1791185640.897277,8e62103b-fbd9-4856-8d2d-ef6becd0195e,6,release/la_2/S482766020-GF-A40-EAS-T15-S1-LH-C1-I0060-F00.png,la_2,single,512,512,340053,overall_binary,short,200,200,200,11.982,205.716,1.735,186.662,324.759,542.641,6,5,19,1,1,,,[answer] | ↵ | thought | ↵ | 符合,[answer]↵thought↵符合
20261005T070541Z,32,2026-10-05T07:34:00.790+00:00,2026-10-05T07:34:01.328+00:00,1791185640.790185,1791185641.328237,0dbc6997-e3af-4c34-b1f0-1a71013c79b0,8,release/la_2/S426127418-GF-A48-EEA-T03-S1-LH-C1-I0043-F00.png,la_2,single,512,512,388135,overall_binary,short,200,200,200,8.028,241.085,5.838,196.766,288.519,538.052,5,4,12,1,1,,,[answer] | ↵ | 不 | 符合 | [END],[answer]↵不符合
20261005T070541Z,32,2026-10-05T07:33:01.081+00:00,2026-10-05T07:34:01.458+00:00,1791185581.081520,1791185641.458655,6de88802-872d-48e7-951e-fb8dd5b94b55,8,release/la_1/S120660598-GM-A33-EEA-T00-S1-LH-C1-I0034-F00.png,la_1,single,512,512,346197,overall_binary,short,200,200,200,11.156,278.047,4.055,60087.458,60087.703,60377.135,1,1,32,0,1,,,[ERROR]↵語言模型通訊異常或回傳內容無法解析，請稍後再試！,[ERROR]↵語言模型通訊異常或回傳內容無法解析，請稍後再試！
20261005T070541Z,32,2026-10-05T07:34:01.328+00:00,2026-10-05T07:34:01.820+00:00,1791185641.328466,1791185641.820422,0dbc6997-e3af-4c34-b1f0-1a71013c79b0,9,release/mkup/S926047332-GM-A22-EME-T14-S1-LH-C1-I0038-F00.png,mkup,single,512,512,321186,overall_binary,short,200,200,200,6.965,181.726,2.243,164.952,302.917,491.955,7,6,15,1,1,,,[answer] | ↵ | 請 | 提供 | 照片,[answer]↵請提供照片。
20261005T070541Z,32,2026-10-05T07:33:01.691+00:00,2026-10-05T07:34:02.151+00:00,1791185581.691186,1791185642.151428,89f905be-7402-44cf-aa77-5f44bc8f6246,4,release/expos/S700907495-GM-A91-EME-T01-S1-LH-C1-I0006-F00.png,expos,single,512,512,328532,overall_binary,short,200,200,200,35.509,294.565,7.135,60129.691,60129.909,60460.241,1,1,32,0,1,,,[ERROR]↵語言模型通訊異常或回傳內容無法解析，請稍後再試！,[ERROR]↵語言模型通訊異常或回傳內容無法解析，請稍後再試！
20261005T070541Z,32,2026-10-05T07:33:53.202+00:00,2026-10-05T07:34:02.329+00:00,1791185633.202764,1791185642.329000,846f56cb-86e0-4db3-805c-57f825b1d636,5,release_mixed/S113923411-GF-A35-EEA-T14-S1-LH-C1-I0048-F00.png,release_mixed,mixed,512,512,288064,overall_binary,short,200,200,200,10.32,182.354,2.479,228.425,8933.276,9126.236,359,352,526,1,1,,,[answer] | } | ↵ | 思考 | 過程,[answer]}↵思考過程：↵↵.␣␣**分析用戶請求**：用戶上傳了一張人像照片，要求判斷是否符合「證件照片規範」，且要求「只輸出『符合』或『不符合』，不要解釋」。↵.␣␣**分析圖片內容**：↵␣␣␣␣*␣␣␣**背景**：純白色，乾淨。↵␣␣␣␣*␣␣␣**構圖L圖**：正面正視，頭部居中。↵␣␣␣␣*␣␣␣**表情**：自然L表情自然，無大笑或誇張表情。↵␣␣␣␣*␣␣␣**光線**：光C光線均勻，無明顯陰影。↵␣␣␣␣*␣␣␣**服裝**：穿著S白色領口衣服（雖然有些國家要求與背景顏色區分，但一般白色背景配白色衣服在許多現代電子證件照中是被接受的，或L或可視為符合基本構圖）。↵␣␣␣␣*␣␣␣**面部**：清晰，無遮擋，眼睛S眼睛直視鏡頭。↵.␣␣**對比標準證件照規範**（通用H一般標準）：↵␣␣␣␣*␣␣␣正面、直視、背景單色、無L無陰影、面部清晰。↵␣␣␣␣*␣␣␣該照片滿足這些基本條件。↵.P.S.␣雖然有些嚴格規範要求衣服不能與背景L背景同色，L，但大多數通用標準（如護照、簽證）只要面部清晰且對S對比度足夠即可。↵.␣␣**結論**：符合。H。↵.␣␣**執行輸出
20261005T070541Z,32,2026-10-05T07:34:01.820+00:00,2026-10-05T07:34:02.395+00:00,1791185641.820573,1791185642.395988,0dbc6997-e3af-4c34-b1f0-1a71013c79b0,10,release/bkg/S37396139-GF-A51-EEA-T14-S1-LH-C1-I0048-F00.png,bkg,single,512,512,349445,overall_binary,short,200,200,200,5.96,207.47,1.835,199.516,361.768,575.414,7,6,20,1,1,,,[answer] | ↵ | thought | ↵ | 不,[answer]↵thought↵不符合
20261005T070541Z,32,2026-10-05T07:33:02.030+00:00,2026-10-05T07:34:02.439+00:00,1791185582.030829,1791185642.439144,cea8df54-8f7f-4cca-a825-191ea47fa2ba,4,release/mkup/S375545605-GM-A47-EEA-T00-S1-LH-C1-I0022-F00.png,mkup,single,512,512,354910,overall_binary,short,200,200,200,28.209,303.536,2.462,60072.61,60076.391,60408.314,1,1,32,0,1,,,[ERROR]↵語言模型通訊異常或回傳內容無法解析，請稍後再試！,[ERROR]↵語言模型通訊異常或回傳內容無法解析，請稍後再試！
20261005T070541Z,32,2026-10-05T07:34:02.439+00:00,2026-10-05T07:34:02.440+00:00,1791185642.439232,1791185642.440803,cea8df54-8f7f-4cca-a825-191ea47fa2ba,5,release/zoom/S388546914-GF-A50-EEA-T14-S1-LH-C1-I0025-F00.png,zoom,single,512,512,425044,overall_binary,short,0,,,1.492,,,,,1.571,0,0,0,0,0,conversation_http_error,HTTP 0: ,,
20261005T070541Z,32,2026-10-05T07:33:02.463+00:00,2026-10-05T07:34:02.761+00:00,1791185582.463853,1791185642.761359,7ea6ad2b-9835-4cea-ab42-19c97c797d1f,7,release/zoom/S347571913-GM-A24-EEA-T13-S1-LH-C1-I0054-F00.png,zoom,single,512,512,435542,overall_binary,short,200,200,200,5.866,208.579,1.764,60082.688,60082.883,60297.505,1,1,32,0,1,,,[ERROR]↵語言模型通訊異常或回傳內容無法解析，請稍後再試！,[ERROR]↵語言模型通訊異常或回傳內容無法解析，請稍後再試！
20261005T070541Z,32,2026-10-05T07:34:02.761+00:00,2026-10-05T07:34:02.762+00:00,1791185642.761458,1791185642.762326,7ea6ad2b-9835-4cea-ab42-19c97c797d1f,8,release_mixed/S0000-GF-A65-EEA-T02-S1-LH-C1-I0000-F00.png,release_mixed,mixed,512,512,371699,overall_binary,short,0,,,0.792,,,,,0.868,0,0,0,0,0,conversation_http_error,HTTP 0: ,,
20261005T070541Z,32,2026-10-05T07:33:02.611+00:00,2026-10-05T07:34:02.957+00:00,1791185582.611285,1791185642.957134,7b998f75-4d33-46a0-b921-89c34970377d,3,release/mkup/S220036139-GF-A33-EME-T14-S1-LH-C1-I0048-F00.png,mkup,single,512,512,383346,overall_binary,short,200,200,200,6.341,271.07,1.743,60068.005,60068.283,60345.849,1,1,32,0,1,,,[ERROR]↵語言模型通訊異常或回傳內容無法解析，請稍後再試！,[ERROR]↵語言模型通訊異常或回傳內容無法解析，請稍後再試！
20261005T070541Z,32,2026-10-05T07:34:02.957+00:00,2026-10-05T07:34:02.957+00:00,1791185642.957219,1791185642.957937,7b998f75-4d33-46a0-b921-89c34970377d,4,release/tq/S0000-GN-A65-EAS-T01-S1-LH-C1-I0001-F00.png,tq,single,512,512,387067,overall_binary,short,0,,,0.651,,,,,0.718,0,0,0,0,0,conversation_http_error,HTTP 0: ,,
20261005T070541Z,32,2026-10-05T07:34:02.329+00:00,2026-10-05T07:34:02.970+00:00,1791185642.329114,1791185642.970595,846f56cb-86e0-4db3-805c-57f825b1d636,6,release/poster/S895967637-GM-A28-EEA-T01-S1-LH-C1-I0005-F00.png,poster,single,512,512,113606,overall_binary,short,200,200,200,6.166,205.64,1.842,195.987,429.507,641.48,6,5,14,1,1,,,[answer] | 不 | 符合 | H | 符合,[answer]不符合H符合
20261005T070541Z,32,2026-10-05T07:34:02.396+00:00,2026-10-05T07:34:03.012+00:00,1791185642.396079,1791185643.012636,0dbc6997-e3af-4c34-b1f0-1a71013c79b0,11,release/ceg/S44577521-GM-A92-EME-T14-S1-LH-C1-I0041-F00.png,ceg,single,512,512,335171,overall_binary,short,200,200,200,9.657,263.792,2.678,245.529,342.914,616.556,5,4,12,1,1,,,[answer] | ↵ | 不 | 符合 | [END],[answer]↵不符合
20261005T070541Z,32,2026-10-05T07:33:03.252+00:00,2026-10-05T07:34:03.523+00:00,1791185583.252422,1791185643.523345,c7681faa-6f7b-4649-8a3d-b7470370b1b3,3,release/sm/S931374402-GM-A20-EAF-T14-S1-LH-C1-I0003-F00.png,sm,single,512,512,316317,overall_binary,short,200,200,200,7.181,203.206,2.025,60060.0,60060.328,60270.923,1,1,32,0,1,,,[ERROR]↵語言模型通訊異常或回傳內容無法解析，請稍後再試！,[ERROR]↵語言模型通訊異常或回傳內容無法解析，請稍後再試！
20261005T070541Z,32,2026-10-05T07:34:02.970+00:00,2026-10-05T07:34:03.750+00:00,1791185642.970684,1791185643.750416,846f56cb-86e0-4db3-805c-57f825b1d636,7,release/light/S74441691-GF-A84-EIA-T13-S1-LH-C1-I0061-F00.png,light,single,512,512,377986,overall_binary,short,200,200,200,25.018,322.127,3.455,301.437,432.388,779.731,7,6,14,1,1,,,[answer] | } | S | ↵ | 不,[answer]}S↵不符合
20261005T070541Z,32,2026-10-05T07:34:02.958+00:00,2026-10-05T07:34:03.797+00:00,1791185642.958009,1791185643.797443,7b998f75-4d33-46a0-b921-89c34970377d,5,release/mkup/S838732855-GF-A26-EEA-T03-S1-LH-C1-I0010-F00.png,mkup,single,512,512,357130,overall_binary,short,200,200,200,11.462,350.401,5.626,312.673,477.415,839.434,7,6,20,1,1,,,[answer] | ↵ | thought | ↵ | 不,[answer]↵thought↵不符合
20261005T070541Z,32,2026-10-05T07:33:03.730+00:00,2026-10-05T07:34:04.031+00:00,1791185583.730398,1791185644.031312,cd31d597-0002-4b96-91a5-d71d5a5b4c25,6,release/la_1/S334613033-GM-A58-EAF-T14-S1-LH-C1-I0047-F00.png,la_1,single,512,512,432857,overall_binary,short,200,200,200,15.98,214.159,3.265,60070.285,60070.516,60300.914,1,1,32,0,1,,,[ERROR]↵語言模型通訊異常或回傳內容無法解析，請稍後再試！,[ERROR]↵語言模型通訊異常或回傳內容無法解析，請稍後再試！
20261005T070541Z,32,2026-10-05T07:34:04.031+00:00,2026-10-05T07:34:04.032+00:00,1791185644.031453,1791185644.032257,cd31d597-0002-4b96-91a5-d71d5a5b4c25,7,release/sm/S32440074-GF-A23-EIA-T15-S1-LH-C1-I0012-F00.png,sm,single,512,512,332441,overall_binary,short,0,,,0.7,,,,,0.803,0,0,0,0,0,conversation_http_error,HTTP 0: ,,
20261005T070541Z,32,2026-10-05T07:34:03.750+00:00,2026-10-05T07:34:04.303+00:00,1791185643.750584,1791185644.303647,846f56cb-86e0-4db3-805c-57f825b1d636,8,release/mkup/S780045574-GF-A98-EAF-T14-S1-LH-C1-I0030-F00.png,mkup,single,512,512,302630,overall_binary,short,200,200,200,10.224,215.196,2.282,237.509,327.398,553.063,5,4,12,1,1,,,[answer] | ↵ | 不 | 符合 | [END],[answer]↵不符合
20261005T070541Z,32,2026-10-05T07:33:04.035+00:00,2026-10-05T07:34:04.413+00:00,1791185584.035201,1791185644.413607,de308bb5-cf25-4d26-908a-0ae7a73cf703,4,release/zoom/S710623010-GF-A75-EME-T01-S1-LH-C1-I0051-F00.png,zoom,single,512,512,376505,overall_binary,short,200,200,200,11.356,287.94,2.784,60078.685,60078.844,60378.405,1,1,32,0,1,,,[ERROR]↵語言模型通訊異常或回傳內容無法解析，請稍後再試！,[ERROR]↵語言模型通訊異常或回傳內容無法解析，請稍後再試！
20261005T070541Z,32,2026-10-05T07:34:04.032+00:00,2026-10-05T07:34:04.601+00:00,1791185644.032332,1791185644.601564,cd31d597-0002-4b96-91a5-d71d5a5b4c25,8,release/expos/S95924864-GM-A18-EEA-T14-S1-LH-C1-I0017-F00.png,expos,single,512,512,328809,overall_binary,short,200,200,200,11.559,212.579,2.429,185.001,344.883,569.232,7,6,20,1,1,,,[answer] | ↵ | thought | ↵ | 不,[answer]↵thought↵不符合
20261005T070541Z,32,2026-10-05T07:33:04.710+00:00,2026-10-05T07:34:04.957+00:00,1791185584.710326,1791185644.957161,8eaf83be-308c-4956-99c9-efad6a7a170b,4,release/la_1/S741955884-GF-A71-EEA-T14-S1-LH-C1-I0057-F00.png,la_1,single,512,512,369194,overall_binary,short,200,200,200,7.262,166.581,3.458,60072.421,60072.742,60246.835,1,1,32,0,1,,,[ERROR]↵語言模型通訊異常或回傳內容無法解析，請稍後再試！,[ERROR]↵語言模型通訊異常或回傳內容無法解析，請稍後再試！
20261005T070541Z,32,2026-10-05T07:34:04.413+00:00,2026-10-05T07:34:05.036+00:00,1791185644.413872,1791185645.036005,de308bb5-cf25-4d26-908a-0ae7a73cf703,5,release/pixel/S895967637-GM-A28-EEA-T01-S1-LH-C1-I0005-F00.png,pixel,single,512,512,271715,overall_binary,short,200,200,200,14.831,165.585,2.727,143.895,441.326,622.132,15,14,26,1,1,,,[answer] | ↵ | 請 | 提供 | 照片,[answer]↵請提供照片。您尚未上傳或提供圖片。
20261005T070541Z,32,2026-10-05T07:33:05.161+00:00,2026-10-05T07:34:05.436+00:00,1791185585.161132,1791185645.436890,7cc77c9b-625c-4fba-9b2a-0d2add3c334c,3,release/la_2/S825431925-GF-A77-EAF-T00-S1-LH-C1-I0000-F00.png,la_2,single,512,512,284288,overall_binary,short,200,200,200,8.412,203.029,2.873,60063.658,60064.011,60275.758,1,1,32,0,1,,,[ERROR]↵語言模型通訊異常或回傳內容無法解析，請稍後再試！,[ERROR]↵語言模型通訊異常或回傳內容無法解析，請稍後再試！
20261005T070541Z,32,2026-10-05T07:34:04.957+00:00,2026-10-05T07:34:05.489+00:00,1791185644.957356,1791185645.489785,8eaf83be-308c-4956-99c9-efad6a7a170b,5,release_mixed/S164577361-GF-A44-EEA-T01-S1-LH-C1-I0030-F00.png,release_mixed,mixed,512,512,396520,overall_binary,short,200,200,200,7.355,222.598,2.324,211.88,302.173,532.428,5,4,12,1,1,,,[answer] | ↵ | 不 | 符合 | [END],[answer]↵不符合
20261005T070541Z,32,2026-10-05T07:33:05.470+00:00,2026-10-05T07:34:05.773+00:00,1791185585.470658,1791185645.773522,5e5b0851-d57f-464b-9777-fbf45db60873,3,release/la_1/S370286626-GF-A59-EEA-T00-S1-LH-C1-I0061-F00.png,la_1,single,512,512,391544,overall_binary,short,200,200,200,6.06,201.813,2.463,60094.465,60094.749,60302.864,1,1,32,0,1,,,[ERROR]↵語言模型通訊異常或回傳內容無法解析，請稍後再試！,[ERROR]↵語言模型通訊異常或回傳內容無法解析，請稍後再試！
20261005T070541Z,32,2026-10-05T07:34:05.773+00:00,2026-10-05T07:34:05.774+00:00,1791185645.773698,1791185645.774740,5e5b0851-d57f-464b-9777-fbf45db60873,4,release/zoom/S653507002-GM-A51-EME-T03-S1-LH-C1-I0063-F00.png,zoom,single,512,512,440510,overall_binary,short,0,,,0.922,,,,,1.042,0,0,0,0,0,conversation_http_error,HTTP 0: ,,
20261005T070541Z,32,2026-10-05T07:34:05.489+00:00,2026-10-05T07:34:06.043+00:00,1791185645.489955,1791185646.043993,8eaf83be-308c-4956-99c9-efad6a7a170b,6,release/mkup/S394313530-GF-A45-EEA-T03-S1-LH-C1-I0050-F00.png,mkup,single,512,512,380869,overall_binary,short,200,200,200,6.87,206.691,4.397,208.11,340.19,554.038,8,7,17,1,1,,,[answer] | } | ↵ | ** | 不,[answer]}↵**不符合**
20261005T070541Z,32,2026-10-05T07:33:05.972+00:00,2026-10-05T07:34:06.273+00:00,1791185585.972900,1791185646.273763,ec8a8321-465f-4477-b993-e6d8365400f4,10,release/tq/S261182015-GM-A24-EEA-T01-S1-LH-C1-I0050-F00.png,tq,single,512,512,316752,overall_binary,short,200,200,200,8.768,224.896,3.49,60066.581,60066.767,60300.863,1,1,32,0,1,,,[ERROR]↵語言模型通訊異常或回傳內容無法解析，請稍後再試！,[ERROR]↵語言模型通訊異常或回傳內容無法解析，請稍後再試！
20261005T070541Z,32,2026-10-05T07:34:06.273+00:00,2026-10-05T07:34:06.274+00:00,1791185646.273911,1791185646.274824,ec8a8321-465f-4477-b993-e6d8365400f4,11,release/expos/S375545605-GM-A47-EEA-T00-S1-LH-C1-I0022-F00.png,expos,single,512,512,364062,overall_binary,short,0,,,0.811,,,,,0.913,0,0,0,0,0,conversation_http_error,HTTP 0: ,,
20261005T070541Z,32,2026-10-05T07:34:05.774+00:00,2026-10-05T07:34:06.354+00:00,1791185645.774841,1791185646.354143,5e5b0851-d57f-464b-9777-fbf45db60873,5,release/ce/S375545605-GM-A47-EEA-T00-S1-LH-C1-I0049-F00.png,ce,single,512,512,373886,overall_binary,short,200,200,200,7.48,215.653,2.09,202.64,355.942,579.301,7,6,20,1,1,,,[answer] | ↵ | thought | ↵ | 不,[answer]↵thought↵不符合
20261005T070541Z,32,2026-10-05T07:34:06.274+00:00,2026-10-05T07:34:06.880+00:00,1791185646.274915,1791185646.880942,ec8a8321-465f-4477-b993-e6d8365400f4,12,release/ce/S303695349-GM-A23-EEA-T03-S1-LH-C1-I0041-F00.png,ce,single,512,512,297512,overall_binary,short,200,200,200,7.238,223.81,2.349,221.739,374.72,606.027,8,7,21,1,1,,,[answer] | ↵ | < | thought | ↵,[answer]↵<thought↵不符合
20261005T070541Z,32,2026-10-05T07:33:06.591+00:00,2026-10-05T07:34:06.947+00:00,1791185586.591317,1791185646.947367,e4f801e5-4bd7-442e-80cb-c2ee6c1e870d,4,release/poster/S932980426-GM-A79-EME-T14-S1-LH-C1-I0054-F00.png,poster,single,512,512,111186,overall_binary,short,200,200,200,11.432,273.062,5.764,60070.999,60071.215,60356.05,1,1,32,0,1,,,[ERROR]↵語言模型通訊異常或回傳內容無法解析，請稍後再試！,[ERROR]↵語言模型通訊異常或回傳內容無法解析，請稍後再試！
20261005T070541Z,32,2026-10-05T07:34:06.947+00:00,2026-10-05T07:34:06.948+00:00,1791185646.947490,1791185646.948383,e4f801e5-4bd7-442e-80cb-c2ee6c1e870d,5,release/cap/S150094415-GF-A53-EME-T10-S1-LH-C1-I0055-F00.png,cap,single,512,512,366265,overall_binary,short,0,,,0.8,,,,,0.893,0,0,0,0,0,conversation_http_error,HTTP 0: ,,
20261005T070541Z,32,2026-10-05T07:33:07.187+00:00,2026-10-05T07:34:07.491+00:00,1791185587.187614,1791185647.491071,6e8b286e-edbc-426d-a01e-ab4c97e18c35,8,release/bkg/S669973447-GM-A20-EEA-T00-S1-LH-C1-I0000-F00.png,bkg,single,512,512,505183,overall_binary,short,200,200,200,8.29,228.084,2.843,60066.427,60066.737,60303.456,1,1,32,0,1,,,[ERROR]↵語言模型通訊異常或回傳內容無法解析，請稍後再試！,[ERROR]↵語言模型通訊異常或回傳內容無法解析，請稍後再試！
20261005T070541Z,32,2026-10-05T07:34:06.948+00:00,2026-10-05T07:34:07.555+00:00,1791185646.948465,1791185647.555579,e4f801e5-4bd7-442e-80cb-c2ee6c1e870d,6,release/expos/S788462400-GM-A77-EEA-T14-S1-LH-C1-I0022-F00.png,expos,single,512,512,334398,overall_binary,short,200,200,200,6.123,241.818,4.306,223.808,358.98,607.114,6,5,19,1,1,,,[answer] | ↵ | thought | ↵ | 符合,[answer]↵thought↵符合
20261005T070541Z,32,2026-10-05T07:34:07.555+00:00,2026-10-05T07:34:08.059+00:00,1791185647.555704,1791185648.059511,e4f801e5-4bd7-442e-80cb-c2ee6c1e870d,7,release/light/S412637027-GM-A93-EME-T01-S1-LH-C1-I0045-F00.png,light,single,512,512,429670,overall_binary,short,200,200,200,6.343,190.591,5.195,222.234,306.604,503.807,4,3,11,1,1,,,[answer] | ↵ | 符合 | [END],[answer]↵符合
20261005T070541Z,32,2026-10-05T07:34:08.059+00:00,2026-10-05T07:34:08.584+00:00,1791185648.059707,1791185648.584622,e4f801e5-4bd7-442e-80cb-c2ee6c1e870d,8,release/sm/S536119263-GM-A46-EEA-T11-S1-LH-C1-I0063-F00.png,sm,single,512,512,299020,overall_binary,short,200,200,200,7.641,226.817,2.491,196.268,290.113,524.914,4,3,11,1,1,,,[answer] | ↵ | 符合 | [END],[answer]↵符合
20261005T070541Z,32,2026-10-05T07:33:51.990+00:00,2026-10-05T07:34:52.311+00:00,1791185631.990383,1791185692.311057,c6b8af4d-c2ed-4c0c-bfe8-cede0e3c0db2,5,release/sm/S316988909-GF-A99-EIA-T10-S1-LH-C1-I0040-F00.png,sm,single,512,512,368527,overall_binary,short,200,200,200,6.532,230.496,13.563,60083.029,60083.37,60320.673,1,1,32,0,1,,,[ERROR]↵語言模型通訊異常或回傳內容無法解析，請稍後再試！,[ERROR]↵語言模型通訊異常或回傳內容無法解析，請稍後再試！
20261005T070541Z,32,2026-10-05T07:34:52.311+00:00,2026-10-05T07:34:52.939+00:00,1791185692.311244,1791185692.939874,c6b8af4d-c2ed-4c0c-bfe8-cede0e3c0db2,6,release/light/S124298498-GM-A91-EEA-T14-S1-LH-C1-I0034-F00.png,light,single,512,512,321240,overall_binary,short,200,200,200,10.624,262.125,2.492,200.144,355.53,628.629,7,6,20,1,1,,,[answer] | ↵ | thought | ↵ | 不,[answer]↵thought↵不符合
20261005T070541Z,32,2026-10-05T07:33:52.781+00:00,2026-10-05T07:34:53.040+00:00,1791185632.781408,1791185693.040643,589bd6c6-a506-4777-9065-4b58006bef08,5,release_mixed/S590103000-GF-A47-EEA-T01-S1-LH-C1-I0047-F00.png,release_mixed,mixed,512,512,353822,overall_binary,short,200,200,200,7.06,186.124,1.907,60065.519,60065.778,60259.235,1,1,32,0,1,,,[ERROR]↵語言模型通訊異常或回傳內容無法解析，請稍後再試！,[ERROR]↵語言模型通訊異常或回傳內容無法解析，請稍後再試！
20261005T070541Z,32,2026-10-05T07:34:53.040+00:00,2026-10-05T07:34:53.562+00:00,1791185693.040832,1791185693.562973,589bd6c6-a506-4777-9065-4b58006bef08,6,release/sm/S577181289-GF-A97-EME-T00-S1-LH-C1-I0056-F00.png,sm,single,512,512,358291,overall_binary,short,200,200,200,8.477,222.467,2.867,211.901,290.899,522.14,4,3,11,1,1,,,[answer] | ↵ | 符合 | [END],[answer]↵符合
20261005T070541Z,32,2026-10-05T07:33:53.998+00:00,2026-10-05T07:34:54.275+00:00,1791185633.998217,1791185694.275540,e7c54116-6bd7-45ad-b7b3-90ab063c908d,5,release/poster/S921833550-GM-A28-EEA-T14-S1-LH-C1-I0000-F00.png,poster,single,512,512,91002,overall_binary,short,200,200,200,9.849,211.019,2.392,60055.836,60056.116,60277.322,1,1,32,0,1,,,[ERROR]↵語言模型通訊異常或回傳內容無法解析，請稍後再試！,[ERROR]↵語言模型通訊異常或回傳內容無法解析，請稍後再試！
20261005T070541Z,32,2026-10-05T07:34:54.275+00:00,2026-10-05T07:34:54.842+00:00,1791185694.275726,1791185694.842441,e7c54116-6bd7-45ad-b7b3-90ab063c908d,6,release_mixed/S0000-GF-A48-EEA-T00-S1-LH-C1-I0003-F00.png,release_mixed,mixed,512,512,378793,overall_binary,short,200,200,200,11.739,258.726,2.29,202.291,295.942,566.714,5,4,12,1,1,,,[answer] | ↵ | 不 | 符合 | [END],[answer]↵不符合
20261005T070541Z,32,2026-10-05T07:33:55.518+00:00,2026-10-05T07:34:55.802+00:00,1791185635.518588,1791185695.802845,6deb4e71-24cf-4528-a9dc-4d2da1fe19f0,9,release/expos/S567149942-GF-A85-EEA-T00-S1-LH-C1-I0061-F00.png,expos,single,512,512,250973,overall_binary,short,200,200,200,6.225,194.548,1.882,60082.864,60083.207,60284.257,1,1,32,0,1,,,[ERROR]↵語言模型通訊異常或回傳內容無法解析，請稍後再試！,[ERROR]↵語言模型通訊異常或回傳內容無法解析，請稍後再試！
20261005T070541Z,32,2026-10-05T07:33:55.777+00:00,2026-10-05T07:34:56.060+00:00,1791185635.777183,1791185696.060024,fe5d8693-5cf2-46f4-8e32-7dddde6f2d71,4,release/ceg/S883374229-GF-A54-EEA-T14-S1-LH-C1-I0059-F00.png,ceg,single,512,512,320210,overall_binary,short,200,200,200,9.31,207.992,1.843,60065.021,60065.311,60282.841,1,1,32,0,1,,,[ERROR]↵語言模型通訊異常或回傳內容無法解析，請稍後再試！,[ERROR]↵語言模型通訊異常或回傳內容無法解析，請稍後再試！
20261005T070541Z,32,2026-10-05T07:34:55.803+00:00,2026-10-05T07:34:56.406+00:00,1791185695.803062,1791185696.406503,6deb4e71-24cf-4528-a9dc-4d2da1fe19f0,10,release/sun/S895967637-GM-A28-EEA-T01-S1-LH-C1-I0005-F00.png,sun,single,512,512,353871,overall_binary,short,200,200,200,10.618,259.66,11.561,204.589,332.87,603.44,5,4,12,1,1,,,[answer] | ↵ | 不 | 符合 | [END],[answer]↵不符合
20261005T070541Z,32,2026-10-05T07:33:56.668+00:00,2026-10-05T07:34:56.928+00:00,1791185636.668076,1791185696.928028,8755f025-2b15-4cbe-b371-287824538b1b,7,release/zoom/S354713116-GF-A60-EAF-T14-S1-LH-C1-I0011-F00.png,zoom,single,512,512,486269,overall_binary,short,200,200,200,5.778,181.271,2.252,60072.351,60072.72,60259.952,1,1,32,0,1,,,[ERROR]↵語言模型通訊異常或回傳內容無法解析，請稍後再試！,[ERROR]↵語言模型通訊異常或回傳內容無法解析，請稍後再試！
20261005T070541Z,32,2026-10-05T07:34:56.406+00:00,2026-10-05T07:34:57.015+00:00,1791185696.406665,1791185697.015348,6deb4e71-24cf-4528-a9dc-4d2da1fe19f0,11,release/pixel/S653507002-GM-A51-EME-T03-S1-LH-C1-I0023-F00.png,pixel,single,512,512,320139,overall_binary,short,200,200,200,7.235,239.402,2.435,207.818,361.734,608.683,7,6,20,1,1,,,[answer] | ↵ | thought | ↵ | 不,[answer]↵thought↵不符合
20261005T070541Z,32,2026-10-05T07:33:57.267+00:00,2026-10-05T07:34:57.559+00:00,1791185637.267137,1791185697.559287,49c2862d-9672-4e93-bcc0-92a1c47f4c39,11,release/zoom/S325074401-GF-A50-EAS-T03-S1-LH-C1-I0044-F00.png,zoom,single,512,512,352450,overall_binary,short,200,200,200,6.008,223.756,1.802,60061.836,60062.176,60292.149,1,1,32,0,1,,,[ERROR]↵語言模型通訊異常或回傳內容無法解析，請稍後再試！,[ERROR]↵語言模型通訊異常或回傳內容無法解析，請稍後再試！
20261005T070541Z,32,2026-10-05T07:34:57.015+00:00,2026-10-05T07:34:57.585+00:00,1791185697.015510,1791185697.585345,6deb4e71-24cf-4528-a9dc-4d2da1fe19f0,12,release/la_2/S744766748-GM-A69-EEA-T01-S1-LH-C1-I0008-F00.png,la_2,single,512,512,364213,overall_binary,short,200,200,200,6.745,223.541,2.072,225.905,339.271,569.834,4,3,11,1,1,,,[answer] | ↵ | 符合 | [END],[answer]↵符合
20261005T070541Z,32,2026-10-05T07:33:57.704+00:00,2026-10-05T07:34:58.015+00:00,1791185637.704875,1791185698.015338,2be15f5a-0bb9-42d6-9b80-fbfe26025b16,5,release/tq/S0000-GF-A55-EAS-T11-S1-LH-C1-I0000-F00.png,tq,single,512,512,340034,overall_binary,short,200,200,200,29.808,221.167,1.761,60058.939,60059.262,60310.463,1,1,32,0,1,,,[ERROR]↵語言模型通訊異常或回傳內容無法解析，請稍後再試！,[ERROR]↵語言模型通訊異常或回傳內容無法解析，請稍後再試！
20261005T070541Z,32,2026-10-05T07:34:57.585+00:00,2026-10-05T07:34:58.184+00:00,1791185697.585465,1791185698.184021,6deb4e71-24cf-4528-a9dc-4d2da1fe19f0,13,release/la_2/S606909976-GF-A59-EEA-T01-S1-LH-C1-I0035-F00.png,la_2,single,512,512,376488,overall_binary,short,200,200,200,8.098,265.07,2.599,251.447,325.147,598.556,5,4,12,1,1,,,[answer] | ↵ | 不 | 符合 | [END],[answer]↵不符合
20261005T070541Z,32,2026-10-05T07:33:58.101+00:00,2026-10-05T07:34:58.458+00:00,1791185638.101270,1791185698.458065,94f06e82-f24c-4a6e-9d7b-fd09220ebf9d,10,release/ce/S598532466-GM-A87-EME-T14-S1-LH-C1-I0025-F00.png,ce,single,512,512,332490,overall_binary,short,200,200,200,6.217,291.979,1.797,60058.149,60058.426,60356.794,1,1,32,0,1,,,[ERROR]↵語言模型通訊異常或回傳內容無法解析，請稍後再試！,[ERROR]↵語言模型通訊異常或回傳內容無法解析，請稍後再試！
20261005T070541Z,32,2026-10-05T07:34:58.458+00:00,2026-10-05T07:34:58.459+00:00,1791185698.458209,1791185698.459143,94f06e82-f24c-4a6e-9d7b-fd09220ebf9d,11,release/sm/S618974755-GM-A24-EEA-T00-S1-LH-C1-I0045-F00.png,sm,single,512,512,331225,overall_binary,short,0,,,0.837,,,,,0.933,0,0,0,0,0,conversation_http_error,HTTP 0: ,,
20261005T070541Z,32,2026-10-05T07:34:58.184+00:00,2026-10-05T07:34:58.801+00:00,1791185698.184190,1791185698.801543,6deb4e71-24cf-4528-a9dc-4d2da1fe19f0,14,release/ce/S319441451-GF-A19-EAS-T01-S1-LH-C1-I0006-F00.png,ce,single,512,512,344961,overall_binary,short,200,200,200,6.531,246.299,2.609,209.58,364.246,617.352,7,6,20,1,1,,,[answer] | ↵ | thought | ↵ | 不,[answer]↵thought↵不符合
20261005T070541Z,32,2026-10-05T07:33:58.801+00:00,2026-10-05T07:34:59.149+00:00,1791185638.801775,1791185699.149343,b6a47081-3757-4c41-b0c7-40049b8f3218,4,release/sm/S32440074-GF-A23-EIA-T15-S1-LH-C1-I0012-F00.png,sm,single,512,512,332441,overall_binary,short,200,200,200,6.914,215.801,2.974,60124.365,60124.6,60347.568,1,1,32,0,1,,,[ERROR]↵語言模型通訊異常或回傳內容無法解析，請稍後再試！,[ERROR]↵語言模型通訊異常或回傳內容無法解析，請稍後再試！
20261005T070541Z,32,2026-10-05T07:34:58.801+00:00,2026-10-05T07:34:59.345+00:00,1791185698.801724,1791185699.345046,6deb4e71-24cf-4528-a9dc-4d2da1fe19f0,15,release/la_1/S752785476-GF-A66-EEA-T00-S1-LH-C1-I0010-F00.png,la_1,single,512,512,374586,overall_binary,short,200,200,200,6.899,187.688,3.774,212.125,348.446,543.322,6,5,19,1,1,,,[answer] | ↵ | thought | ↵ | 符合,[answer]↵thought↵符合
20261005T070541Z,32,2026-10-05T07:33:59.257+00:00,2026-10-05T07:34:59.531+00:00,1791185639.257494,1791185699.531497,dbc4b73a-ad79-4bb6-ba7c-cef80dd842b0,8,release/sat/S179125778-GM-A37-EME-T01-S1-LH-C1-I0055-F00.png,sat,single,512,512,302290,overall_binary,short,200,200,200,6.331,201.442,2.057,60065.84,60066.017,60274.003,1,1,32,0,1,,,[ERROR]↵語言模型通訊異常或回傳內容無法解析，請稍後再試！,[ERROR]↵語言模型通訊異常或回傳內容無法解析，請稍後再試！
20261005T070541Z,32,2026-10-05T07:34:59.345+00:00,2026-10-05T07:35:00.008+00:00,1791185699.345224,1791185700.008869,6deb4e71-24cf-4528-a9dc-4d2da1fe19f0,16,release/ce/S808755818-GM-A40-EEA-T00-S1-LH-C1-I0059-F00.png,ce,single,512,512,271743,overall_binary,short,200,200,200,7.165,236.302,1.899,264.788,419.847,663.644,7,6,20,1,1,,,[answer] | ↵ | thought | ↵ | 不,[answer]↵thought↵不符合
20261005T070541Z,32,2026-10-05T07:33:59.692+00:00,2026-10-05T07:35:00.010+00:00,1791185639.692358,1791185700.010229,76baac10-d0b8-4fe8-a85b-71b7ab21c25b,9,release/cap/S334697091-GM-A32-EAS-T14-S1-LH-C1-I0031-F00.png,cap,single,512,512,279908,overall_binary,short,200,200,200,5.875,239.099,4.512,60072.691,60072.744,60317.87,1,1,32,0,1,,,[ERROR]↵語言模型通訊異常或回傳內容無法解析，請稍後再試！,[ERROR]↵語言模型通訊異常或回傳內容無法解析，請稍後再試！
20261005T070541Z,32,2026-10-05T07:34:00.268+00:00,2026-10-05T07:35:00.549+00:00,1791185640.268205,1791185700.549105,498413de-b50a-48a4-a460-e97bcc44adde,10,release/zoom/S187000211-GF-A54-EEA-T03-S1-LH-C1-I0063-F00.png,zoom,single,512,512,425390,overall_binary,short,200,200,200,5.948,215.52,1.78,60059.06,60059.251,60280.899,1,1,32,0,1,,,[ERROR]↵語言模型通訊異常或回傳內容無法解析，請稍後再試！,[ERROR]↵語言模型通訊異常或回傳內容無法解析，請稍後再試！
20261005T070541Z,32,2026-10-05T07:35:00.009+00:00,2026-10-05T07:35:00.827+00:00,1791185700.009067,1791185700.827403,6deb4e71-24cf-4528-a9dc-4d2da1fe19f0,17,release/la_1/S482766020-GF-A40-EAS-T15-S1-LH-C1-I0060-F00.png,la_1,single,512,512,339844,overall_binary,short,200,200,200,9.745,414.265,5.265,260.709,394.077,818.335,6,5,19,1,1,,,[answer] | ↵ | thought | ↵ | 符合,[answer]↵thought↵符合
20261005T070541Z,32,2026-10-05T07:34:00.848+00:00,2026-10-05T07:35:01.073+00:00,1791185640.848351,1791185701.073773,7aa6e3f0-5c41-4719-9ea6-43545dbf7c1d,3,release/la_1/S735235858-GF-A76-EEA-T03-S1-LH-C1-I0045-F00.png,la_1,single,512,512,314361,overall_binary,short,200,200,200,7.767,137.571,2.587,60079.515,60079.708,60225.421,1,1,32,0,1,,,[ERROR]↵語言模型通訊異常或回傳內容無法解析，請稍後再試！,[ERROR]↵語言模型通訊異常或回傳內容無法解析，請稍後再試！
20261005T070541Z,32,2026-10-05T07:35:00.549+00:00,2026-10-05T07:35:01.097+00:00,1791185700.549298,1791185701.097786,498413de-b50a-48a4-a460-e97bcc44adde,11,release_mixed/S0000-GF-A99-EME-T11-S1-LH-C1-I0000-F00.png,release_mixed,mixed,512,512,350913,overall_binary,short,200,200,200,7.85,197.638,2.77,215.684,342.731,548.488,5,4,12,1,1,,,[answer] | ↵ | 不 | 符合 | [END],[answer]↵不符合
20261005T070541Z,32,2026-10-05T07:34:00.897+00:00,2026-10-05T07:35:01.155+00:00,1791185640.897501,1791185701.155877,8e62103b-fbd9-4856-8d2d-ef6becd0195e,7,release/mkup/S554872844-GF-A81-EIA-T00-S1-LH-C1-I0062-F00.png,mkup,single,512,512,244673,overall_binary,short,200,200,200,7.171,196.718,2.26,60053.963,60054.176,60258.376,1,1,32,0,1,,,[ERROR]↵語言模型通訊異常或回傳內容無法解析，請稍後再試！,[ERROR]↵語言模型通訊異常或回傳內容無法解析，請稍後再試！
20261005T070541Z,32,2026-10-05T07:35:01.155+00:00,2026-10-05T07:35:01.156+00:00,1791185701.155982,1791185701.156844,8e62103b-fbd9-4856-8d2d-ef6becd0195e,8,release/oof/S520464077-GF-A50-EEA-T00-S1-LH-C1-I0049-F00.png,oof,single,512,512,343068,overall_binary,short,0,,,0.766,,,,,0.861,0,0,0,0,0,conversation_http_error,HTTP 0: ,,
20261005T070541Z,32,2026-10-05T07:34:01.458+00:00,2026-10-05T07:35:01.750+00:00,1791185641.458887,1791185701.750943,6de88802-872d-48e7-951e-fb8dd5b94b55,9,release/ceg/S564127454-GF-A22-EAS-T03-S1-LH-C1-I0009-F00.png,ceg,single,512,512,381514,overall_binary,short,200,200,200,7.238,224.352,1.864,60059.838,60060.178,60292.055,1,1,32,0,1,,,[ERROR]↵語言模型通訊異常或回傳內容無法解析，請稍後再試！,[ERROR]↵語言模型通訊異常或回傳內容無法解析，請稍後再試！
20261005T070541Z,32,2026-10-05T07:35:01.073+00:00,2026-10-05T07:35:01.904+00:00,1791185701.073956,1791185701.904747,7aa6e3f0-5c41-4719-9ea6-43545dbf7c1d,4,release/la_2/S268183923-GN-A24-EAF-T14-S1-LH-C1-I0053-F00.png,la_2,single,512,512,314481,overall_binary,short,200,200,200,22.403,442.033,4.599,294.457,366.071,830.79,5,4,12,1,1,,,[answer] | } | 不 | 符合 | [END],[answer]}不符合
20261005T070541Z,32,2026-10-05T07:35:01.097+00:00,2026-10-05T07:35:01.936+00:00,1791185701.097913,1791185701.936558,498413de-b50a-48a4-a460-e97bcc44adde,12,release/bkg/S472012617-GM-A63-EEA-T01-S1-LH-C1-I0014-F00.png,bkg,single,512,512,377018,overall_binary,short,200,200,200,23.841,417.961,5.712,205.721,396.659,838.645,5,4,12,1,1,,,[answer] | ↵ | 不 | 符合 | [END],[answer]↵不符合
20261005T070541Z,32,2026-10-05T07:34:02.151+00:00,2026-10-05T07:35:02.466+00:00,1791185642.151570,1791185702.466825,89f905be-7402-44cf-aa77-5f44bc8f6246,5,release/expos/S343899513-GM-A51-EME-T01-S1-LH-C1-I0048-F00.png,expos,single,512,512,339547,overall_binary,short,200,200,200,8.08,225.247,3.93,60081.386,60081.692,60315.254,1,1,32,0,1,,,[ERROR]↵語言模型通訊異常或回傳內容無法解析，請稍後再試！,[ERROR]↵語言模型通訊異常或回傳內容無法解析，請稍後再試！
20261005T070541Z,32,2026-10-05T07:35:01.904+00:00,2026-10-05T07:35:02.573+00:00,1791185701.904894,1791185702.573656,7aa6e3f0-5c41-4719-9ea6-43545dbf7c1d,5,release/la_1/S894840102-GN-A69-EAF-T00-S1-LH-C1-I0056-F00.png,la_1,single,512,512,393078,overall_binary,short,200,200,200,6.905,334.948,3.616,217.373,326.657,668.761,5,4,12,1,1,,,[answer] | ↵ | 不 | 符合 | [END],[answer]↵不符合
20261005T070541Z,32,2026-10-05T07:34:02.440+00:00,2026-10-05T07:35:02.708+00:00,1791185642.440885,1791185702.708669,cea8df54-8f7f-4cca-a825-191ea47fa2ba,6,release_mixed/S0000-GF-A41-EAS-T03-S1-LH-C1-I0002-F00.png,release_mixed,mixed,512,512,388358,overall_binary,short,200,200,200,6.776,177.709,1.833,60082.853,60083.119,60267.783,1,1,32,0,1,,,[ERROR]↵語言模型通訊異常或回傳內容無法解析，請稍後再試！,[ERROR]↵語言模型通訊異常或回傳內容無法解析，請稍後再試！
20261005T070541Z,32,2026-10-05T07:34:02.762+00:00,2026-10-05T07:35:03.024+00:00,1791185642.762401,1791185703.024330,7ea6ad2b-9835-4cea-ab42-19c97c797d1f,9,release/mkup/S780045574-GF-A98-EAF-T14-S1-LH-C1-I0030-F00.png,mkup,single,512,512,302630,overall_binary,short,200,200,200,6.993,172.897,1.79,60081.65,60081.849,60261.929,1,1,32,0,1,,,[ERROR]↵語言模型通訊異常或回傳內容無法解析，請稍後再試！,[ERROR]↵語言模型通訊異常或回傳內容無法解析，請稍後再試！
20261005T070541Z,32,2026-10-05T07:35:02.466+00:00,2026-10-05T07:35:03.301+00:00,1791185702.466998,1791185703.301288,89f905be-7402-44cf-aa77-5f44bc8f6246,6,release/la_2/S229741512-GM-A18-EEA-T01-S1-LH-C1-I0029-F00.png,la_2,single,512,512,309849,overall_binary,short,200,200,200,8.974,253.416,2.599,197.82,571.667,834.289,9,8,22,1,1,,,[answer] | ↵ | thought | ↵ | S,[answer]↵thought↵SS不符合
20261005T070541Z,32,2026-10-05T07:35:02.708+00:00,2026-10-05T07:35:03.302+00:00,1791185702.708850,1791185703.302506,cea8df54-8f7f-4cca-a825-191ea47fa2ba,7,release/poster/S533819468-GM-A53-EIA-T14-S1-LH-C1-I0007-F00.png,poster,single,512,512,151824,overall_binary,short,200,200,200,8.149,252.118,3.014,273.834,333.137,593.656,4,3,11,1,1,,,[answer] | 不 | 符合 | [END],[answer]不符合
20261005T070541Z,32,2026-10-05T07:34:03.012+00:00,2026-10-05T07:35:03.411+00:00,1791185643.012728,1791185703.411261,0dbc6997-e3af-4c34-b1f0-1a71013c79b0,12,release/tq/S179125778-GM-A37-EME-T01-S1-LH-C1-I0031-F00.png,tq,single,512,512,362345,overall_binary,short,200,200,200,7.559,300.324,7.356,60090.222,60090.482,60398.533,1,1,32,0,1,,,[ERROR]↵語言模型通訊異常或回傳內容無法解析，請稍後再試！,[ERROR]↵語言模型通訊異常或回傳內容無法解析，請稍後再試！
20261005T070541Z,32,2026-10-05T07:34:03.523+00:00,2026-10-05T07:35:03.834+00:00,1791185643.523535,1791185703.834316,c7681faa-6f7b-4649-8a3d-b7470370b1b3,4,release/mkup/S682364157-GF-A18-EIA-T03-S1-LH-C1-I0012-F00.png,mkup,single,512,512,390530,overall_binary,short,200,200,200,8.857,223.212,2.444,60078.332,60078.462,60310.781,1,1,32,0,1,,,[ERROR]↵語言模型通訊異常或回傳內容無法解析，請稍後再試！,[ERROR]↵語言模型通訊異常或回傳內容無法解析，請稍後再試！
20261005T070541Z,32,2026-10-05T07:34:03.797+00:00,2026-10-05T07:35:04.094+00:00,1791185643.797570,1791185704.094762,7b998f75-4d33-46a0-b921-89c34970377d,6,release/pixel/S373793896-GM-A22-EEA-T14-S1-LH-C1-I0035-F00.png,pixel,single,512,512,278190,overall_binary,short,200,200,200,10.761,210.192,2.026,60075.743,60075.989,60297.191,1,1,32,0,1,,,[ERROR]↵語言模型通訊異常或回傳內容無法解析，請稍後再試！,[ERROR]↵語言模型通訊異常或回傳內容無法解析，請稍後再試！
20261005T070541Z,32,2026-10-05T07:35:03.301+00:00,2026-10-05T07:35:04.166+00:00,1791185703.301440,1791185704.166404,89f905be-7402-44cf-aa77-5f44bc8f6246,7,release/light/S955490819-GM-A25-EAF-T14-S1-LH-C1-I0009-F00.png,light,single,512,512,348172,overall_binary,short,200,200,200,10.2,420.56,6.364,336.618,434.0,864.964,6,5,13,1,1,,,[answer] | C | ↵ | 不 | 符合,[answer]C↵不符合
20261005T070541Z,32,2026-10-05T07:35:03.302+00:00,2026-10-05T07:35:04.233+00:00,1791185703.302594,1791185704.233012,cea8df54-8f7f-4cca-a825-191ea47fa2ba,8,release/tq/S0000-GF-A77-EAS-T00-S1-LH-C1-I0000-F00.png,tq,single,512,512,358152,overall_binary,short,200,200,200,10.619,419.816,7.384,335.366,499.814,930.418,7,6,20,1,1,,,[answer] | ↵ | thought | ↵ | 不,[answer]↵thought↵不符合
20261005T070541Z,32,2026-10-05T07:34:04.303+00:00,2026-10-05T07:35:04.606+00:00,1791185644.303807,1791185704.606829,846f56cb-86e0-4db3-805c-57f825b1d636,9,release/pixel/S825431925-GF-A77-EAF-T00-S1-LH-C1-I0000-F00.png,pixel,single,512,512,215813,overall_binary,short,200,200,200,8.942,232.051,2.523,60060.395,60060.543,60303.022,1,1,32,0,1,,,[ERROR]↵語言模型通訊異常或回傳內容無法解析，請稍後再試！,[ERROR]↵語言模型通訊異常或回傳內容無法解析，請稍後再試！
20261005T070541Z,32,2026-10-05T07:35:04.233+00:00,2026-10-05T07:35:04.812+00:00,1791185704.233127,1791185704.812780,cea8df54-8f7f-4cca-a825-191ea47fa2ba,9,release/ce/S906953625-GF-A53-EEA-T01-S1-LH-C1-I0001-F00.png,ce,single,512,512,288061,overall_binary,short,200,200,200,5.831,222.232,2.035,228.201,351.372,579.653,6,5,19,1,1,,,[answer] | thought | ↵ | 不 | 符合,[answer]thought↵不符合
20261005T070541Z,32,2026-10-05T07:35:04.094+00:00,2026-10-05T07:35:04.846+00:00,1791185704.094925,1791185704.846790,7b998f75-4d33-46a0-b921-89c34970377d,7,release/ce/S760022445-GF-A45-EEA-T03-S1-LH-C1-I0032-F00.png,ce,single,512,512,369879,overall_binary,short,200,200,200,9.016,226.253,1.85,314.656,516.374,751.865,10,9,20,1,1,,,[answer] | ↵ | C | . | ↵↵,[answer]↵C.↵↵**不符合**
20261005T070541Z,32,2026-10-05T07:34:04.601+00:00,2026-10-05T07:35:04.887+00:00,1791185644.601753,1791185704.887546,cd31d597-0002-4b96-91a5-d71d5a5b4c25,9,release/ceg/S798606872-GF-A37-EME-T15-S1-LH-C1-I0028-F00.png,ceg,single,512,512,372272,overall_binary,short,200,200,200,9.063,208.966,2.654,60066.949,60067.511,60285.792,1,1,32,0,1,,,[ERROR]↵語言模型通訊異常或回傳內容無法解析，請稍後再試！,[ERROR]↵語言模型通訊異常或回傳內容無法解析，請稍後再試！
20261005T070541Z,32,2026-10-05T07:34:05.036+00:00,2026-10-05T07:35:05.267+00:00,1791185645.036184,1791185705.267347,de308bb5-cf25-4d26-908a-0ae7a73cf703,6,release/oof/S19423222-GM-A45-EAF-T14-S1-LH-C1-I0040-F00.png,oof,single,512,512,257781,overall_binary,short,200,200,200,5.964,162.087,1.839,60062.433,60062.849,60231.162,1,1,32,0,1,,,[ERROR]↵語言模型通訊異常或回傳內容無法解析，請稍後再試！,[ERROR]↵語言模型通訊異常或回傳內容無法解析，請稍後再試！
20261005T070541Z,32,2026-10-05T07:35:05.267+00:00,2026-10-05T07:35:05.268+00:00,1791185705.267512,1791185705.268587,de308bb5-cf25-4d26-908a-0ae7a73cf703,7,release/sm/S371797493-GM-A29-EEA-T14-S1-LH-C1-I0043-F00.png,sm,single,512,512,343026,overall_binary,short,0,,,0.954,,,,,1.075,0,0,0,0,0,conversation_http_error,HTTP 0: ,,
20261005T070541Z,32,2026-10-05T07:35:04.888+00:00,2026-10-05T07:35:05.589+00:00,1791185704.888418,1791185705.589249,cd31d597-0002-4b96-91a5-d71d5a5b4c25,10,release/la_2/S564127454-GF-A22-EAS-T03-S1-LH-C1-I0009-F00.png,la_2,single,512,512,384491,overall_binary,short,200,200,200,27.427,194.522,5.353,311.344,478.69,700.83,7,6,20,1,1,,,[answer] | ↵ | thought | ↵ | 不,[answer]↵thought↵不符合
20261005T070541Z,32,2026-10-05T07:35:04.846+00:00,2026-10-05T07:35:05.590+00:00,1791185704.846932,1791185705.590311,7b998f75-4d33-46a0-b921-89c34970377d,8,release/tq/S184299974-GF-A49-EME-T10-S1-LH-C1-I0063-F00.png,tq,single,512,512,366426,overall_binary,short,200,200,200,40.649,176.363,4.02,336.589,526.151,743.378,9,8,18,1,1,,,[answer] | ↵ | B | . | jpg,[answer]↵B.jpg」↵符合
20261005T070541Z,32,2026-10-05T07:34:05.437+00:00,2026-10-05T07:35:05.783+00:00,1791185645.437070,1791185705.783557,7cc77c9b-625c-4fba-9b2a-0d2add3c334c,4,release/light/S115379105-GF-A98-EEA-T14-S1-LH-C1-I0044-F00.png,light,single,512,512,391109,overall_binary,short,200,200,200,9.926,259.078,4.559,60076.949,60077.251,60346.487,1,1,32,0,1,,,[ERROR]↵語言模型通訊異常或回傳內容無法解析，請稍後再試！,[ERROR]↵語言模型通訊異常或回傳內容無法解析，請稍後再試！
20261005T070541Z,32,2026-10-05T07:35:05.783+00:00,2026-10-05T07:35:05.784+00:00,1791185705.783702,1791185705.784838,7cc77c9b-625c-4fba-9b2a-0d2add3c334c,5,release/poster/S9176807-GM-A21-EEA-T03-S1-LH-C1-I0024-F00.png,poster,single,512,512,122847,overall_binary,short,0,,,1.022,,,,,1.136,0,0,0,0,0,conversation_http_error,HTTP 0: ,,
20261005T070541Z,32,2026-10-05T07:35:05.784+00:00,2026-10-05T07:35:06.333+00:00,1791185705.784933,1791185706.333471,7cc77c9b-625c-4fba-9b2a-0d2add3c334c,6,release/zoom/S741955884-GF-A71-EEA-T14-S1-LH-C1-I0057-F00.png,zoom,single,512,512,426576,overall_binary,short,200,200,200,9.397,223.173,2.601,241.514,315.66,548.538,4,3,11,1,1,,,[answer] | ↵ | 符合 | [END],[answer]↵符合
20261005T070541Z,32,2026-10-05T07:34:06.044+00:00,2026-10-05T07:35:06.344+00:00,1791185646.044152,1791185706.344383,8eaf83be-308c-4956-99c9-efad6a7a170b,7,release/la_2/S411588159-GF-A21-EEA-T03-S1-LH-C1-I0033-F00.png,la_2,single,512,512,343002,overall_binary,short,200,200,200,5.889,215.204,2.399,60077.441,60078.894,60300.231,1,1,32,0,1,,,[ERROR]↵語言模型通訊異常或回傳內容無法解析，請稍後再試！,[ERROR]↵語言模型通訊異常或回傳內容無法解析，請稍後再試！
20261005T070541Z,32,2026-10-05T07:35:06.344+00:00,2026-10-05T07:35:06.345+00:00,1791185706.344500,1791185706.345901,8eaf83be-308c-4956-99c9-efad6a7a170b,8,release/ceg/S371797493-GM-A29-EEA-T14-S1-LH-C1-I0043-F00.png,ceg,single,512,512,352964,overall_binary,short,0,,,1.301,,,,,1.401,0,0,0,0,0,conversation_http_error,HTTP 0: ,,
20261005T070541Z,32,2026-10-05T07:34:06.354+00:00,2026-10-05T07:35:06.644+00:00,1791185646.354310,1791185706.644032,5e5b0851-d57f-464b-9777-fbf45db60873,6,release/cap/S557350179-GF-A53-EAS-T03-S1-LH-C1-I0005-F00.png,cap,single,512,512,404823,overall_binary,short,200,200,200,7.28,219.119,2.094,60062.353,60062.991,60289.721,1,1,32,0,1,,,[ERROR]↵語言模型通訊異常或回傳內容無法解析，請稍後再試！,[ERROR]↵語言模型通訊異常或回傳內容無法解析，請稍後再試！
20261005T070541Z,32,2026-10-05T07:35:06.345+00:00,2026-10-05T07:35:07.072+00:00,1791185706.346004,1791185707.072134,8eaf83be-308c-4956-99c9-efad6a7a170b,9,release_mixed/S0000-GF-A24-EIA-T00-S1-LH-C1-I0000-F00.png,release_mixed,mixed,512,512,368173,overall_binary,short,200,200,200,21.287,307.835,6.04,229.887,396.725,726.129,7,6,20,1,1,,,[answer] | ↵ | thought | ↵ | 不,[answer]↵thought↵不符合
20261005T070541Z,32,2026-10-05T07:35:05.590+00:00,2026-10-05T07:35:07.114+00:00,1791185705.590395,1791185707.114296,7b998f75-4d33-46a0-b921-89c34970377d,9,release/pixel/S311145231-GF-A53-EAF-T03-S1-LH-C1-I0062-F00.png,pixel,single,512,512,312489,overall_binary,short,200,200,200,10.103,334.938,3.058,302.546,1178.644,1523.9,37,36,56,1,1,,,"[answer] | ↵ | L | "" | ␣(","[answer]↵L""␣(請上傳照片後我才能判斷)。↵↵*(註：您已經上傳了照片，我S-請見下方結果)*↵↵符合"
20261005T070541Z,32,2026-10-05T07:34:06.881+00:00,2026-10-05T07:35:07.284+00:00,1791185646.881140,1791185707.284174,ec8a8321-465f-4477-b993-e6d8365400f4,13,release/tq/S0000-GN-A70-EAF-T11-S1-LH-C1-I0000-F00.png,tq,single,512,512,367216,overall_binary,short,200,200,200,6.844,307.115,3.341,60088.361,60088.729,60403.033,1,1,32,0,1,,,[ERROR]↵語言模型通訊異常或回傳內容無法解析，請稍後再試！,[ERROR]↵語言模型通訊異常或回傳內容無法解析，請稍後再試！
20261005T070541Z,32,2026-10-05T07:35:07.284+00:00,2026-10-05T07:35:07.285+00:00,1791185707.284337,1791185707.285636,ec8a8321-465f-4477-b993-e6d8365400f4,14,release/poster/S508947155-GF-A84-EAF-T01-S1-LH-C1-I0030-F00.png,poster,single,512,512,115729,overall_binary,short,0,,,1.19,,,,,1.299,0,0,0,0,0,conversation_http_error,HTTP 0: ,,
20261005T070541Z,32,2026-10-05T07:35:07.114+00:00,2026-10-05T07:35:07.731+00:00,1791185707.114406,1791185707.731873,7b998f75-4d33-46a0-b921-89c34970377d,10,release/poster/S289919415-GF-A46-EEA-T14-S1-LH-C1-I0060-F00.png,poster,single,512,512,99718,overall_binary,short,200,200,200,6.343,254.378,6.5,217.874,356.479,617.466,4,3,11,1,1,,,[answer] | ↵ | 符合 | [END],[answer]↵符合
20261005T070541Z,32,2026-10-05T07:34:07.491+00:00,2026-10-05T07:35:07.843+00:00,1791185647.491271,1791185707.843223,6e8b286e-edbc-426d-a01e-ab4c97e18c35,9,release/la_2/S673442144-GF-A53-EEA-T01-S1-LH-C1-I0002-F00.png,la_2,single,512,512,361550,overall_binary,short,200,200,200,9.522,250.644,3.561,60090.624,60091.497,60351.951,1,1,32,0,1,,,[ERROR]↵語言模型通訊異常或回傳內容無法解析，請稍後再試！,[ERROR]↵語言模型通訊異常或回傳內容無法解析，請稍後再試！
20261005T070541Z,32,2026-10-05T07:35:07.843+00:00,2026-10-05T07:35:07.844+00:00,1791185707.843387,1791185707.844988,6e8b286e-edbc-426d-a01e-ab4c97e18c35,10,release/ce/S616053079-GF-A33-EEA-T00-S1-LH-C1-I0038-F00.png,ce,single,512,512,396881,overall_binary,short,0,,,1.493,,,,,1.601,0,0,0,0,0,conversation_http_error,HTTP 0: ,,
20261005T070541Z,32,2026-10-05T07:35:07.285+00:00,2026-10-05T07:35:07.885+00:00,1791185707.285729,1791185707.885587,ec8a8321-465f-4477-b993-e6d8365400f4,15,release/light/S472012617-GM-A63-EEA-T01-S1-LH-C1-I0014-F00.png,light,single,512,512,380105,overall_binary,short,200,200,200,8.85,237.448,4.048,219.258,353.322,599.857,6,5,19,1,1,,,[answer] | ↵ | thought | ↵ | 符合,[answer]↵thought↵符合
20261005T070541Z,32,2026-10-05T07:35:07.845+00:00,2026-10-05T07:35:08.417+00:00,1791185707.845090,1791185708.417620,6e8b286e-edbc-426d-a01e-ab4c97e18c35,11,release/ce/S669973447-GM-A20-EEA-T00-S1-LH-C1-I0000-F00.png,ce,single,512,512,348326,overall_binary,short,200,200,200,8.672,238.349,2.804,233.966,325.18,572.53,5,4,12,1,1,,,[answer] | ↵ | 不 | 符合 | [END],[answer]↵不符合
20261005T070541Z,32,2026-10-05T07:34:08.584+00:00,2026-10-05T07:35:08.899+00:00,1791185648.584823,1791185708.899458,e4f801e5-4bd7-442e-80cb-c2ee6c1e870d,9,release/oof/S590103000-GF-A47-EEA-T01-S1-LH-C1-I0047-F00.png,oof,single,512,512,306197,overall_binary,short,200,200,200,7.229,240.643,2.627,60065.936,60066.45,60314.635,1,1,32,0,1,,,[ERROR]↵語言模型通訊異常或回傳內容無法解析，請稍後再試！,[ERROR]↵語言模型通訊異常或回傳內容無法解析，請稍後再試！
20261005T070541Z,32,2026-10-05T07:35:08.417+00:00,2026-10-05T07:35:08.971+00:00,1791185708.417834,1791185708.971439,6e8b286e-edbc-426d-a01e-ab4c97e18c35,12,release/la_1/S788462400-GM-A77-EEA-T14-S1-LH-C1-I0022-F00.png,la_1,single,512,512,358517,overall_binary,short,200,200,200,8.66,206.586,3.104,262.804,338.057,553.604,4,3,11,1,1,,,[answer] | ↵ | 符合 | [END],[answer]↵符合
20261005T070541Z,32,2026-10-05T07:35:08.899+00:00,2026-10-05T07:35:09.565+00:00,1791185708.899678,1791185709.565621,e4f801e5-4bd7-442e-80cb-c2ee6c1e870d,10,release/expos/S220036139-GF-A33-EME-T14-S1-LH-C1-I0048-F00.png,expos,single,512,512,322649,overall_binary,short,200,200,200,13.373,268.172,5.716,235.401,384.068,665.943,6,5,19,1,1,,,[answer] | ↵ | thought | ↵ | 符合,[answer]↵thought↵符合
20261005T070541Z,32,2026-10-05T07:34:52.940+00:00,2026-10-05T07:35:53.253+00:00,1791185692.940074,1791185753.253233,c6b8af4d-c2ed-4c0c-bfe8-cede0e3c0db2,7,release/ce/S20939931-GF-A70-EME-T00-S1-LH-C1-I0047-F00.png,ce,single,512,512,352510,overall_binary,short,200,200,200,7.78,231.437,2.218,60072.12,60073.495,60313.158,1,1,32,0,1,,,[ERROR]↵語言模型通訊異常或回傳內容無法解析，請稍後再試！,[ERROR]↵語言模型通訊異常或回傳內容無法解析，請稍後再試！
20261005T070541Z,32,2026-10-05T07:34:53.563+00:00,2026-10-05T07:35:53.869+00:00,1791185693.563154,1791185753.869923,589bd6c6-a506-4777-9065-4b58006bef08,7,release/sun/S560191384-GF-A51-EEA-T01-S1-LH-C1-I0033-F00.png,sun,single,512,512,329445,overall_binary,short,200,200,200,7.025,231.795,2.648,60067.138,60067.575,60306.769,1,1,32,0,1,,,[ERROR]↵語言模型通訊異常或回傳內容無法解析，請稍後再試！,[ERROR]↵語言模型通訊異常或回傳內容無法解析，請稍後再試！
20261005T070541Z,32,2026-10-05T07:35:53.253+00:00,2026-10-05T07:35:53.909+00:00,1791185753.253563,1791185753.909522,c6b8af4d-c2ed-4c0c-bfe8-cede0e3c0db2,8,release/light/S37396139-GF-A51-EEA-T14-S1-LH-C1-I0048-F00.png,light,single,512,512,189070,overall_binary,short,200,200,200,13.022,242.766,2.522,228.758,399.642,655.958,8,7,21,1,1,,,[answer] | ↵ | < | thought | ↵,[answer]↵<thought↵不符合
20261005T070541Z,32,2026-10-05T07:35:53.909+00:00,2026-10-05T07:35:54.498+00:00,1791185753.909707,1791185754.498273,c6b8af4d-c2ed-4c0c-bfe8-cede0e3c0db2,9,release/la_2/S39590804-GM-A53-EEA-T03-S1-LH-C1-I0045-F00.png,la_2,single,512,512,376386,overall_binary,short,200,200,200,6.018,270.203,2.311,233.453,312.083,588.565,5,4,12,1,1,,,[answer] | ↵ | 不 | 符合 | [END],[answer]↵不符合
20261005T070541Z,32,2026-10-05T07:34:54.842+00:00,2026-10-05T07:35:55.154+00:00,1791185694.842628,1791185755.154314,e7c54116-6bd7-45ad-b7b3-90ab063c908d,7,release/sun/S32440074-GF-A23-EIA-T15-S1-LH-C1-I0012-F00.png,sun,single,512,512,339909,overall_binary,short,200,200,200,7.22,237.796,2.749,60065.841,60066.262,60311.685,1,1,32,0,1,,,[ERROR]↵語言模型通訊異常或回傳內容無法解析，請稍後再試！,[ERROR]↵語言模型通訊異常或回傳內容無法解析，請稍後再試！
20261005T070541Z,32,2026-10-05T07:35:55.154+00:00,2026-10-05T07:35:55.821+00:00,1791185755.154616,1791185755.821770,e7c54116-6bd7-45ad-b7b3-90ab063c908d,8,release/mkup/S510917796-GF-A21-EME-T03-S1-LH-C1-I0042-F00.png,mkup,single,512,512,372347,overall_binary,short,200,200,200,11.237,311.172,3.175,264.055,343.942,667.154,5,4,12,1,1,,,[answer] | ↵ | 不 | 符合 | [END],[answer]↵不符合
20261005T070541Z,32,2026-10-05T07:34:56.060+00:00,2026-10-05T07:35:56.310+00:00,1791185696.060219,1791185756.310142,fe5d8693-5cf2-46f4-8e32-7dddde6f2d71,5,release/light/S574761980-GF-A38-EEA-T14-S1-LH-C1-I0044-F00.png,light,single,512,512,278728,overall_binary,short,200,200,200,9.495,187.833,2.588,60051.786,60052.189,60249.922,1,1,32,0,1,,,[ERROR]↵語言模型通訊異常或回傳內容無法解析，請稍後再試！,[ERROR]↵語言模型通訊異常或回傳內容無法解析，請稍後再試！
20261005T070541Z,32,2026-10-05T07:35:56.310+00:00,2026-10-05T07:35:56.923+00:00,1791185756.310444,1791185756.923234,fe5d8693-5cf2-46f4-8e32-7dddde6f2d71,6,release/tq/S0000-GF-A34-ISP-T01-S1-LH-C1-I0000-F00.png,tq,single,512,512,362854,overall_binary,short,200,200,200,9.301,202.146,2.234,233.254,400.856,612.789,7,6,20,1,1,,,[answer] | ↵ | thought | ↵ | 不,[answer]↵thought↵不符合
20261005T070541Z,32,2026-10-05T07:34:56.928+00:00,2026-10-05T07:35:57.306+00:00,1791185696.928218,1791185757.306127,8755f025-2b15-4cbe-b371-287824538b1b,8,release/bkg/S926047332-GM-A22-EME-T14-S1-LH-C1-I0038-F00.png,bkg,single,512,512,507211,overall_binary,short,200,200,200,9.406,258.487,3.345,60109.225,60109.617,60377.908,1,1,32,0,1,,,[ERROR]↵語言模型通訊異常或回傳內容無法解析，請稍後再試！,[ERROR]↵語言模型通訊異常或回傳內容無法解析，請稍後再試！
20261005T070541Z,32,2026-10-05T07:35:57.306+00:00,2026-10-05T07:35:57.809+00:00,1791185757.306447,1791185757.809184,8755f025-2b15-4cbe-b371-287824538b1b,9,release/expos/S598532466-GM-A87-EME-T14-S1-LH-C1-I0025-F00.png,expos,single,512,512,294136,overall_binary,short,200,200,200,8.336,200.498,3.087,221.443,293.364,502.736,4,3,11,1,1,,,[answer] | 不 | 符合 | [END],[answer]不符合
20261005T070541Z,32,2026-10-05T07:34:57.559+00:00,2026-10-05T07:35:57.899+00:00,1791185697.559465,1791185757.899335,49c2862d-9672-4e93-bcc0-92a1c47f4c39,12,release/tq/S336053665-GF-A75-EME-T13-S1-LH-C1-I0043-F00.png,tq,single,512,512,335694,overall_binary,short,200,200,200,9.363,239.47,2.304,60090.456,60090.755,60339.87,1,1,32,0,1,,,[ERROR]↵語言模型通訊異常或回傳內容無法解析，請稍後再試！,[ERROR]↵語言模型通訊異常或回傳內容無法解析，請稍後再試！
20261005T070541Z,32,2026-10-05T07:34:58.015+00:00,2026-10-05T07:35:58.372+00:00,1791185698.015542,1791185758.372146,2be15f5a-0bb9-42d6-9b80-fbfe26025b16,6,release/sm/S14964507-GF-A29-EEA-T00-S1-LH-C1-I0052-F00.png,sm,single,512,512,363776,overall_binary,short,200,200,200,7.995,235.986,2.018,60111.993,60112.243,60356.603,1,1,32,0,1,,,[ERROR]↵語言模型通訊異常或回傳內容無法解析，請稍後再試！,[ERROR]↵語言模型通訊異常或回傳內容無法解析，請稍後再試！
20261005T070541Z,32,2026-10-05T07:35:57.899+00:00,2026-10-05T07:35:58.463+00:00,1791185757.899552,1791185758.463124,49c2862d-9672-4e93-bcc0-92a1c47f4c39,13,release/la_1/S895967637-GM-A28-EEA-T01-S1-LH-C1-I0005-F00.png,la_1,single,512,512,357455,overall_binary,short,200,200,200,8.154,249.018,6.81,207.991,305.965,563.572,6,5,13,1,1,,,[answer] | } | ↵ | 不 | 符合,[answer]}↵不符合
20261005T070541Z,32,2026-10-05T07:34:58.459+00:00,2026-10-05T07:35:58.765+00:00,1791185698.459224,1791185758.765768,94f06e82-f24c-4a6e-9d7b-fd09220ebf9d,12,release/pixel/S190036673-GF-A19-EEA-T00-S1-LH-C1-I0057-F00.png,pixel,single,512,512,296271,overall_binary,short,200,200,200,10.64,234.629,2.83,60060.735,60061.04,60306.544,1,1,32,0,1,,,[ERROR]↵語言模型通訊異常或回傳內容無法解析，請稍後再試！,[ERROR]↵語言模型通訊異常或回傳內容無法解析，請稍後再試！
20261005T070541Z,32,2026-10-05T07:35:58.463+00:00,2026-10-05T07:35:59.137+00:00,1791185758.463319,1791185759.137271,49c2862d-9672-4e93-bcc0-92a1c47f4c39,14,release/ce/S504201509-GF-A50-EME-T14-S1-LH-C1-I0001-F00.png,ce,single,512,512,366821,overall_binary,short,200,200,200,7.194,240.075,2.155,258.787,426.427,673.952,7,6,20,1,1,,,[answer] | ↵ | thought | ↵ | 不,[answer]↵thought↵不符合
20261005T070541Z,32,2026-10-05T07:34:59.149+00:00,2026-10-05T07:35:59.459+00:00,1791185699.149502,1791185759.459426,b6a47081-3757-4c41-b0c7-40049b8f3218,5,release/sun/S574280680-GF-A53-EME-T03-S1-LH-C1-I0005-F00.png,sun,single,512,512,395123,overall_binary,short,200,200,200,7.985,236.451,2.213,60064.929,60065.227,60309.924,1,1,32,0,1,,,[ERROR]↵語言模型通訊異常或回傳內容無法解析，請稍後再試！,[ERROR]↵語言模型通訊異常或回傳內容無法解析，請稍後再試！
20261005T070541Z,32,2026-10-05T07:35:59.459+00:00,2026-10-05T07:35:59.460+00:00,1791185759.459572,1791185759.460503,b6a47081-3757-4c41-b0c7-40049b8f3218,6,release/zoom/S883374229-GF-A54-EEA-T14-S1-LH-C1-I0059-F00.png,zoom,single,512,512,390718,overall_binary,short,0,,,0.826,,,,,0.93,0,0,0,0,0,conversation_http_error,HTTP 0: ,,
20261005T070541Z,32,2026-10-05T07:34:59.531+00:00,2026-10-05T07:35:59.825+00:00,1791185699.531651,1791185759.825505,dbc4b73a-ad79-4bb6-ba7c-cef80dd842b0,9,release/zoom/S708639364-GM-A59-EEA-T00-S1-LH-C1-I0042-F00.png,zoom,single,512,512,414857,overall_binary,short,200,200,200,7.652,218.647,2.421,60067.008,60067.297,60293.854,1,1,32,0,1,,,[ERROR]↵語言模型通訊異常或回傳內容無法解析，請稍後再試！,[ERROR]↵語言模型通訊異常或回傳內容無法解析，請稍後再試！
20261005T070541Z,32,2026-10-05T07:35:59.825+00:00,2026-10-05T07:35:59.826+00:00,1791185759.825634,1791185759.826539,dbc4b73a-ad79-4bb6-ba7c-cef80dd842b0,10,release_mixed/S32440074-GF-A23-EIA-T15-S1-LH-C1-I0012-F00.png,release_mixed,mixed,512,512,340518,overall_binary,short,0,,,0.81,,,,,0.905,0,0,0,0,0,conversation_http_error,HTTP 0: ,,
20261005T070541Z,32,2026-10-05T07:35:59.137+00:00,2026-10-05T07:36:00.140+00:00,1791185759.137433,1791185760.140632,49c2862d-9672-4e93-bcc0-92a1c47f4c39,15,release/light/S955490819-GM-A25-EAF-T14-S1-LH-C1-I0009-F00.png,light,single,512,512,348172,overall_binary,short,200,200,200,6.888,211.673,2.213,130.66,784.392,1003.199,29,28,43,1,1,,,[answer] | // | ␣ | 這裡 | 請,[answer]//␣這裡請上傳過照片↵由於您尚未上傳照片，請提供照片後我將為您判斷。
20261005T070541Z,32,2026-10-05T07:35:59.826+00:00,2026-10-05T07:36:00.453+00:00,1791185759.826617,1791185760.453313,dbc4b73a-ad79-4bb6-ba7c-cef80dd842b0,11,release/bkg/S519335789-GF-A87-EAF-T14-S1-LH-C1-I0012-F00.png,bkg,single,512,512,471653,overall_binary,short,200,200,200,7.02,250.935,4.737,225.086,368.377,626.696,5,4,12,1,1,,,[answer] | ↵ | 不 | 符合 | [END],[answer]↵不符合
20261005T070541Z,32,2026-10-05T07:35:00.010+00:00,2026-10-05T07:36:00.575+00:00,1791185700.010317,1791185760.575432,76baac10-d0b8-4fe8-a85b-71b7ab21c25b,10,release/mkup/S567565556-GF-A43-EME-T01-S1-LH-C1-I0057-F00.png,mkup,single,512,512,404805,overall_binary,short,200,200,200,9.981,411.707,2.998,60142.76,60143.163,60565.114,1,1,32,0,1,,,[ERROR]↵語言模型通訊異常或回傳內容無法解析，請稍後再試！,[ERROR]↵語言模型通訊異常或回傳內容無法解析，請稍後再試！
20261005T070541Z,32,2026-10-05T07:36:00.453+00:00,2026-10-05T07:36:01.012+00:00,1791185760.453598,1791185761.012391,dbc4b73a-ad79-4bb6-ba7c-cef80dd842b0,12,release/oof/S300524837-GM-A42-EEA-T01-S1-LH-C1-I0008-F00.png,oof,single,512,512,323153,overall_binary,short,200,200,200,12.007,236.565,3.859,207.698,309.444,558.793,5,4,12,1,1,,,[answer] | ↵ | 不 | 符合 | [END],[answer]↵不符合
20261005T070541Z,32,2026-10-05T07:35:00.827+00:00,2026-10-05T07:36:01.182+00:00,1791185700.827559,1791185761.182798,6deb4e71-24cf-4528-a9dc-4d2da1fe19f0,18,release/ce/S343616415-GF-A69-EEA-T03-S1-LH-C1-I0056-F00.png,ce,single,512,512,344847,overall_binary,short,200,200,200,6.13,268.254,15.338,60080.097,60080.544,60355.239,1,1,32,0,1,,,[ERROR]↵語言模型通訊異常或回傳內容無法解析，請稍後再試！,[ERROR]↵語言模型通訊異常或回傳內容無法解析，請稍後再試！
20261005T070541Z,32,2026-10-05T07:35:01.156+00:00,2026-10-05T07:36:01.651+00:00,1791185701.156927,1791185761.651593,8e62103b-fbd9-4856-8d2d-ef6becd0195e,9,release/mkup/S94290629-GF-A23-EAF-T14-S1-LH-C1-I0030-F00.png,mkup,single,512,512,362632,overall_binary,short,200,200,200,6.316,379.072,8.207,60108.709,60109.038,60494.665,1,1,32,0,1,,,[ERROR]↵語言模型通訊異常或回傳內容無法解析，請稍後再試！,[ERROR]↵語言模型通訊異常或回傳內容無法解析，請稍後再試！
20261005T070541Z,32,2026-10-05T07:36:01.012+00:00,2026-10-05T07:36:01.708+00:00,1791185761.012775,1791185761.708019,dbc4b73a-ad79-4bb6-ba7c-cef80dd842b0,13,release/sat/S590103000-GF-A47-EEA-T01-S1-LH-C1-I0047-F00.png,sat,single,512,512,361905,overall_binary,short,200,200,200,8.215,319.71,2.703,201.656,366.729,695.244,7,6,20,1,1,,,[answer] | ↵ | thought | ↵ | 不,[answer]↵thought↵不符合
20261005T070541Z,32,2026-10-05T07:35:01.751+00:00,2026-10-05T07:36:02.061+00:00,1791185701.751124,1791185762.061884,6de88802-872d-48e7-951e-fb8dd5b94b55,10,release/bkg/S606909976-GF-A59-EEA-T01-S1-LH-C1-I0035-F00.png,bkg,single,512,512,383260,overall_binary,short,200,200,200,9.1,238.026,1.944,60062.883,60063.255,60310.759,1,1,32,0,1,,,[ERROR]↵語言模型通訊異常或回傳內容無法解析，請稍後再試！,[ERROR]↵語言模型通訊異常或回傳內容無法解析，請稍後再試！
20261005T070541Z,32,2026-10-05T07:35:01.936+00:00,2026-10-05T07:36:02.327+00:00,1791185701.936658,1791185762.327061,498413de-b50a-48a4-a460-e97bcc44adde,13,release/sat/S844761652-GF-A54-EAF-T03-S1-LH-C1-I0008-F00.png,sat,single,512,512,292269,overall_binary,short,200,200,200,5.653,305.52,6.377,60078.768,60079.041,60390.402,1,1,32,0,1,,,[ERROR]↵語言模型通訊異常或回傳內容無法解析，請稍後再試！,[ERROR]↵語言模型通訊異常或回傳內容無法解析，請稍後再試！
20261005T070541Z,32,2026-10-05T07:36:01.708+00:00,2026-10-05T07:36:02.421+00:00,1791185761.708174,1791185762.421265,dbc4b73a-ad79-4bb6-ba7c-cef80dd842b0,14,release/ceg/S959317588-GM-A42-EAS-T00-S1-LH-C1-I0008-F00.png,ceg,single,512,512,372949,overall_binary,short,200,200,200,6.415,323.588,8.145,283.288,382.885,713.091,5,4,12,1,1,,,[answer] | ↵ | 不 | 符合 | [END],[answer]↵不符合
20261005T070541Z,32,2026-10-05T07:36:02.062+00:00,2026-10-05T07:36:02.676+00:00,1791185762.062251,1791185762.676283,6de88802-872d-48e7-951e-fb8dd5b94b55,11,release/expos/S590103000-GF-A47-EEA-T01-S1-LH-C1-I0045-F00.png,expos,single,512,512,355188,overall_binary,short,200,200,200,18.183,297.85,2.388,199.494,297.6,614.031,5,4,12,1,1,,,[answer] | ↵ | 不 | 符合 | [END],[answer]↵不符合
20261005T070541Z,32,2026-10-05T07:35:02.573+00:00,2026-10-05T07:36:02.863+00:00,1791185702.573824,1791185762.863642,7aa6e3f0-5c41-4719-9ea6-43545dbf7c1d,6,release/pixel/S231352223-GF-A49-EEA-T14-S1-LH-C1-I0027-F00.png,pixel,single,512,512,289438,overall_binary,short,200,200,200,6.26,226.695,1.928,60056.364,60056.627,60289.817,1,1,32,0,1,,,[ERROR]↵語言模型通訊異常或回傳內容無法解析，請稍後再試！,[ERROR]↵語言模型通訊異常或回傳內容無法解析，請稍後再試！
20261005T070541Z,32,2026-10-05T07:36:02.327+00:00,2026-10-05T07:36:03.057+00:00,1791185762.327308,1791185763.057510,498413de-b50a-48a4-a460-e97bcc44adde,14,release/tq/S0000-GF-A30-ISP-T11-S1-LH-C1-I0002-F00.png,tq,single,512,512,372594,overall_binary,short,200,200,200,31.022,324.376,2.598,217.661,374.346,730.201,7,6,20,1,1,,,[answer] | ↵ | thought | ↵ | 不,[answer]↵thought↵不符合
20261005T070541Z,32,2026-10-05T07:35:03.024+00:00,2026-10-05T07:36:03.341+00:00,1791185703.024505,1791185763.341274,7ea6ad2b-9835-4cea-ab42-19c97c797d1f,10,release/zoom/S18796367-GF-A93-EAF-T00-S1-LH-C1-I0045-F00.png,zoom,single,512,512,425063,overall_binary,short,200,200,200,6.75,226.608,2.572,60082.436,60083.1,60316.768,1,1,32,0,1,,,[ERROR]↵語言模型通訊異常或回傳內容無法解析，請稍後再試！,[ERROR]↵語言模型通訊異常或回傳內容無法解析，請稍後再試！
20261005T070541Z,32,2026-10-05T07:36:03.341+00:00,2026-10-05T07:36:03.343+00:00,1791185763.341534,1791185763.343125,7ea6ad2b-9835-4cea-ab42-19c97c797d1f,11,release/ceg/S37396139-GF-A51-EEA-T14-S1-LH-C1-I0048-F00.png,ceg,single,512,512,385439,overall_binary,short,0,,,1.405,,,,,1.59,0,0,0,0,0,conversation_http_error,HTTP 0: ,,
20261005T070541Z,32,2026-10-05T07:36:02.863+00:00,2026-10-05T07:36:03.392+00:00,1791185762.863825,1791185763.392574,7aa6e3f0-5c41-4719-9ea6-43545dbf7c1d,7,release/poster/S39590804-GM-A53-EEA-T03-S1-LH-C1-I0045-F00.png,poster,single,512,512,132824,overall_binary,short,200,200,200,7.577,229.988,2.073,220.569,290.935,528.748,4,3,11,1,1,,,[answer] | ↵ | 符合 | [END],[answer]↵符合
20261005T070541Z,32,2026-10-05T07:35:03.411+00:00,2026-10-05T07:36:03.833+00:00,1791185703.411413,1791185763.833197,0dbc6997-e3af-4c34-b1f0-1a71013c79b0,13,release/ce/S562599431-GM-A42-EEA-T00-S1-LH-C1-I0036-F00.png,ce,single,512,512,296273,overall_binary,short,200,200,200,9.382,310.405,3.365,60101.546,60101.753,60421.783,1,1,32,0,1,,,[ERROR]↵語言模型通訊異常或回傳內容無法解析，請稍後再試！,[ERROR]↵語言模型通訊異常或回傳內容無法解析，請稍後再試！
20261005T070541Z,32,2026-10-05T07:36:03.343+00:00,2026-10-05T07:36:04.065+00:00,1791185763.343254,1791185764.065915,7ea6ad2b-9835-4cea-ab42-19c97c797d1f,12,release/pixel/S495166625-GF-A58-EAS-T14-S1-LH-C1-I0053-F00.png,pixel,single,512,512,278568,overall_binary,short,200,200,200,9.979,350.115,3.829,269.946,361.949,722.661,6,5,15,1,1,,,[answer] | } | ** | 符合 | **,[answer]}**符合**
20261005T070541Z,32,2026-10-05T07:35:03.834+00:00,2026-10-05T07:36:04.189+00:00,1791185703.834476,1791185764.189330,c7681faa-6f7b-4649-8a3d-b7470370b1b3,5,release/bkg/S788462400-GM-A77-EEA-T14-S1-LH-C1-I0022-F00.png,bkg,single,512,512,521564,overall_binary,short,200,200,200,7.257,264.701,3.063,60082.391,60082.633,60354.853,1,1,32,0,1,,,[ERROR]↵語言模型通訊異常或回傳內容無法解析，請稍後再試！,[ERROR]↵語言模型通訊異常或回傳內容無法解析，請稍後再試！
20261005T070541Z,32,2026-10-05T07:36:03.833+00:00,2026-10-05T07:36:04.435+00:00,1791185763.833465,1791185764.435530,0dbc6997-e3af-4c34-b1f0-1a71013c79b0,14,release/mkup/S883374229-GF-A54-EEA-T14-S1-LH-C1-I0038-F00.png,mkup,single,512,512,332451,overall_binary,short,200,200,200,7.103,207.235,2.261,225.169,387.309,602.064,7,6,20,1,1,,,[answer] | ↵ | thought | ↵ | 不,[answer]↵thought↵不符合
20261005T070541Z,32,2026-10-05T07:35:04.166+00:00,2026-10-05T07:36:04.437+00:00,1791185704.166524,1791185764.437797,89f905be-7402-44cf-aa77-5f44bc8f6246,8,release/sm/S982227952-GM-A31-EEA-T00-S1-LH-C1-I0051-F00.png,sm,single,512,512,290671,overall_binary,short,200,200,200,5.975,199.999,1.781,60063.795,60065.112,60271.273,1,1,32,0,1,,,[ERROR]↵語言模型通訊異常或回傳內容無法解析，請稍後再試！,[ERROR]↵語言模型通訊異常或回傳內容無法解析，請稍後再試！
20261005T070541Z,32,2026-10-05T07:36:04.437+00:00,2026-10-05T07:36:04.438+00:00,1791185764.437893,1791185764.438970,89f905be-7402-44cf-aa77-5f44bc8f6246,9,release/sm/S289919415-GF-A46-EEA-T14-S1-LH-C1-I0060-F00.png,sm,single,512,512,304934,overall_binary,short,0,,,0.99,,,,,1.076,0,0,0,0,0,conversation_http_error,HTTP 0: ,,
20261005T070541Z,32,2026-10-05T07:36:04.189+00:00,2026-10-05T07:36:04.691+00:00,1791185764.189494,1791185764.691262,c7681faa-6f7b-4649-8a3d-b7470370b1b3,6,release/sun/S932980426-GM-A79-EME-T14-S1-LH-C1-I0032-F00.png,sun,single,512,512,275316,overall_binary,short,200,200,200,6.902,201.255,1.902,204.079,293.383,501.767,5,4,12,1,1,,,[answer] | ↵ | 不 | 符合 | [END],[answer]↵不符合
20261005T070541Z,32,2026-10-05T07:35:04.606+00:00,2026-10-05T07:36:04.972+00:00,1791185704.606979,1791185764.972858,846f56cb-86e0-4db3-805c-57f825b1d636,10,release/ceg/S219134961-GM-A51-EME-T00-S1-LH-C1-I0016-F00.png,ceg,single,512,512,328020,overall_binary,short,200,200,200,6.861,250.863,24.051,60107.748,60107.917,60365.879,1,1,32,0,1,,,[ERROR]↵語言模型通訊異常或回傳內容無法解析，請稍後再試！,[ERROR]↵語言模型通訊異常或回傳內容無法解析，請稍後再試！
20261005T070541Z,32,2026-10-05T07:36:04.435+00:00,2026-10-05T07:36:05.182+00:00,1791185764.435662,1791185765.182425,0dbc6997-e3af-4c34-b1f0-1a71013c79b0,15,release/pixel/S375545605-GM-A47-EEA-T00-S1-LH-C1-I0027-F00.png,pixel,single,512,512,294190,overall_binary,short,200,200,200,10.301,343.647,5.137,256.82,392.548,746.762,6,5,19,1,1,,,[answer] | ↵ | thought | ↵ | 符合,[answer]↵thought↵符合
20261005T070541Z,32,2026-10-05T07:35:04.812+00:00,2026-10-05T07:36:05.207+00:00,1791185704.812979,1791185765.207382,cea8df54-8f7f-4cca-a825-191ea47fa2ba,10,release/mkup/S931374402-GM-A20-EAF-T14-S1-LH-C1-I0013-F00.png,mkup,single,512,512,314829,overall_binary,short,200,200,200,29.898,268.41,8.448,60095.352,60095.865,60394.403,1,1,32,0,1,,,[ERROR]↵語言模型通訊異常或回傳內容無法解析，請稍後再試！,[ERROR]↵語言模型通訊異常或回傳內容無法解析，請稍後再試！
20261005T070541Z,32,2026-10-05T07:36:05.207+00:00,2026-10-05T07:36:05.208+00:00,1791185765.207564,1791185765.208506,cea8df54-8f7f-4cca-a825-191ea47fa2ba,11,release/poster/S268137029-GF-A39-EME-T01-S1-LH-C1-I0016-F00.png,poster,single,512,512,155912,overall_binary,short,0,,,0.838,,,,,0.942,0,0,0,0,0,conversation_http_error,HTTP 0: ,,
20261005T070541Z,32,2026-10-05T07:35:05.268+00:00,2026-10-05T07:36:05.578+00:00,1791185705.268671,1791185765.578163,de308bb5-cf25-4d26-908a-0ae7a73cf703,8,release/sat/S285023719-GF-A24-EEA-T00-S1-LH-C1-I0022-F00.png,sat,single,512,512,321450,overall_binary,short,200,200,200,6.937,237.073,2.417,60064.886,60065.217,60309.491,1,1,32,0,1,,,[ERROR]↵語言模型通訊異常或回傳內容無法解析，請稍後再試！,[ERROR]↵語言模型通訊異常或回傳內容無法解析，請稍後再試！
20261005T070541Z,32,2026-10-05T07:36:04.973+00:00,2026-10-05T07:36:05.611+00:00,1791185764.973099,1791185765.611125,846f56cb-86e0-4db3-805c-57f825b1d636,11,release/la_1/S472012617-GM-A63-EEA-T01-S1-LH-C1-I0014-F00.png,la_1,single,512,512,351683,overall_binary,short,200,200,200,6.544,255.271,2.214,195.794,375.873,638.025,5,4,12,1,1,,,[answer] | ↵ | 不 | 符合 | [END],[answer]↵不符合
20261005T070541Z,32,2026-10-05T07:36:05.182+00:00,2026-10-05T07:36:05.963+00:00,1791185765.182689,1791185765.963268,0dbc6997-e3af-4c34-b1f0-1a71013c79b0,16,release/bkg/S726037773-GF-A57-EEA-T15-S1-LH-C1-I0031-F00.png,bkg,single,512,512,494270,overall_binary,short,200,200,200,7.102,427.566,16.67,244.678,345.469,780.578,5,4,12,1,1,,,[answer] | ↵ | 不 | 符合 | [END],[answer]↵不符合
20261005T070541Z,32,2026-10-05T07:35:05.589+00:00,2026-10-05T07:36:06.018+00:00,1791185705.589410,1791185766.018142,cd31d597-0002-4b96-91a5-d71d5a5b4c25,11,release/mkup/S574761980-GF-A38-EEA-T14-S1-LH-C1-I0044-F00.png,mkup,single,512,512,276564,overall_binary,short,200,200,200,9.373,338.016,5.192,60080.799,60081.106,60428.731,1,1,32,0,1,,,[ERROR]↵語言模型通訊異常或回傳內容無法解析，請稍後再試！,[ERROR]↵語言模型通訊異常或回傳內容無法解析，請稍後再試！
20261005T070541Z,32,2026-10-05T07:36:06.018+00:00,2026-10-05T07:36:06.019+00:00,1791185766.018276,1791185766.019152,cd31d597-0002-4b96-91a5-d71d5a5b4c25,12,release_mixed/S0000-GF-A54-EIA-T00-S1-LH-C1-I0001-F00.png,release_mixed,mixed,512,512,383248,overall_binary,short,0,,,0.78,,,,,0.876,0,0,0,0,0,conversation_http_error,HTTP 0: ,,
20261005T070541Z,32,2026-10-05T07:36:05.611+00:00,2026-10-05T07:36:06.284+00:00,1791185765.611284,1791185766.284693,846f56cb-86e0-4db3-805c-57f825b1d636,12,release/zoom/S402397961-GF-A82-EEA-T00-S1-LH-C1-I0029-F00.png,zoom,single,512,512,386123,overall_binary,short,200,200,200,31.706,317.88,4.425,245.966,323.303,673.407,4,3,11,1,1,,,[answer] | ↵ | 符合 | [END],[answer]↵符合
20261005T070541Z,32,2026-10-05T07:36:06.019+00:00,2026-10-05T07:36:06.618+00:00,1791185766.019231,1791185766.618587,cd31d597-0002-4b96-91a5-d71d5a5b4c25,13,release/sun/S616105557-GF-A58-EEA-T11-S1-LH-C1-I0042-F00.png,sun,single,512,512,273824,overall_binary,short,200,200,200,19.204,299.518,2.017,213.78,280.428,599.355,4,3,11,1,1,,,[answer] | 不 | 符合 | [END],[answer]不符合
20261005T070541Z,32,2026-10-05T07:35:06.333+00:00,2026-10-05T07:36:06.762+00:00,1791185706.333678,1791185766.762036,7cc77c9b-625c-4fba-9b2a-0d2add3c334c,7,release_mixed/S0000-GF-A92-EIA-T03-S1-LH-C1-I0000-F00.png,release_mixed,mixed,512,512,393958,overall_binary,short,200,200,200,7.065,322.452,14.935,60098.242,60098.566,60428.358,1,1,32,0,1,,,[ERROR]↵語言模型通訊異常或回傳內容無法解析，請稍後再試！,[ERROR]↵語言模型通訊異常或回傳內容無法解析，請稍後再試！
20261005T070541Z,32,2026-10-05T07:35:06.644+00:00,2026-10-05T07:36:06.928+00:00,1791185706.644365,1791185766.928883,5e5b0851-d57f-464b-9777-fbf45db60873,7,release/zoom/S816836927-GF-A61-EAS-T00-S1-LH-C1-I0031-F00.png,zoom,single,512,512,420331,overall_binary,short,200,200,200,11.827,205.686,3.161,60066.355,60066.537,60284.518,1,1,32,0,1,,,[ERROR]↵語言模型通訊異常或回傳內容無法解析，請稍後再試！,[ERROR]↵語言模型通訊異常或回傳內容無法解析，請稍後再試！
20261005T070541Z,32,2026-10-05T07:36:06.929+00:00,2026-10-05T07:36:06.929+00:00,1791185766.929033,1791185766.929921,5e5b0851-d57f-464b-9777-fbf45db60873,8,release/poster/S336053665-GF-A75-EME-T13-S1-LH-C1-I0037-F00.png,poster,single,512,512,95844,overall_binary,short,0,,,0.788,,,,,0.888,0,0,0,0,0,conversation_http_error,HTTP 0: ,,
20261005T070541Z,32,2026-10-05T07:36:06.618+00:00,2026-10-05T07:36:07.212+00:00,1791185766.618826,1791185767.212147,cd31d597-0002-4b96-91a5-d71d5a5b4c25,14,release/pixel/S79333356-GF-A59-EEA-T03-S1-LH-C1-I0057-F00.png,pixel,single,512,512,283827,overall_binary,short,200,200,200,6.477,250.239,1.9,196.23,336.022,593.32,6,5,19,1,1,,,[answer] | ↵ | thought | ↵ | 符合,[answer]↵thought↵符合
20261005T070541Z,32,2026-10-05T07:35:07.072+00:00,2026-10-05T07:36:07.456+00:00,1791185707.072329,1791185767.456062,8eaf83be-308c-4956-99c9-efad6a7a170b,10,release_mixed/S0000-GM-A74-EAS-T11-S1-LH-C1-I0003-F00.png,release_mixed,mixed,512,512,347950,overall_binary,short,200,200,200,7.458,294.032,3.054,60081.57,60081.91,60383.733,1,1,32,0,1,,,[ERROR]↵語言模型通訊異常或回傳內容無法解析，請稍後再試！,[ERROR]↵語言模型通訊異常或回傳內容無法解析，請稍後再試！
20261005T070541Z,32,2026-10-05T07:36:06.929+00:00,2026-10-05T07:36:07.460+00:00,1791185766.930000,1791185767.460605,5e5b0851-d57f-464b-9777-fbf45db60873,9,release/sm/S978873421-GF-A64-EEA-T01-S1-LH-C1-I0000-F00.png,sm,single,512,512,284296,overall_binary,short,200,200,200,5.787,233.258,1.955,205.502,291.287,530.605,3,2,9,1,1,,,[answer] | } | [END],[answer]}
20261005T070541Z,32,2026-10-05T07:35:07.732+00:00,2026-10-05T07:36:08.031+00:00,1791185707.732098,1791185768.031710,7b998f75-4d33-46a0-b921-89c34970377d,11,release/poster/S189019382-GF-A62-EIA-T03-S1-LH-C1-I0046-F00.png,poster,single,512,512,106252,overall_binary,short,200,200,200,8.188,231.711,2.726,60059.127,60059.373,60299.612,1,1,32,0,1,,,[ERROR]↵語言模型通訊異常或回傳內容無法解析，請稍後再試！,[ERROR]↵語言模型通訊異常或回傳內容無法解析，請稍後再試！
20261005T070541Z,32,2026-10-05T07:36:07.460+00:00,2026-10-05T07:36:08.133+00:00,1791185767.460748,1791185768.133755,5e5b0851-d57f-464b-9777-fbf45db60873,10,release/sm/S895967637-GM-A28-EEA-T01-S1-LH-C1-I0005-F00.png,sm,single,512,512,335359,overall_binary,short,200,200,200,8.528,358.162,3.43,232.57,306.038,673.006,5,4,12,1,1,,,[answer] | ↵ | 不 | 符合 | [END],[answer]↵不符合
20261005T070541Z,32,2026-10-05T07:35:07.885+00:00,2026-10-05T07:36:08.198+00:00,1791185707.885737,1791185768.198007,ec8a8321-465f-4477-b993-e6d8365400f4,16,release/oof/S25038292-GF-A59-EAF-T03-S1-LH-C1-I0041-F00.png,oof,single,512,512,322709,overall_binary,short,200,200,200,7.525,244.136,2.492,60060.141,60060.397,60312.27,1,1,32,0,1,,,[ERROR]↵語言模型通訊異常或回傳內容無法解析，請稍後再試！,[ERROR]↵語言模型通訊異常或回傳內容無法解析，請稍後再試！
20261005T070541Z,32,2026-10-05T07:36:08.198+00:00,2026-10-05T07:36:08.198+00:00,1791185768.198098,1791185768.198964,ec8a8321-465f-4477-b993-e6d8365400f4,17,release/tq/S0000-GF-A43-EIA-T03-S1-LH-C1-I0002-F00.png,tq,single,512,512,347574,overall_binary,short,0,,,0.781,,,,,0.865,0,0,0,0,0,conversation_http_error,HTTP 0: ,,
20261005T070541Z,32,2026-10-05T07:36:08.031+00:00,2026-10-05T07:36:08.807+00:00,1791185768.031998,1791185768.807193,7b998f75-4d33-46a0-b921-89c34970377d,12,release/zoom/S231352223-GF-A49-EEA-T14-S1-LH-C1-I0011-F00.png,zoom,single,512,512,412167,overall_binary,short,200,200,200,8.522,251.11,1.906,196.395,515.04,775.195,9,8,28,1,1,,,[answer] | ↵ | thought | ↵ | L,[answer]↵thought↵Lthought↵符合
20261005T070541Z,32,2026-10-05T07:36:08.199+00:00,2026-10-05T07:36:08.839+00:00,1791185768.199042,1791185768.839311,ec8a8321-465f-4477-b993-e6d8365400f4,18,release/sat/S894840102-GN-A69-EAF-T00-S1-LH-C1-I0056-F00.png,sat,single,512,512,346078,overall_binary,short,200,200,200,6.029,256.058,3.065,197.534,378.008,640.269,7,6,20,1,1,,,[answer] | ↵ | thought | ↵ | 不,[answer]↵thought↵不符合
20261005T070541Z,32,2026-10-05T07:35:08.971+00:00,2026-10-05T07:36:09.264+00:00,1791185708.971626,1791185769.264411,6e8b286e-edbc-426d-a01e-ab4c97e18c35,13,release/zoom/S231352223-GF-A49-EEA-T14-S1-LH-C1-I0027-F00.png,zoom,single,512,512,421289,overall_binary,short,200,200,200,7.128,201.139,3.795,60083.884,60084.091,60292.784,1,1,32,0,1,,,[ERROR]↵語言模型通訊異常或回傳內容無法解析，請稍後再試！,[ERROR]↵語言模型通訊異常或回傳內容無法解析，請稍後再試！
20261005T070541Z,32,2026-10-05T07:36:08.807+00:00,2026-10-05T07:36:09.541+00:00,1791185768.807446,1791185769.541276,7b998f75-4d33-46a0-b921-89c34970377d,13,release/la_2/S726037773-GF-A57-EEA-T15-S1-LH-C1-I0031-F00.png,la_2,single,512,512,360549,overall_binary,short,200,200,200,7.311,383.836,2.713,222.115,342.224,733.829,5,4,18,1,1,,,[answer] | thought | ↵ | 符合 | [END],[answer]thought↵符合
20261005T070541Z,32,2026-10-05T07:35:09.565+00:00,2026-10-05T07:36:09.923+00:00,1791185709.565816,1791185769.923848,e4f801e5-4bd7-442e-80cb-c2ee6c1e870d,11,release/ce/S825833733-GF-A82-EEA-T14-S1-LH-C1-I0012-F00.png,ce,single,512,512,318729,overall_binary,short,200,200,200,12.376,265.771,3.504,60079.284,60079.543,60358.031,1,1,32,0,1,,,[ERROR]↵語言模型通訊異常或回傳內容無法解析，請稍後再試！,[ERROR]↵語言模型通訊異常或回傳內容無法解析，請稍後再試！
20261005T070541Z,32,2026-10-05T07:36:09.541+00:00,2026-10-05T07:36:10.115+00:00,1791185769.541623,1791185770.115554,7b998f75-4d33-46a0-b921-89c34970377d,14,release/bkg/S375545605-GM-A47-EEA-T00-S1-LH-C1-I0049-F00.png,bkg,single,512,512,411235,overall_binary,short,200,200,200,11.3,268.446,2.998,200.2,293.193,573.93,5,4,12,1,1,,,[answer] | ↵ | 不 | 符合 | [END],[answer]↵不符合
20261005T070541Z,32,2026-10-05T07:36:10.115+00:00,2026-10-05T07:36:10.740+00:00,1791185770.115920,1791185770.740364,7b998f75-4d33-46a0-b921-89c34970377d,15,release/ce/S835364261-GM-A45-EAS-T03-S1-LH-C1-I0032-F00.png,ce,single,512,512,286038,overall_binary,short,200,200,200,8.983,249.968,2.949,205.725,364.838,624.443,7,6,20,1,1,,,[answer] | ↵ | thought | ↵ | 不,[answer]↵thought↵不符合
20261005T070541Z,32,2026-10-05T07:35:53.870+00:00,2026-10-05T07:36:54.237+00:00,1791185753.870238,1791185814.236997,589bd6c6-a506-4777-9065-4b58006bef08,8,release/cap/S567565556-GF-A43-EME-T01-S1-LH-C1-I0057-F00.png,cap,single,512,512,417445,overall_binary,short,200,200,200,9.593,252.381,2.438,60103.129,60104.303,60366.758,1,1,32,0,1,,,[ERROR]↵語言模型通訊異常或回傳內容無法解析，請稍後再試！,[ERROR]↵語言模型通訊異常或回傳內容無法解析，請稍後再試！
20261005T070541Z,32,2026-10-05T07:35:54.498+00:00,2026-10-05T07:36:54.831+00:00,1791185754.498456,1791185814.831382,c6b8af4d-c2ed-4c0c-bfe8-cede0e3c0db2,10,release_mixed/S0000-GF-A41-ISP-T03-S1-LH-C1-I0001-F00.png,release_mixed,mixed,512,512,339624,overall_binary,short,200,200,200,7.787,251.686,2.94,60072.573,60073.147,60332.926,1,1,32,0,1,,,[ERROR]↵語言模型通訊異常或回傳內容無法解析，請稍後再試！,[ERROR]↵語言模型通訊異常或回傳內容無法解析，請稍後再試！
20261005T070541Z,32,2026-10-05T07:35:55.822+00:00,2026-10-05T07:36:56.136+00:00,1791185755.822093,1791185816.136528,e7c54116-6bd7-45ad-b7b3-90ab063c908d,9,release/pixel/S152846480-GF-A30-EEA-T03-S1-LH-C1-I0000-F00.png,pixel,single,512,512,325820,overall_binary,short,200,200,200,8.159,242.335,2.805,60062.764,60063.306,60314.434,1,1,32,0,1,,,[ERROR]↵語言模型通訊異常或回傳內容無法解析，請稍後再試！,[ERROR]↵語言模型通訊異常或回傳內容無法解析，請稍後再試！
20261005T070541Z,32,2026-10-05T07:35:56.923+00:00,2026-10-05T07:36:57.287+00:00,1791185756.923383,1791185817.287021,fe5d8693-5cf2-46f4-8e32-7dddde6f2d71,7,release_mixed/S0000-GF-A66-EIA-T03-S1-LH-C1-I0000-F00.png,release_mixed,mixed,512,512,377068,overall_binary,short,200,200,200,6.457,271.684,3.194,60084.54,60085.078,60363.637,1,1,32,0,1,,,[ERROR]↵語言模型通訊異常或回傳內容無法解析，請稍後再試！,[ERROR]↵語言模型通訊異常或回傳內容無法解析，請稍後再試！
20261005T070541Z,32,2026-10-05T07:35:57.809+00:00,2026-10-05T07:36:58.164+00:00,1791185757.809484,1791185818.164650,8755f025-2b15-4cbe-b371-287824538b1b,10,release/la_2/S402992794-GF-A60-EEA-T14-S1-LH-C1-I0010-F00.png,la_2,single,512,512,350667,overall_binary,short,200,200,200,8.448,265.063,2.468,60080.488,60081.128,60355.165,1,1,32,0,1,,,[ERROR]↵語言模型通訊異常或回傳內容無法解析，請稍後再試！,[ERROR]↵語言模型通訊異常或回傳內容無法解析，請稍後再試！
20261005T070541Z,32,2026-10-05T07:35:58.372+00:00,2026-10-05T07:36:58.707+00:00,1791185758.372462,1791185818.707970,2be15f5a-0bb9-42d6-9b80-fbfe26025b16,7,release/tq/S0000-GF-A23-EAS-T03-S1-LH-C1-I0001-F00.png,tq,single,512,512,362089,overall_binary,short,200,200,200,11.002,253.189,2.12,60070.2,60070.891,60335.507,1,1,32,0,1,,,[ERROR]↵語言模型通訊異常或回傳內容無法解析，請稍後再試！,[ERROR]↵語言模型通訊異常或回傳內容無法解析，請稍後再試！
20261005T070541Z,32,2026-10-05T07:35:58.765+00:00,2026-10-05T07:36:59.080+00:00,1791185758.765925,1791185819.080364,94f06e82-f24c-4a6e-9d7b-fd09220ebf9d,13,release/tq/S0000-GF-A42-ISP-T01-S1-LH-C1-I0001-F00.png,tq,single,512,512,352153,overall_binary,short,200,200,200,7.27,239.232,2.397,60067.208,60067.579,60314.438,1,1,32,0,1,,,[ERROR]↵語言模型通訊異常或回傳內容無法解析，請稍後再試！,[ERROR]↵語言模型通訊異常或回傳內容無法解析，請稍後再試！
20261005T070541Z,32,2026-10-05T07:35:59.460+00:00,2026-10-05T07:36:59.727+00:00,1791185759.460582,1791185819.727085,b6a47081-3757-4c41-b0c7-40049b8f3218,7,release/la_1/S334613033-GM-A58-EAF-T14-S1-LH-C1-I0047-F00.png,la_1,single,512,512,432857,overall_binary,short,200,200,200,7.045,202.6,2.725,60056.081,60056.634,60266.503,1,1,32,0,1,,,[ERROR]↵語言模型通訊異常或回傳內容無法解析，請稍後再試！,[ERROR]↵語言模型通訊異常或回傳內容無法解析，請稍後再試！
20261005T070541Z,32,2026-10-05T07:36:00.140+00:00,2026-10-05T07:37:00.492+00:00,1791185760.140804,1791185820.492394,49c2862d-9672-4e93-bcc0-92a1c47f4c39,16,release/pixel/S966499612-GM-A36-EEA-T14-S1-LH-C1-I0024-F00.png,pixel,single,512,512,274203,overall_binary,short,200,200,200,6.828,232.156,2.801,60111.668,60112.209,60351.589,1,1,32,0,1,,,[ERROR]↵語言模型通訊異常或回傳內容無法解析，請稍後再試！,[ERROR]↵語言模型通訊異常或回傳內容無法解析，請稍後再試！
20261005T070541Z,32,2026-10-05T07:36:00.575+00:00,2026-10-05T07:37:00.910+00:00,1791185760.575747,1791185820.910818,76baac10-d0b8-4fe8-a85b-71b7ab21c25b,11,release_mixed/S0000-GM-A91-EME-T00-S1-LH-C1-I0000-F00.png,release_mixed,mixed,512,512,363085,overall_binary,short,200,200,200,8.732,250.389,3.73,60074.884,60075.421,60335.071,1,1,32,0,1,,,[ERROR]↵語言模型通訊異常或回傳內容無法解析，請稍後再試！,[ERROR]↵語言模型通訊異常或回傳內容無法解析，請稍後再試！
20261005T070541Z,32,2026-10-05T07:36:01.183+00:00,2026-10-05T07:37:01.519+00:00,1791185761.183099,1791185821.519327,6deb4e71-24cf-4528-a9dc-4d2da1fe19f0,19,release/mkup/S723966293-GM-A27-EEA-T03-S1-LH-C1-I0044-F00.png,mkup,single,512,512,329900,overall_binary,short,200,200,200,9.662,256.506,3.445,60068.824,60069.44,60336.228,1,1,32,0,1,,,[ERROR]↵語言模型通訊異常或回傳內容無法解析，請稍後再試！,[ERROR]↵語言模型通訊異常或回傳內容無法解析，請稍後再試！
20261005T070541Z,32,2026-10-05T07:36:01.651+00:00,2026-10-05T07:37:02.172+00:00,1791185761.651932,1791185822.172886,8e62103b-fbd9-4856-8d2d-ef6becd0195e,10,release/sm/S894840102-GN-A69-EAF-T00-S1-LH-C1-I0056-F00.png,sm,single,512,512,374639,overall_binary,short,200,200,200,9.692,374.195,5.288,60135.881,60136.38,60520.954,1,1,32,0,1,,,[ERROR]↵語言模型通訊異常或回傳內容無法解析，請稍後再試！,[ERROR]↵語言模型通訊異常或回傳內容無法解析，請稍後再試！
20261005T070541Z,32,2026-10-05T07:36:02.421+00:00,2026-10-05T07:37:02.779+00:00,1791185762.421407,1791185822.779571,dbc4b73a-ad79-4bb6-ba7c-cef80dd842b0,15,release/mkup/S285023719-GF-A24-EEA-T00-S1-LH-C1-I0022-F00.png,mkup,single,512,512,295647,overall_binary,short,200,200,200,5.36,257.178,6.86,60094.85,60095.418,60358.164,1,1,32,0,1,,,[ERROR]↵語言模型通訊異常或回傳內容無法解析，請稍後再試！,[ERROR]↵語言模型通訊異常或回傳內容無法解析，請稍後再試！
20261005T070541Z,32,2026-10-05T07:36:02.676+00:00,2026-10-05T07:37:03.017+00:00,1791185762.676588,1791185823.017330,6de88802-872d-48e7-951e-fb8dd5b94b55,12,release/ce/S673442144-GF-A53-EEA-T01-S1-LH-C1-I0023-F00.png,ce,single,512,512,340169,overall_binary,short,200,200,200,12.996,262.386,1.957,60064.196,60064.76,60340.741,1,1,32,0,1,,,[ERROR]↵語言模型通訊異常或回傳內容無法解析，請稍後再試！,[ERROR]↵語言模型通訊異常或回傳內容無法解析，請稍後再試！
20261005T070541Z,32,2026-10-05T07:36:03.057+00:00,2026-10-05T07:37:03.375+00:00,1791185763.057668,1791185823.375988,498413de-b50a-48a4-a460-e97bcc44adde,15,release/pixel/S376287613-GF-A19-EAF-T14-S1-LH-C1-I0011-F00.png,pixel,single,512,512,250782,overall_binary,short,200,200,200,27.571,224.656,2.985,60064.66,60065.764,60318.319,1,1,32,0,1,,,[ERROR]↵語言模型通訊異常或回傳內容無法解析，請稍後再試！,[ERROR]↵語言模型通訊異常或回傳內容無法解析，請稍後再試！
20261005T070541Z,32,2026-10-05T07:36:03.392+00:00,2026-10-05T07:37:03.789+00:00,1791185763.392715,1791185823.789077,7aa6e3f0-5c41-4719-9ea6-43545dbf7c1d,8,release/bkg/S755595872-GF-A36-EME-T03-S1-LH-C1-I0000-F00.png,bkg,single,512,512,528996,overall_binary,short,200,200,200,5.911,306.634,5.408,60082.725,60083.551,60396.36,1,1,32,0,1,,,[ERROR]↵語言模型通訊異常或回傳內容無法解析，請稍後再試！,[ERROR]↵語言模型通訊異常或回傳內容無法解析，請稍後再試！
20261005T070541Z,32,2026-10-05T07:36:04.066+00:00,2026-10-05T07:37:04.400+00:00,1791185764.066158,1791185824.399993,7ea6ad2b-9835-4cea-ab42-19c97c797d1f,13,release/la_1/S590103000-GF-A47-EEA-T01-S1-LH-C1-I0063-F00.png,la_1,single,512,512,390724,overall_binary,short,200,200,200,10.436,254.11,1.994,60068.151,60068.774,60333.834,1,1,32,0,1,,,[ERROR]↵語言模型通訊異常或回傳內容無法解析，請稍後再試！,[ERROR]↵語言模型通訊異常或回傳內容無法解析，請稍後再試！
20261005T070541Z,32,2026-10-05T07:36:04.439+00:00,2026-10-05T07:37:04.865+00:00,1791185764.439044,1791185824.865079,89f905be-7402-44cf-aa77-5f44bc8f6246,10,release/sm/S442640043-GF-A83-EEA-T01-S1-LH-C1-I0015-F00.png,sm,single,512,512,336090,overall_binary,short,200,200,200,8.378,340.966,3.256,60075.914,60076.478,60426.035,1,1,32,0,1,,,[ERROR]↵語言模型通訊異常或回傳內容無法解析，請稍後再試！,[ERROR]↵語言模型通訊異常或回傳內容無法解析，請稍後再試！
20261005T070541Z,32,2026-10-05T07:36:04.691+00:00,2026-10-05T07:37:04.972+00:00,1791185764.691378,1791185824.972658,c7681faa-6f7b-4649-8a3d-b7470370b1b3,7,release/ceg/S564127454-GF-A22-EAS-T03-S1-LH-C1-I0009-F00.png,ceg,single,512,512,381514,overall_binary,short,200,200,200,8.723,223.979,2.673,60047.844,60048.291,60281.279,1,1,32,0,1,,,[ERROR]↵語言模型通訊異常或回傳內容無法解析，請稍後再試！,[ERROR]↵語言模型通訊異常或回傳內容無法解析，請稍後再試！
20261005T070541Z,32,2026-10-05T07:36:05.208+00:00,2026-10-05T07:37:05.717+00:00,1791185765.208590,1791185825.717976,cea8df54-8f7f-4cca-a825-191ea47fa2ba,12,release/sun/S375545605-GM-A47-EEA-T00-S1-LH-C1-I0049-F00.png,sun,single,512,512,376660,overall_binary,short,200,200,200,7.748,400.474,16.307,60100.299,60100.905,60509.385,1,1,32,0,1,,,[ERROR]↵語言模型通訊異常或回傳內容無法解析，請稍後再試！,[ERROR]↵語言模型通訊異常或回傳內容無法解析，請稍後再試！
20261005T070541Z,32,2026-10-05T07:36:05.578+00:00,2026-10-05T07:37:06.060+00:00,1791185765.578422,1791185826.060113,de308bb5-cf25-4d26-908a-0ae7a73cf703,9,release/sat/S130186036-GF-A82-EEA-T01-S1-LH-C1-I0007-F00.png,sat,single,512,512,368640,overall_binary,short,200,200,200,30.73,353.938,7.231,60096.051,60096.581,60481.691,1,1,32,0,1,,,[ERROR]↵語言模型通訊異常或回傳內容無法解析，請稍後再試！,[ERROR]↵語言模型通訊異常或回傳內容無法解析，請稍後再試！
20261005T070541Z,32,2026-10-05T07:36:05.964+00:00,2026-10-05T07:37:06.395+00:00,1791185765.964063,1791185826.395030,0dbc6997-e3af-4c34-b1f0-1a71013c79b0,17,release/ceg/S44577521-GM-A92-EME-T14-S1-LH-C1-I0041-F00.png,ceg,single,512,512,335171,overall_binary,short,200,200,200,21.839,322.523,2.779,60085.52,60086.233,60430.967,1,1,32,0,1,,,[ERROR]↵語言模型通訊異常或回傳內容無法解析，請稍後再試！,[ERROR]↵語言模型通訊異常或回傳內容無法解析，請稍後再試！
20261005T070541Z,32,2026-10-05T07:36:06.284+00:00,2026-10-05T07:37:06.624+00:00,1791185766.284967,1791185826.624163,846f56cb-86e0-4db3-805c-57f825b1d636,13,release/zoom/S382037204-GF-A89-EEA-T03-S1-LH-C1-I0006-F00.png,zoom,single,512,512,394837,overall_binary,short,200,200,200,8.235,270.572,2.23,60059.682,60060.062,60339.196,1,1,32,0,1,,,[ERROR]↵語言模型通訊異常或回傳內容無法解析，請稍後再試！,[ERROR]↵語言模型通訊異常或回傳內容無法解析，請稍後再試！
20261005T070541Z,32,2026-10-05T07:36:06.762+00:00,2026-10-05T07:37:07.047+00:00,1791185766.762228,1791185827.047453,7cc77c9b-625c-4fba-9b2a-0d2add3c334c,8,release/poster/S231352223-GF-A49-EEA-T14-S1-LH-C1-I0027-F00.png,poster,single,512,512,126698,overall_binary,short,200,200,200,8.227,223.528,1.835,60052.459,60053.038,60285.224,1,1,32,0,1,,,[ERROR]↵語言模型通訊異常或回傳內容無法解析，請稍後再試！,[ERROR]↵語言模型通訊異常或回傳內容無法解析，請稍後再試！
20261005T070541Z,32,2026-10-05T07:36:07.212+00:00,2026-10-05T07:37:07.545+00:00,1791185767.212265,1791185827.545797,cd31d597-0002-4b96-91a5-d71d5a5b4c25,15,release/zoom/S956718444-GF-A38-EAS-T14-S1-LH-C1-I0018-F00.png,zoom,single,512,512,374509,overall_binary,short,200,200,200,6.189,247.137,4.527,60079.547,60080.013,60333.532,1,1,32,0,1,,,[ERROR]↵語言模型通訊異常或回傳內容無法解析，請稍後再試！,[ERROR]↵語言模型通訊異常或回傳內容無法解析，請稍後再試！
20261005T070541Z,32,2026-10-05T07:36:07.456+00:00,2026-10-05T07:37:07.903+00:00,1791185767.456341,1791185827.903071,8eaf83be-308c-4956-99c9-efad6a7a170b,11,release/zoom/S51891071-GM-A63-EEA-T03-S1-LH-C1-I0028-F00.png,zoom,single,512,512,460206,overall_binary,short,200,200,200,10.055,362.67,5.004,60073.305,60073.629,60446.73,1,1,32,0,1,,,[ERROR]↵語言模型通訊異常或回傳內容無法解析，請稍後再試！,[ERROR]↵語言模型通訊異常或回傳內容無法解析，請稍後再試！
20261005T070541Z,32,2026-10-05T07:36:08.133+00:00,2026-10-05T07:37:08.428+00:00,1791185768.133911,1791185828.428118,5e5b0851-d57f-464b-9777-fbf45db60873,11,release/sun/S303695349-GM-A23-EEA-T03-S1-LH-C1-I0041-F00.png,sun,single,512,512,301593,overall_binary,short,200,200,200,6.222,224.824,2.489,60062.56,60062.937,60294.207,1,1,32,0,1,,,[ERROR]↵語言模型通訊異常或回傳內容無法解析，請稍後再試！,[ERROR]↵語言模型通訊異常或回傳內容無法解析，請稍後再試！
20261005T070541Z,32,2026-10-05T07:36:08.839+00:00,2026-10-05T07:37:09.257+00:00,1791185768.839435,1791185829.257764,ec8a8321-465f-4477-b993-e6d8365400f4,19,release/sat/S622813751-GM-A67-EAF-T01-S1-LH-C1-I0021-F00.png,sat,single,512,512,400657,overall_binary,short,200,200,200,6.733,304.052,3.015,60106.548,60107.18,60418.328,1,1,32,0,1,,,[ERROR]↵語言模型通訊異常或回傳內容無法解析，請稍後再試！,[ERROR]↵語言模型通訊異常或回傳內容無法解析，請稍後再試！
20261005T070541Z,32,2026-10-05T07:36:09.264+00:00,2026-10-05T07:37:09.614+00:00,1791185769.264712,1791185829.614404,6e8b286e-edbc-426d-a01e-ab4c97e18c35,14,release/ceg/S806692215-GM-A67-EEA-T01-S1-LH-C1-I0022-F00.png,ceg,single,512,512,251759,overall_binary,short,200,200,200,7.324,273.735,2.99,60067.729,60068.184,60349.692,1,1,32,0,1,,,[ERROR]↵語言模型通訊異常或回傳內容無法解析，請稍後再試！,[ERROR]↵語言模型通訊異常或回傳內容無法解析，請稍後再試！
20261005T070541Z,32,2026-10-05T07:36:09.924+00:00,2026-10-05T07:37:10.255+00:00,1791185769.924123,1791185830.255722,e4f801e5-4bd7-442e-80cb-c2ee6c1e870d,12,release/bkg/S397228464-GF-A72-EEA-T03-S1-LH-C1-I0009-F00.png,bkg,single,512,512,393518,overall_binary,short,200,200,200,8.58,254.037,2.643,60067.773,60068.421,60331.599,1,1,32,0,1,,,[ERROR]↵語言模型通訊異常或回傳內容無法解析，請稍後再試！,[ERROR]↵語言模型通訊異常或回傳內容無法解析，請稍後再試！
20261005T070541Z,32,2026-10-05T07:36:10.740+00:00,2026-10-05T07:37:11.088+00:00,1791185770.740688,1791185831.088401,7b998f75-4d33-46a0-b921-89c34970377d,16,release/bkg/S354713116-GF-A60-EAF-T14-S1-LH-C1-I0004-F00.png,bkg,single,512,512,415987,overall_binary,short,200,200,200,8.122,272.831,2.924,60065.73,60066.17,60347.712,1,1,32,0,1,,,[ERROR]↵語言模型通訊異常或回傳內容無法解析，請稍後再試！,[ERROR]↵語言模型通訊異常或回傳內容無法解析，請稍後再試！
20261005T070541Z,32,2026-10-05T07:31:52.035+00:00,2026-10-05T07:37:19.980+00:00,1791185512.035630,1791185839.980669,ec71b71b-8746-4533-98ea-46f55e298c3e,4,release/oof/S189019382-GF-A62-EIA-T03-S1-LH-C1-I0046-F00.png,oof,single,512,512,329900,overall_binary,short,200,200,200,8.426,213.33,2.902,265.8,,327945.038,14754,14754,14785,0,0,,,[answer] | ↵ | L | ' | image,[answer]↵L'image␣n'a␣pas␣été␣fournie。請上傳照片後我再為您判S----------------------------C-----------------------------------------L----------------------------B-------------C-------------------------------------------HHB-------------------------P------S----------------------------------------------HLS----------------------------B--------------------P---------------------BS-----------------------B--------------C----------------H----------------------------BC------------------------------------H---S---------
